ga,bmi,tau,q_y
10.0,30.208805577903597,0.05,0.02838063177234919
10.1,30.208805577903597,0.05,0.02838063177234919
10.2,30.208805577903597,0.05,0.02838063177234919
10.3,30.208805577903597,0.05,0.02838063177234919
10.4,30.208805577903597,0.05,0.02838063177234919
10.5,30.208805577903597,0.05,0.02838063177234919
10.6,30.208805577903597,0.05,0.02838063177234919
10.7,30.208805577903597,0.05,0.02838063177234919
10.8,30.208805577903597,0.05,0.02838063177234919
10.9,30.208805577903597,0.05,0.02838063177234919
11.0,30.208805577903597,0.05,0.02838063177234919
11.1,30.208805577903597,0.05,0.028546306761329025
11.2,30.208805577903597,0.05,0.02870554324070128
11.3,30.208805577903597,0.05,0.028858359795243628
11.4,30.208805577903597,0.05,0.02900478201299833
11.5,30.208805577903597,0.05,0.029144842314866214
11.6,30.208805577903597,0.05,0.029278579777010504
11.7,30.208805577903597,0.05,0.029406039946739196
11.8,30.208805577903597,0.05,0.029527274652529665
11.9,30.208805577903597,0.05,0.02964234180885197
12.0,30.208805577903597,0.05,0.029751305216434883
12.1,30.208805577903597,0.05,0.029854234358609042
12.2,30.208805577903597,0.05,0.029951204194348293
12.3,30.208805577903597,0.05,0.0300422949486156
12.4,30.208805577903597,0.05,0.030127591900605592
12.5,30.208805577903597,0.05,0.03020718517045835
12.6,30.208805577903597,0.05,0.030281169505001895
12.7,30.208805577903597,0.05,0.030349644063064257
12.8,30.208805577903597,0.05,0.030412712200873833
12.9,30.208805577903597,0.05,0.03047048125805127
13.0,30.208805577903597,0.05,0.030523062344672267
13.1,30.208805577903597,0.05,0.03057057012986345
13.2,30.208805577903597,0.05,0.030613122632370114
13.3,30.208805577903597,0.05,0.03065084101351572
13.4,30.208805577903597,0.05,0.030683849372949813
13.5,30.208805577903597,0.05,0.03071227454756225
13.6,30.208805577903597,0.05,0.03073624591391742
13.7,30.208805577903597,0.05,0.030755895194543678
13.8,30.208805577903597,0.05,0.03077135626839094
13.9,30.208805577903597,0.05,0.03078276498574767
14.0,30.208805577903597,0.05,0.03079025898789037
14.100000000000001,30.208805577903597,0.05,0.030793977531715908
14.2,30.208805577903597,0.05,0.030794061319588617
14.3,30.208805577903597,0.05,0.030794061319588617
14.4,30.208805577903597,0.05,0.030794061319588617
14.5,30.208805577903597,0.05,0.030794061319588617
14.600000000000001,30.208805577903597,0.05,0.030794061319588617
14.7,30.208805577903597,0.05,0.030794061319588617
14.8,30.208805577903597,0.05,0.030794061319588617
14.9,30.208805577903597,0.05,0.030794061319588617
15.0,30.208805577903597,0.05,0.030794061319588617
15.100000000000001,30.208805577903597,0.05,0.030794061319588617
15.2,30.208805577903597,0.05,0.030794061319588617
15.3,30.208805577903597,0.05,0.030794061319588617
15.4,30.208805577903597,0.05,0.030794061319588617
15.5,30.208805577903597,0.05,0.030794061319588617
15.600000000000001,30.208805577903597,0.05,0.030794061319588617
15.7,30.208805577903597,0.05,0.030794061319588617
15.8,30.208805577903597,0.05,0.030794061319588617
15.9,30.208805577903597,0.05,0.030794061319588617
16.0,30.208805577903597,0.05,0.030794061319588617
16.1,30.208805577903597,0.05,0.030794061319588617
16.2,30.208805577903597,0.05,0.030794061319588617
16.3,30.208805577903597,0.05,0.030794061319588617
16.4,30.208805577903597,0.05,0.030794061319588617
16.5,30.208805577903597,0.05,0.030794061319588617
16.6,30.208805577903597,0.05,0.030794061319588617
16.7,30.208805577903597,0.05,0.030794061319588617
16.8,30.208805577903597,0.05,0.030794061319588617
16.9,30.208805577903597,0.05,0.030794061319588617
17.0,30.208805577903597,0.05,0.030794061319588617
17.1,30.208805577903597,0.05,0.030794061319588617
17.2,30.208805577903597,0.05,0.030794061319588617
17.3,30.208805577903597,0.05,0.030794061319588617
17.4,30.208805577903597,0.05,0.030794061319588617
17.5,30.208805577903597,0.05,0.030794061319588617
17.6,30.208805577903597,0.05,0.030794061319588617
17.7,30.208805577903597,0.05,0.030794061319588617
17.8,30.208805577903597,0.05,0.030794061319588617
17.9,30.208805577903597,0.05,0.030794061319588617
18.0,30.208805577903597,0.05,0.030794061319588617
18.1,30.208805577903597,0.05,0.030794061319588617
18.200000000000003,30.208805577903597,0.05,0.030794061319588617
18.3,30.208805577903597,0.05,0.030794061319588617
18.4,30.208805577903597,0.05,0.030794061319588617
18.5,30.208805577903597,0.05,0.030794061319588617
18.6,30.208805577903597,0.05,0.030794061319588617
18.700000000000003,30.208805577903597,0.05,0.030794061319588617
18.8,30.208805577903597,0.05,0.030794061319588617
18.9,30.208805577903597,0.05,0.030794061319588617
19.0,30.208805577903597,0.05,0.030794061319588617
19.1,30.208805577903597,0.05,0.030794061319588617
19.200000000000003,30.208805577903597,0.05,0.030794061319588617
19.3,30.208805577903597,0.05,0.030794061319588617
19.4,30.208805577903597,0.05,0.030794061319588617
19.5,30.208805577903597,0.05,0.030794061319588617
19.6,30.208805577903597,0.05,0.030794061319588617
19.700000000000003,30.208805577903597,0.05,0.030794061319588617
19.8,30.208805577903597,0.05,0.030794061319588617
19.9,30.208805577903597,0.05,0.030794061319588617
20.0,30.208805577903597,0.05,0.030794061319588617
20.1,30.208805577903597,0.05,0.030794061319588617
20.200000000000003,30.208805577903597,0.05,0.030794061319588617
20.3,30.208805577903597,0.05,0.030794061319588617
20.4,30.208805577903597,0.05,0.030794061319588617
20.5,30.208805577903597,0.05,0.030794061319588617
20.6,30.208805577903597,0.05,0.030794061319588617
20.700000000000003,30.208805577903597,0.05,0.030794061319588617
20.8,30.208805577903597,0.05,0.030794061319588617
20.9,30.208805577903597,0.05,0.030794061319588617
21.0,30.208805577903597,0.05,0.030794061319588617
21.1,30.208805577903597,0.05,0.030794061319588617
21.200000000000003,30.208805577903597,0.05,0.030867844409913206
21.3,30.208805577903597,0.05,0.031002361870056876
21.4,30.208805577903597,0.05,0.031144332249960764
21.5,30.208805577903597,0.05,0.03129393644526649
21.6,30.208805577903597,0.05,0.03145136226769474
21.700000000000003,30.208805577903597,0.05,0.03161680475653656
21.8,30.208805577903597,0.05,0.031790466503623785
21.9,30.208805577903597,0.05,0.03197255799246969
22.0,30.208805577903597,0.05,0.03216329795230923
22.1,30.208805577903597,0.05,0.03236291372780281
22.200000000000003,30.208805577903597,0.05,0.03257164166520669
22.3,30.208805577903597,0.05,0.03278972751585345
22.4,30.208805577903597,0.05,0.03301742685782808
22.5,30.208805577903597,0.05,0.03325500553676878
22.6,30.208805577903597,0.05,0.03350274012676973
22.700000000000003,30.208805577903597,0.05,0.03376091841240852
22.8,30.208805577903597,0.05,0.03402983989297467
22.9,30.208805577903597,0.05,0.034309816310025824
23.0,30.208805577903597,0.05,0.03460117219945588
23.1,30.208805577903597,0.05,0.03490424546931372
23.200000000000003,30.208805577903597,0.05,0.03521938800467568
23.3,30.208805577903597,0.05,0.035546966300932376
23.4,30.208805577903597,0.05,0.03588736212691985
23.5,30.208805577903597,0.05,0.0362409732193896
23.6,30.208805577903597,0.05,0.03660821401038403
23.700000000000003,30.208805577903597,0.05,0.03698951638915519
23.8,30.208805577903597,0.05,0.03738533050034125
23.9,30.208805577903597,0.05,0.03779612558019112
24.0,30.208805577903597,0.05,0.03822239083270939
24.1,30.208805577903597,0.05,0.038664636347674614
24.200000000000003,30.208805577903597,0.05,0.039123394062569206
24.3,30.208805577903597,0.05,0.039599218770545584
24.4,30.208805577903597,0.05,0.04009268917664165
24.5,30.208805577903597,0.05,0.04060440900454614
24.6,30.208805577903597,0.05,0.04113503708804372
24.700000000000003,30.208805577903597,0.05,0.0416853783427824
24.8,30.208805577903597,0.05,0.04225630378465229
24.9,30.208805577903597,0.05,0.04284872445952701
25.0,30.208805577903597,0.05,0.043463593727415276
10.0,31.8115975966851,0.05,0.02838063177234919
10.1,31.8115975966851,0.05,0.02838063177234919
10.2,31.8115975966851,0.05,0.02838063177234919
10.3,31.8115975966851,0.05,0.02838063177234919
10.4,31.8115975966851,0.05,0.02838063177234919
10.5,31.8115975966851,0.05,0.02838063177234919
10.6,31.8115975966851,0.05,0.02838063177234919
10.7,31.8115975966851,0.05,0.02838063177234919
10.8,31.8115975966851,0.05,0.02838063177234919
10.9,31.8115975966851,0.05,0.02838063177234919
11.0,31.8115975966851,0.05,0.02838063177234919
11.1,31.8115975966851,0.05,0.028546306761329025
11.2,31.8115975966851,0.05,0.02870554324070128
11.3,31.8115975966851,0.05,0.028858359795243628
11.4,31.8115975966851,0.05,0.02900478201299833
11.5,31.8115975966851,0.05,0.029144842314866214
11.6,31.8115975966851,0.05,0.029278579777010504
11.7,31.8115975966851,0.05,0.029406039946739196
11.8,31.8115975966851,0.05,0.029527274652529665
11.9,31.8115975966851,0.05,0.02964234180885197
12.0,31.8115975966851,0.05,0.029751305216434883
12.1,31.8115975966851,0.05,0.029854234358609042
12.2,31.8115975966851,0.05,0.029951204194348293
12.3,31.8115975966851,0.05,0.0300422949486156
12.4,31.8115975966851,0.05,0.030127591900605592
12.5,31.8115975966851,0.05,0.03020718517045835
12.6,31.8115975966851,0.05,0.030281169505001895
12.7,31.8115975966851,0.05,0.030349644063064257
12.8,31.8115975966851,0.05,0.030412712200873833
12.9,31.8115975966851,0.05,0.03047048125805127
13.0,31.8115975966851,0.05,0.030523062344672267
13.1,31.8115975966851,0.05,0.03057057012986345
13.2,31.8115975966851,0.05,0.030613122632370114
13.3,31.8115975966851,0.05,0.03065084101351572
13.4,31.8115975966851,0.05,0.030683849372949813
13.5,31.8115975966851,0.05,0.03071227454756225
13.6,31.8115975966851,0.05,0.03073624591391742
13.7,31.8115975966851,0.05,0.030755895194543678
13.8,31.8115975966851,0.05,0.03077135626839094
13.9,31.8115975966851,0.05,0.03078276498574767
14.0,31.8115975966851,0.05,0.03079025898789037
14.100000000000001,31.8115975966851,0.05,0.030793977531715908
14.2,31.8115975966851,0.05,0.030794061319588617
14.3,31.8115975966851,0.05,0.030794061319588617
14.4,31.8115975966851,0.05,0.030794061319588617
14.5,31.8115975966851,0.05,0.030794061319588617
14.600000000000001,31.8115975966851,0.05,0.030794061319588617
14.7,31.8115975966851,0.05,0.030794061319588617
14.8,31.8115975966851,0.05,0.030794061319588617
14.9,31.8115975966851,0.05,0.030794061319588617
15.0,31.8115975966851,0.05,0.030794061319588617
15.100000000000001,31.8115975966851,0.05,0.030794061319588617
15.2,31.8115975966851,0.05,0.030794061319588617
15.3,31.8115975966851,0.05,0.030794061319588617
15.4,31.8115975966851,0.05,0.030794061319588617
15.5,31.8115975966851,0.05,0.030794061319588617
15.600000000000001,31.8115975966851,0.05,0.030794061319588617
15.7,31.8115975966851,0.05,0.030794061319588617
15.8,31.8115975966851,0.05,0.030794061319588617
15.9,31.8115975966851,0.05,0.030794061319588617
16.0,31.8115975966851,0.05,0.030794061319588617
16.1,31.8115975966851,0.05,0.030794061319588617
16.2,31.8115975966851,0.05,0.030794061319588617
16.3,31.8115975966851,0.05,0.030794061319588617
16.4,31.8115975966851,0.05,0.030794061319588617
16.5,31.8115975966851,0.05,0.030794061319588617
16.6,31.8115975966851,0.05,0.030794061319588617
16.7,31.8115975966851,0.05,0.030794061319588617
16.8,31.8115975966851,0.05,0.030794061319588617
16.9,31.8115975966851,0.05,0.030794061319588617
17.0,31.8115975966851,0.05,0.030794061319588617
17.1,31.8115975966851,0.05,0.030794061319588617
17.2,31.8115975966851,0.05,0.030794061319588617
17.3,31.8115975966851,0.05,0.030794061319588617
17.4,31.8115975966851,0.05,0.030794061319588617
17.5,31.8115975966851,0.05,0.030794061319588617
17.6,31.8115975966851,0.05,0.030794061319588617
17.7,31.8115975966851,0.05,0.030794061319588617
17.8,31.8115975966851,0.05,0.030794061319588617
17.9,31.8115975966851,0.05,0.030794061319588617
18.0,31.8115975966851,0.05,0.030794061319588617
18.1,31.8115975966851,0.05,0.030794061319588617
18.200000000000003,31.8115975966851,0.05,0.030794061319588617
18.3,31.8115975966851,0.05,0.030794061319588617
18.4,31.8115975966851,0.05,0.030794061319588617
18.5,31.8115975966851,0.05,0.030794061319588617
18.6,31.8115975966851,0.05,0.030794061319588617
18.700000000000003,31.8115975966851,0.05,0.030794061319588617
18.8,31.8115975966851,0.05,0.030794061319588617
18.9,31.8115975966851,0.05,0.030794061319588617
19.0,31.8115975966851,0.05,0.030794061319588617
19.1,31.8115975966851,0.05,0.030794061319588617
19.200000000000003,31.8115975966851,0.05,0.030794061319588617
19.3,31.8115975966851,0.05,0.030794061319588617
19.4,31.8115975966851,0.05,0.030794061319588617
19.5,31.8115975966851,0.05,0.030794061319588617
19.6,31.8115975966851,0.05,0.030794061319588617
19.700000000000003,31.8115975966851,0.05,0.030794061319588617
19.8,31.8115975966851,0.05,0.030794061319588617
19.9,31.8115975966851,0.05,0.030794061319588617
20.0,31.8115975966851,0.05,0.030794061319588617
20.1,31.8115975966851,0.05,0.030794061319588617
20.200000000000003,31.8115975966851,0.05,0.030794061319588617
20.3,31.8115975966851,0.05,0.030794061319588617
20.4,31.8115975966851,0.05,0.030794061319588617
20.5,31.8115975966851,0.05,0.030794061319588617
20.6,31.8115975966851,0.05,0.030794061319588617
20.700000000000003,31.8115975966851,0.05,0.030794061319588617
20.8,31.8115975966851,0.05,0.030794061319588617
20.9,31.8115975966851,0.05,0.030794061319588617
21.0,31.8115975966851,0.05,0.030794061319588617
21.1,31.8115975966851,0.05,0.030794061319588617
21.200000000000003,31.8115975966851,0.05,0.030867844409913206
21.3,31.8115975966851,0.05,0.031002361870056876
21.4,31.8115975966851,0.05,0.031144332249960764
21.5,31.8115975966851,0.05,0.03129393644526649
21.6,31.8115975966851,0.05,0.03145136226769474
21.700000000000003,31.8115975966851,0.05,0.03161680475653656
21.8,31.8115975966851,0.05,0.031790466503623785
21.9,31.8115975966851,0.05,0.03197255799246969
22.0,31.8115975966851,0.05,0.03216329795230923
22.1,31.8115975966851,0.05,0.03236291372780281
22.200000000000003,31.8115975966851,0.05,0.03257164166520669
22.3,31.8115975966851,0.05,0.03278972751585345
22.4,31.8115975966851,0.05,0.03301742685782808
22.5,31.8115975966851,0.05,0.03325500553676878
22.6,31.8115975966851,0.05,0.03350274012676973
22.700000000000003,31.8115975966851,0.05,0.03376091841240852
22.8,31.8115975966851,0.05,0.03402983989297467
22.9,31.8115975966851,0.05,0.034309816310025824
23.0,31.8115975966851,0.05,0.03460117219945588
23.1,31.8115975966851,0.05,0.03490424546931372
23.200000000000003,31.8115975966851,0.05,0.03521938800467568
23.3,31.8115975966851,0.05,0.035546966300932376
23.4,31.8115975966851,0.05,0.03588736212691985
23.5,31.8115975966851,0.05,0.0362409732193896
23.6,31.8115975966851,0.05,0.03660821401038403
23.700000000000003,31.8115975966851,0.05,0.03698951638915519
23.8,31.8115975966851,0.05,0.03738533050034125
23.9,31.8115975966851,0.05,0.03779612558019112
24.0,31.8115975966851,0.05,0.03822239083270939
24.1,31.8115975966851,0.05,0.038664636347674614
24.200000000000003,31.8115975966851,0.05,0.039123394062569206
24.3,31.8115975966851,0.05,0.039599218770545584
24.4,31.8115975966851,0.05,0.04009268917664165
24.5,31.8115975966851,0.05,0.04060440900454614
24.6,31.8115975966851,0.05,0.04113503708804372
24.700000000000003,31.8115975966851,0.05,0.0416853783427824
24.8,31.8115975966851,0.05,0.04225630378465229
24.9,31.8115975966851,0.05,0.04284872445952701
25.0,31.8115975966851,0.05,0.043463593727415276
10.0,33.92623703353835,0.05,0.02838063177234919
10.1,33.92623703353835,0.05,0.02838063177234919
10.2,33.92623703353835,0.05,0.02838063177234919
10.3,33.92623703353835,0.05,0.02838063177234919
10.4,33.92623703353835,0.05,0.02838063177234919
10.5,33.92623703353835,0.05,0.02838063177234919
10.6,33.92623703353835,0.05,0.02838063177234919
10.7,33.92623703353835,0.05,0.02838063177234919
10.8,33.92623703353835,0.05,0.02838063177234919
10.9,33.92623703353835,0.05,0.02838063177234919
11.0,33.92623703353835,0.05,0.02838063177234919
11.1,33.92623703353835,0.05,0.028546306761329025
11.2,33.92623703353835,0.05,0.02870554324070128
11.3,33.92623703353835,0.05,0.028858359795243628
11.4,33.92623703353835,0.05,0.02900478201299833
11.5,33.92623703353835,0.05,0.029144842314866214
11.6,33.92623703353835,0.05,0.029278579777010504
11.7,33.92623703353835,0.05,0.029406039946739196
11.8,33.92623703353835,0.05,0.029527274652529665
11.9,33.92623703353835,0.05,0.02964234180885197
12.0,33.92623703353835,0.05,0.029751305216434883
12.1,33.92623703353835,0.05,0.029854234358609042
12.2,33.92623703353835,0.05,0.029951204194348293
12.3,33.92623703353835,0.05,0.0300422949486156
12.4,33.92623703353835,0.05,0.030127591900605592
12.5,33.92623703353835,0.05,0.03020718517045835
12.6,33.92623703353835,0.05,0.030281169505001895
12.7,33.92623703353835,0.05,0.030349644063064257
12.8,33.92623703353835,0.05,0.030412712200873833
12.9,33.92623703353835,0.05,0.03047048125805127
13.0,33.92623703353835,0.05,0.030523062344672267
13.1,33.92623703353835,0.05,0.03057057012986345
13.2,33.92623703353835,0.05,0.030613122632370114
13.3,33.92623703353835,0.05,0.03065084101351572
13.4,33.92623703353835,0.05,0.030683849372949813
13.5,33.92623703353835,0.05,0.03071227454756225
13.6,33.92623703353835,0.05,0.03073624591391742
13.7,33.92623703353835,0.05,0.030755895194543678
13.8,33.92623703353835,0.05,0.03077135626839094
13.9,33.92623703353835,0.05,0.03078276498574767
14.0,33.92623703353835,0.05,0.03079025898789037
14.100000000000001,33.92623703353835,0.05,0.030793977531715908
14.2,33.92623703353835,0.05,0.030794061319588617
14.3,33.92623703353835,0.05,0.030794061319588617
14.4,33.92623703353835,0.05,0.030794061319588617
14.5,33.92623703353835,0.05,0.030794061319588617
14.600000000000001,33.92623703353835,0.05,0.030794061319588617
14.7,33.92623703353835,0.05,0.030794061319588617
14.8,33.92623703353835,0.05,0.030794061319588617
14.9,33.92623703353835,0.05,0.030794061319588617
15.0,33.92623703353835,0.05,0.030794061319588617
15.100000000000001,33.92623703353835,0.05,0.030794061319588617
15.2,33.92623703353835,0.05,0.030794061319588617
15.3,33.92623703353835,0.05,0.030794061319588617
15.4,33.92623703353835,0.05,0.030794061319588617
15.5,33.92623703353835,0.05,0.030794061319588617
15.600000000000001,33.92623703353835,0.05,0.030794061319588617
15.7,33.92623703353835,0.05,0.030794061319588617
15.8,33.92623703353835,0.05,0.030794061319588617
15.9,33.92623703353835,0.05,0.030794061319588617
16.0,33.92623703353835,0.05,0.030794061319588617
16.1,33.92623703353835,0.05,0.030794061319588617
16.2,33.92623703353835,0.05,0.030794061319588617
16.3,33.92623703353835,0.05,0.030794061319588617
16.4,33.92623703353835,0.05,0.030794061319588617
16.5,33.92623703353835,0.05,0.030794061319588617
16.6,33.92623703353835,0.05,0.030794061319588617
16.7,33.92623703353835,0.05,0.030794061319588617
16.8,33.92623703353835,0.05,0.030794061319588617
16.9,33.92623703353835,0.05,0.030794061319588617
17.0,33.92623703353835,0.05,0.030794061319588617
17.1,33.92623703353835,0.05,0.030794061319588617
17.2,33.92623703353835,0.05,0.030794061319588617
17.3,33.92623703353835,0.05,0.030794061319588617
17.4,33.92623703353835,0.05,0.030794061319588617
17.5,33.92623703353835,0.05,0.030794061319588617
17.6,33.92623703353835,0.05,0.030794061319588617
17.7,33.92623703353835,0.05,0.030794061319588617
17.8,33.92623703353835,0.05,0.030794061319588617
17.9,33.92623703353835,0.05,0.030794061319588617
18.0,33.92623703353835,0.05,0.030794061319588617
18.1,33.92623703353835,0.05,0.030794061319588617
18.200000000000003,33.92623703353835,0.05,0.030794061319588617
18.3,33.92623703353835,0.05,0.030794061319588617
18.4,33.92623703353835,0.05,0.030794061319588617
18.5,33.92623703353835,0.05,0.030794061319588617
18.6,33.92623703353835,0.05,0.030794061319588617
18.700000000000003,33.92623703353835,0.05,0.030794061319588617
18.8,33.92623703353835,0.05,0.030794061319588617
18.9,33.92623703353835,0.05,0.030794061319588617
19.0,33.92623703353835,0.05,0.030794061319588617
19.1,33.92623703353835,0.05,0.030794061319588617
19.200000000000003,33.92623703353835,0.05,0.030794061319588617
19.3,33.92623703353835,0.05,0.030794061319588617
19.4,33.92623703353835,0.05,0.030794061319588617
19.5,33.92623703353835,0.05,0.030794061319588617
19.6,33.92623703353835,0.05,0.030794061319588617
19.700000000000003,33.92623703353835,0.05,0.030794061319588617
19.8,33.92623703353835,0.05,0.030794061319588617
19.9,33.92623703353835,0.05,0.030794061319588617
20.0,33.92623703353835,0.05,0.030794061319588617
20.1,33.92623703353835,0.05,0.030794061319588617
20.200000000000003,33.92623703353835,0.05,0.030794061319588617
20.3,33.92623703353835,0.05,0.030794061319588617
20.4,33.92623703353835,0.05,0.030794061319588617
20.5,33.92623703353835,0.05,0.030794061319588617
20.6,33.92623703353835,0.05,0.030794061319588617
20.700000000000003,33.92623703353835,0.05,0.030794061319588617
20.8,33.92623703353835,0.05,0.030794061319588617
20.9,33.92623703353835,0.05,0.030794061319588617
21.0,33.92623703353835,0.05,0.030794061319588617
21.1,33.92623703353835,0.05,0.030794061319588617
21.200000000000003,33.92623703353835,0.05,0.030867844409913206
21.3,33.92623703353835,0.05,0.031002361870056876
21.4,33.92623703353835,0.05,0.031144332249960764
21.5,33.92623703353835,0.05,0.03129393644526649
21.6,33.92623703353835,0.05,0.03145136226769474
21.700000000000003,33.92623703353835,0.05,0.03161680475653656
21.8,33.92623703353835,0.05,0.031790466503623785
21.9,33.92623703353835,0.05,0.03197255799246969
22.0,33.92623703353835,0.05,0.03216329795230923
22.1,33.92623703353835,0.05,0.03236291372780281
22.200000000000003,33.92623703353835,0.05,0.03257164166520669
22.3,33.92623703353835,0.05,0.03278972751585345
22.4,33.92623703353835,0.05,0.03301742685782808
22.5,33.92623703353835,0.05,0.03325500553676878
22.6,33.92623703353835,0.05,0.03350274012676973
22.700000000000003,33.92623703353835,0.05,0.03376091841240852
22.8,33.92623703353835,0.05,0.03402983989297467
22.9,33.92623703353835,0.05,0.034309816310025824
23.0,33.92623703353835,0.05,0.03460117219945588
23.1,33.92623703353835,0.05,0.03490424546931372
23.200000000000003,33.92623703353835,0.05,0.03521938800467568
23.3,33.92623703353835,0.05,0.035546966300932376
23.4,33.92623703353835,0.05,0.03588736212691985
23.5,33.92623703353835,0.05,0.0362409732193896
23.6,33.92623703353835,0.05,0.03660821401038403
23.700000000000003,33.92623703353835,0.05,0.03698951638915519
23.8,33.92623703353835,0.05,0.03738533050034125
23.9,33.92623703353835,0.05,0.03779612558019112
24.0,33.92623703353835,0.05,0.03822239083270939
24.1,33.92623703353835,0.05,0.038664636347674614
24.200000000000003,33.92623703353835,0.05,0.039123394062569206
24.3,33.92623703353835,0.05,0.039599218770545584
24.4,33.92623703353835,0.05,0.04009268917664165
24.5,33.92623703353835,0.05,0.04060440900454614
24.6,33.92623703353835,0.05,0.04113503708804372
24.700000000000003,33.92623703353835,0.05,0.0416853783427824
24.8,33.92623703353835,0.05,0.04225630378465229
24.9,33.92623703353835,0.05,0.04284872445952701
25.0,33.92623703353835,0.05,0.043463593727415276
10.0,30.208805577903597,0.1,0.02838063177234919
10.1,30.208805577903597,0.1,0.02838063177234919
10.2,30.208805577903597,0.1,0.02838063177234919
10.3,30.208805577903597,0.1,0.02838063177234919
10.4,30.208805577903597,0.1,0.02838063177234919
10.5,30.208805577903597,0.1,0.02838063177234919
10.6,30.208805577903597,0.1,0.02838063177234919
10.7,30.208805577903597,0.1,0.02838063177234919
10.8,30.208805577903597,0.1,0.02838063177234919
10.9,30.208805577903597,0.1,0.02838063177234919
11.0,30.208805577903597,0.1,0.02838063177234919
11.1,30.208805577903597,0.1,0.028546306761329025
11.2,30.208805577903597,0.1,0.02919298722487151
11.3,30.208805577903597,0.1,0.029947888499672684
11.4,30.208805577903597,0.1,0.030676511358179025
11.5,30.208805577903597,0.1,0.031377267634431986
11.6,30.208805577903597,0.1,0.03204873530727533
11.7,30.208805577903597,0.1,0.03268966300083708
11.8,30.208805577903597,0.1,0.033298972920523646
11.9,30.208805577903597,0.1,0.0338757622806291
12.0,30.208805577903597,0.1,0.034419303294486975
12.1,30.208805577903597,0.1,0.034929041810698086
12.2,30.208805577903597,0.1,0.035404594689366325
12.3,30.208805577903597,0.1,0.03584574602050401
12.4,30.208805577903597,0.1,0.036252442292927615
12.5,30.208805577903597,0.1,0.03662478662617311
12.6,30.208805577903597,0.1,0.03696303218033271
12.7,30.208805577903597,0.1,0.037267574859433474
12.8,30.208805577903597,0.1,0.037538945423187614
12.9,30.208805577903597,0.1,0.037777801119815706
13.0,30.208805577903597,0.1,0.03798491694935689
13.1,30.208805577903597,0.1,0.03816117666259421
13.2,30.208805577903597,0.1,0.03830756359559694
13.3,30.208805577903597,0.1,0.03842515143409312
13.4,30.208805577903597,0.1,0.038515094995547956
13.5,30.208805577903597,0.1,0.03857862111011071
13.6,30.208805577903597,0.1,0.038617019674602335
13.7,30.208805577903597,0.1,0.03863163494658494
13.8,30.208805577903597,0.1,0.03863163494658494
13.9,30.208805577903597,0.1,0.03863163494658494
14.0,30.208805577903597,0.1,0.03863163494658494
14.100000000000001,30.208805577903597,0.1,0.03863163494658494
14.2,30.208805577903597,0.1,0.03863163494658494
14.3,30.208805577903597,0.1,0.03863163494658494
14.4,30.208805577903597,0.1,0.03863163494658494
14.5,30.208805577903597,0.1,0.03863163494658494
14.600000000000001,30.208805577903597,0.1,0.03863163494658494
14.7,30.208805577903597,0.1,0.03863163494658494
14.8,30.208805577903597,0.1,0.03863163494658494
14.9,30.208805577903597,0.1,0.03863163494658494
15.0,30.208805577903597,0.1,0.03863163494658494
15.100000000000001,30.208805577903597,0.1,0.03863163494658494
15.2,30.208805577903597,0.1,0.03863163494658494
15.3,30.208805577903597,0.1,0.03863163494658494
15.4,30.208805577903597,0.1,0.03863163494658494
15.5,30.208805577903597,0.1,0.03863163494658494
15.600000000000001,30.208805577903597,0.1,0.03863163494658494
15.7,30.208805577903597,0.1,0.03863163494658494
15.8,30.208805577903597,0.1,0.03863163494658494
15.9,30.208805577903597,0.1,0.03863163494658494
16.0,30.208805577903597,0.1,0.03863163494658494
16.1,30.208805577903597,0.1,0.03863163494658494
16.2,30.208805577903597,0.1,0.03863163494658494
16.3,30.208805577903597,0.1,0.03863163494658494
16.4,30.208805577903597,0.1,0.03863163494658494
16.5,30.208805577903597,0.1,0.03863163494658494
16.6,30.208805577903597,0.1,0.03863163494658494
16.7,30.208805577903597,0.1,0.03863163494658494
16.8,30.208805577903597,0.1,0.03863163494658494
16.9,30.208805577903597,0.1,0.03863163494658494
17.0,30.208805577903597,0.1,0.03863163494658494
17.1,30.208805577903597,0.1,0.03863163494658494
17.2,30.208805577903597,0.1,0.03863163494658494
17.3,30.208805577903597,0.1,0.03863163494658494
17.4,30.208805577903597,0.1,0.03863163494658494
17.5,30.208805577903597,0.1,0.03863163494658494
17.6,30.208805577903597,0.1,0.03863163494658494
17.7,30.208805577903597,0.1,0.03863163494658494
17.8,30.208805577903597,0.1,0.03863163494658494
17.9,30.208805577903597,0.1,0.03863163494658494
18.0,30.208805577903597,0.1,0.03863163494658494
18.1,30.208805577903597,0.1,0.03863163494658494
18.200000000000003,30.208805577903597,0.1,0.03863163494658494
18.3,30.208805577903597,0.1,0.03863163494658494
18.4,30.208805577903597,0.1,0.03863163494658494
18.5,30.208805577903597,0.1,0.03863163494658494
18.6,30.208805577903597,0.1,0.03863163494658494
18.700000000000003,30.208805577903597,0.1,0.03863163494658494
18.8,30.208805577903597,0.1,0.03863163494658494
18.9,30.208805577903597,0.1,0.03863163494658494
19.0,30.208805577903597,0.1,0.03863163494658494
19.1,30.208805577903597,0.1,0.03863163494658494
19.200000000000003,30.208805577903597,0.1,0.03863163494658494
19.3,30.208805577903597,0.1,0.03863163494658494
19.4,30.208805577903597,0.1,0.03863163494658494
19.5,30.208805577903597,0.1,0.03863163494658494
19.6,30.208805577903597,0.1,0.03863163494658494
19.700000000000003,30.208805577903597,0.1,0.03863163494658494
19.8,30.208805577903597,0.1,0.03863163494658494
19.9,30.208805577903597,0.1,0.03863163494658494
20.0,30.208805577903597,0.1,0.03863163494658494
20.1,30.208805577903597,0.1,0.03863163494658494
20.200000000000003,30.208805577903597,0.1,0.03863163494658494
20.3,30.208805577903597,0.1,0.03863163494658494
20.4,30.208805577903597,0.1,0.03863163494658494
20.5,30.208805577903597,0.1,0.03863163494658494
20.6,30.208805577903597,0.1,0.03863163494658494
20.700000000000003,30.208805577903597,0.1,0.03863163494658494
20.8,30.208805577903597,0.1,0.03863163494658494
20.9,30.208805577903597,0.1,0.03863163494658494
21.0,30.208805577903597,0.1,0.03863163494658494
21.1,30.208805577903597,0.1,0.03863163494658494
21.200000000000003,30.208805577903597,0.1,0.03863163494658494
21.3,30.208805577903597,0.1,0.03863163494658494
21.4,30.208805577903597,0.1,0.03863163494658494
21.5,30.208805577903597,0.1,0.03863163494658494
21.6,30.208805577903597,0.1,0.03863163494658494
21.700000000000003,30.208805577903597,0.1,0.03863163494658494
21.8,30.208805577903597,0.1,0.03863163494658494
21.9,30.208805577903597,0.1,0.03863163494658494
22.0,30.208805577903597,0.1,0.03863163494658494
22.1,30.208805577903597,0.1,0.03888794816002301
22.200000000000003,30.208805577903597,0.1,0.03921078810337862
22.3,30.208805577903597,0.1,0.03954462830064039
22.4,30.208805577903597,0.1,0.039889613182220056
22.5,30.208805577903597,0.1,0.04024589283473735
22.6,30.208805577903597,0.1,0.04061362301089756
22.700000000000003,30.208805577903597,0.1,0.04099296514088088
22.8,30.208805577903597,0.1,0.04138408634504492
22.9,30.208805577903597,0.1,0.04178715944774381
23.0,30.208805577903597,0.1,0.04220236299206277
23.1,30.208805577903597,0.1,0.0426298812552648
23.200000000000003,30.208805577903597,0.1,0.04306990426474063
23.3,30.208805577903597,0.1,0.043522627814253464
23.4,30.208805577903597,0.1,0.04398825348025881
23.5,30.208805577903597,0.1,0.04446698863808449
23.6,30.208805577903597,0.1,0.04495904647774025
23.700000000000003,30.208805577903597,0.1,0.04546464601913081
23.8,30.208805577903597,0.1,0.04598401212643465
23.9,30.208805577903597,0.1,0.04651737552140549
24.0,30.208805577903597,0.1,0.04706497279535146
24.1,30.208805577903597,0.1,0.04762704641953286
24.200000000000003,30.208805577903597,0.1,0.04820384475372181
24.3,30.208805577903597,0.1,0.04879562205265185
24.4,30.208805577903597,0.1,0.04940263847008254
24.5,30.208805577903597,0.1,0.050025160060197964
24.6,30.208805577903597,0.1,0.05066349896512254
24.700000000000003,30.208805577903597,0.1,0.05131813790627477
24.8,30.208805577903597,0.1,0.051989616800429746
24.9,30.208805577903597,0.1,0.05267849422451152
25.0,30.208805577903597,0.1,0.05338534814919901
10.0,31.8115975966851,0.1,0.02838063177234919
10.1,31.8115975966851,0.1,0.02838063177234919
10.2,31.8115975966851,0.1,0.02838063177234919
10.3,31.8115975966851,0.1,0.02838063177234919
10.4,31.8115975966851,0.1,0.02838063177234919
10.5,31.8115975966851,0.1,0.02838063177234919
10.6,31.8115975966851,0.1,0.02838063177234919
10.7,31.8115975966851,0.1,0.02838063177234919
10.8,31.8115975966851,0.1,0.02838063177234919
10.9,31.8115975966851,0.1,0.02838063177234919
11.0,31.8115975966851,0.1,0.02838063177234919
11.1,31.8115975966851,0.1,0.028546306761329025
11.2,31.8115975966851,0.1,0.02919298722487151
11.3,31.8115975966851,0.1,0.029947888499672684
11.4,31.8115975966851,0.1,0.030676511358179025
11.5,31.8115975966851,0.1,0.031377267634431986
11.6,31.8115975966851,0.1,0.03204873530727533
11.7,31.8115975966851,0.1,0.03268966300083708
11.8,31.8115975966851,0.1,0.033298972920523646
11.9,31.8115975966851,0.1,0.0338757622806291
12.0,31.8115975966851,0.1,0.034419303294486975
12.1,31.8115975966851,0.1,0.034929041810698086
12.2,31.8115975966851,0.1,0.035404594689366325
12.3,31.8115975966851,0.1,0.03584574602050401
12.4,31.8115975966851,0.1,0.036252442292927615
12.5,31.8115975966851,0.1,0.03662478662617311
12.6,31.8115975966851,0.1,0.03696303218033271
12.7,31.8115975966851,0.1,0.037267574859433474
12.8,31.8115975966851,0.1,0.037538945423187614
12.9,31.8115975966851,0.1,0.037777801119815706
13.0,31.8115975966851,0.1,0.03798491694935689
13.1,31.8115975966851,0.1,0.03816117666259421
13.2,31.8115975966851,0.1,0.03830756359559694
13.3,31.8115975966851,0.1,0.03842515143409312
13.4,31.8115975966851,0.1,0.038515094995547956
13.5,31.8115975966851,0.1,0.03857862111011071
13.6,31.8115975966851,0.1,0.038617019674602335
13.7,31.8115975966851,0.1,0.03863163494658494
13.8,31.8115975966851,0.1,0.03863163494658494
13.9,31.8115975966851,0.1,0.03863163494658494
14.0,31.8115975966851,0.1,0.03863163494658494
14.100000000000001,31.8115975966851,0.1,0.03863163494658494
14.2,31.8115975966851,0.1,0.03863163494658494
14.3,31.8115975966851,0.1,0.03863163494658494
14.4,31.8115975966851,0.1,0.03863163494658494
14.5,31.8115975966851,0.1,0.03863163494658494
14.600000000000001,31.8115975966851,0.1,0.03863163494658494
14.7,31.8115975966851,0.1,0.03863163494658494
14.8,31.8115975966851,0.1,0.03863163494658494
14.9,31.8115975966851,0.1,0.03863163494658494
15.0,31.8115975966851,0.1,0.03863163494658494
15.100000000000001,31.8115975966851,0.1,0.03863163494658494
15.2,31.8115975966851,0.1,0.03863163494658494
15.3,31.8115975966851,0.1,0.03863163494658494
15.4,31.8115975966851,0.1,0.03863163494658494
15.5,31.8115975966851,0.1,0.03863163494658494
15.600000000000001,31.8115975966851,0.1,0.03863163494658494
15.7,31.8115975966851,0.1,0.03863163494658494
15.8,31.8115975966851,0.1,0.03863163494658494
15.9,31.8115975966851,0.1,0.03863163494658494
16.0,31.8115975966851,0.1,0.03863163494658494
16.1,31.8115975966851,0.1,0.03863163494658494
16.2,31.8115975966851,0.1,0.03863163494658494
16.3,31.8115975966851,0.1,0.03863163494658494
16.4,31.8115975966851,0.1,0.03863163494658494
16.5,31.8115975966851,0.1,0.03863163494658494
16.6,31.8115975966851,0.1,0.03863163494658494
16.7,31.8115975966851,0.1,0.03863163494658494
16.8,31.8115975966851,0.1,0.03863163494658494
16.9,31.8115975966851,0.1,0.03863163494658494
17.0,31.8115975966851,0.1,0.03863163494658494
17.1,31.8115975966851,0.1,0.03863163494658494
17.2,31.8115975966851,0.1,0.03863163494658494
17.3,31.8115975966851,0.1,0.03863163494658494
17.4,31.8115975966851,0.1,0.03863163494658494
17.5,31.8115975966851,0.1,0.03863163494658494
17.6,31.8115975966851,0.1,0.03863163494658494
17.7,31.8115975966851,0.1,0.03863163494658494
17.8,31.8115975966851,0.1,0.03863163494658494
17.9,31.8115975966851,0.1,0.03863163494658494
18.0,31.8115975966851,0.1,0.03863163494658494
18.1,31.8115975966851,0.1,0.03863163494658494
18.200000000000003,31.8115975966851,0.1,0.03863163494658494
18.3,31.8115975966851,0.1,0.03863163494658494
18.4,31.8115975966851,0.1,0.03863163494658494
18.5,31.8115975966851,0.1,0.03863163494658494
18.6,31.8115975966851,0.1,0.03863163494658494
18.700000000000003,31.8115975966851,0.1,0.03863163494658494
18.8,31.8115975966851,0.1,0.03863163494658494
18.9,31.8115975966851,0.1,0.03863163494658494
19.0,31.8115975966851,0.1,0.03863163494658494
19.1,31.8115975966851,0.1,0.03863163494658494
19.200000000000003,31.8115975966851,0.1,0.03863163494658494
19.3,31.8115975966851,0.1,0.03863163494658494
19.4,31.8115975966851,0.1,0.03863163494658494
19.5,31.8115975966851,0.1,0.03863163494658494
19.6,31.8115975966851,0.1,0.03863163494658494
19.700000000000003,31.8115975966851,0.1,0.03863163494658494
19.8,31.8115975966851,0.1,0.03863163494658494
19.9,31.8115975966851,0.1,0.03863163494658494
20.0,31.8115975966851,0.1,0.03863163494658494
20.1,31.8115975966851,0.1,0.03863163494658494
20.200000000000003,31.8115975966851,0.1,0.03863163494658494
20.3,31.8115975966851,0.1,0.03863163494658494
20.4,31.8115975966851,0.1,0.03863163494658494
20.5,31.8115975966851,0.1,0.03863163494658494
20.6,31.8115975966851,0.1,0.03863163494658494
20.700000000000003,31.8115975966851,0.1,0.03863163494658494
20.8,31.8115975966851,0.1,0.03863163494658494
20.9,31.8115975966851,0.1,0.03863163494658494
21.0,31.8115975966851,0.1,0.03863163494658494
21.1,31.8115975966851,0.1,0.03863163494658494
21.200000000000003,31.8115975966851,0.1,0.03863163494658494
21.3,31.8115975966851,0.1,0.03863163494658494
21.4,31.8115975966851,0.1,0.03863163494658494
21.5,31.8115975966851,0.1,0.03863163494658494
21.6,31.8115975966851,0.1,0.03863163494658494
21.700000000000003,31.8115975966851,0.1,0.03863163494658494
21.8,31.8115975966851,0.1,0.03863163494658494
21.9,31.8115975966851,0.1,0.03863163494658494
22.0,31.8115975966851,0.1,0.03863163494658494
22.1,31.8115975966851,0.1,0.03888794816002301
22.200000000000003,31.8115975966851,0.1,0.03921078810337862
22.3,31.8115975966851,0.1,0.03954462830064039
22.4,31.8115975966851,0.1,0.039889613182220056
22.5,31.8115975966851,0.1,0.04024589283473735
22.6,31.8115975966851,0.1,0.04061362301089756
22.700000000000003,31.8115975966851,0.1,0.04099296514088088
22.8,31.8115975966851,0.1,0.04138408634504492
22.9,31.8115975966851,0.1,0.04178715944774381
23.0,31.8115975966851,0.1,0.04220236299206277
23.1,31.8115975966851,0.1,0.0426298812552648
23.200000000000003,31.8115975966851,0.1,0.04306990426474063
23.3,31.8115975966851,0.1,0.043522627814253464
23.4,31.8115975966851,0.1,0.04398825348025881
23.5,31.8115975966851,0.1,0.04446698863808449
23.6,31.8115975966851,0.1,0.04495904647774025
23.700000000000003,31.8115975966851,0.1,0.04546464601913081
23.8,31.8115975966851,0.1,0.04598401212643465
23.9,31.8115975966851,0.1,0.04651737552140549
24.0,31.8115975966851,0.1,0.04706497279535146
24.1,31.8115975966851,0.1,0.04762704641953286
24.200000000000003,31.8115975966851,0.1,0.04820384475372181
24.3,31.8115975966851,0.1,0.04879562205265185
24.4,31.8115975966851,0.1,0.04940263847008254
24.5,31.8115975966851,0.1,0.050025160060197964
24.6,31.8115975966851,0.1,0.05066349896512254
24.700000000000003,31.8115975966851,0.1,0.05131813790627477
24.8,31.8115975966851,0.1,0.051989616800429746
24.9,31.8115975966851,0.1,0.05267849422451152
25.0,31.8115975966851,0.1,0.05338534814919901
10.0,33.92623703353835,0.1,0.02838063177234919
10.1,33.92623703353835,0.1,0.02838063177234919
10.2,33.92623703353835,0.1,0.02838063177234919
10.3,33.92623703353835,0.1,0.02838063177234919
10.4,33.92623703353835,0.1,0.02838063177234919
10.5,33.92623703353835,0.1,0.02838063177234919
10.6,33.92623703353835,0.1,0.02838063177234919
10.7,33.92623703353835,0.1,0.02838063177234919
10.8,33.92623703353835,0.1,0.02838063177234919
10.9,33.92623703353835,0.1,0.02838063177234919
11.0,33.92623703353835,0.1,0.02838063177234919
11.1,33.92623703353835,0.1,0.028546306761329025
11.2,33.92623703353835,0.1,0.02919298722487151
11.3,33.92623703353835,0.1,0.029947888499672684
11.4,33.92623703353835,0.1,0.030676511358179025
11.5,33.92623703353835,0.1,0.031377267634431986
11.6,33.92623703353835,0.1,0.03204873530727533
11.7,33.92623703353835,0.1,0.03268966300083708
11.8,33.92623703353835,0.1,0.033298972920523646
11.9,33.92623703353835,0.1,0.0338757622806291
12.0,33.92623703353835,0.1,0.034419303294486975
12.1,33.92623703353835,0.1,0.034929041810698086
12.2,33.92623703353835,0.1,0.035404594689366325
12.3,33.92623703353835,0.1,0.03584574602050401
12.4,33.92623703353835,0.1,0.036252442292927615
12.5,33.92623703353835,0.1,0.03662478662617311
12.6,33.92623703353835,0.1,0.03696303218033271
12.7,33.92623703353835,0.1,0.037267574859433474
12.8,33.92623703353835,0.1,0.037538945423187614
12.9,33.92623703353835,0.1,0.037777801119815706
13.0,33.92623703353835,0.1,0.03798491694935689
13.1,33.92623703353835,0.1,0.03816117666259421
13.2,33.92623703353835,0.1,0.03830756359559694
13.3,33.92623703353835,0.1,0.03842515143409312
13.4,33.92623703353835,0.1,0.038515094995547956
13.5,33.92623703353835,0.1,0.03857862111011071
13.6,33.92623703353835,0.1,0.038617019674602335
13.7,33.92623703353835,0.1,0.03863163494658494
13.8,33.92623703353835,0.1,0.03863163494658494
13.9,33.92623703353835,0.1,0.03863163494658494
14.0,33.92623703353835,0.1,0.03863163494658494
14.100000000000001,33.92623703353835,0.1,0.03863163494658494
14.2,33.92623703353835,0.1,0.03863163494658494
14.3,33.92623703353835,0.1,0.03863163494658494
14.4,33.92623703353835,0.1,0.03863163494658494
14.5,33.92623703353835,0.1,0.03863163494658494
14.600000000000001,33.92623703353835,0.1,0.03863163494658494
14.7,33.92623703353835,0.1,0.03863163494658494
14.8,33.92623703353835,0.1,0.03863163494658494
14.9,33.92623703353835,0.1,0.03863163494658494
15.0,33.92623703353835,0.1,0.03863163494658494
15.100000000000001,33.92623703353835,0.1,0.03863163494658494
15.2,33.92623703353835,0.1,0.03863163494658494
15.3,33.92623703353835,0.1,0.03863163494658494
15.4,33.92623703353835,0.1,0.03863163494658494
15.5,33.92623703353835,0.1,0.03863163494658494
15.600000000000001,33.92623703353835,0.1,0.03863163494658494
15.7,33.92623703353835,0.1,0.03863163494658494
15.8,33.92623703353835,0.1,0.03863163494658494
15.9,33.92623703353835,0.1,0.03863163494658494
16.0,33.92623703353835,0.1,0.03863163494658494
16.1,33.92623703353835,0.1,0.03863163494658494
16.2,33.92623703353835,0.1,0.03863163494658494
16.3,33.92623703353835,0.1,0.03863163494658494
16.4,33.92623703353835,0.1,0.03863163494658494
16.5,33.92623703353835,0.1,0.03863163494658494
16.6,33.92623703353835,0.1,0.03863163494658494
16.7,33.92623703353835,0.1,0.03863163494658494
16.8,33.92623703353835,0.1,0.03863163494658494
16.9,33.92623703353835,0.1,0.03863163494658494
17.0,33.92623703353835,0.1,0.03863163494658494
17.1,33.92623703353835,0.1,0.03863163494658494
17.2,33.92623703353835,0.1,0.03863163494658494
17.3,33.92623703353835,0.1,0.03863163494658494
17.4,33.92623703353835,0.1,0.03863163494658494
17.5,33.92623703353835,0.1,0.03863163494658494
17.6,33.92623703353835,0.1,0.03863163494658494
17.7,33.92623703353835,0.1,0.03863163494658494
17.8,33.92623703353835,0.1,0.03863163494658494
17.9,33.92623703353835,0.1,0.03863163494658494
18.0,33.92623703353835,0.1,0.03863163494658494
18.1,33.92623703353835,0.1,0.03863163494658494
18.200000000000003,33.92623703353835,0.1,0.03863163494658494
18.3,33.92623703353835,0.1,0.03863163494658494
18.4,33.92623703353835,0.1,0.03863163494658494
18.5,33.92623703353835,0.1,0.03863163494658494
18.6,33.92623703353835,0.1,0.03863163494658494
18.700000000000003,33.92623703353835,0.1,0.03863163494658494
18.8,33.92623703353835,0.1,0.03863163494658494
18.9,33.92623703353835,0.1,0.03863163494658494
19.0,33.92623703353835,0.1,0.03863163494658494
19.1,33.92623703353835,0.1,0.03863163494658494
19.200000000000003,33.92623703353835,0.1,0.03863163494658494
19.3,33.92623703353835,0.1,0.03863163494658494
19.4,33.92623703353835,0.1,0.03863163494658494
19.5,33.92623703353835,0.1,0.03863163494658494
19.6,33.92623703353835,0.1,0.03863163494658494
19.700000000000003,33.92623703353835,0.1,0.03863163494658494
19.8,33.92623703353835,0.1,0.03863163494658494
19.9,33.92623703353835,0.1,0.03863163494658494
20.0,33.92623703353835,0.1,0.03863163494658494
20.1,33.92623703353835,0.1,0.03863163494658494
20.200000000000003,33.92623703353835,0.1,0.03863163494658494
20.3,33.92623703353835,0.1,0.03863163494658494
20.4,33.92623703353835,0.1,0.03863163494658494
20.5,33.92623703353835,0.1,0.03863163494658494
20.6,33.92623703353835,0.1,0.03863163494658494
20.700000000000003,33.92623703353835,0.1,0.03863163494658494
20.8,33.92623703353835,0.1,0.03863163494658494
20.9,33.92623703353835,0.1,0.03863163494658494
21.0,33.92623703353835,0.1,0.03863163494658494
21.1,33.92623703353835,0.1,0.03863163494658494
21.200000000000003,33.92623703353835,0.1,0.03863163494658494
21.3,33.92623703353835,0.1,0.03863163494658494
21.4,33.92623703353835,0.1,0.03863163494658494
21.5,33.92623703353835,0.1,0.03863163494658494
21.6,33.92623703353835,0.1,0.03863163494658494
21.700000000000003,33.92623703353835,0.1,0.03863163494658494
21.8,33.92623703353835,0.1,0.03863163494658494
21.9,33.92623703353835,0.1,0.03863163494658494
22.0,33.92623703353835,0.1,0.03863163494658494
22.1,33.92623703353835,0.1,0.03888794816002301
22.200000000000003,33.92623703353835,0.1,0.03921078810337862
22.3,33.92623703353835,0.1,0.03954462830064039
22.4,33.92623703353835,0.1,0.039889613182220056
22.5,33.92623703353835,0.1,0.04024589283473735
22.6,33.92623703353835,0.1,0.04061362301089756
22.700000000000003,33.92623703353835,0.1,0.04099296514088088
22.8,33.92623703353835,0.1,0.04138408634504492
22.9,33.92623703353835,0.1,0.04178715944774381
23.0,33.92623703353835,0.1,0.04220236299206277
23.1,33.92623703353835,0.1,0.0426298812552648
23.200000000000003,33.92623703353835,0.1,0.04306990426474063
23.3,33.92623703353835,0.1,0.043522627814253464
23.4,33.92623703353835,0.1,0.04398825348025881
23.5,33.92623703353835,0.1,0.04446698863808449
23.6,33.92623703353835,0.1,0.04495904647774025
23.700000000000003,33.92623703353835,0.1,0.04546464601913081
23.8,33.92623703353835,0.1,0.04598401212643465
23.9,33.92623703353835,0.1,0.04651737552140549
24.0,33.92623703353835,0.1,0.04706497279535146
24.1,33.92623703353835,0.1,0.04762704641953286
24.200000000000003,33.92623703353835,0.1,0.04820384475372181
24.3,33.92623703353835,0.1,0.04879562205265185
24.4,33.92623703353835,0.1,0.04940263847008254
24.5,33.92623703353835,0.1,0.050025160060197964
24.6,33.92623703353835,0.1,0.05066349896512254
24.700000000000003,33.92623703353835,0.1,0.05131813790627477
24.8,33.92623703353835,0.1,0.051989616800429746
24.9,33.92623703353835,0.1,0.05267849422451152
25.0,33.92623703353835,0.1,0.05338534814919901
10.0,30.208805577903597,0.15,0.029613755643853726
10.1,30.208805577903597,0.15,0.029613755643853726
10.2,30.208805577903597,0.15,0.029613755643853726
10.3,30.208805577903597,0.15,0.029613755643853726
10.4,30.208805577903597,0.15,0.029613755643853726
10.5,30.208805577903597,0.15,0.029613755643853726
10.6,30.208805577903597,0.15,0.029613755643853726
10.7,30.208805577903597,0.15,0.029613755643853726
10.8,30.208805577903597,0.15,0.029613755643853726
10.9,30.208805577903597,0.15,0.029613755643853726
11.0,30.208805577903597,0.15,0.029613755643853726
11.1,30.208805577903597,0.15,0.030577787089433883
11.2,30.208805577903597,0.15,0.03152455423974467
11.3,30.208805577903597,0.15,0.03245170754718019
11.4,30.208805577903597,0.15,0.03335701348551201
11.5,30.208805577903597,0.15,0.03423836614278669
11.6,30.208805577903597,0.15,0.03509379743701612
11.7,30.208805577903597,0.15,0.03592148591595233
11.8,30.208805577903597,0.15,0.036719764121746226
11.9,30.208805577903597,0.15,0.03748712451965996
12.0,30.208805577903597,0.15,0.03822222400698129
12.1,30.208805577903597,0.15,0.03892388703374978
12.2,30.208805577903597,0.15,0.039591107380707986
12.3,30.208805577903597,0.15,0.040223048651987836
12.4,30.208805577903597,0.15,0.040819043550399926
12.5,30.208805577903597,0.15,0.04137859201181939
12.6,30.208805577903597,0.15,0.041901358282109245
12.7,30.208805577903597,0.15,0.04238716702535124
12.8,30.208805577903597,0.15,0.04283599855594955
12.9,30.208805577903597,0.15,0.04324798328955613
13.0,30.208805577903597,0.15,0.043623395508831646
13.1,30.208805577903597,0.15,0.04396264653994297
13.2,30.208805577903597,0.15,0.04426627743452418
13.3,30.208805577903597,0.15,0.04453495124972406
13.4,30.208805577903597,0.15,0.044769445016049014
13.5,30.208805577903597,0.15,0.04497064147911492
13.6,30.208805577903597,0.15,0.045139520697255825
13.7,30.208805577903597,0.15,0.04527715157230351
13.8,30.208805577903597,0.15,0.0453846833858727
13.9,30.208805577903597,0.15,0.04546333740822969
14.0,30.208805577903597,0.15,0.04551439864139552
14.100000000000001,30.208805577903597,0.15,0.045539207752604
14.2,30.208805577903597,0.15,0.045539207752604
14.3,30.208805577903597,0.15,0.045539207752604
14.4,30.208805577903597,0.15,0.045539207752604
14.5,30.208805577903597,0.15,0.045539207752604
14.600000000000001,30.208805577903597,0.15,0.045539207752604
14.7,30.208805577903597,0.15,0.045539207752604
14.8,30.208805577903597,0.15,0.045539207752604
14.9,30.208805577903597,0.15,0.045539207752604
15.0,30.208805577903597,0.15,0.045539207752604
15.100000000000001,30.208805577903597,0.15,0.045539207752604
15.2,30.208805577903597,0.15,0.045539207752604
15.3,30.208805577903597,0.15,0.045539207752604
15.4,30.208805577903597,0.15,0.045539207752604
15.5,30.208805577903597,0.15,0.045539207752604
15.600000000000001,30.208805577903597,0.15,0.045539207752604
15.7,30.208805577903597,0.15,0.045539207752604
15.8,30.208805577903597,0.15,0.045539207752604
15.9,30.208805577903597,0.15,0.045539207752604
16.0,30.208805577903597,0.15,0.045539207752604
16.1,30.208805577903597,0.15,0.045539207752604
16.2,30.208805577903597,0.15,0.045539207752604
16.3,30.208805577903597,0.15,0.045539207752604
16.4,30.208805577903597,0.15,0.045539207752604
16.5,30.208805577903597,0.15,0.045539207752604
16.6,30.208805577903597,0.15,0.045539207752604
16.7,30.208805577903597,0.15,0.045539207752604
16.8,30.208805577903597,0.15,0.045539207752604
16.9,30.208805577903597,0.15,0.045539207752604
17.0,30.208805577903597,0.15,0.045539207752604
17.1,30.208805577903597,0.15,0.045539207752604
17.2,30.208805577903597,0.15,0.045539207752604
17.3,30.208805577903597,0.15,0.045539207752604
17.4,30.208805577903597,0.15,0.045539207752604
17.5,30.208805577903597,0.15,0.045539207752604
17.6,30.208805577903597,0.15,0.045539207752604
17.7,30.208805577903597,0.15,0.045539207752604
17.8,30.208805577903597,0.15,0.045539207752604
17.9,30.208805577903597,0.15,0.045539207752604
18.0,30.208805577903597,0.15,0.045539207752604
18.1,30.208805577903597,0.15,0.045539207752604
18.200000000000003,30.208805577903597,0.15,0.045539207752604
18.3,30.208805577903597,0.15,0.045539207752604
18.4,30.208805577903597,0.15,0.045539207752604
18.5,30.208805577903597,0.15,0.045539207752604
18.6,30.208805577903597,0.15,0.045539207752604
18.700000000000003,30.208805577903597,0.15,0.045539207752604
18.8,30.208805577903597,0.15,0.045539207752604
18.9,30.208805577903597,0.15,0.045539207752604
19.0,30.208805577903597,0.15,0.045539207752604
19.1,30.208805577903597,0.15,0.045539207752604
19.200000000000003,30.208805577903597,0.15,0.045539207752604
19.3,30.208805577903597,0.15,0.045539207752604
19.4,30.208805577903597,0.15,0.045539207752604
19.5,30.208805577903597,0.15,0.045539207752604
19.6,30.208805577903597,0.15,0.045539207752604
19.700000000000003,30.208805577903597,0.15,0.045539207752604
19.8,30.208805577903597,0.15,0.045539207752604
19.9,30.208805577903597,0.15,0.045539207752604
20.0,30.208805577903597,0.15,0.045539207752604
20.1,30.208805577903597,0.15,0.045539207752604
20.200000000000003,30.208805577903597,0.15,0.045539207752604
20.3,30.208805577903597,0.15,0.045539207752604
20.4,30.208805577903597,0.15,0.045539207752604
20.5,30.208805577903597,0.15,0.045539207752604
20.6,30.208805577903597,0.15,0.045539207752604
20.700000000000003,30.208805577903597,0.15,0.045539207752604
20.8,30.208805577903597,0.15,0.045539207752604
20.9,30.208805577903597,0.15,0.045539207752604
21.0,30.208805577903597,0.15,0.045539207752604
21.1,30.208805577903597,0.15,0.045539207752604
21.200000000000003,30.208805577903597,0.15,0.045539207752604
21.3,30.208805577903597,0.15,0.045539207752604
21.4,30.208805577903597,0.15,0.045539207752604
21.5,30.208805577903597,0.15,0.045539207752604
21.6,30.208805577903597,0.15,0.045539207752604
21.700000000000003,30.208805577903597,0.15,0.045539207752604
21.8,30.208805577903597,0.15,0.045539207752604
21.9,30.208805577903597,0.15,0.045539207752604
22.0,30.208805577903597,0.15,0.045539207752604
22.1,30.208805577903597,0.15,0.045539207752604
22.200000000000003,30.208805577903597,0.15,0.045539207752604
22.3,30.208805577903597,0.15,0.045539207752604
22.4,30.208805577903597,0.15,0.045539207752604
22.5,30.208805577903597,0.15,0.045539207752604
22.6,30.208805577903597,0.15,0.045539207752604
22.700000000000003,30.208805577903597,0.15,0.045539207752604
22.8,30.208805577903597,0.15,0.045539207752604
22.9,30.208805577903597,0.15,0.045857159897347115
23.0,30.208805577903597,0.15,0.0462850658532873
23.1,30.208805577903597,0.15,0.046722186944642655
23.200000000000003,30.208805577903597,0.15,0.047168282151437126
23.3,30.208805577903597,0.15,0.04762309947511469
23.4,30.208805577903597,0.15,0.04808637530824616
23.5,30.208805577903597,0.15,0.04855783381823333
23.6,30.208805577903597,0.15,0.04903718634634958
23.700000000000003,30.208805577903597,0.15,0.04952413082357295
23.8,30.208805577903597,0.15,0.050018351204770446
23.9,30.208805577903597,0.15,0.05051951692290198
24.0,30.208805577903597,0.15,0.05102728236500342
24.1,30.208805577903597,0.15,0.051541286371811074
24.200000000000003,30.208805577903597,0.15,0.05206115176297037
24.3,30.208805577903597,0.15,0.05258648488986
24.4,30.208805577903597,0.15,0.05311687521813481
24.5,30.208805577903597,0.15,0.05365189494215996
24.6,30.208805577903597,0.15,0.05419134005346383
24.700000000000003,30.208805577903597,0.15,0.05473597254394452
24.8,30.208805577903597,0.15,0.055286828282320476
24.9,30.208805577903597,0.15,0.055844980966758884
25.0,30.208805577903597,0.15,0.05641154316226266
10.0,31.8115975966851,0.15,0.029613755643853726
10.1,31.8115975966851,0.15,0.029613755643853726
10.2,31.8115975966851,0.15,0.029613755643853726
10.3,31.8115975966851,0.15,0.029613755643853726
10.4,31.8115975966851,0.15,0.029613755643853726
10.5,31.8115975966851,0.15,0.029613755643853726
10.6,31.8115975966851,0.15,0.029613755643853726
10.7,31.8115975966851,0.15,0.029613755643853726
10.8,31.8115975966851,0.15,0.029613755643853726
10.9,31.8115975966851,0.15,0.029613755643853726
11.0,31.8115975966851,0.15,0.029613755643853726
11.1,31.8115975966851,0.15,0.030577787089433883
11.2,31.8115975966851,0.15,0.03152455423974467
11.3,31.8115975966851,0.15,0.03245170754718019
11.4,31.8115975966851,0.15,0.03335701348551201
11.5,31.8115975966851,0.15,0.03423836614278669
11.6,31.8115975966851,0.15,0.03509379743701612
11.7,31.8115975966851,0.15,0.03592148591595233
11.8,31.8115975966851,0.15,0.036719764121746226
11.9,31.8115975966851,0.15,0.03748712451965996
12.0,31.8115975966851,0.15,0.03822222400698129
12.1,31.8115975966851,0.15,0.03892388703374978
12.2,31.8115975966851,0.15,0.039591107380707986
12.3,31.8115975966851,0.15,0.040223048651987836
12.4,31.8115975966851,0.15,0.040819043550399926
12.5,31.8115975966851,0.15,0.04137859201181939
12.6,31.8115975966851,0.15,0.041901358282109245
12.7,31.8115975966851,0.15,0.04238716702535124
12.8,31.8115975966851,0.15,0.04283599855594955
12.9,31.8115975966851,0.15,0.04324798328955613
13.0,31.8115975966851,0.15,0.043623395508831646
13.1,31.8115975966851,0.15,0.04396264653994297
13.2,31.8115975966851,0.15,0.04426627743452418
13.3,31.8115975966851,0.15,0.04453495124972406
13.4,31.8115975966851,0.15,0.044769445016049014
13.5,31.8115975966851,0.15,0.04497064147911492
13.6,31.8115975966851,0.15,0.045139520697255825
13.7,31.8115975966851,0.15,0.04527715157230351
13.8,31.8115975966851,0.15,0.0453846833858727
13.9,31.8115975966851,0.15,0.04546333740822969
14.0,31.8115975966851,0.15,0.04551439864139552
14.100000000000001,31.8115975966851,0.15,0.045539207752604
14.2,31.8115975966851,0.15,0.045539207752604
14.3,31.8115975966851,0.15,0.045539207752604
14.4,31.8115975966851,0.15,0.045539207752604
14.5,31.8115975966851,0.15,0.045539207752604
14.600000000000001,31.8115975966851,0.15,0.045539207752604
14.7,31.8115975966851,0.15,0.045539207752604
14.8,31.8115975966851,0.15,0.045539207752604
14.9,31.8115975966851,0.15,0.045539207752604
15.0,31.8115975966851,0.15,0.045539207752604
15.100000000000001,31.8115975966851,0.15,0.045539207752604
15.2,31.8115975966851,0.15,0.045539207752604
15.3,31.8115975966851,0.15,0.045539207752604
15.4,31.8115975966851,0.15,0.045539207752604
15.5,31.8115975966851,0.15,0.045539207752604
15.600000000000001,31.8115975966851,0.15,0.045539207752604
15.7,31.8115975966851,0.15,0.045539207752604
15.8,31.8115975966851,0.15,0.045539207752604
15.9,31.8115975966851,0.15,0.045539207752604
16.0,31.8115975966851,0.15,0.045539207752604
16.1,31.8115975966851,0.15,0.045539207752604
16.2,31.8115975966851,0.15,0.045539207752604
16.3,31.8115975966851,0.15,0.045539207752604
16.4,31.8115975966851,0.15,0.045539207752604
16.5,31.8115975966851,0.15,0.045539207752604
16.6,31.8115975966851,0.15,0.045539207752604
16.7,31.8115975966851,0.15,0.045539207752604
16.8,31.8115975966851,0.15,0.045539207752604
16.9,31.8115975966851,0.15,0.045539207752604
17.0,31.8115975966851,0.15,0.045539207752604
17.1,31.8115975966851,0.15,0.045539207752604
17.2,31.8115975966851,0.15,0.045539207752604
17.3,31.8115975966851,0.15,0.045539207752604
17.4,31.8115975966851,0.15,0.045539207752604
17.5,31.8115975966851,0.15,0.045539207752604
17.6,31.8115975966851,0.15,0.045539207752604
17.7,31.8115975966851,0.15,0.045539207752604
17.8,31.8115975966851,0.15,0.045539207752604
17.9,31.8115975966851,0.15,0.045539207752604
18.0,31.8115975966851,0.15,0.045539207752604
18.1,31.8115975966851,0.15,0.045539207752604
18.200000000000003,31.8115975966851,0.15,0.045539207752604
18.3,31.8115975966851,0.15,0.045539207752604
18.4,31.8115975966851,0.15,0.045539207752604
18.5,31.8115975966851,0.15,0.045539207752604
18.6,31.8115975966851,0.15,0.045539207752604
18.700000000000003,31.8115975966851,0.15,0.045539207752604
18.8,31.8115975966851,0.15,0.045539207752604
18.9,31.8115975966851,0.15,0.045539207752604
19.0,31.8115975966851,0.15,0.045539207752604
19.1,31.8115975966851,0.15,0.045539207752604
19.200000000000003,31.8115975966851,0.15,0.045539207752604
19.3,31.8115975966851,0.15,0.045539207752604
19.4,31.8115975966851,0.15,0.045539207752604
19.5,31.8115975966851,0.15,0.045539207752604
19.6,31.8115975966851,0.15,0.045539207752604
19.700000000000003,31.8115975966851,0.15,0.045539207752604
19.8,31.8115975966851,0.15,0.045539207752604
19.9,31.8115975966851,0.15,0.045539207752604
20.0,31.8115975966851,0.15,0.045539207752604
20.1,31.8115975966851,0.15,0.045539207752604
20.200000000000003,31.8115975966851,0.15,0.045539207752604
20.3,31.8115975966851,0.15,0.045539207752604
20.4,31.8115975966851,0.15,0.045539207752604
20.5,31.8115975966851,0.15,0.045539207752604
20.6,31.8115975966851,0.15,0.045539207752604
20.700000000000003,31.8115975966851,0.15,0.045539207752604
20.8,31.8115975966851,0.15,0.045539207752604
20.9,31.8115975966851,0.15,0.045539207752604
21.0,31.8115975966851,0.15,0.045539207752604
21.1,31.8115975966851,0.15,0.045539207752604
21.200000000000003,31.8115975966851,0.15,0.045539207752604
21.3,31.8115975966851,0.15,0.045539207752604
21.4,31.8115975966851,0.15,0.045539207752604
21.5,31.8115975966851,0.15,0.045539207752604
21.6,31.8115975966851,0.15,0.045539207752604
21.700000000000003,31.8115975966851,0.15,0.045539207752604
21.8,31.8115975966851,0.15,0.045539207752604
21.9,31.8115975966851,0.15,0.045539207752604
22.0,31.8115975966851,0.15,0.045539207752604
22.1,31.8115975966851,0.15,0.045539207752604
22.200000000000003,31.8115975966851,0.15,0.045539207752604
22.3,31.8115975966851,0.15,0.045539207752604
22.4,31.8115975966851,0.15,0.045539207752604
22.5,31.8115975966851,0.15,0.045539207752604
22.6,31.8115975966851,0.15,0.045539207752604
22.700000000000003,31.8115975966851,0.15,0.045539207752604
22.8,31.8115975966851,0.15,0.045539207752604
22.9,31.8115975966851,0.15,0.045857159897347115
23.0,31.8115975966851,0.15,0.0462850658532873
23.1,31.8115975966851,0.15,0.046722186944642655
23.200000000000003,31.8115975966851,0.15,0.047168282151437126
23.3,31.8115975966851,0.15,0.04762309947511469
23.4,31.8115975966851,0.15,0.04808637530824616
23.5,31.8115975966851,0.15,0.04855783381823333
23.6,31.8115975966851,0.15,0.04903718634634958
23.700000000000003,31.8115975966851,0.15,0.04952413082357295
23.8,31.8115975966851,0.15,0.050018351204770446
23.9,31.8115975966851,0.15,0.05051951692290198
24.0,31.8115975966851,0.15,0.05102728236500342
24.1,31.8115975966851,0.15,0.051541286371811074
24.200000000000003,31.8115975966851,0.15,0.05206115176297037
24.3,31.8115975966851,0.15,0.05258648488986
24.4,31.8115975966851,0.15,0.05311687521813481
24.5,31.8115975966851,0.15,0.05365189494215996
24.6,31.8115975966851,0.15,0.05419134005346383
24.700000000000003,31.8115975966851,0.15,0.05473597254394452
24.8,31.8115975966851,0.15,0.055286828282320476
24.9,31.8115975966851,0.15,0.055844980966758884
25.0,31.8115975966851,0.15,0.05641154316226266
10.0,33.92623703353835,0.15,0.029613755643853726
10.1,33.92623703353835,0.15,0.029613755643853726
10.2,33.92623703353835,0.15,0.029613755643853726
10.3,33.92623703353835,0.15,0.029613755643853726
10.4,33.92623703353835,0.15,0.029613755643853726
10.5,33.92623703353835,0.15,0.029613755643853726
10.6,33.92623703353835,0.15,0.029613755643853726
10.7,33.92623703353835,0.15,0.029613755643853726
10.8,33.92623703353835,0.15,0.029613755643853726
10.9,33.92623703353835,0.15,0.029613755643853726
11.0,33.92623703353835,0.15,0.029613755643853726
11.1,33.92623703353835,0.15,0.030577787089433883
11.2,33.92623703353835,0.15,0.03152455423974467
11.3,33.92623703353835,0.15,0.03245170754718019
11.4,33.92623703353835,0.15,0.03335701348551201
11.5,33.92623703353835,0.15,0.03423836614278669
11.6,33.92623703353835,0.15,0.03509379743701612
11.7,33.92623703353835,0.15,0.03592148591595233
11.8,33.92623703353835,0.15,0.036719764121746226
11.9,33.92623703353835,0.15,0.03748712451965996
12.0,33.92623703353835,0.15,0.03822222400698129
12.1,33.92623703353835,0.15,0.03892388703374978
12.2,33.92623703353835,0.15,0.039591107380707986
12.3,33.92623703353835,0.15,0.040223048651987836
12.4,33.92623703353835,0.15,0.040819043550399926
12.5,33.92623703353835,0.15,0.04137859201181939
12.6,33.92623703353835,0.15,0.041901358282109245
12.7,33.92623703353835,0.15,0.04238716702535124
12.8,33.92623703353835,0.15,0.04283599855594955
12.9,33.92623703353835,0.15,0.04324798328955613
13.0,33.92623703353835,0.15,0.043623395508831646
13.1,33.92623703353835,0.15,0.04396264653994297
13.2,33.92623703353835,0.15,0.04426627743452418
13.3,33.92623703353835,0.15,0.04453495124972406
13.4,33.92623703353835,0.15,0.044769445016049014
13.5,33.92623703353835,0.15,0.04497064147911492
13.6,33.92623703353835,0.15,0.045139520697255825
13.7,33.92623703353835,0.15,0.04527715157230351
13.8,33.92623703353835,0.15,0.0453846833858727
13.9,33.92623703353835,0.15,0.04546333740822969
14.0,33.92623703353835,0.15,0.04551439864139552
14.100000000000001,33.92623703353835,0.15,0.045539207752604
14.2,33.92623703353835,0.15,0.045539207752604
14.3,33.92623703353835,0.15,0.045539207752604
14.4,33.92623703353835,0.15,0.045539207752604
14.5,33.92623703353835,0.15,0.045539207752604
14.600000000000001,33.92623703353835,0.15,0.045539207752604
14.7,33.92623703353835,0.15,0.045539207752604
14.8,33.92623703353835,0.15,0.045539207752604
14.9,33.92623703353835,0.15,0.045539207752604
15.0,33.92623703353835,0.15,0.045539207752604
15.100000000000001,33.92623703353835,0.15,0.045539207752604
15.2,33.92623703353835,0.15,0.045539207752604
15.3,33.92623703353835,0.15,0.045539207752604
15.4,33.92623703353835,0.15,0.045539207752604
15.5,33.92623703353835,0.15,0.045539207752604
15.600000000000001,33.92623703353835,0.15,0.045539207752604
15.7,33.92623703353835,0.15,0.045539207752604
15.8,33.92623703353835,0.15,0.045539207752604
15.9,33.92623703353835,0.15,0.045539207752604
16.0,33.92623703353835,0.15,0.045539207752604
16.1,33.92623703353835,0.15,0.045539207752604
16.2,33.92623703353835,0.15,0.045539207752604
16.3,33.92623703353835,0.15,0.045539207752604
16.4,33.92623703353835,0.15,0.045539207752604
16.5,33.92623703353835,0.15,0.045539207752604
16.6,33.92623703353835,0.15,0.045539207752604
16.7,33.92623703353835,0.15,0.045539207752604
16.8,33.92623703353835,0.15,0.045539207752604
16.9,33.92623703353835,0.15,0.045539207752604
17.0,33.92623703353835,0.15,0.045539207752604
17.1,33.92623703353835,0.15,0.045539207752604
17.2,33.92623703353835,0.15,0.045539207752604
17.3,33.92623703353835,0.15,0.045539207752604
17.4,33.92623703353835,0.15,0.045539207752604
17.5,33.92623703353835,0.15,0.045539207752604
17.6,33.92623703353835,0.15,0.045539207752604
17.7,33.92623703353835,0.15,0.045539207752604
17.8,33.92623703353835,0.15,0.045539207752604
17.9,33.92623703353835,0.15,0.045539207752604
18.0,33.92623703353835,0.15,0.045539207752604
18.1,33.92623703353835,0.15,0.045539207752604
18.200000000000003,33.92623703353835,0.15,0.045539207752604
18.3,33.92623703353835,0.15,0.045539207752604
18.4,33.92623703353835,0.15,0.045539207752604
18.5,33.92623703353835,0.15,0.045539207752604
18.6,33.92623703353835,0.15,0.045539207752604
18.700000000000003,33.92623703353835,0.15,0.045539207752604
18.8,33.92623703353835,0.15,0.045539207752604
18.9,33.92623703353835,0.15,0.045539207752604
19.0,33.92623703353835,0.15,0.045539207752604
19.1,33.92623703353835,0.15,0.045539207752604
19.200000000000003,33.92623703353835,0.15,0.045539207752604
19.3,33.92623703353835,0.15,0.045539207752604
19.4,33.92623703353835,0.15,0.045539207752604
19.5,33.92623703353835,0.15,0.045539207752604
19.6,33.92623703353835,0.15,0.045539207752604
19.700000000000003,33.92623703353835,0.15,0.045539207752604
19.8,33.92623703353835,0.15,0.045539207752604
19.9,33.92623703353835,0.15,0.045539207752604
20.0,33.92623703353835,0.15,0.045539207752604
20.1,33.92623703353835,0.15,0.045539207752604
20.200000000000003,33.92623703353835,0.15,0.045539207752604
20.3,33.92623703353835,0.15,0.045539207752604
20.4,33.92623703353835,0.15,0.045539207752604
20.5,33.92623703353835,0.15,0.045539207752604
20.6,33.92623703353835,0.15,0.045539207752604
20.700000000000003,33.92623703353835,0.15,0.045539207752604
20.8,33.92623703353835,0.15,0.045539207752604
20.9,33.92623703353835,0.15,0.045539207752604
21.0,33.92623703353835,0.15,0.045539207752604
21.1,33.92623703353835,0.15,0.045539207752604
21.200000000000003,33.92623703353835,0.15,0.045539207752604
21.3,33.92623703353835,0.15,0.045539207752604
21.4,33.92623703353835,0.15,0.045539207752604
21.5,33.92623703353835,0.15,0.045539207752604
21.6,33.92623703353835,0.15,0.045539207752604
21.700000000000003,33.92623703353835,0.15,0.045539207752604
21.8,33.92623703353835,0.15,0.045539207752604
21.9,33.92623703353835,0.15,0.045539207752604
22.0,33.92623703353835,0.15,0.045539207752604
22.1,33.92623703353835,0.15,0.045539207752604
22.200000000000003,33.92623703353835,0.15,0.045539207752604
22.3,33.92623703353835,0.15,0.045539207752604
22.4,33.92623703353835,0.15,0.045539207752604
22.5,33.92623703353835,0.15,0.045539207752604
22.6,33.92623703353835,0.15,0.045539207752604
22.700000000000003,33.92623703353835,0.15,0.045539207752604
22.8,33.92623703353835,0.15,0.045539207752604
22.9,33.92623703353835,0.15,0.045857159897347115
23.0,33.92623703353835,0.15,0.0462850658532873
23.1,33.92623703353835,0.15,0.046722186944642655
23.200000000000003,33.92623703353835,0.15,0.047168282151437126
23.3,33.92623703353835,0.15,0.04762309947511469
23.4,33.92623703353835,0.15,0.04808637530824616
23.5,33.92623703353835,0.15,0.04855783381823333
23.6,33.92623703353835,0.15,0.04903718634634958
23.700000000000003,33.92623703353835,0.15,0.04952413082357295
23.8,33.92623703353835,0.15,0.050018351204770446
23.9,33.92623703353835,0.15,0.05051951692290198
24.0,33.92623703353835,0.15,0.05102728236500342
24.1,33.92623703353835,0.15,0.051541286371811074
24.200000000000003,33.92623703353835,0.15,0.05206115176297037
24.3,33.92623703353835,0.15,0.05258648488986
24.4,33.92623703353835,0.15,0.05311687521813481
24.5,33.92623703353835,0.15,0.05365189494215996
24.6,33.92623703353835,0.15,0.05419134005346383
24.700000000000003,33.92623703353835,0.15,0.05473597254394452
24.8,33.92623703353835,0.15,0.055286828282320476
24.9,33.92623703353835,0.15,0.055844980966758884
25.0,33.92623703353835,0.15,0.05641154316226266
10.0,30.208805577903597,0.2,0.043273040395707896
10.1,30.208805577903597,0.2,0.043273040395707896
10.2,30.208805577903597,0.2,0.043273040395707896
10.3,30.208805577903597,0.2,0.043273040395707896
10.4,30.208805577903597,0.2,0.043273040395707896
10.5,30.208805577903597,0.2,0.043273040395707896
10.6,30.208805577903597,0.2,0.043273040395707896
10.7,30.208805577903597,0.2,0.043273040395707896
10.8,30.208805577903597,0.2,0.043273040395707896
10.9,30.208805577903597,0.2,0.043273040395707896
11.0,30.208805577903597,0.2,0.043273040395707896
11.1,30.208805577903597,0.2,0.04339500637835218
11.2,30.208805577903597,0.2,0.04353355971151624
11.3,30.208805577903597,0.2,0.04368785807470722
11.4,30.208805577903597,0.2,0.0438570626724649
11.5,30.208805577903597,0.2,0.04404033514616514
11.6,30.208805577903597,0.2,0.044236834661728106
11.7,30.208805577903597,0.2,0.0444457151694125
11.8,30.208805577903597,0.2,0.04466612283336624
11.9,30.208805577903597,0.2,0.044897193630001726
12.0,30.208805577903597,0.2,0.04513805111555919
12.1,30.208805577903597,0.2,0.045387804364434986
12.2,30.208805577903597,0.2,0.04564554608095644
12.3,30.208805577903597,0.2,0.045910350888308804
12.4,30.208805577903597,0.2,0.04618127379924199
12.5,30.208805577903597,0.2,0.04645734887401127
12.6,30.208805577903597,0.2,0.04673758807173614
12.7,30.208805577903597,0.2,0.04702098030198038
12.8,30.208805577903597,0.2,0.0473064906838842
12.9,30.208805577903597,0.2,0.04759306002057477
13.0,30.208805577903597,0.2,0.047879604496888446
13.1,30.208805577903597,0.2,0.048165015608599225
13.2,30.208805577903597,0.2,0.04844816033140686
13.3,30.208805577903597,0.2,0.048727881537858175
13.4,30.208805577903597,0.2,0.049002998670160565
13.5,30.208805577903597,0.2,0.049272308676509086
13.6,30.208805577903597,0.2,0.04953458721805028
13.7,30.208805577903597,0.2,0.04978859015298482
13.8,30.208805577903597,0.2,0.050033055303529785
13.9,30.208805577903597,0.2,0.05026670451053443
14.0,30.208805577903597,0.2,0.05048824597946932
14.100000000000001,30.208805577903597,0.2,0.05069637692028308
14.2,30.208805577903597,0.2,0.05088978648223848
14.3,30.208805577903597,0.2,0.051067158983313314
14.4,30.208805577903597,0.2,0.05122717743207859
14.5,30.208805577903597,0.2,0.05136852733813515
14.600000000000001,30.208805577903597,0.2,0.05148990080523507
14.7,30.208805577903597,0.2,0.051590000899107195
14.8,30.208805577903597,0.2,0.051667546279778674
14.9,30.208805577903597,0.2,0.051721276085828834
15.0,30.208805577903597,0.2,0.05174995505554964
15.100000000000001,30.208805577903597,0.2,0.05175237886741144
15.2,30.208805577903597,0.2,0.05175237886741144
15.3,30.208805577903597,0.2,0.05175237886741144
15.4,30.208805577903597,0.2,0.05175237886741144
15.5,30.208805577903597,0.2,0.05175237886741144
15.600000000000001,30.208805577903597,0.2,0.05175237886741144
15.7,30.208805577903597,0.2,0.05175237886741144
15.8,30.208805577903597,0.2,0.05175237886741144
15.9,30.208805577903597,0.2,0.05175237886741144
16.0,30.208805577903597,0.2,0.05175237886741144
16.1,30.208805577903597,0.2,0.05175237886741144
16.2,30.208805577903597,0.2,0.05175237886741144
16.3,30.208805577903597,0.2,0.05175237886741144
16.4,30.208805577903597,0.2,0.05175237886741144
16.5,30.208805577903597,0.2,0.05175237886741144
16.6,30.208805577903597,0.2,0.05175237886741144
16.7,30.208805577903597,0.2,0.05175237886741144
16.8,30.208805577903597,0.2,0.05175237886741144
16.9,30.208805577903597,0.2,0.05175237886741144
17.0,30.208805577903597,0.2,0.05175237886741144
17.1,30.208805577903597,0.2,0.05175237886741144
17.2,30.208805577903597,0.2,0.05175237886741144
17.3,30.208805577903597,0.2,0.05175237886741144
17.4,30.208805577903597,0.2,0.05175237886741144
17.5,30.208805577903597,0.2,0.05175237886741144
17.6,30.208805577903597,0.2,0.05175237886741144
17.7,30.208805577903597,0.2,0.05175237886741144
17.8,30.208805577903597,0.2,0.05175237886741144
17.9,30.208805577903597,0.2,0.05175237886741144
18.0,30.208805577903597,0.2,0.05175237886741144
18.1,30.208805577903597,0.2,0.05175237886741144
18.200000000000003,30.208805577903597,0.2,0.05175237886741144
18.3,30.208805577903597,0.2,0.05175237886741144
18.4,30.208805577903597,0.2,0.05175237886741144
18.5,30.208805577903597,0.2,0.05175237886741144
18.6,30.208805577903597,0.2,0.05175237886741144
18.700000000000003,30.208805577903597,0.2,0.05175237886741144
18.8,30.208805577903597,0.2,0.05175237886741144
18.9,30.208805577903597,0.2,0.05175237886741144
19.0,30.208805577903597,0.2,0.05175237886741144
19.1,30.208805577903597,0.2,0.05175237886741144
19.200000000000003,30.208805577903597,0.2,0.05175237886741144
19.3,30.208805577903597,0.2,0.05175237886741144
19.4,30.208805577903597,0.2,0.05175237886741144
19.5,30.208805577903597,0.2,0.05175237886741144
19.6,30.208805577903597,0.2,0.05175237886741144
19.700000000000003,30.208805577903597,0.2,0.05175237886741144
19.8,30.208805577903597,0.2,0.05175237886741144
19.9,30.208805577903597,0.2,0.05175237886741144
20.0,30.208805577903597,0.2,0.05175237886741144
20.1,30.208805577903597,0.2,0.05175237886741144
20.200000000000003,30.208805577903597,0.2,0.05175237886741144
20.3,30.208805577903597,0.2,0.05175237886741144
20.4,30.208805577903597,0.2,0.05175237886741144
20.5,30.208805577903597,0.2,0.05175237886741144
20.6,30.208805577903597,0.2,0.05175237886741144
20.700000000000003,30.208805577903597,0.2,0.05175237886741144
20.8,30.208805577903597,0.2,0.05175237886741144
20.9,30.208805577903597,0.2,0.05175237886741144
21.0,30.208805577903597,0.2,0.05175237886741144
21.1,30.208805577903597,0.2,0.05175237886741144
21.200000000000003,30.208805577903597,0.2,0.05175237886741144
21.3,30.208805577903597,0.2,0.05175237886741144
21.4,30.208805577903597,0.2,0.05175237886741144
21.5,30.208805577903597,0.2,0.05175237886741144
21.6,30.208805577903597,0.2,0.05175237886741144
21.700000000000003,30.208805577903597,0.2,0.05175237886741144
21.8,30.208805577903597,0.2,0.05175237886741144
21.9,30.208805577903597,0.2,0.05175237886741144
22.0,30.208805577903597,0.2,0.05175237886741144
22.1,30.208805577903597,0.2,0.05175237886741144
22.200000000000003,30.208805577903597,0.2,0.05175237886741144
22.3,30.208805577903597,0.2,0.05175237886741144
22.4,30.208805577903597,0.2,0.05175237886741144
22.5,30.208805577903597,0.2,0.05175237886741144
22.6,30.208805577903597,0.2,0.05175237886741144
22.700000000000003,30.208805577903597,0.2,0.05215030043096254
22.8,30.208805577903597,0.2,0.05288854178172822
22.9,30.208805577903597,0.2,0.05363802246208922
23.0,30.208805577903597,0.2,0.05439736006993453
23.1,30.208805577903597,0.2,0.05516509166117501
23.200000000000003,30.208805577903597,0.2,0.055939671627798414
23.3,30.208805577903597,0.2,0.05671946999062939
23.4,30.208805577903597,0.2,0.057502771141984134
23.5,30.208805577903597,0.2,0.05828777307377906
23.6,30.208805577903597,0.2,0.0590725871266837
23.700000000000003,30.208805577903597,0.2,0.05985523829554521
23.8,30.208805577903597,0.2,0.06063366612557096
23.9,30.208805577903597,0.2,0.0614057262325891
24.0,30.208805577903597,0.2,0.06216919247913596
24.1,30.208805577903597,0.2,0.06292175983610303
24.200000000000003,30.208805577903597,0.2,0.06366104795723804
24.3,30.208805577903597,0.2,0.06438460549090562
24.4,30.208805577903597,0.2,0.06508991515020783
24.5,30.208805577903597,0.2,0.06577439955880557
24.6,30.208805577903597,0.2,0.06643609874987753
24.700000000000003,30.208805577903597,0.2,0.06707573797305516
24.8,30.208805577903597,0.2,0.06769480047624758
24.9,30.208805577903597,0.2,0.06829486365909009
25.0,30.208805577903597,0.2,0.06887759373538598
10.0,31.8115975966851,0.2,0.043273040395707896
10.1,31.8115975966851,0.2,0.043273040395707896
10.2,31.8115975966851,0.2,0.043273040395707896
10.3,31.8115975966851,0.2,0.043273040395707896
10.4,31.8115975966851,0.2,0.043273040395707896
10.5,31.8115975966851,0.2,0.043273040395707896
10.6,31.8115975966851,0.2,0.043273040395707896
10.7,31.8115975966851,0.2,0.043273040395707896
10.8,31.8115975966851,0.2,0.043273040395707896
10.9,31.8115975966851,0.2,0.043273040395707896
11.0,31.8115975966851,0.2,0.043273040395707896
11.1,31.8115975966851,0.2,0.04339500637835218
11.2,31.8115975966851,0.2,0.04353355971151624
11.3,31.8115975966851,0.2,0.04368785807470722
11.4,31.8115975966851,0.2,0.0438570626724649
11.5,31.8115975966851,0.2,0.04404033514616514
11.6,31.8115975966851,0.2,0.044236834661728106
11.7,31.8115975966851,0.2,0.0444457151694125
11.8,31.8115975966851,0.2,0.04466612283336624
11.9,31.8115975966851,0.2,0.044897193630001726
12.0,31.8115975966851,0.2,0.04513805111555919
12.1,31.8115975966851,0.2,0.045387804364434986
12.2,31.8115975966851,0.2,0.04564554608095644
12.3,31.8115975966851,0.2,0.045910350888308804
12.4,31.8115975966851,0.2,0.04618127379924199
12.5,31.8115975966851,0.2,0.04645734887401127
12.6,31.8115975966851,0.2,0.04673758807173614
12.7,31.8115975966851,0.2,0.04702098030198038
12.8,31.8115975966851,0.2,0.0473064906838842
12.9,31.8115975966851,0.2,0.04759306002057477
13.0,31.8115975966851,0.2,0.047879604496888446
13.1,31.8115975966851,0.2,0.048165015608599225
13.2,31.8115975966851,0.2,0.04844816033140686
13.3,31.8115975966851,0.2,0.048727881537858175
13.4,31.8115975966851,0.2,0.049002998670160565
13.5,31.8115975966851,0.2,0.049272308676509086
13.6,31.8115975966851,0.2,0.04953458721805028
13.7,31.8115975966851,0.2,0.04978859015298482
13.8,31.8115975966851,0.2,0.050033055303529785
13.9,31.8115975966851,0.2,0.05026670451053443
14.0,31.8115975966851,0.2,0.05048824597946932
14.100000000000001,31.8115975966851,0.2,0.05069637692028308
14.2,31.8115975966851,0.2,0.05088978648223848
14.3,31.8115975966851,0.2,0.051067158983313314
14.4,31.8115975966851,0.2,0.05122717743207859
14.5,31.8115975966851,0.2,0.05136852733813515
14.600000000000001,31.8115975966851,0.2,0.05148990080523507
14.7,31.8115975966851,0.2,0.051590000899107195
14.8,31.8115975966851,0.2,0.051667546279778674
14.9,31.8115975966851,0.2,0.051721276085828834
15.0,31.8115975966851,0.2,0.05174995505554964
15.100000000000001,31.8115975966851,0.2,0.05175237886741144
15.2,31.8115975966851,0.2,0.05175237886741144
15.3,31.8115975966851,0.2,0.05175237886741144
15.4,31.8115975966851,0.2,0.05175237886741144
15.5,31.8115975966851,0.2,0.05175237886741144
15.600000000000001,31.8115975966851,0.2,0.05175237886741144
15.7,31.8115975966851,0.2,0.05175237886741144
15.8,31.8115975966851,0.2,0.05175237886741144
15.9,31.8115975966851,0.2,0.05175237886741144
16.0,31.8115975966851,0.2,0.05175237886741144
16.1,31.8115975966851,0.2,0.05175237886741144
16.2,31.8115975966851,0.2,0.05175237886741144
16.3,31.8115975966851,0.2,0.05175237886741144
16.4,31.8115975966851,0.2,0.05175237886741144
16.5,31.8115975966851,0.2,0.05175237886741144
16.6,31.8115975966851,0.2,0.05175237886741144
16.7,31.8115975966851,0.2,0.05175237886741144
16.8,31.8115975966851,0.2,0.05175237886741144
16.9,31.8115975966851,0.2,0.05175237886741144
17.0,31.8115975966851,0.2,0.05175237886741144
17.1,31.8115975966851,0.2,0.05175237886741144
17.2,31.8115975966851,0.2,0.05175237886741144
17.3,31.8115975966851,0.2,0.05175237886741144
17.4,31.8115975966851,0.2,0.05175237886741144
17.5,31.8115975966851,0.2,0.05175237886741144
17.6,31.8115975966851,0.2,0.05175237886741144
17.7,31.8115975966851,0.2,0.05175237886741144
17.8,31.8115975966851,0.2,0.05175237886741144
17.9,31.8115975966851,0.2,0.05175237886741144
18.0,31.8115975966851,0.2,0.05175237886741144
18.1,31.8115975966851,0.2,0.05175237886741144
18.200000000000003,31.8115975966851,0.2,0.05175237886741144
18.3,31.8115975966851,0.2,0.05175237886741144
18.4,31.8115975966851,0.2,0.05175237886741144
18.5,31.8115975966851,0.2,0.05175237886741144
18.6,31.8115975966851,0.2,0.05175237886741144
18.700000000000003,31.8115975966851,0.2,0.05175237886741144
18.8,31.8115975966851,0.2,0.05175237886741144
18.9,31.8115975966851,0.2,0.05175237886741144
19.0,31.8115975966851,0.2,0.05175237886741144
19.1,31.8115975966851,0.2,0.05175237886741144
19.200000000000003,31.8115975966851,0.2,0.05175237886741144
19.3,31.8115975966851,0.2,0.05175237886741144
19.4,31.8115975966851,0.2,0.05175237886741144
19.5,31.8115975966851,0.2,0.05175237886741144
19.6,31.8115975966851,0.2,0.05175237886741144
19.700000000000003,31.8115975966851,0.2,0.05175237886741144
19.8,31.8115975966851,0.2,0.05175237886741144
19.9,31.8115975966851,0.2,0.05175237886741144
20.0,31.8115975966851,0.2,0.05175237886741144
20.1,31.8115975966851,0.2,0.05175237886741144
20.200000000000003,31.8115975966851,0.2,0.05175237886741144
20.3,31.8115975966851,0.2,0.05175237886741144
20.4,31.8115975966851,0.2,0.05175237886741144
20.5,31.8115975966851,0.2,0.05175237886741144
20.6,31.8115975966851,0.2,0.05175237886741144
20.700000000000003,31.8115975966851,0.2,0.05175237886741144
20.8,31.8115975966851,0.2,0.05175237886741144
20.9,31.8115975966851,0.2,0.05175237886741144
21.0,31.8115975966851,0.2,0.05175237886741144
21.1,31.8115975966851,0.2,0.05175237886741144
21.200000000000003,31.8115975966851,0.2,0.05175237886741144
21.3,31.8115975966851,0.2,0.05175237886741144
21.4,31.8115975966851,0.2,0.05175237886741144
21.5,31.8115975966851,0.2,0.05175237886741144
21.6,31.8115975966851,0.2,0.05175237886741144
21.700000000000003,31.8115975966851,0.2,0.05175237886741144
21.8,31.8115975966851,0.2,0.05175237886741144
21.9,31.8115975966851,0.2,0.05175237886741144
22.0,31.8115975966851,0.2,0.05175237886741144
22.1,31.8115975966851,0.2,0.05175237886741144
22.200000000000003,31.8115975966851,0.2,0.05175237886741144
22.3,31.8115975966851,0.2,0.05175237886741144
22.4,31.8115975966851,0.2,0.05175237886741144
22.5,31.8115975966851,0.2,0.05175237886741144
22.6,31.8115975966851,0.2,0.05175237886741144
22.700000000000003,31.8115975966851,0.2,0.05215030043096254
22.8,31.8115975966851,0.2,0.05288854178172822
22.9,31.8115975966851,0.2,0.05363802246208922
23.0,31.8115975966851,0.2,0.05439736006993453
23.1,31.8115975966851,0.2,0.05516509166117501
23.200000000000003,31.8115975966851,0.2,0.055939671627798414
23.3,31.8115975966851,0.2,0.05671946999062939
23.4,31.8115975966851,0.2,0.057502771141984134
23.5,31.8115975966851,0.2,0.05828777307377906
23.6,31.8115975966851,0.2,0.0590725871266837
23.700000000000003,31.8115975966851,0.2,0.05985523829554521
23.8,31.8115975966851,0.2,0.06063366612557096
23.9,31.8115975966851,0.2,0.0614057262325891
24.0,31.8115975966851,0.2,0.06216919247913596
24.1,31.8115975966851,0.2,0.06292175983610303
24.200000000000003,31.8115975966851,0.2,0.06366104795723804
24.3,31.8115975966851,0.2,0.06438460549090562
24.4,31.8115975966851,0.2,0.06508991515020783
24.5,31.8115975966851,0.2,0.06577439955880557
24.6,31.8115975966851,0.2,0.06643609874987753
24.700000000000003,31.8115975966851,0.2,0.06707573797305516
24.8,31.8115975966851,0.2,0.06769480047624758
24.9,31.8115975966851,0.2,0.06829486365909009
25.0,31.8115975966851,0.2,0.06887759373538598
10.0,33.92623703353835,0.2,0.043273040395707896
10.1,33.92623703353835,0.2,0.043273040395707896
10.2,33.92623703353835,0.2,0.043273040395707896
10.3,33.92623703353835,0.2,0.043273040395707896
10.4,33.92623703353835,0.2,0.043273040395707896
10.5,33.92623703353835,0.2,0.043273040395707896
10.6,33.92623703353835,0.2,0.043273040395707896
10.7,33.92623703353835,0.2,0.043273040395707896
10.8,33.92623703353835,0.2,0.043273040395707896
10.9,33.92623703353835,0.2,0.043273040395707896
11.0,33.92623703353835,0.2,0.043273040395707896
11.1,33.92623703353835,0.2,0.04339500637835218
11.2,33.92623703353835,0.2,0.04353355971151624
11.3,33.92623703353835,0.2,0.04368785807470722
11.4,33.92623703353835,0.2,0.0438570626724649
11.5,33.92623703353835,0.2,0.04404033514616514
11.6,33.92623703353835,0.2,0.044236834661728106
11.7,33.92623703353835,0.2,0.0444457151694125
11.8,33.92623703353835,0.2,0.04466612283336624
11.9,33.92623703353835,0.2,0.044897193630001726
12.0,33.92623703353835,0.2,0.04513805111555919
12.1,33.92623703353835,0.2,0.045387804364434986
12.2,33.92623703353835,0.2,0.04564554608095644
12.3,33.92623703353835,0.2,0.045910350888308804
12.4,33.92623703353835,0.2,0.04618127379924199
12.5,33.92623703353835,0.2,0.04645734887401127
12.6,33.92623703353835,0.2,0.04673758807173614
12.7,33.92623703353835,0.2,0.04702098030198038
12.8,33.92623703353835,0.2,0.0473064906838842
12.9,33.92623703353835,0.2,0.04759306002057477
13.0,33.92623703353835,0.2,0.047879604496888446
13.1,33.92623703353835,0.2,0.048165015608599225
13.2,33.92623703353835,0.2,0.04844816033140686
13.3,33.92623703353835,0.2,0.048727881537858175
13.4,33.92623703353835,0.2,0.049002998670160565
13.5,33.92623703353835,0.2,0.049272308676509086
13.6,33.92623703353835,0.2,0.04953458721805028
13.7,33.92623703353835,0.2,0.04978859015298482
13.8,33.92623703353835,0.2,0.050033055303529785
13.9,33.92623703353835,0.2,0.05026670451053443
14.0,33.92623703353835,0.2,0.05048824597946932
14.100000000000001,33.92623703353835,0.2,0.05069637692028308
14.2,33.92623703353835,0.2,0.05088978648223848
14.3,33.92623703353835,0.2,0.051067158983313314
14.4,33.92623703353835,0.2,0.05122717743207859
14.5,33.92623703353835,0.2,0.05136852733813515
14.600000000000001,33.92623703353835,0.2,0.05148990080523507
14.7,33.92623703353835,0.2,0.051590000899107195
14.8,33.92623703353835,0.2,0.051667546279778674
14.9,33.92623703353835,0.2,0.051721276085828834
15.0,33.92623703353835,0.2,0.05174995505554964
15.100000000000001,33.92623703353835,0.2,0.05175237886741144
15.2,33.92623703353835,0.2,0.05175237886741144
15.3,33.92623703353835,0.2,0.05175237886741144
15.4,33.92623703353835,0.2,0.05175237886741144
15.5,33.92623703353835,0.2,0.05175237886741144
15.600000000000001,33.92623703353835,0.2,0.05175237886741144
15.7,33.92623703353835,0.2,0.05175237886741144
15.8,33.92623703353835,0.2,0.05175237886741144
15.9,33.92623703353835,0.2,0.05175237886741144
16.0,33.92623703353835,0.2,0.05175237886741144
16.1,33.92623703353835,0.2,0.05175237886741144
16.2,33.92623703353835,0.2,0.05175237886741144
16.3,33.92623703353835,0.2,0.05175237886741144
16.4,33.92623703353835,0.2,0.05175237886741144
16.5,33.92623703353835,0.2,0.05175237886741144
16.6,33.92623703353835,0.2,0.05175237886741144
16.7,33.92623703353835,0.2,0.05175237886741144
16.8,33.92623703353835,0.2,0.05175237886741144
16.9,33.92623703353835,0.2,0.05175237886741144
17.0,33.92623703353835,0.2,0.05175237886741144
17.1,33.92623703353835,0.2,0.05175237886741144
17.2,33.92623703353835,0.2,0.05175237886741144
17.3,33.92623703353835,0.2,0.05175237886741144
17.4,33.92623703353835,0.2,0.05175237886741144
17.5,33.92623703353835,0.2,0.05175237886741144
17.6,33.92623703353835,0.2,0.05175237886741144
17.7,33.92623703353835,0.2,0.05175237886741144
17.8,33.92623703353835,0.2,0.05175237886741144
17.9,33.92623703353835,0.2,0.05175237886741144
18.0,33.92623703353835,0.2,0.05175237886741144
18.1,33.92623703353835,0.2,0.05175237886741144
18.200000000000003,33.92623703353835,0.2,0.05175237886741144
18.3,33.92623703353835,0.2,0.05175237886741144
18.4,33.92623703353835,0.2,0.05175237886741144
18.5,33.92623703353835,0.2,0.05175237886741144
18.6,33.92623703353835,0.2,0.05175237886741144
18.700000000000003,33.92623703353835,0.2,0.05175237886741144
18.8,33.92623703353835,0.2,0.05175237886741144
18.9,33.92623703353835,0.2,0.05175237886741144
19.0,33.92623703353835,0.2,0.05175237886741144
19.1,33.92623703353835,0.2,0.05175237886741144
19.200000000000003,33.92623703353835,0.2,0.05175237886741144
19.3,33.92623703353835,0.2,0.05175237886741144
19.4,33.92623703353835,0.2,0.05175237886741144
19.5,33.92623703353835,0.2,0.05175237886741144
19.6,33.92623703353835,0.2,0.05175237886741144
19.700000000000003,33.92623703353835,0.2,0.05175237886741144
19.8,33.92623703353835,0.2,0.05175237886741144
19.9,33.92623703353835,0.2,0.05175237886741144
20.0,33.92623703353835,0.2,0.05175237886741144
20.1,33.92623703353835,0.2,0.05175237886741144
20.200000000000003,33.92623703353835,0.2,0.05175237886741144
20.3,33.92623703353835,0.2,0.05175237886741144
20.4,33.92623703353835,0.2,0.05175237886741144
20.5,33.92623703353835,0.2,0.05175237886741144
20.6,33.92623703353835,0.2,0.05175237886741144
20.700000000000003,33.92623703353835,0.2,0.05175237886741144
20.8,33.92623703353835,0.2,0.05175237886741144
20.9,33.92623703353835,0.2,0.05175237886741144
21.0,33.92623703353835,0.2,0.05175237886741144
21.1,33.92623703353835,0.2,0.05175237886741144
21.200000000000003,33.92623703353835,0.2,0.05175237886741144
21.3,33.92623703353835,0.2,0.05175237886741144
21.4,33.92623703353835,0.2,0.05175237886741144
21.5,33.92623703353835,0.2,0.05175237886741144
21.6,33.92623703353835,0.2,0.05175237886741144
21.700000000000003,33.92623703353835,0.2,0.05175237886741144
21.8,33.92623703353835,0.2,0.05175237886741144
21.9,33.92623703353835,0.2,0.05175237886741144
22.0,33.92623703353835,0.2,0.05175237886741144
22.1,33.92623703353835,0.2,0.05175237886741144
22.200000000000003,33.92623703353835,0.2,0.05175237886741144
22.3,33.92623703353835,0.2,0.05175237886741144
22.4,33.92623703353835,0.2,0.05175237886741144
22.5,33.92623703353835,0.2,0.05175237886741144
22.6,33.92623703353835,0.2,0.05175237886741144
22.700000000000003,33.92623703353835,0.2,0.05215030043096254
22.8,33.92623703353835,0.2,0.05288854178172822
22.9,33.92623703353835,0.2,0.05363802246208922
23.0,33.92623703353835,0.2,0.05439736006993453
23.1,33.92623703353835,0.2,0.05516509166117501
23.200000000000003,33.92623703353835,0.2,0.055939671627798414
23.3,33.92623703353835,0.2,0.05671946999062939
23.4,33.92623703353835,0.2,0.057502771141984134
23.5,33.92623703353835,0.2,0.05828777307377906
23.6,33.92623703353835,0.2,0.0590725871266837
23.700000000000003,33.92623703353835,0.2,0.05985523829554521
23.8,33.92623703353835,0.2,0.06063366612557096
23.9,33.92623703353835,0.2,0.0614057262325891
24.0,33.92623703353835,0.2,0.06216919247913596
24.1,33.92623703353835,0.2,0.06292175983610303
24.200000000000003,33.92623703353835,0.2,0.06366104795723804
24.3,33.92623703353835,0.2,0.06438460549090562
24.4,33.92623703353835,0.2,0.06508991515020783
24.5,33.92623703353835,0.2,0.06577439955880557
24.6,33.92623703353835,0.2,0.06643609874987753
24.700000000000003,33.92623703353835,0.2,0.06707573797305516
24.8,33.92623703353835,0.2,0.06769480047624758
24.9,33.92623703353835,0.2,0.06829486365909009
25.0,33.92623703353835,0.2,0.06887759373538598
10.0,30.208805577903597,0.25,0.04634948830299084
10.1,30.208805577903597,0.25,0.04634948830299084
10.2,30.208805577903597,0.25,0.04634948830299084
10.3,30.208805577903597,0.25,0.04634948830299084
10.4,30.208805577903597,0.25,0.04634948830299084
10.5,30.208805577903597,0.25,0.04634948830299084
10.6,30.208805577903597,0.25,0.04634948830299084
10.7,30.208805577903597,0.25,0.04634948830299084
10.8,30.208805577903597,0.25,0.04634948830299084
10.9,30.208805577903597,0.25,0.04634948830299084
11.0,30.208805577903597,0.25,0.04634948830299084
11.1,30.208805577903597,0.25,0.046460362888610635
11.2,30.208805577903597,0.25,0.046594336058760545
11.3,30.208805577903597,0.25,0.04675031795882943
11.4,30.208805577903597,0.25,0.046927233209523064
11.5,30.208805577903597,0.25,0.047124015719480154
11.6,30.208805577903597,0.25,0.04733960378370905
11.7,30.208805577903597,0.25,0.047572935455838204
11.8,30.208805577903597,0.25,0.04782294418520593
11.9,30.208805577903597,0.25,0.048088554712644185
12.0,30.208805577903597,0.25,0.04836867922146305
12.1,30.208805577903597,0.25,0.0486622137426127
12.2,30.208805577903597,0.25,0.04896803481530501
12.3,30.208805577903597,0.25,0.049284996406497264
12.4,30.208805577903597,0.25,0.0496119270946175
12.5,30.208805577903597,0.25,0.04994762752468683
12.6,30.208805577903597,0.25,0.050290868143621735
12.7,30.208805577903597,0.25,0.05064038722593416
12.8,30.208805577903597,0.25,0.0509948892012995
12.9,30.208805577903597,0.25,0.05135304329652875
13.0,30.208805577903597,0.25,0.05171348250534248
13.1,30.208805577903597,0.25,0.052074802899994985
13.2,30.208805577903597,0.25,0.05243556329923938
13.3,30.208805577903597,0.25,0.05279428530733353
13.4,30.208805577903597,0.25,0.0531494537387633
13.5,30.208805577903597,0.25,0.053499517443089666
13.6,30.208805577903597,0.25,0.05384289054381092
13.7,30.208805577903597,0.25,0.05417795410434631
13.8,30.208805577903597,0.25,0.054503058233208314
13.9,30.208805577903597,0.25,0.05481652463910466
14.0,30.208805577903597,0.25,0.05511664964512673
14.100000000000001,30.208805577903597,0.25,0.05540170766929846
14.2,30.208805577903597,0.25,0.05566995517661301
14.3,30.208805577903597,0.25,0.05591963510524169
14.4,30.208805577903597,0.25,0.05614898176688555
14.5,30.208805577903597,0.25,0.056356226218254084
14.600000000000001,30.208805577903597,0.25,0.0565396020973806
14.7,30.208805577903597,0.25,0.05669735191496525
14.8,30.208805577903597,0.25,0.0568277337871533
14.9,30.208805577903597,0.25,0.05692902859212787
15.0,30.208805577903597,0.25,0.05699954752864455
15.100000000000001,30.208805577903597,0.25,0.057037640050175364
15.2,30.208805577903597,0.25,0.05704170214365966
15.3,30.208805577903597,0.25,0.05704170214365966
15.4,30.208805577903597,0.25,0.05704170214365966
15.5,30.208805577903597,0.25,0.05704170214365966
15.600000000000001,30.208805577903597,0.25,0.05704170214365966
15.7,30.208805577903597,0.25,0.05704170214365966
15.8,30.208805577903597,0.25,0.05704170214365966
15.9,30.208805577903597,0.25,0.05704170214365966
16.0,30.208805577903597,0.25,0.05704170214365966
16.1,30.208805577903597,0.25,0.05704170214365966
16.2,30.208805577903597,0.25,0.05704170214365966
16.3,30.208805577903597,0.25,0.05704170214365966
16.4,30.208805577903597,0.25,0.05704170214365966
16.5,30.208805577903597,0.25,0.05704170214365966
16.6,30.208805577903597,0.25,0.05704170214365966
16.7,30.208805577903597,0.25,0.05704170214365966
16.8,30.208805577903597,0.25,0.05704170214365966
16.9,30.208805577903597,0.25,0.05704170214365966
17.0,30.208805577903597,0.25,0.05704170214365966
17.1,30.208805577903597,0.25,0.05704170214365966
17.2,30.208805577903597,0.25,0.05704170214365966
17.3,30.208805577903597,0.25,0.05704170214365966
17.4,30.208805577903597,0.25,0.05704170214365966
17.5,30.208805577903597,0.25,0.05704170214365966
17.6,30.208805577903597,0.25,0.05704170214365966
17.7,30.208805577903597,0.25,0.05704170214365966
17.8,30.208805577903597,0.25,0.05704170214365966
17.9,30.208805577903597,0.25,0.05704170214365966
18.0,30.208805577903597,0.25,0.05704170214365966
18.1,30.208805577903597,0.25,0.05704170214365966
18.200000000000003,30.208805577903597,0.25,0.05704170214365966
18.3,30.208805577903597,0.25,0.05704170214365966
18.4,30.208805577903597,0.25,0.05704170214365966
18.5,30.208805577903597,0.25,0.05704170214365966
18.6,30.208805577903597,0.25,0.05704170214365966
18.700000000000003,30.208805577903597,0.25,0.05704170214365966
18.8,30.208805577903597,0.25,0.05704170214365966
18.9,30.208805577903597,0.25,0.05704170214365966
19.0,30.208805577903597,0.25,0.05704170214365966
19.1,30.208805577903597,0.25,0.05704170214365966
19.200000000000003,30.208805577903597,0.25,0.05704170214365966
19.3,30.208805577903597,0.25,0.05704170214365966
19.4,30.208805577903597,0.25,0.05704170214365966
19.5,30.208805577903597,0.25,0.05704170214365966
19.6,30.208805577903597,0.25,0.05704170214365966
19.700000000000003,30.208805577903597,0.25,0.05704170214365966
19.8,30.208805577903597,0.25,0.05704170214365966
19.9,30.208805577903597,0.25,0.05704170214365966
20.0,30.208805577903597,0.25,0.05704170214365966
20.1,30.208805577903597,0.25,0.05704170214365966
20.200000000000003,30.208805577903597,0.25,0.05704170214365966
20.3,30.208805577903597,0.25,0.05704170214365966
20.4,30.208805577903597,0.25,0.05704170214365966
20.5,30.208805577903597,0.25,0.05704170214365966
20.6,30.208805577903597,0.25,0.05704170214365966
20.700000000000003,30.208805577903597,0.25,0.05704170214365966
20.8,30.208805577903597,0.25,0.05704170214365966
20.9,30.208805577903597,0.25,0.05704170214365966
21.0,30.208805577903597,0.25,0.05704170214365966
21.1,30.208805577903597,0.25,0.05704170214365966
21.200000000000003,30.208805577903597,0.25,0.05704170214365966
21.3,30.208805577903597,0.25,0.05704170214365966
21.4,30.208805577903597,0.25,0.05704170214365966
21.5,30.208805577903597,0.25,0.05704170214365966
21.6,30.208805577903597,0.25,0.05704170214365966
21.700000000000003,30.208805577903597,0.25,0.05704170214365966
21.8,30.208805577903597,0.25,0.05704170214365966
21.9,30.208805577903597,0.25,0.05704170214365966
22.0,30.208805577903597,0.25,0.05704170214365966
22.1,30.208805577903597,0.25,0.05704170214365966
22.200000000000003,30.208805577903597,0.25,0.05704170214365966
22.3,30.208805577903597,0.25,0.05704170214365966
22.4,30.208805577903597,0.25,0.05704170214365966
22.5,30.208805577903597,0.25,0.05704170214365966
22.6,30.208805577903597,0.25,0.05704170214365966
22.700000000000003,30.208805577903597,0.25,0.05710707097289828
22.8,30.208805577903597,0.25,0.05790348831106654
22.9,30.208805577903597,0.25,0.058705680328853725
23.0,30.208805577903597,0.25,0.0595114974636078
23.1,30.208805577903597,0.25,0.060318681650844905
23.200000000000003,30.208805577903597,0.25,0.06112486606947996
23.3,30.208805577903597,0.25,0.06192757572812178
23.4,30.208805577903597,0.25,0.0627242289449546
23.5,30.208805577903597,0.25,0.06351213977171943
23.6,30.208805577903597,0.25,0.06428852140953961
23.700000000000003,30.208805577903597,0.25,0.0650504906607997
23.8,30.208805577903597,0.25,0.06579507345694928
23.9,30.208805577903597,0.25,0.06651921149700037
24.0,30.208805577903597,0.25,0.06721977002559891
24.1,30.208805577903597,0.25,0.06789354677288349
24.200000000000003,30.208805577903597,0.25,0.06853728207094312
24.3,30.208805577903597,0.25,0.06914767015353766
24.4,30.208805577903597,0.25,0.0697213716369036
24.5,30.208805577903597,0.25,0.07025502716993087
24.6,30.208805577903597,0.25,0.07074627857062503
24.700000000000003,30.208805577903597,0.25,0.07119685072821906
24.8,30.208805577903597,0.25,0.07160961604532683
24.9,30.208805577903597,0.25,0.07198758462572565
25.0,30.208805577903597,0.25,0.07233388836012272
10.0,31.8115975966851,0.25,0.04634948830299084
10.1,31.8115975966851,0.25,0.04634948830299084
10.2,31.8115975966851,0.25,0.04634948830299084
10.3,31.8115975966851,0.25,0.04634948830299084
10.4,31.8115975966851,0.25,0.04634948830299084
10.5,31.8115975966851,0.25,0.04634948830299084
10.6,31.8115975966851,0.25,0.04634948830299084
10.7,31.8115975966851,0.25,0.04634948830299084
10.8,31.8115975966851,0.25,0.04634948830299084
10.9,31.8115975966851,0.25,0.04634948830299084
11.0,31.8115975966851,0.25,0.04634948830299084
11.1,31.8115975966851,0.25,0.046460362888610635
11.2,31.8115975966851,0.25,0.046594336058760545
11.3,31.8115975966851,0.25,0.04675031795882943
11.4,31.8115975966851,0.25,0.046927233209523064
11.5,31.8115975966851,0.25,0.047124015719480154
11.6,31.8115975966851,0.25,0.04733960378370905
11.7,31.8115975966851,0.25,0.047572935455838204
11.8,31.8115975966851,0.25,0.04782294418520593
11.9,31.8115975966851,0.25,0.048088554712644185
12.0,31.8115975966851,0.25,0.04836867922146305
12.1,31.8115975966851,0.25,0.0486622137426127
12.2,31.8115975966851,0.25,0.04896803481530501
12.3,31.8115975966851,0.25,0.049284996406497264
12.4,31.8115975966851,0.25,0.0496119270946175
12.5,31.8115975966851,0.25,0.04994762752468683
12.6,31.8115975966851,0.25,0.050290868143621735
12.7,31.8115975966851,0.25,0.05064038722593416
12.8,31.8115975966851,0.25,0.0509948892012995
12.9,31.8115975966851,0.25,0.05135304329652875
13.0,31.8115975966851,0.25,0.05171348250534248
13.1,31.8115975966851,0.25,0.052074802899994985
13.2,31.8115975966851,0.25,0.05243556329923938
13.3,31.8115975966851,0.25,0.05279428530733353
13.4,31.8115975966851,0.25,0.0531494537387633
13.5,31.8115975966851,0.25,0.053499517443089666
13.6,31.8115975966851,0.25,0.05384289054381092
13.7,31.8115975966851,0.25,0.05417795410434631
13.8,31.8115975966851,0.25,0.054503058233208314
13.9,31.8115975966851,0.25,0.05481652463910466
14.0,31.8115975966851,0.25,0.05511664964512673
14.100000000000001,31.8115975966851,0.25,0.05540170766929846
14.2,31.8115975966851,0.25,0.05566995517661301
14.3,31.8115975966851,0.25,0.05591963510524169
14.4,31.8115975966851,0.25,0.05614898176688555
14.5,31.8115975966851,0.25,0.056356226218254084
14.600000000000001,31.8115975966851,0.25,0.0565396020973806
14.7,31.8115975966851,0.25,0.05669735191496525
14.8,31.8115975966851,0.25,0.0568277337871533
14.9,31.8115975966851,0.25,0.05692902859212787
15.0,31.8115975966851,0.25,0.05699954752864455
15.100000000000001,31.8115975966851,0.25,0.057037640050175364
15.2,31.8115975966851,0.25,0.05704170214365966
15.3,31.8115975966851,0.25,0.05704170214365966
15.4,31.8115975966851,0.25,0.05704170214365966
15.5,31.8115975966851,0.25,0.05704170214365966
15.600000000000001,31.8115975966851,0.25,0.05704170214365966
15.7,31.8115975966851,0.25,0.05704170214365966
15.8,31.8115975966851,0.25,0.05704170214365966
15.9,31.8115975966851,0.25,0.05704170214365966
16.0,31.8115975966851,0.25,0.05704170214365966
16.1,31.8115975966851,0.25,0.05704170214365966
16.2,31.8115975966851,0.25,0.05704170214365966
16.3,31.8115975966851,0.25,0.05704170214365966
16.4,31.8115975966851,0.25,0.05704170214365966
16.5,31.8115975966851,0.25,0.05704170214365966
16.6,31.8115975966851,0.25,0.05704170214365966
16.7,31.8115975966851,0.25,0.05704170214365966
16.8,31.8115975966851,0.25,0.05704170214365966
16.9,31.8115975966851,0.25,0.05704170214365966
17.0,31.8115975966851,0.25,0.05704170214365966
17.1,31.8115975966851,0.25,0.05704170214365966
17.2,31.8115975966851,0.25,0.05704170214365966
17.3,31.8115975966851,0.25,0.05704170214365966
17.4,31.8115975966851,0.25,0.05704170214365966
17.5,31.8115975966851,0.25,0.05704170214365966
17.6,31.8115975966851,0.25,0.05704170214365966
17.7,31.8115975966851,0.25,0.05704170214365966
17.8,31.8115975966851,0.25,0.05704170214365966
17.9,31.8115975966851,0.25,0.05704170214365966
18.0,31.8115975966851,0.25,0.05704170214365966
18.1,31.8115975966851,0.25,0.05704170214365966
18.200000000000003,31.8115975966851,0.25,0.05704170214365966
18.3,31.8115975966851,0.25,0.05704170214365966
18.4,31.8115975966851,0.25,0.05704170214365966
18.5,31.8115975966851,0.25,0.05704170214365966
18.6,31.8115975966851,0.25,0.05704170214365966
18.700000000000003,31.8115975966851,0.25,0.05704170214365966
18.8,31.8115975966851,0.25,0.05704170214365966
18.9,31.8115975966851,0.25,0.05704170214365966
19.0,31.8115975966851,0.25,0.05704170214365966
19.1,31.8115975966851,0.25,0.05704170214365966
19.200000000000003,31.8115975966851,0.25,0.05704170214365966
19.3,31.8115975966851,0.25,0.05704170214365966
19.4,31.8115975966851,0.25,0.05704170214365966
19.5,31.8115975966851,0.25,0.05704170214365966
19.6,31.8115975966851,0.25,0.05704170214365966
19.700000000000003,31.8115975966851,0.25,0.05704170214365966
19.8,31.8115975966851,0.25,0.05704170214365966
19.9,31.8115975966851,0.25,0.05704170214365966
20.0,31.8115975966851,0.25,0.05704170214365966
20.1,31.8115975966851,0.25,0.05704170214365966
20.200000000000003,31.8115975966851,0.25,0.05704170214365966
20.3,31.8115975966851,0.25,0.05704170214365966
20.4,31.8115975966851,0.25,0.05704170214365966
20.5,31.8115975966851,0.25,0.05704170214365966
20.6,31.8115975966851,0.25,0.05704170214365966
20.700000000000003,31.8115975966851,0.25,0.05704170214365966
20.8,31.8115975966851,0.25,0.05704170214365966
20.9,31.8115975966851,0.25,0.05704170214365966
21.0,31.8115975966851,0.25,0.05704170214365966
21.1,31.8115975966851,0.25,0.05704170214365966
21.200000000000003,31.8115975966851,0.25,0.05704170214365966
21.3,31.8115975966851,0.25,0.05704170214365966
21.4,31.8115975966851,0.25,0.05704170214365966
21.5,31.8115975966851,0.25,0.05704170214365966
21.6,31.8115975966851,0.25,0.05704170214365966
21.700000000000003,31.8115975966851,0.25,0.05704170214365966
21.8,31.8115975966851,0.25,0.05704170214365966
21.9,31.8115975966851,0.25,0.05704170214365966
22.0,31.8115975966851,0.25,0.05704170214365966
22.1,31.8115975966851,0.25,0.05704170214365966
22.200000000000003,31.8115975966851,0.25,0.05704170214365966
22.3,31.8115975966851,0.25,0.05704170214365966
22.4,31.8115975966851,0.25,0.05704170214365966
22.5,31.8115975966851,0.25,0.05704170214365966
22.6,31.8115975966851,0.25,0.05704170214365966
22.700000000000003,31.8115975966851,0.25,0.05710707097289828
22.8,31.8115975966851,0.25,0.05790348831106654
22.9,31.8115975966851,0.25,0.058705680328853725
23.0,31.8115975966851,0.25,0.0595114974636078
23.1,31.8115975966851,0.25,0.060318681650844905
23.200000000000003,31.8115975966851,0.25,0.06112486606947996
23.3,31.8115975966851,0.25,0.06192757572812178
23.4,31.8115975966851,0.25,0.0627242289449546
23.5,31.8115975966851,0.25,0.06351213977171943
23.6,31.8115975966851,0.25,0.06428852140953961
23.700000000000003,31.8115975966851,0.25,0.0650504906607997
23.8,31.8115975966851,0.25,0.06579507345694928
23.9,31.8115975966851,0.25,0.06651921149700037
24.0,31.8115975966851,0.25,0.06721977002559891
24.1,31.8115975966851,0.25,0.06789354677288349
24.200000000000003,31.8115975966851,0.25,0.06853728207094312
24.3,31.8115975966851,0.25,0.06914767015353766
24.4,31.8115975966851,0.25,0.0697213716369036
24.5,31.8115975966851,0.25,0.07025502716993087
24.6,31.8115975966851,0.25,0.07074627857062503
24.700000000000003,31.8115975966851,0.25,0.07119685072821906
24.8,31.8115975966851,0.25,0.07160961604532683
24.9,31.8115975966851,0.25,0.07198758462572565
25.0,31.8115975966851,0.25,0.07233388836012272
10.0,33.92623703353835,0.25,0.04634948830299084
10.1,33.92623703353835,0.25,0.04634948830299084
10.2,33.92623703353835,0.25,0.04634948830299084
10.3,33.92623703353835,0.25,0.04634948830299084
10.4,33.92623703353835,0.25,0.04634948830299084
10.5,33.92623703353835,0.25,0.04634948830299084
10.6,33.92623703353835,0.25,0.04634948830299084
10.7,33.92623703353835,0.25,0.04634948830299084
10.8,33.92623703353835,0.25,0.04634948830299084
10.9,33.92623703353835,0.25,0.04634948830299084
11.0,33.92623703353835,0.25,0.04634948830299084
11.1,33.92623703353835,0.25,0.046460362888610635
11.2,33.92623703353835,0.25,0.046594336058760545
11.3,33.92623703353835,0.25,0.04675031795882943
11.4,33.92623703353835,0.25,0.046927233209523064
11.5,33.92623703353835,0.25,0.047124015719480154
11.6,33.92623703353835,0.25,0.04733960378370905
11.7,33.92623703353835,0.25,0.047572935455838204
11.8,33.92623703353835,0.25,0.04782294418520593
11.9,33.92623703353835,0.25,0.048088554712644185
12.0,33.92623703353835,0.25,0.04836867922146305
12.1,33.92623703353835,0.25,0.0486622137426127
12.2,33.92623703353835,0.25,0.04896803481530501
12.3,33.92623703353835,0.25,0.049284996406497264
12.4,33.92623703353835,0.25,0.0496119270946175
12.5,33.92623703353835,0.25,0.04994762752468683
12.6,33.92623703353835,0.25,0.050290868143621735
12.7,33.92623703353835,0.25,0.05064038722593416
12.8,33.92623703353835,0.25,0.0509948892012995
12.9,33.92623703353835,0.25,0.05135304329652875
13.0,33.92623703353835,0.25,0.05171348250534248
13.1,33.92623703353835,0.25,0.052074802899994985
13.2,33.92623703353835,0.25,0.05243556329923938
13.3,33.92623703353835,0.25,0.05279428530733353
13.4,33.92623703353835,0.25,0.0531494537387633
13.5,33.92623703353835,0.25,0.053499517443089666
13.6,33.92623703353835,0.25,0.05384289054381092
13.7,33.92623703353835,0.25,0.05417795410434631
13.8,33.92623703353835,0.25,0.054503058233208314
13.9,33.92623703353835,0.25,0.05481652463910466
14.0,33.92623703353835,0.25,0.05511664964512673
14.100000000000001,33.92623703353835,0.25,0.05540170766929846
14.2,33.92623703353835,0.25,0.05566995517661301
14.3,33.92623703353835,0.25,0.05591963510524169
14.4,33.92623703353835,0.25,0.05614898176688555
14.5,33.92623703353835,0.25,0.056356226218254084
14.600000000000001,33.92623703353835,0.25,0.0565396020973806
14.7,33.92623703353835,0.25,0.05669735191496525
14.8,33.92623703353835,0.25,0.0568277337871533
14.9,33.92623703353835,0.25,0.05692902859212787
15.0,33.92623703353835,0.25,0.05699954752864455
15.100000000000001,33.92623703353835,0.25,0.057037640050175364
15.2,33.92623703353835,0.25,0.05704170214365966
15.3,33.92623703353835,0.25,0.05704170214365966
15.4,33.92623703353835,0.25,0.05704170214365966
15.5,33.92623703353835,0.25,0.05704170214365966
15.600000000000001,33.92623703353835,0.25,0.05704170214365966
15.7,33.92623703353835,0.25,0.05704170214365966
15.8,33.92623703353835,0.25,0.05704170214365966
15.9,33.92623703353835,0.25,0.05704170214365966
16.0,33.92623703353835,0.25,0.05704170214365966
16.1,33.92623703353835,0.25,0.05704170214365966
16.2,33.92623703353835,0.25,0.05704170214365966
16.3,33.92623703353835,0.25,0.05704170214365966
16.4,33.92623703353835,0.25,0.05704170214365966
16.5,33.92623703353835,0.25,0.05704170214365966
16.6,33.92623703353835,0.25,0.05704170214365966
16.7,33.92623703353835,0.25,0.05704170214365966
16.8,33.92623703353835,0.25,0.05704170214365966
16.9,33.92623703353835,0.25,0.05704170214365966
17.0,33.92623703353835,0.25,0.05704170214365966
17.1,33.92623703353835,0.25,0.05704170214365966
17.2,33.92623703353835,0.25,0.05704170214365966
17.3,33.92623703353835,0.25,0.05704170214365966
17.4,33.92623703353835,0.25,0.05704170214365966
17.5,33.92623703353835,0.25,0.05704170214365966
17.6,33.92623703353835,0.25,0.05704170214365966
17.7,33.92623703353835,0.25,0.05704170214365966
17.8,33.92623703353835,0.25,0.05704170214365966
17.9,33.92623703353835,0.25,0.05704170214365966
18.0,33.92623703353835,0.25,0.05704170214365966
18.1,33.92623703353835,0.25,0.05704170214365966
18.200000000000003,33.92623703353835,0.25,0.05704170214365966
18.3,33.92623703353835,0.25,0.05704170214365966
18.4,33.92623703353835,0.25,0.05704170214365966
18.5,33.92623703353835,0.25,0.05704170214365966
18.6,33.92623703353835,0.25,0.05704170214365966
18.700000000000003,33.92623703353835,0.25,0.05704170214365966
18.8,33.92623703353835,0.25,0.05704170214365966
18.9,33.92623703353835,0.25,0.05704170214365966
19.0,33.92623703353835,0.25,0.05704170214365966
19.1,33.92623703353835,0.25,0.05704170214365966
19.200000000000003,33.92623703353835,0.25,0.05704170214365966
19.3,33.92623703353835,0.25,0.05704170214365966
19.4,33.92623703353835,0.25,0.05704170214365966
19.5,33.92623703353835,0.25,0.05704170214365966
19.6,33.92623703353835,0.25,0.05704170214365966
19.700000000000003,33.92623703353835,0.25,0.05704170214365966
19.8,33.92623703353835,0.25,0.05704170214365966
19.9,33.92623703353835,0.25,0.05704170214365966
20.0,33.92623703353835,0.25,0.05704170214365966
20.1,33.92623703353835,0.25,0.05704170214365966
20.200000000000003,33.92623703353835,0.25,0.05704170214365966
20.3,33.92623703353835,0.25,0.05704170214365966
20.4,33.92623703353835,0.25,0.05704170214365966
20.5,33.92623703353835,0.25,0.05704170214365966
20.6,33.92623703353835,0.25,0.05704170214365966
20.700000000000003,33.92623703353835,0.25,0.05704170214365966
20.8,33.92623703353835,0.25,0.05704170214365966
20.9,33.92623703353835,0.25,0.05704170214365966
21.0,33.92623703353835,0.25,0.05704170214365966
21.1,33.92623703353835,0.25,0.05704170214365966
21.200000000000003,33.92623703353835,0.25,0.05704170214365966
21.3,33.92623703353835,0.25,0.05704170214365966
21.4,33.92623703353835,0.25,0.05704170214365966
21.5,33.92623703353835,0.25,0.05704170214365966
21.6,33.92623703353835,0.25,0.05704170214365966
21.700000000000003,33.92623703353835,0.25,0.05704170214365966
21.8,33.92623703353835,0.25,0.05704170214365966
21.9,33.92623703353835,0.25,0.05704170214365966
22.0,33.92623703353835,0.25,0.05704170214365966
22.1,33.92623703353835,0.25,0.05704170214365966
22.200000000000003,33.92623703353835,0.25,0.05704170214365966
22.3,33.92623703353835,0.25,0.05704170214365966
22.4,33.92623703353835,0.25,0.05704170214365966
22.5,33.92623703353835,0.25,0.05704170214365966
22.6,33.92623703353835,0.25,0.05704170214365966
22.700000000000003,33.92623703353835,0.25,0.05710707097289828
22.8,33.92623703353835,0.25,0.05790348831106654
22.9,33.92623703353835,0.25,0.058705680328853725
23.0,33.92623703353835,0.25,0.0595114974636078
23.1,33.92623703353835,0.25,0.060318681650844905
23.200000000000003,33.92623703353835,0.25,0.06112486606947996
23.3,33.92623703353835,0.25,0.06192757572812178
23.4,33.92623703353835,0.25,0.0627242289449546
23.5,33.92623703353835,0.25,0.06351213977171943
23.6,33.92623703353835,0.25,0.06428852140953961
23.700000000000003,33.92623703353835,0.25,0.0650504906607997
23.8,33.92623703353835,0.25,0.06579507345694928
23.9,33.92623703353835,0.25,0.06651921149700037
24.0,33.92623703353835,0.25,0.06721977002559891
24.1,33.92623703353835,0.25,0.06789354677288349
24.200000000000003,33.92623703353835,0.25,0.06853728207094312
24.3,33.92623703353835,0.25,0.06914767015353766
24.4,33.92623703353835,0.25,0.0697213716369036
24.5,33.92623703353835,0.25,0.07025502716993087
24.6,33.92623703353835,0.25,0.07074627857062503
24.700000000000003,33.92623703353835,0.25,0.07119685072821906
24.8,33.92623703353835,0.25,0.07160961604532683
24.9,33.92623703353835,0.25,0.07198758462572565
25.0,33.92623703353835,0.25,0.07233388836012272
10.0,30.208805577903597,0.3,0.047257581279094206
10.1,30.208805577903597,0.3,0.047257581279094206
10.2,30.208805577903597,0.3,0.047257581279094206
10.3,30.208805577903597,0.3,0.047257581279094206
10.4,30.208805577903597,0.3,0.047257581279094206
10.5,30.208805577903597,0.3,0.047257581279094206
10.6,30.208805577903597,0.3,0.047257581279094206
10.7,30.208805577903597,0.3,0.047257581279094206
10.8,30.208805577903597,0.3,0.047257581279094206
10.9,30.208805577903597,0.3,0.047257581279094206
11.0,30.208805577903597,0.3,0.047257581279094206
11.1,30.208805577903597,0.3,0.04727795985175955
11.2,30.208805577903597,0.3,0.04733493256819455
11.3,30.208805577903597,0.3,0.047426863938625594
11.4,30.208805577903597,0.3,0.047552181582372365
11.5,30.208805577903597,0.3,0.047709364737199195
11.6,30.208805577903597,0.3,0.047896933453919856
11.7,30.208805577903597,0.3,0.04811343841809621
11.8,30.208805577903597,0.3,0.048357451350049686
11.9,30.208805577903597,0.3,0.048627555943126295
12.0,30.208805577903597,0.3,0.04892233930826494
12.1,30.208805577903597,0.3,0.04924038390048716
12.2,30.208805577903597,0.3,0.04958025991000154
12.3,30.208805577903597,0.3,0.04994051810721808
12.4,30.208805577903597,0.3,0.05031968313712703
12.5,30.208805577903597,0.3,0.05071624726426132
12.6,30.208805577903597,0.3,0.05112866457477857
12.7,30.208805577903597,0.3,0.05155534564714276
12.8,30.208805577903597,0.3,0.0519946527073871
12.9,30.208805577903597,0.3,0.05244489528905473
13.0,30.208805577903597,0.3,0.05290432642154883
13.1,30.208805577903597,0.3,0.0533711393738506
13.2,30.208805577903597,0.3,0.05384346498326805
13.3,30.208805577903597,0.3,0.05431936960111757
13.4,30.208805577903597,0.3,0.05479685368891619
13.5,30.208805577903597,0.3,0.055273851099801534
13.6,30.208805577903597,0.3,0.05574822908044011
13.7,30.208805577903597,0.3,0.05621778902860442
13.8,30.208805577903597,0.3,0.05668026804089182
13.9,30.208805577903597,0.3,0.057133341283668614
14.0,30.208805577903597,0.3,0.057574625218252184
14.100000000000001,30.208805577903597,0.3,0.05800168170856557
14.2,30.208805577903597,0.3,0.0584120230359864
14.3,30.208805577903597,0.3,0.05880311784188495
14.4,30.208805577903597,0.3,0.05917239801335821
14.5,30.208805577903597,0.3,0.059517266521952154
14.600000000000001,30.208805577903597,0.3,0.05983510621870118
14.7,30.208805577903597,0.3,0.06012328958163586
14.8,30.208805577903597,0.3,0.06037918940399656
14.9,30.208805577903597,0.3,0.060600190402801825
15.0,30.208805577903597,0.3,0.06078370171815238
15.100000000000001,30.208805577903597,0.3,0.06092717026373893
15.2,30.208805577903597,0.3,0.06102809487853553
15.3,30.208805577903597,0.3,0.06108404121858452
15.4,30.208805577903597,0.3,0.06109265731623697
15.5,30.208805577903597,0.3,0.06109265731623697
15.600000000000001,30.208805577903597,0.3,0.06109265731623697
15.7,30.208805577903597,0.3,0.06109265731623697
15.8,30.208805577903597,0.3,0.06109265731623697
15.9,30.208805577903597,0.3,0.06109265731623697
16.0,30.208805577903597,0.3,0.06109265731623697
16.1,30.208805577903597,0.3,0.06109265731623697
16.2,30.208805577903597,0.3,0.06109265731623697
16.3,30.208805577903597,0.3,0.06109265731623697
16.4,30.208805577903597,0.3,0.06109265731623697
16.5,30.208805577903597,0.3,0.06109265731623697
16.6,30.208805577903597,0.3,0.06109265731623697
16.7,30.208805577903597,0.3,0.06109265731623697
16.8,30.208805577903597,0.3,0.06109265731623697
16.9,30.208805577903597,0.3,0.06109265731623697
17.0,30.208805577903597,0.3,0.06109265731623697
17.1,30.208805577903597,0.3,0.06109265731623697
17.2,30.208805577903597,0.3,0.06109265731623697
17.3,30.208805577903597,0.3,0.06109265731623697
17.4,30.208805577903597,0.3,0.06109265731623697
17.5,30.208805577903597,0.3,0.06109265731623697
17.6,30.208805577903597,0.3,0.06109265731623697
17.7,30.208805577903597,0.3,0.06109265731623697
17.8,30.208805577903597,0.3,0.06109265731623697
17.9,30.208805577903597,0.3,0.06109265731623697
18.0,30.208805577903597,0.3,0.06109265731623697
18.1,30.208805577903597,0.3,0.06109265731623697
18.200000000000003,30.208805577903597,0.3,0.06109265731623697
18.3,30.208805577903597,0.3,0.06109265731623697
18.4,30.208805577903597,0.3,0.06109265731623697
18.5,30.208805577903597,0.3,0.06109265731623697
18.6,30.208805577903597,0.3,0.06109265731623697
18.700000000000003,30.208805577903597,0.3,0.06109265731623697
18.8,30.208805577903597,0.3,0.06109265731623697
18.9,30.208805577903597,0.3,0.06109265731623697
19.0,30.208805577903597,0.3,0.06109265731623697
19.1,30.208805577903597,0.3,0.06109265731623697
19.200000000000003,30.208805577903597,0.3,0.06109265731623697
19.3,30.208805577903597,0.3,0.06109265731623697
19.4,30.208805577903597,0.3,0.06109265731623697
19.5,30.208805577903597,0.3,0.06109265731623697
19.6,30.208805577903597,0.3,0.06109265731623697
19.700000000000003,30.208805577903597,0.3,0.06109265731623697
19.8,30.208805577903597,0.3,0.06109265731623697
19.9,30.208805577903597,0.3,0.06109265731623697
20.0,30.208805577903597,0.3,0.06109265731623697
20.1,30.208805577903597,0.3,0.06109265731623697
20.200000000000003,30.208805577903597,0.3,0.06109265731623697
20.3,30.208805577903597,0.3,0.06109265731623697
20.4,30.208805577903597,0.3,0.06109265731623697
20.5,30.208805577903597,0.3,0.06109265731623697
20.6,30.208805577903597,0.3,0.06109265731623697
20.700000000000003,30.208805577903597,0.3,0.06109265731623697
20.8,30.208805577903597,0.3,0.06109265731623697
20.9,30.208805577903597,0.3,0.06109265731623697
21.0,30.208805577903597,0.3,0.06109265731623697
21.1,30.208805577903597,0.3,0.06109265731623697
21.200000000000003,30.208805577903597,0.3,0.06109265731623697
21.3,30.208805577903597,0.3,0.06109265731623697
21.4,30.208805577903597,0.3,0.06109265731623697
21.5,30.208805577903597,0.3,0.06109265731623697
21.6,30.208805577903597,0.3,0.06109265731623697
21.700000000000003,30.208805577903597,0.3,0.06109265731623697
21.8,30.208805577903597,0.3,0.06109265731623697
21.9,30.208805577903597,0.3,0.06109265731623697
22.0,30.208805577903597,0.3,0.06109265731623697
22.1,30.208805577903597,0.3,0.06109265731623697
22.200000000000003,30.208805577903597,0.3,0.06109265731623697
22.3,30.208805577903597,0.3,0.06109265731623697
22.4,30.208805577903597,0.3,0.06109265731623697
22.5,30.208805577903597,0.3,0.06109265731623697
22.6,30.208805577903597,0.3,0.06109265731623697
22.700000000000003,30.208805577903597,0.3,0.06109265731623697
22.8,30.208805577903597,0.3,0.06109265731623697
22.9,30.208805577903597,0.3,0.06109265731623697
23.0,30.208805577903597,0.3,0.06118120137635965
23.1,30.208805577903597,0.3,0.06197555836658819
23.200000000000003,30.208805577903597,0.3,0.0627658338002462
23.3,30.208805577903597,0.3,0.06354923366730163
23.4,30.208805577903597,0.3,0.06432285372385792
23.5,30.208805577903597,0.3,0.06508368347268557
23.6,30.208805577903597,0.3,0.06582861134051492
23.700000000000003,30.208805577903597,0.3,0.06655443109701459
23.8,30.208805577903597,0.3,0.06725784955418339
23.9,30.208805577903597,0.3,0.06793549557771467
24.0,30.208805577903597,0.3,0.06858393043378225
24.1,30.208805577903597,0.3,0.06919965948564442
24.200000000000003,30.208805577903597,0.3,0.06977914524451141
24.3,30.208805577903597,0.3,0.07031882176828978
24.4,30.208805577903597,0.3,0.07081511039014095
24.5,30.208805577903597,0.3,0.0712644367463078
24.6,30.208805577903597,0.3,0.07166439595575312
24.700000000000003,30.208805577903597,0.3,0.07201725398589057
24.8,30.208805577903597,0.3,0.07232657944275869
24.9,30.208805577903597,0.3,0.07259608619387092
25.0,30.208805577903597,0.3,0.07282961191991287
10.0,31.8115975966851,0.3,0.047257581279094206
10.1,31.8115975966851,0.3,0.047257581279094206
10.2,31.8115975966851,0.3,0.047257581279094206
10.3,31.8115975966851,0.3,0.047257581279094206
10.4,31.8115975966851,0.3,0.047257581279094206
10.5,31.8115975966851,0.3,0.047257581279094206
10.6,31.8115975966851,0.3,0.047257581279094206
10.7,31.8115975966851,0.3,0.047257581279094206
10.8,31.8115975966851,0.3,0.047257581279094206
10.9,31.8115975966851,0.3,0.047257581279094206
11.0,31.8115975966851,0.3,0.047257581279094206
11.1,31.8115975966851,0.3,0.04727795985175955
11.2,31.8115975966851,0.3,0.04733493256819455
11.3,31.8115975966851,0.3,0.047426863938625594
11.4,31.8115975966851,0.3,0.047552181582372365
11.5,31.8115975966851,0.3,0.047709364737199195
11.6,31.8115975966851,0.3,0.047896933453919856
11.7,31.8115975966851,0.3,0.04811343841809621
11.8,31.8115975966851,0.3,0.048357451350049686
11.9,31.8115975966851,0.3,0.048627555943126295
12.0,31.8115975966851,0.3,0.04892233930826494
12.1,31.8115975966851,0.3,0.04924038390048716
12.2,31.8115975966851,0.3,0.04958025991000154
12.3,31.8115975966851,0.3,0.04994051810721808
12.4,31.8115975966851,0.3,0.05031968313712703
12.5,31.8115975966851,0.3,0.05071624726426132
12.6,31.8115975966851,0.3,0.05112866457477857
12.7,31.8115975966851,0.3,0.05155534564714276
12.8,31.8115975966851,0.3,0.0519946527073871
12.9,31.8115975966851,0.3,0.05244489528905473
13.0,31.8115975966851,0.3,0.05290432642154883
13.1,31.8115975966851,0.3,0.0533711393738506
13.2,31.8115975966851,0.3,0.05384346498326805
13.3,31.8115975966851,0.3,0.05431936960111757
13.4,31.8115975966851,0.3,0.05479685368891619
13.5,31.8115975966851,0.3,0.055273851099801534
13.6,31.8115975966851,0.3,0.05574822908044011
13.7,31.8115975966851,0.3,0.05621778902860442
13.8,31.8115975966851,0.3,0.05668026804089182
13.9,31.8115975966851,0.3,0.057133341283668614
14.0,31.8115975966851,0.3,0.057574625218252184
14.100000000000001,31.8115975966851,0.3,0.05800168170856557
14.2,31.8115975966851,0.3,0.0584120230359864
14.3,31.8115975966851,0.3,0.05880311784188495
14.4,31.8115975966851,0.3,0.05917239801335821
14.5,31.8115975966851,0.3,0.059517266521952154
14.600000000000001,31.8115975966851,0.3,0.05983510621870118
14.7,31.8115975966851,0.3,0.06012328958163586
14.8,31.8115975966851,0.3,0.06037918940399656
14.9,31.8115975966851,0.3,0.060600190402801825
15.0,31.8115975966851,0.3,0.06078370171815238
15.100000000000001,31.8115975966851,0.3,0.06092717026373893
15.2,31.8115975966851,0.3,0.06102809487853553
15.3,31.8115975966851,0.3,0.06108404121858452
15.4,31.8115975966851,0.3,0.06109265731623697
15.5,31.8115975966851,0.3,0.06109265731623697
15.600000000000001,31.8115975966851,0.3,0.06109265731623697
15.7,31.8115975966851,0.3,0.06109265731623697
15.8,31.8115975966851,0.3,0.06109265731623697
15.9,31.8115975966851,0.3,0.06109265731623697
16.0,31.8115975966851,0.3,0.06109265731623697
16.1,31.8115975966851,0.3,0.06109265731623697
16.2,31.8115975966851,0.3,0.06109265731623697
16.3,31.8115975966851,0.3,0.06109265731623697
16.4,31.8115975966851,0.3,0.06109265731623697
16.5,31.8115975966851,0.3,0.06109265731623697
16.6,31.8115975966851,0.3,0.06109265731623697
16.7,31.8115975966851,0.3,0.06109265731623697
16.8,31.8115975966851,0.3,0.06109265731623697
16.9,31.8115975966851,0.3,0.06109265731623697
17.0,31.8115975966851,0.3,0.06109265731623697
17.1,31.8115975966851,0.3,0.06109265731623697
17.2,31.8115975966851,0.3,0.06109265731623697
17.3,31.8115975966851,0.3,0.06109265731623697
17.4,31.8115975966851,0.3,0.06109265731623697
17.5,31.8115975966851,0.3,0.06109265731623697
17.6,31.8115975966851,0.3,0.06109265731623697
17.7,31.8115975966851,0.3,0.06109265731623697
17.8,31.8115975966851,0.3,0.06109265731623697
17.9,31.8115975966851,0.3,0.06109265731623697
18.0,31.8115975966851,0.3,0.06109265731623697
18.1,31.8115975966851,0.3,0.06109265731623697
18.200000000000003,31.8115975966851,0.3,0.06109265731623697
18.3,31.8115975966851,0.3,0.06109265731623697
18.4,31.8115975966851,0.3,0.06109265731623697
18.5,31.8115975966851,0.3,0.06109265731623697
18.6,31.8115975966851,0.3,0.06109265731623697
18.700000000000003,31.8115975966851,0.3,0.06109265731623697
18.8,31.8115975966851,0.3,0.06109265731623697
18.9,31.8115975966851,0.3,0.06109265731623697
19.0,31.8115975966851,0.3,0.06109265731623697
19.1,31.8115975966851,0.3,0.06109265731623697
19.200000000000003,31.8115975966851,0.3,0.06109265731623697
19.3,31.8115975966851,0.3,0.06109265731623697
19.4,31.8115975966851,0.3,0.06109265731623697
19.5,31.8115975966851,0.3,0.06109265731623697
19.6,31.8115975966851,0.3,0.06109265731623697
19.700000000000003,31.8115975966851,0.3,0.06109265731623697
19.8,31.8115975966851,0.3,0.06109265731623697
19.9,31.8115975966851,0.3,0.06109265731623697
20.0,31.8115975966851,0.3,0.06109265731623697
20.1,31.8115975966851,0.3,0.06109265731623697
20.200000000000003,31.8115975966851,0.3,0.06109265731623697
20.3,31.8115975966851,0.3,0.06109265731623697
20.4,31.8115975966851,0.3,0.06109265731623697
20.5,31.8115975966851,0.3,0.06109265731623697
20.6,31.8115975966851,0.3,0.06109265731623697
20.700000000000003,31.8115975966851,0.3,0.06109265731623697
20.8,31.8115975966851,0.3,0.06109265731623697
20.9,31.8115975966851,0.3,0.06109265731623697
21.0,31.8115975966851,0.3,0.06109265731623697
21.1,31.8115975966851,0.3,0.06109265731623697
21.200000000000003,31.8115975966851,0.3,0.06109265731623697
21.3,31.8115975966851,0.3,0.06109265731623697
21.4,31.8115975966851,0.3,0.06109265731623697
21.5,31.8115975966851,0.3,0.06109265731623697
21.6,31.8115975966851,0.3,0.06109265731623697
21.700000000000003,31.8115975966851,0.3,0.06109265731623697
21.8,31.8115975966851,0.3,0.06109265731623697
21.9,31.8115975966851,0.3,0.06109265731623697
22.0,31.8115975966851,0.3,0.06109265731623697
22.1,31.8115975966851,0.3,0.06109265731623697
22.200000000000003,31.8115975966851,0.3,0.06109265731623697
22.3,31.8115975966851,0.3,0.06109265731623697
22.4,31.8115975966851,0.3,0.06109265731623697
22.5,31.8115975966851,0.3,0.06109265731623697
22.6,31.8115975966851,0.3,0.06109265731623697
22.700000000000003,31.8115975966851,0.3,0.06109265731623697
22.8,31.8115975966851,0.3,0.06109265731623697
22.9,31.8115975966851,0.3,0.06109265731623697
23.0,31.8115975966851,0.3,0.06118120137635965
23.1,31.8115975966851,0.3,0.06197555836658819
23.200000000000003,31.8115975966851,0.3,0.0627658338002462
23.3,31.8115975966851,0.3,0.06354923366730163
23.4,31.8115975966851,0.3,0.06432285372385792
23.5,31.8115975966851,0.3,0.06508368347268557
23.6,31.8115975966851,0.3,0.06582861134051492
23.700000000000003,31.8115975966851,0.3,0.06655443109701459
23.8,31.8115975966851,0.3,0.06725784955418339
23.9,31.8115975966851,0.3,0.06793549557771467
24.0,31.8115975966851,0.3,0.06858393043378225
24.1,31.8115975966851,0.3,0.06919965948564442
24.200000000000003,31.8115975966851,0.3,0.06977914524451141
24.3,31.8115975966851,0.3,0.07031882176828978
24.4,31.8115975966851,0.3,0.07081511039014095
24.5,31.8115975966851,0.3,0.0712644367463078
24.6,31.8115975966851,0.3,0.07166439595575312
24.700000000000003,31.8115975966851,0.3,0.07201725398589057
24.8,31.8115975966851,0.3,0.07232657944275869
24.9,31.8115975966851,0.3,0.07259608619387092
25.0,31.8115975966851,0.3,0.07282961191991287
10.0,33.92623703353835,0.3,0.047257581279094206
10.1,33.92623703353835,0.3,0.047257581279094206
10.2,33.92623703353835,0.3,0.047257581279094206
10.3,33.92623703353835,0.3,0.047257581279094206
10.4,33.92623703353835,0.3,0.047257581279094206
10.5,33.92623703353835,0.3,0.047257581279094206
10.6,33.92623703353835,0.3,0.047257581279094206
10.7,33.92623703353835,0.3,0.047257581279094206
10.8,33.92623703353835,0.3,0.047257581279094206
10.9,33.92623703353835,0.3,0.047257581279094206
11.0,33.92623703353835,0.3,0.047257581279094206
11.1,33.92623703353835,0.3,0.04727795985175955
11.2,33.92623703353835,0.3,0.04733493256819455
11.3,33.92623703353835,0.3,0.047426863938625594
11.4,33.92623703353835,0.3,0.047552181582372365
11.5,33.92623703353835,0.3,0.047709364737199195
11.6,33.92623703353835,0.3,0.047896933453919856
11.7,33.92623703353835,0.3,0.04811343841809621
11.8,33.92623703353835,0.3,0.048357451350049686
11.9,33.92623703353835,0.3,0.048627555943126295
12.0,33.92623703353835,0.3,0.04892233930826494
12.1,33.92623703353835,0.3,0.04924038390048716
12.2,33.92623703353835,0.3,0.04958025991000154
12.3,33.92623703353835,0.3,0.04994051810721808
12.4,33.92623703353835,0.3,0.05031968313712703
12.5,33.92623703353835,0.3,0.05071624726426132
12.6,33.92623703353835,0.3,0.05112866457477857
12.7,33.92623703353835,0.3,0.05155534564714276
12.8,33.92623703353835,0.3,0.0519946527073871
12.9,33.92623703353835,0.3,0.05244489528905473
13.0,33.92623703353835,0.3,0.05290432642154883
13.1,33.92623703353835,0.3,0.0533711393738506
13.2,33.92623703353835,0.3,0.05384346498326805
13.3,33.92623703353835,0.3,0.05431936960111757
13.4,33.92623703353835,0.3,0.05479685368891619
13.5,33.92623703353835,0.3,0.055273851099801534
13.6,33.92623703353835,0.3,0.05574822908044011
13.7,33.92623703353835,0.3,0.05621778902860442
13.8,33.92623703353835,0.3,0.05668026804089182
13.9,33.92623703353835,0.3,0.057133341283668614
14.0,33.92623703353835,0.3,0.057574625218252184
14.100000000000001,33.92623703353835,0.3,0.05800168170856557
14.2,33.92623703353835,0.3,0.0584120230359864
14.3,33.92623703353835,0.3,0.05880311784188495
14.4,33.92623703353835,0.3,0.05917239801335821
14.5,33.92623703353835,0.3,0.059517266521952154
14.600000000000001,33.92623703353835,0.3,0.05983510621870118
14.7,33.92623703353835,0.3,0.06012328958163586
14.8,33.92623703353835,0.3,0.06037918940399656
14.9,33.92623703353835,0.3,0.060600190402801825
15.0,33.92623703353835,0.3,0.06078370171815238
15.100000000000001,33.92623703353835,0.3,0.06092717026373893
15.2,33.92623703353835,0.3,0.06102809487853553
15.3,33.92623703353835,0.3,0.06108404121858452
15.4,33.92623703353835,0.3,0.06109265731623697
15.5,33.92623703353835,0.3,0.06109265731623697
15.600000000000001,33.92623703353835,0.3,0.06109265731623697
15.7,33.92623703353835,0.3,0.06109265731623697
15.8,33.92623703353835,0.3,0.06109265731623697
15.9,33.92623703353835,0.3,0.06109265731623697
16.0,33.92623703353835,0.3,0.06109265731623697
16.1,33.92623703353835,0.3,0.06109265731623697
16.2,33.92623703353835,0.3,0.06109265731623697
16.3,33.92623703353835,0.3,0.06109265731623697
16.4,33.92623703353835,0.3,0.06109265731623697
16.5,33.92623703353835,0.3,0.06109265731623697
16.6,33.92623703353835,0.3,0.06109265731623697
16.7,33.92623703353835,0.3,0.06109265731623697
16.8,33.92623703353835,0.3,0.06109265731623697
16.9,33.92623703353835,0.3,0.06109265731623697
17.0,33.92623703353835,0.3,0.06109265731623697
17.1,33.92623703353835,0.3,0.06109265731623697
17.2,33.92623703353835,0.3,0.06109265731623697
17.3,33.92623703353835,0.3,0.06109265731623697
17.4,33.92623703353835,0.3,0.06109265731623697
17.5,33.92623703353835,0.3,0.06109265731623697
17.6,33.92623703353835,0.3,0.06109265731623697
17.7,33.92623703353835,0.3,0.06109265731623697
17.8,33.92623703353835,0.3,0.06109265731623697
17.9,33.92623703353835,0.3,0.06109265731623697
18.0,33.92623703353835,0.3,0.06109265731623697
18.1,33.92623703353835,0.3,0.06109265731623697
18.200000000000003,33.92623703353835,0.3,0.06109265731623697
18.3,33.92623703353835,0.3,0.06109265731623697
18.4,33.92623703353835,0.3,0.06109265731623697
18.5,33.92623703353835,0.3,0.06109265731623697
18.6,33.92623703353835,0.3,0.06109265731623697
18.700000000000003,33.92623703353835,0.3,0.06109265731623697
18.8,33.92623703353835,0.3,0.06109265731623697
18.9,33.92623703353835,0.3,0.06109265731623697
19.0,33.92623703353835,0.3,0.06109265731623697
19.1,33.92623703353835,0.3,0.06109265731623697
19.200000000000003,33.92623703353835,0.3,0.06109265731623697
19.3,33.92623703353835,0.3,0.06109265731623697
19.4,33.92623703353835,0.3,0.06109265731623697
19.5,33.92623703353835,0.3,0.06109265731623697
19.6,33.92623703353835,0.3,0.06109265731623697
19.700000000000003,33.92623703353835,0.3,0.06109265731623697
19.8,33.92623703353835,0.3,0.06109265731623697
19.9,33.92623703353835,0.3,0.06109265731623697
20.0,33.92623703353835,0.3,0.06109265731623697
20.1,33.92623703353835,0.3,0.06109265731623697
20.200000000000003,33.92623703353835,0.3,0.06109265731623697
20.3,33.92623703353835,0.3,0.06109265731623697
20.4,33.92623703353835,0.3,0.06109265731623697
20.5,33.92623703353835,0.3,0.06109265731623697
20.6,33.92623703353835,0.3,0.06109265731623697
20.700000000000003,33.92623703353835,0.3,0.06109265731623697
20.8,33.92623703353835,0.3,0.06109265731623697
20.9,33.92623703353835,0.3,0.06109265731623697
21.0,33.92623703353835,0.3,0.06109265731623697
21.1,33.92623703353835,0.3,0.06109265731623697
21.200000000000003,33.92623703353835,0.3,0.06109265731623697
21.3,33.92623703353835,0.3,0.06109265731623697
21.4,33.92623703353835,0.3,0.06109265731623697
21.5,33.92623703353835,0.3,0.06109265731623697
21.6,33.92623703353835,0.3,0.06109265731623697
21.700000000000003,33.92623703353835,0.3,0.06109265731623697
21.8,33.92623703353835,0.3,0.06109265731623697
21.9,33.92623703353835,0.3,0.06109265731623697
22.0,33.92623703353835,0.3,0.06109265731623697
22.1,33.92623703353835,0.3,0.06109265731623697
22.200000000000003,33.92623703353835,0.3,0.06109265731623697
22.3,33.92623703353835,0.3,0.06109265731623697
22.4,33.92623703353835,0.3,0.06109265731623697
22.5,33.92623703353835,0.3,0.06109265731623697
22.6,33.92623703353835,0.3,0.06109265731623697
22.700000000000003,33.92623703353835,0.3,0.06109265731623697
22.8,33.92623703353835,0.3,0.06109265731623697
22.9,33.92623703353835,0.3,0.06109265731623697
23.0,33.92623703353835,0.3,0.06118120137635965
23.1,33.92623703353835,0.3,0.06197555836658819
23.200000000000003,33.92623703353835,0.3,0.0627658338002462
23.3,33.92623703353835,0.3,0.06354923366730163
23.4,33.92623703353835,0.3,0.06432285372385792
23.5,33.92623703353835,0.3,0.06508368347268557
23.6,33.92623703353835,0.3,0.06582861134051492
23.700000000000003,33.92623703353835,0.3,0.06655443109701459
23.8,33.92623703353835,0.3,0.06725784955418339
23.9,33.92623703353835,0.3,0.06793549557771467
24.0,33.92623703353835,0.3,0.06858393043378225
24.1,33.92623703353835,0.3,0.06919965948564442
24.200000000000003,33.92623703353835,0.3,0.06977914524451141
24.3,33.92623703353835,0.3,0.07031882176828978
24.4,33.92623703353835,0.3,0.07081511039014095
24.5,33.92623703353835,0.3,0.0712644367463078
24.6,33.92623703353835,0.3,0.07166439595575312
24.700000000000003,33.92623703353835,0.3,0.07201725398589057
24.8,33.92623703353835,0.3,0.07232657944275869
24.9,33.92623703353835,0.3,0.07259608619387092
25.0,33.92623703353835,0.3,0.07282961191991287
10.0,30.208805577903597,0.35,0.0508443312128284
10.1,30.208805577903597,0.35,0.0508443312128284
10.2,30.208805577903597,0.35,0.0508443312128284
10.3,30.208805577903597,0.35,0.0508443312128284
10.4,30.208805577903597,0.35,0.0508443312128284
10.5,30.208805577903597,0.35,0.0508443312128284
10.6,30.208805577903597,0.35,0.0508443312128284
10.7,30.208805577903597,0.35,0.0508443312128284
10.8,30.208805577903597,0.35,0.0508443312128284
10.9,30.208805577903597,0.35,0.0508443312128284
11.0,30.208805577903597,0.35,0.0508443312128284
11.1,30.208805577903597,0.35,0.05105148197891467
11.2,30.208805577903597,0.35,0.051289565042648776
11.3,30.208805577903597,0.35,0.05155724351787848
11.4,30.208805577903597,0.35,0.051853196240738246
11.5,30.208805577903597,0.35,0.05217610951606656
11.6,30.208805577903597,0.35,0.052524669277501136
11.7,30.208805577903597,0.35,0.0528975536423163
11.8,30.208805577903597,0.35,0.05329342584785403
11.9,30.208805577903597,0.35,0.053710927561837055
12.0,30.208805577903597,0.35,0.05414867256398375
12.1,30.208805577903597,0.35,0.05460524080112816
12.2,30.208805577903597,0.35,0.05507917282255384
12.3,30.208805577903597,0.35,0.0555689646064306
12.4,30.208805577903597,0.35,0.056073062792107636
12.5,30.208805577903597,0.35,0.05658986033657232
12.6,30.208805577903597,0.35,0.05711769261658193
12.7,30.208805577903597,0.35,0.057654834000853465
12.8,30.208805577903597,0.35,0.05819949491916607
12.9,30.208805577903597,0.35,0.05874981945734248
13.0,30.208805577903597,0.35,0.05930388350875851
13.1,30.208805577903597,0.35,0.059859693514275565
13.2,30.208805577903597,0.35,0.060415185823283146
13.3,30.208805577903597,0.35,0.060968226708853074
13.4,30.208805577903597,0.35,0.06151661306980565
13.5,30.208805577903597,0.35,0.06205807385177956
13.6,30.208805577903597,0.35,0.06259027221813716
13.7,30.208805577903597,0.35,0.063110808499728
13.8,30.208805577903597,0.35,0.06361722395015534
13.9,30.208805577903597,0.35,0.06410700533022999
14.0,30.208805577903597,0.35,0.06457759034176175
14.100000000000001,30.208805577903597,0.35,0.06502637392671194
14.2,30.208805577903597,0.35,0.06545071544301709
14.3,30.208805577903597,0.35,0.06584794672310432
14.4,30.208805577903597,0.35,0.06621538101525497
14.5,30.208805577903597,0.35,0.06655032280153629
14.600000000000001,30.208805577903597,0.35,0.06685007847904599
14.7,30.208805577903597,0.35,0.06711196788369134
14.8,30.208805577903597,0.35,0.06733333662770216
14.9,30.208805577903597,0.35,0.06751156921353942
15.0,30.208805577903597,0.35,0.0676441028778776
15.100000000000001,30.208805577903597,0.35,0.06772844210989953
15.2,30.208805577903597,0.35,0.06776217377831613
15.3,30.208805577903597,0.35,0.06776217377831613
15.4,30.208805577903597,0.35,0.06776217377831613
15.5,30.208805577903597,0.35,0.06776217377831613
15.600000000000001,30.208805577903597,0.35,0.06776217377831613
15.7,30.208805577903597,0.35,0.06776217377831613
15.8,30.208805577903597,0.35,0.06776217377831613
15.9,30.208805577903597,0.35,0.06776217377831613
16.0,30.208805577903597,0.35,0.06776217377831613
16.1,30.208805577903597,0.35,0.06776217377831613
16.2,30.208805577903597,0.35,0.06776217377831613
16.3,30.208805577903597,0.35,0.06776217377831613
16.4,30.208805577903597,0.35,0.06776217377831613
16.5,30.208805577903597,0.35,0.06776217377831613
16.6,30.208805577903597,0.35,0.06776217377831613
16.7,30.208805577903597,0.35,0.06776217377831613
16.8,30.208805577903597,0.35,0.06776217377831613
16.9,30.208805577903597,0.35,0.06776217377831613
17.0,30.208805577903597,0.35,0.06776217377831613
17.1,30.208805577903597,0.35,0.06776217377831613
17.2,30.208805577903597,0.35,0.06776217377831613
17.3,30.208805577903597,0.35,0.06776217377831613
17.4,30.208805577903597,0.35,0.06776217377831613
17.5,30.208805577903597,0.35,0.06776217377831613
17.6,30.208805577903597,0.35,0.06776217377831613
17.7,30.208805577903597,0.35,0.06776217377831613
17.8,30.208805577903597,0.35,0.06776217377831613
17.9,30.208805577903597,0.35,0.06776217377831613
18.0,30.208805577903597,0.35,0.06776217377831613
18.1,30.208805577903597,0.35,0.06776217377831613
18.200000000000003,30.208805577903597,0.35,0.06776217377831613
18.3,30.208805577903597,0.35,0.06776217377831613
18.4,30.208805577903597,0.35,0.06776217377831613
18.5,30.208805577903597,0.35,0.06776217377831613
18.6,30.208805577903597,0.35,0.06776217377831613
18.700000000000003,30.208805577903597,0.35,0.06776217377831613
18.8,30.208805577903597,0.35,0.06776217377831613
18.9,30.208805577903597,0.35,0.06776217377831613
19.0,30.208805577903597,0.35,0.06776217377831613
19.1,30.208805577903597,0.35,0.06776217377831613
19.200000000000003,30.208805577903597,0.35,0.06776217377831613
19.3,30.208805577903597,0.35,0.06776217377831613
19.4,30.208805577903597,0.35,0.06776217377831613
19.5,30.208805577903597,0.35,0.06776217377831613
19.6,30.208805577903597,0.35,0.06776217377831613
19.700000000000003,30.208805577903597,0.35,0.06776217377831613
19.8,30.208805577903597,0.35,0.06776217377831613
19.9,30.208805577903597,0.35,0.06776217377831613
20.0,30.208805577903597,0.35,0.06776217377831613
20.1,30.208805577903597,0.35,0.06776217377831613
20.200000000000003,30.208805577903597,0.35,0.06776217377831613
20.3,30.208805577903597,0.35,0.06776217377831613
20.4,30.208805577903597,0.35,0.06776217377831613
20.5,30.208805577903597,0.35,0.06776217377831613
20.6,30.208805577903597,0.35,0.06776217377831613
20.700000000000003,30.208805577903597,0.35,0.06776217377831613
20.8,30.208805577903597,0.35,0.06776217377831613
20.9,30.208805577903597,0.35,0.06776217377831613
21.0,30.208805577903597,0.35,0.06776217377831613
21.1,30.208805577903597,0.35,0.06776217377831613
21.200000000000003,30.208805577903597,0.35,0.06776217377831613
21.3,30.208805577903597,0.35,0.06776217377831613
21.4,30.208805577903597,0.35,0.06776217377831613
21.5,30.208805577903597,0.35,0.06776217377831613
21.6,30.208805577903597,0.35,0.06776217377831613
21.700000000000003,30.208805577903597,0.35,0.06776217377831613
21.8,30.208805577903597,0.35,0.06776217377831613
21.9,30.208805577903597,0.35,0.06776217377831613
22.0,30.208805577903597,0.35,0.06776217377831613
22.1,30.208805577903597,0.35,0.06776217377831613
22.200000000000003,30.208805577903597,0.35,0.06776217377831613
22.3,30.208805577903597,0.35,0.06776217377831613
22.4,30.208805577903597,0.35,0.06776217377831613
22.5,30.208805577903597,0.35,0.06776217377831613
22.6,30.208805577903597,0.35,0.06776217377831613
22.700000000000003,30.208805577903597,0.35,0.06776217377831613
22.8,30.208805577903597,0.35,0.06776217377831613
22.9,30.208805577903597,0.35,0.06776217377831613
23.0,30.208805577903597,0.35,0.06776217377831613
23.1,30.208805577903597,0.35,0.06776217377831613
23.200000000000003,30.208805577903597,0.35,0.0683023411006177
23.3,30.208805577903597,0.35,0.06916085129822207
23.4,30.208805577903597,0.35,0.06999981180436728
23.5,30.208805577903597,0.35,0.07081514771552752
23.6,30.208805577903597,0.35,0.07160267019229302
23.700000000000003,30.208805577903597,0.35,0.07235808969716989
23.8,30.208805577903597,0.35,0.07307703122954072
23.9,30.208805577903597,0.35,0.07375505157459179
24.0,30.208805577903597,0.35,0.07438765856618293
24.1,30.208805577903597,0.35,0.07497033234533623
24.200000000000003,30.208805577903597,0.35,0.07549854857637384
24.3,30.208805577903597,0.35,0.0759678035617456
24.4,30.208805577903597,0.35,0.07637364117436413
24.5,30.208805577903597,0.35,0.0767116815028174
24.6,30.208805577903597,0.35,0.07697916942611623
24.700000000000003,30.208805577903597,0.35,0.07717958951944887
24.8,30.208805577903597,0.35,0.07731815861074721
24.9,30.208805577903597,0.35,0.07740027623304051
25.0,30.208805577903597,0.35,0.07743148548788377
10.0,31.8115975966851,0.35,0.0508443312128284
10.1,31.8115975966851,0.35,0.0508443312128284
10.2,31.8115975966851,0.35,0.0508443312128284
10.3,31.8115975966851,0.35,0.0508443312128284
10.4,31.8115975966851,0.35,0.0508443312128284
10.5,31.8115975966851,0.35,0.0508443312128284
10.6,31.8115975966851,0.35,0.0508443312128284
10.7,31.8115975966851,0.35,0.0508443312128284
10.8,31.8115975966851,0.35,0.0508443312128284
10.9,31.8115975966851,0.35,0.0508443312128284
11.0,31.8115975966851,0.35,0.0508443312128284
11.1,31.8115975966851,0.35,0.05105148197891467
11.2,31.8115975966851,0.35,0.051289565042648776
11.3,31.8115975966851,0.35,0.05155724351787848
11.4,31.8115975966851,0.35,0.051853196240738246
11.5,31.8115975966851,0.35,0.05217610951606656
11.6,31.8115975966851,0.35,0.052524669277501136
11.7,31.8115975966851,0.35,0.0528975536423163
11.8,31.8115975966851,0.35,0.05329342584785403
11.9,31.8115975966851,0.35,0.053710927561837055
12.0,31.8115975966851,0.35,0.05414867256398375
12.1,31.8115975966851,0.35,0.05460524080112816
12.2,31.8115975966851,0.35,0.05507917282255384
12.3,31.8115975966851,0.35,0.0555689646064306
12.4,31.8115975966851,0.35,0.056073062792107636
12.5,31.8115975966851,0.35,0.05658986033657232
12.6,31.8115975966851,0.35,0.05711769261658193
12.7,31.8115975966851,0.35,0.057654834000853465
12.8,31.8115975966851,0.35,0.05819949491916607
12.9,31.8115975966851,0.35,0.05874981945734248
13.0,31.8115975966851,0.35,0.05930388350875851
13.1,31.8115975966851,0.35,0.059859693514275565
13.2,31.8115975966851,0.35,0.060415185823283146
13.3,31.8115975966851,0.35,0.060968226708853074
13.4,31.8115975966851,0.35,0.06151661306980565
13.5,31.8115975966851,0.35,0.06205807385177956
13.6,31.8115975966851,0.35,0.06259027221813716
13.7,31.8115975966851,0.35,0.063110808499728
13.8,31.8115975966851,0.35,0.06361722395015534
13.9,31.8115975966851,0.35,0.06410700533022999
14.0,31.8115975966851,0.35,0.06457759034176175
14.100000000000001,31.8115975966851,0.35,0.06502637392671194
14.2,31.8115975966851,0.35,0.06545071544301709
14.3,31.8115975966851,0.35,0.06584794672310432
14.4,31.8115975966851,0.35,0.06621538101525497
14.5,31.8115975966851,0.35,0.06655032280153629
14.600000000000001,31.8115975966851,0.35,0.06685007847904599
14.7,31.8115975966851,0.35,0.06711196788369134
14.8,31.8115975966851,0.35,0.06733333662770216
14.9,31.8115975966851,0.35,0.06751156921353942
15.0,31.8115975966851,0.35,0.0676441028778776
15.100000000000001,31.8115975966851,0.35,0.06772844210989953
15.2,31.8115975966851,0.35,0.06776217377831613
15.3,31.8115975966851,0.35,0.06776217377831613
15.4,31.8115975966851,0.35,0.06776217377831613
15.5,31.8115975966851,0.35,0.06776217377831613
15.600000000000001,31.8115975966851,0.35,0.06776217377831613
15.7,31.8115975966851,0.35,0.06776217377831613
15.8,31.8115975966851,0.35,0.06776217377831613
15.9,31.8115975966851,0.35,0.06776217377831613
16.0,31.8115975966851,0.35,0.06776217377831613
16.1,31.8115975966851,0.35,0.06776217377831613
16.2,31.8115975966851,0.35,0.06776217377831613
16.3,31.8115975966851,0.35,0.06776217377831613
16.4,31.8115975966851,0.35,0.06776217377831613
16.5,31.8115975966851,0.35,0.06776217377831613
16.6,31.8115975966851,0.35,0.06776217377831613
16.7,31.8115975966851,0.35,0.06776217377831613
16.8,31.8115975966851,0.35,0.06776217377831613
16.9,31.8115975966851,0.35,0.06776217377831613
17.0,31.8115975966851,0.35,0.06776217377831613
17.1,31.8115975966851,0.35,0.06776217377831613
17.2,31.8115975966851,0.35,0.06776217377831613
17.3,31.8115975966851,0.35,0.06776217377831613
17.4,31.8115975966851,0.35,0.06776217377831613
17.5,31.8115975966851,0.35,0.06776217377831613
17.6,31.8115975966851,0.35,0.06776217377831613
17.7,31.8115975966851,0.35,0.06776217377831613
17.8,31.8115975966851,0.35,0.06776217377831613
17.9,31.8115975966851,0.35,0.06776217377831613
18.0,31.8115975966851,0.35,0.06776217377831613
18.1,31.8115975966851,0.35,0.06776217377831613
18.200000000000003,31.8115975966851,0.35,0.06776217377831613
18.3,31.8115975966851,0.35,0.06776217377831613
18.4,31.8115975966851,0.35,0.06776217377831613
18.5,31.8115975966851,0.35,0.06776217377831613
18.6,31.8115975966851,0.35,0.06776217377831613
18.700000000000003,31.8115975966851,0.35,0.06776217377831613
18.8,31.8115975966851,0.35,0.06776217377831613
18.9,31.8115975966851,0.35,0.06776217377831613
19.0,31.8115975966851,0.35,0.06776217377831613
19.1,31.8115975966851,0.35,0.06776217377831613
19.200000000000003,31.8115975966851,0.35,0.06776217377831613
19.3,31.8115975966851,0.35,0.06776217377831613
19.4,31.8115975966851,0.35,0.06776217377831613
19.5,31.8115975966851,0.35,0.06776217377831613
19.6,31.8115975966851,0.35,0.06776217377831613
19.700000000000003,31.8115975966851,0.35,0.06776217377831613
19.8,31.8115975966851,0.35,0.06776217377831613
19.9,31.8115975966851,0.35,0.06776217377831613
20.0,31.8115975966851,0.35,0.06776217377831613
20.1,31.8115975966851,0.35,0.06776217377831613
20.200000000000003,31.8115975966851,0.35,0.06776217377831613
20.3,31.8115975966851,0.35,0.06776217377831613
20.4,31.8115975966851,0.35,0.06776217377831613
20.5,31.8115975966851,0.35,0.06776217377831613
20.6,31.8115975966851,0.35,0.06776217377831613
20.700000000000003,31.8115975966851,0.35,0.06776217377831613
20.8,31.8115975966851,0.35,0.06776217377831613
20.9,31.8115975966851,0.35,0.06776217377831613
21.0,31.8115975966851,0.35,0.06776217377831613
21.1,31.8115975966851,0.35,0.06776217377831613
21.200000000000003,31.8115975966851,0.35,0.06776217377831613
21.3,31.8115975966851,0.35,0.06776217377831613
21.4,31.8115975966851,0.35,0.06776217377831613
21.5,31.8115975966851,0.35,0.06776217377831613
21.6,31.8115975966851,0.35,0.06776217377831613
21.700000000000003,31.8115975966851,0.35,0.06776217377831613
21.8,31.8115975966851,0.35,0.06776217377831613
21.9,31.8115975966851,0.35,0.06776217377831613
22.0,31.8115975966851,0.35,0.06776217377831613
22.1,31.8115975966851,0.35,0.06776217377831613
22.200000000000003,31.8115975966851,0.35,0.06776217377831613
22.3,31.8115975966851,0.35,0.06776217377831613
22.4,31.8115975966851,0.35,0.06776217377831613
22.5,31.8115975966851,0.35,0.06776217377831613
22.6,31.8115975966851,0.35,0.06776217377831613
22.700000000000003,31.8115975966851,0.35,0.06776217377831613
22.8,31.8115975966851,0.35,0.06776217377831613
22.9,31.8115975966851,0.35,0.06776217377831613
23.0,31.8115975966851,0.35,0.06776217377831613
23.1,31.8115975966851,0.35,0.06776217377831613
23.200000000000003,31.8115975966851,0.35,0.0683023411006177
23.3,31.8115975966851,0.35,0.06916085129822207
23.4,31.8115975966851,0.35,0.06999981180436728
23.5,31.8115975966851,0.35,0.07081514771552752
23.6,31.8115975966851,0.35,0.07160267019229302
23.700000000000003,31.8115975966851,0.35,0.07235808969716989
23.8,31.8115975966851,0.35,0.07307703122954072
23.9,31.8115975966851,0.35,0.07375505157459179
24.0,31.8115975966851,0.35,0.07438765856618293
24.1,31.8115975966851,0.35,0.07497033234533623
24.200000000000003,31.8115975966851,0.35,0.07549854857637384
24.3,31.8115975966851,0.35,0.0759678035617456
24.4,31.8115975966851,0.35,0.07637364117436413
24.5,31.8115975966851,0.35,0.0767116815028174
24.6,31.8115975966851,0.35,0.07697916942611623
24.700000000000003,31.8115975966851,0.35,0.07717958951944887
24.8,31.8115975966851,0.35,0.07731815861074721
24.9,31.8115975966851,0.35,0.07740027623304051
25.0,31.8115975966851,0.35,0.07743148548788377
10.0,33.92623703353835,0.35,0.0508443312128284
10.1,33.92623703353835,0.35,0.0508443312128284
10.2,33.92623703353835,0.35,0.0508443312128284
10.3,33.92623703353835,0.35,0.0508443312128284
10.4,33.92623703353835,0.35,0.0508443312128284
10.5,33.92623703353835,0.35,0.0508443312128284
10.6,33.92623703353835,0.35,0.0508443312128284
10.7,33.92623703353835,0.35,0.0508443312128284
10.8,33.92623703353835,0.35,0.0508443312128284
10.9,33.92623703353835,0.35,0.0508443312128284
11.0,33.92623703353835,0.35,0.0508443312128284
11.1,33.92623703353835,0.35,0.05105148197891467
11.2,33.92623703353835,0.35,0.051289565042648776
11.3,33.92623703353835,0.35,0.05155724351787848
11.4,33.92623703353835,0.35,0.051853196240738246
11.5,33.92623703353835,0.35,0.05217610951606656
11.6,33.92623703353835,0.35,0.052524669277501136
11.7,33.92623703353835,0.35,0.0528975536423163
11.8,33.92623703353835,0.35,0.05329342584785403
11.9,33.92623703353835,0.35,0.053710927561837055
12.0,33.92623703353835,0.35,0.05414867256398375
12.1,33.92623703353835,0.35,0.05460524080112816
12.2,33.92623703353835,0.35,0.05507917282255384
12.3,33.92623703353835,0.35,0.0555689646064306
12.4,33.92623703353835,0.35,0.056073062792107636
12.5,33.92623703353835,0.35,0.05658986033657232
12.6,33.92623703353835,0.35,0.05711769261658193
12.7,33.92623703353835,0.35,0.057654834000853465
12.8,33.92623703353835,0.35,0.05819949491916607
12.9,33.92623703353835,0.35,0.05874981945734248
13.0,33.92623703353835,0.35,0.05930388350875851
13.1,33.92623703353835,0.35,0.059859693514275565
13.2,33.92623703353835,0.35,0.060415185823283146
13.3,33.92623703353835,0.35,0.060968226708853074
13.4,33.92623703353835,0.35,0.06151661306980565
13.5,33.92623703353835,0.35,0.06205807385177956
13.6,33.92623703353835,0.35,0.06259027221813716
13.7,33.92623703353835,0.35,0.063110808499728
13.8,33.92623703353835,0.35,0.06361722395015534
13.9,33.92623703353835,0.35,0.06410700533022999
14.0,33.92623703353835,0.35,0.06457759034176175
14.100000000000001,33.92623703353835,0.35,0.06502637392671194
14.2,33.92623703353835,0.35,0.06545071544301709
14.3,33.92623703353835,0.35,0.06584794672310432
14.4,33.92623703353835,0.35,0.06621538101525497
14.5,33.92623703353835,0.35,0.06655032280153629
14.600000000000001,33.92623703353835,0.35,0.06685007847904599
14.7,33.92623703353835,0.35,0.06711196788369134
14.8,33.92623703353835,0.35,0.06733333662770216
14.9,33.92623703353835,0.35,0.06751156921353942
15.0,33.92623703353835,0.35,0.0676441028778776
15.100000000000001,33.92623703353835,0.35,0.06772844210989953
15.2,33.92623703353835,0.35,0.06776217377831613
15.3,33.92623703353835,0.35,0.06776217377831613
15.4,33.92623703353835,0.35,0.06776217377831613
15.5,33.92623703353835,0.35,0.06776217377831613
15.600000000000001,33.92623703353835,0.35,0.06776217377831613
15.7,33.92623703353835,0.35,0.06776217377831613
15.8,33.92623703353835,0.35,0.06776217377831613
15.9,33.92623703353835,0.35,0.06776217377831613
16.0,33.92623703353835,0.35,0.06776217377831613
16.1,33.92623703353835,0.35,0.06776217377831613
16.2,33.92623703353835,0.35,0.06776217377831613
16.3,33.92623703353835,0.35,0.06776217377831613
16.4,33.92623703353835,0.35,0.06776217377831613
16.5,33.92623703353835,0.35,0.06776217377831613
16.6,33.92623703353835,0.35,0.06776217377831613
16.7,33.92623703353835,0.35,0.06776217377831613
16.8,33.92623703353835,0.35,0.06776217377831613
16.9,33.92623703353835,0.35,0.06776217377831613
17.0,33.92623703353835,0.35,0.06776217377831613
17.1,33.92623703353835,0.35,0.06776217377831613
17.2,33.92623703353835,0.35,0.06776217377831613
17.3,33.92623703353835,0.35,0.06776217377831613
17.4,33.92623703353835,0.35,0.06776217377831613
17.5,33.92623703353835,0.35,0.06776217377831613
17.6,33.92623703353835,0.35,0.06776217377831613
17.7,33.92623703353835,0.35,0.06776217377831613
17.8,33.92623703353835,0.35,0.06776217377831613
17.9,33.92623703353835,0.35,0.06776217377831613
18.0,33.92623703353835,0.35,0.06776217377831613
18.1,33.92623703353835,0.35,0.06776217377831613
18.200000000000003,33.92623703353835,0.35,0.06776217377831613
18.3,33.92623703353835,0.35,0.06776217377831613
18.4,33.92623703353835,0.35,0.06776217377831613
18.5,33.92623703353835,0.35,0.06776217377831613
18.6,33.92623703353835,0.35,0.06776217377831613
18.700000000000003,33.92623703353835,0.35,0.06776217377831613
18.8,33.92623703353835,0.35,0.06776217377831613
18.9,33.92623703353835,0.35,0.06776217377831613
19.0,33.92623703353835,0.35,0.06776217377831613
19.1,33.92623703353835,0.35,0.06776217377831613
19.200000000000003,33.92623703353835,0.35,0.06776217377831613
19.3,33.92623703353835,0.35,0.06776217377831613
19.4,33.92623703353835,0.35,0.06776217377831613
19.5,33.92623703353835,0.35,0.06776217377831613
19.6,33.92623703353835,0.35,0.06776217377831613
19.700000000000003,33.92623703353835,0.35,0.06776217377831613
19.8,33.92623703353835,0.35,0.06776217377831613
19.9,33.92623703353835,0.35,0.06776217377831613
20.0,33.92623703353835,0.35,0.06776217377831613
20.1,33.92623703353835,0.35,0.06776217377831613
20.200000000000003,33.92623703353835,0.35,0.06776217377831613
20.3,33.92623703353835,0.35,0.06776217377831613
20.4,33.92623703353835,0.35,0.06776217377831613
20.5,33.92623703353835,0.35,0.06776217377831613
20.6,33.92623703353835,0.35,0.06776217377831613
20.700000000000003,33.92623703353835,0.35,0.06776217377831613
20.8,33.92623703353835,0.35,0.06776217377831613
20.9,33.92623703353835,0.35,0.06776217377831613
21.0,33.92623703353835,0.35,0.06776217377831613
21.1,33.92623703353835,0.35,0.06776217377831613
21.200000000000003,33.92623703353835,0.35,0.06776217377831613
21.3,33.92623703353835,0.35,0.06776217377831613
21.4,33.92623703353835,0.35,0.06776217377831613
21.5,33.92623703353835,0.35,0.06776217377831613
21.6,33.92623703353835,0.35,0.06776217377831613
21.700000000000003,33.92623703353835,0.35,0.06776217377831613
21.8,33.92623703353835,0.35,0.06776217377831613
21.9,33.92623703353835,0.35,0.06776217377831613
22.0,33.92623703353835,0.35,0.06776217377831613
22.1,33.92623703353835,0.35,0.06776217377831613
22.200000000000003,33.92623703353835,0.35,0.06776217377831613
22.3,33.92623703353835,0.35,0.06776217377831613
22.4,33.92623703353835,0.35,0.06776217377831613
22.5,33.92623703353835,0.35,0.06776217377831613
22.6,33.92623703353835,0.35,0.06776217377831613
22.700000000000003,33.92623703353835,0.35,0.06776217377831613
22.8,33.92623703353835,0.35,0.06776217377831613
22.9,33.92623703353835,0.35,0.06776217377831613
23.0,33.92623703353835,0.35,0.06776217377831613
23.1,33.92623703353835,0.35,0.06776217377831613
23.200000000000003,33.92623703353835,0.35,0.0683023411006177
23.3,33.92623703353835,0.35,0.06916085129822207
23.4,33.92623703353835,0.35,0.06999981180436728
23.5,33.92623703353835,0.35,0.07081514771552752
23.6,33.92623703353835,0.35,0.07160267019229302
23.700000000000003,33.92623703353835,0.35,0.07235808969716989
23.8,33.92623703353835,0.35,0.07307703122954072
23.9,33.92623703353835,0.35,0.07375505157459179
24.0,33.92623703353835,0.35,0.07438765856618293
24.1,33.92623703353835,0.35,0.07497033234533623
24.200000000000003,33.92623703353835,0.35,0.07549854857637384
24.3,33.92623703353835,0.35,0.0759678035617456
24.4,33.92623703353835,0.35,0.07637364117436413
24.5,33.92623703353835,0.35,0.0767116815028174
24.6,33.92623703353835,0.35,0.07697916942611623
24.700000000000003,33.92623703353835,0.35,0.07717958951944887
24.8,33.92623703353835,0.35,0.07731815861074721
24.9,33.92623703353835,0.35,0.07740027623304051
25.0,33.92623703353835,0.35,0.07743148548788377
10.0,30.208805577903597,0.4,0.052029130864358716
10.1,30.208805577903597,0.4,0.052029130864358716
10.2,30.208805577903597,0.4,0.052029130864358716
10.3,30.208805577903597,0.4,0.052029130864358716
10.4,30.208805577903597,0.4,0.052029130864358716
10.5,30.208805577903597,0.4,0.052029130864358716
10.6,30.208805577903597,0.4,0.052029130864358716
10.7,30.208805577903597,0.4,0.052029130864358716
10.8,30.208805577903597,0.4,0.052029130864358716
10.9,30.208805577903597,0.4,0.052029130864358716
11.0,30.208805577903597,0.4,0.052029130864358716
11.1,30.208805577903597,0.4,0.05266549519424873
11.2,30.208805577903597,0.4,0.05330723959817136
11.3,30.208805577903597,0.4,0.05395359260686694
11.4,30.208805577903597,0.4,0.05460374669763252
11.5,30.208805577903597,0.4,0.0552568578497529
11.6,30.208805577903597,0.4,0.0559120452237238
11.7,30.208805577903597,0.4,0.0565683909720737
11.8,30.208805577903597,0.4,0.05722494018956265
11.9,30.208805577903597,0.4,0.05788070101043355
12.0,30.208805577903597,0.4,0.05853464486025096
12.1,30.208805577903597,0.4,0.05918570686965998
12.2,30.208805577903597,0.4,0.05983278645714045
12.3,30.208805577903597,0.4,0.0604747480874989
12.4,30.208805577903597,0.4,0.061110422212495914
12.5,30.208805577903597,0.4,0.061738606399527586
12.6,30.208805577903597,0.4,0.06235806665381876
12.7,30.208805577903597,0.4,0.06296753893901359
12.8,30.208805577903597,0.4,0.06356573090043882
12.9,30.208805577903597,0.4,0.06415132379464157
13.0,30.208805577903597,0.4,0.0647229746280812
13.1,30.208805577903597,0.4,0.0652793185070615
13.2,30.208805577903597,0.4,0.06581897120016611
13.3,30.208805577903597,0.4,0.06634053191355331
13.4,30.208805577903597,0.4,0.06684258627855282
13.5,30.208805577903597,0.4,0.06732370954998988
13.6,30.208805577903597,0.4,0.06778247001266123
13.7,30.208805577903597,0.4,0.06821743259228936
13.8,30.208805577903597,0.4,0.06862716266617691
13.9,30.208805577903597,0.4,0.06901023006762134
14.0,30.208805577903597,0.4,0.06936521327696032
14.100000000000001,30.208805577903597,0.4,0.06969070379088685
14.2,30.208805577903597,0.4,0.06998531066041548
14.3,30.208805577903597,0.4,0.07024766518658676
14.4,30.208805577903597,0.4,0.07047642576167226
14.5,30.208805577903597,0.4,0.07067028284230177
14.600000000000001,30.208805577903597,0.4,0.07082796403955818
14.7,30.208805577903597,0.4,0.07094823930968616
14.8,30.208805577903597,0.4,0.07102992622766217
14.9,30.208805577903597,0.4,0.07107189532442278
15.0,30.208805577903597,0.4,0.07107307546713756
15.100000000000001,30.208805577903597,0.4,0.07107307546713756
15.2,30.208805577903597,0.4,0.07107307546713756
15.3,30.208805577903597,0.4,0.07107307546713756
15.4,30.208805577903597,0.4,0.07107307546713756
15.5,30.208805577903597,0.4,0.07107307546713756
15.600000000000001,30.208805577903597,0.4,0.07107307546713756
15.7,30.208805577903597,0.4,0.07107307546713756
15.8,30.208805577903597,0.4,0.07107307546713756
15.9,30.208805577903597,0.4,0.07107307546713756
16.0,30.208805577903597,0.4,0.07107307546713756
16.1,30.208805577903597,0.4,0.07107307546713756
16.2,30.208805577903597,0.4,0.07107307546713756
16.3,30.208805577903597,0.4,0.07107307546713756
16.4,30.208805577903597,0.4,0.07107307546713756
16.5,30.208805577903597,0.4,0.07107307546713756
16.6,30.208805577903597,0.4,0.07107307546713756
16.7,30.208805577903597,0.4,0.07107307546713756
16.8,30.208805577903597,0.4,0.07107307546713756
16.9,30.208805577903597,0.4,0.07107307546713756
17.0,30.208805577903597,0.4,0.07107307546713756
17.1,30.208805577903597,0.4,0.07107307546713756
17.2,30.208805577903597,0.4,0.07107307546713756
17.3,30.208805577903597,0.4,0.07107307546713756
17.4,30.208805577903597,0.4,0.07107307546713756
17.5,30.208805577903597,0.4,0.07107307546713756
17.6,30.208805577903597,0.4,0.07107307546713756
17.7,30.208805577903597,0.4,0.07107307546713756
17.8,30.208805577903597,0.4,0.07107307546713756
17.9,30.208805577903597,0.4,0.07107307546713756
18.0,30.208805577903597,0.4,0.07107307546713756
18.1,30.208805577903597,0.4,0.07107307546713756
18.200000000000003,30.208805577903597,0.4,0.07107307546713756
18.3,30.208805577903597,0.4,0.07107307546713756
18.4,30.208805577903597,0.4,0.07107307546713756
18.5,30.208805577903597,0.4,0.07107307546713756
18.6,30.208805577903597,0.4,0.07107307546713756
18.700000000000003,30.208805577903597,0.4,0.07107307546713756
18.8,30.208805577903597,0.4,0.07107307546713756
18.9,30.208805577903597,0.4,0.07107307546713756
19.0,30.208805577903597,0.4,0.07107307546713756
19.1,30.208805577903597,0.4,0.07107307546713756
19.200000000000003,30.208805577903597,0.4,0.07107307546713756
19.3,30.208805577903597,0.4,0.07107307546713756
19.4,30.208805577903597,0.4,0.07107307546713756
19.5,30.208805577903597,0.4,0.07107307546713756
19.6,30.208805577903597,0.4,0.07107307546713756
19.700000000000003,30.208805577903597,0.4,0.07107307546713756
19.8,30.208805577903597,0.4,0.07107307546713756
19.9,30.208805577903597,0.4,0.07107307546713756
20.0,30.208805577903597,0.4,0.07107307546713756
20.1,30.208805577903597,0.4,0.07107307546713756
20.200000000000003,30.208805577903597,0.4,0.07107307546713756
20.3,30.208805577903597,0.4,0.07107307546713756
20.4,30.208805577903597,0.4,0.07107307546713756
20.5,30.208805577903597,0.4,0.07107307546713756
20.6,30.208805577903597,0.4,0.07107307546713756
20.700000000000003,30.208805577903597,0.4,0.07107307546713756
20.8,30.208805577903597,0.4,0.07107307546713756
20.9,30.208805577903597,0.4,0.07107307546713756
21.0,30.208805577903597,0.4,0.07107307546713756
21.1,30.208805577903597,0.4,0.07107307546713756
21.200000000000003,30.208805577903597,0.4,0.07107307546713756
21.3,30.208805577903597,0.4,0.07107307546713756
21.4,30.208805577903597,0.4,0.07107307546713756
21.5,30.208805577903597,0.4,0.07107307546713756
21.6,30.208805577903597,0.4,0.07107307546713756
21.700000000000003,30.208805577903597,0.4,0.07107307546713756
21.8,30.208805577903597,0.4,0.07107307546713756
21.9,30.208805577903597,0.4,0.07107307546713756
22.0,30.208805577903597,0.4,0.07107307546713756
22.1,30.208805577903597,0.4,0.07107307546713756
22.200000000000003,30.208805577903597,0.4,0.07107307546713756
22.3,30.208805577903597,0.4,0.07107307546713756
22.4,30.208805577903597,0.4,0.07107307546713756
22.5,30.208805577903597,0.4,0.07107307546713756
22.6,30.208805577903597,0.4,0.07107307546713756
22.700000000000003,30.208805577903597,0.4,0.07107307546713756
22.8,30.208805577903597,0.4,0.07107307546713756
22.9,30.208805577903597,0.4,0.07107307546713756
23.0,30.208805577903597,0.4,0.07107307546713756
23.1,30.208805577903597,0.4,0.07133491208563167
23.200000000000003,30.208805577903597,0.4,0.07218936512826979
23.3,30.208805577903597,0.4,0.07303281647599905
23.4,30.208805577903597,0.4,0.073861985864642
23.5,30.208805577903597,0.4,0.07467348802482945
23.6,30.208805577903597,0.4,0.07546383949977216
23.700000000000003,30.208805577903597,0.4,0.07622946677734284
23.8,30.208805577903597,0.4,0.07696671576559246
23.9,30.208805577903597,0.4,0.07767186263294854
24.0,30.208805577903597,0.4,0.07834112602565171
24.1,30.208805577903597,0.4,0.07897068066548033
24.200000000000003,30.208805577903597,0.4,0.0795566723205601
24.3,30.208805577903597,0.4,0.080095234131053
24.4,30.208805577903597,0.4,0.08058250425981628
24.5,30.208805577903597,0.4,0.08101464482571691
24.6,30.208805577903597,0.4,0.08138907846526743
24.700000000000003,30.208805577903597,0.4,0.0817081931502308
24.8,30.208805577903597,0.4,0.08197575366853542
24.9,30.208805577903597,0.4,0.08219567155655697
25.0,30.208805577903597,0.4,0.08237198194220492
10.0,31.8115975966851,0.4,0.052029130864358716
10.1,31.8115975966851,0.4,0.052029130864358716
10.2,31.8115975966851,0.4,0.052029130864358716
10.3,31.8115975966851,0.4,0.052029130864358716
10.4,31.8115975966851,0.4,0.052029130864358716
10.5,31.8115975966851,0.4,0.052029130864358716
10.6,31.8115975966851,0.4,0.052029130864358716
10.7,31.8115975966851,0.4,0.052029130864358716
10.8,31.8115975966851,0.4,0.052029130864358716
10.9,31.8115975966851,0.4,0.052029130864358716
11.0,31.8115975966851,0.4,0.052029130864358716
11.1,31.8115975966851,0.4,0.05266549519424873
11.2,31.8115975966851,0.4,0.05330723959817136
11.3,31.8115975966851,0.4,0.05395359260686694
11.4,31.8115975966851,0.4,0.05460374669763252
11.5,31.8115975966851,0.4,0.0552568578497529
11.6,31.8115975966851,0.4,0.0559120452237238
11.7,31.8115975966851,0.4,0.0565683909720737
11.8,31.8115975966851,0.4,0.05722494018956265
11.9,31.8115975966851,0.4,0.05788070101043355
12.0,31.8115975966851,0.4,0.05853464486025096
12.1,31.8115975966851,0.4,0.05918570686965998
12.2,31.8115975966851,0.4,0.05983278645714045
12.3,31.8115975966851,0.4,0.0604747480874989
12.4,31.8115975966851,0.4,0.061110422212495914
12.5,31.8115975966851,0.4,0.061738606399527586
12.6,31.8115975966851,0.4,0.06235806665381876
12.7,31.8115975966851,0.4,0.06296753893901359
12.8,31.8115975966851,0.4,0.06356573090043882
12.9,31.8115975966851,0.4,0.06415132379464157
13.0,31.8115975966851,0.4,0.0647229746280812
13.1,31.8115975966851,0.4,0.0652793185070615
13.2,31.8115975966851,0.4,0.06581897120016611
13.3,31.8115975966851,0.4,0.06634053191355331
13.4,31.8115975966851,0.4,0.06684258627855282
13.5,31.8115975966851,0.4,0.06732370954998988
13.6,31.8115975966851,0.4,0.06778247001266123
13.7,31.8115975966851,0.4,0.06821743259228936
13.8,31.8115975966851,0.4,0.06862716266617691
13.9,31.8115975966851,0.4,0.06901023006762134
14.0,31.8115975966851,0.4,0.06936521327696032
14.100000000000001,31.8115975966851,0.4,0.06969070379088685
14.2,31.8115975966851,0.4,0.06998531066041548
14.3,31.8115975966851,0.4,0.07024766518658676
14.4,31.8115975966851,0.4,0.07047642576167226
14.5,31.8115975966851,0.4,0.07067028284230177
14.600000000000001,31.8115975966851,0.4,0.07082796403955818
14.7,31.8115975966851,0.4,0.07094823930968616
14.8,31.8115975966851,0.4,0.07102992622766217
14.9,31.8115975966851,0.4,0.07107189532442278
15.0,31.8115975966851,0.4,0.07107307546713756
15.100000000000001,31.8115975966851,0.4,0.07107307546713756
15.2,31.8115975966851,0.4,0.07107307546713756
15.3,31.8115975966851,0.4,0.07107307546713756
15.4,31.8115975966851,0.4,0.07107307546713756
15.5,31.8115975966851,0.4,0.07107307546713756
15.600000000000001,31.8115975966851,0.4,0.07107307546713756
15.7,31.8115975966851,0.4,0.07107307546713756
15.8,31.8115975966851,0.4,0.07107307546713756
15.9,31.8115975966851,0.4,0.07107307546713756
16.0,31.8115975966851,0.4,0.07107307546713756
16.1,31.8115975966851,0.4,0.07107307546713756
16.2,31.8115975966851,0.4,0.07107307546713756
16.3,31.8115975966851,0.4,0.07107307546713756
16.4,31.8115975966851,0.4,0.07107307546713756
16.5,31.8115975966851,0.4,0.07107307546713756
16.6,31.8115975966851,0.4,0.07107307546713756
16.7,31.8115975966851,0.4,0.07107307546713756
16.8,31.8115975966851,0.4,0.07107307546713756
16.9,31.8115975966851,0.4,0.07107307546713756
17.0,31.8115975966851,0.4,0.07107307546713756
17.1,31.8115975966851,0.4,0.07107307546713756
17.2,31.8115975966851,0.4,0.07107307546713756
17.3,31.8115975966851,0.4,0.07107307546713756
17.4,31.8115975966851,0.4,0.07107307546713756
17.5,31.8115975966851,0.4,0.07107307546713756
17.6,31.8115975966851,0.4,0.07107307546713756
17.7,31.8115975966851,0.4,0.07107307546713756
17.8,31.8115975966851,0.4,0.07107307546713756
17.9,31.8115975966851,0.4,0.07107307546713756
18.0,31.8115975966851,0.4,0.07107307546713756
18.1,31.8115975966851,0.4,0.07107307546713756
18.200000000000003,31.8115975966851,0.4,0.07107307546713756
18.3,31.8115975966851,0.4,0.07107307546713756
18.4,31.8115975966851,0.4,0.07107307546713756
18.5,31.8115975966851,0.4,0.07107307546713756
18.6,31.8115975966851,0.4,0.07107307546713756
18.700000000000003,31.8115975966851,0.4,0.07107307546713756
18.8,31.8115975966851,0.4,0.07107307546713756
18.9,31.8115975966851,0.4,0.07107307546713756
19.0,31.8115975966851,0.4,0.07107307546713756
19.1,31.8115975966851,0.4,0.07107307546713756
19.200000000000003,31.8115975966851,0.4,0.07107307546713756
19.3,31.8115975966851,0.4,0.07107307546713756
19.4,31.8115975966851,0.4,0.07107307546713756
19.5,31.8115975966851,0.4,0.07107307546713756
19.6,31.8115975966851,0.4,0.07107307546713756
19.700000000000003,31.8115975966851,0.4,0.07107307546713756
19.8,31.8115975966851,0.4,0.07107307546713756
19.9,31.8115975966851,0.4,0.07107307546713756
20.0,31.8115975966851,0.4,0.07107307546713756
20.1,31.8115975966851,0.4,0.07107307546713756
20.200000000000003,31.8115975966851,0.4,0.07107307546713756
20.3,31.8115975966851,0.4,0.07107307546713756
20.4,31.8115975966851,0.4,0.07107307546713756
20.5,31.8115975966851,0.4,0.07107307546713756
20.6,31.8115975966851,0.4,0.07107307546713756
20.700000000000003,31.8115975966851,0.4,0.07107307546713756
20.8,31.8115975966851,0.4,0.07107307546713756
20.9,31.8115975966851,0.4,0.07107307546713756
21.0,31.8115975966851,0.4,0.07107307546713756
21.1,31.8115975966851,0.4,0.07107307546713756
21.200000000000003,31.8115975966851,0.4,0.07107307546713756
21.3,31.8115975966851,0.4,0.07107307546713756
21.4,31.8115975966851,0.4,0.07107307546713756
21.5,31.8115975966851,0.4,0.07107307546713756
21.6,31.8115975966851,0.4,0.07107307546713756
21.700000000000003,31.8115975966851,0.4,0.07107307546713756
21.8,31.8115975966851,0.4,0.07107307546713756
21.9,31.8115975966851,0.4,0.07107307546713756
22.0,31.8115975966851,0.4,0.07107307546713756
22.1,31.8115975966851,0.4,0.07107307546713756
22.200000000000003,31.8115975966851,0.4,0.07107307546713756
22.3,31.8115975966851,0.4,0.07107307546713756
22.4,31.8115975966851,0.4,0.07107307546713756
22.5,31.8115975966851,0.4,0.07107307546713756
22.6,31.8115975966851,0.4,0.07107307546713756
22.700000000000003,31.8115975966851,0.4,0.07107307546713756
22.8,31.8115975966851,0.4,0.07107307546713756
22.9,31.8115975966851,0.4,0.07107307546713756
23.0,31.8115975966851,0.4,0.07107307546713756
23.1,31.8115975966851,0.4,0.07133491208563167
23.200000000000003,31.8115975966851,0.4,0.07218936512826979
23.3,31.8115975966851,0.4,0.07303281647599905
23.4,31.8115975966851,0.4,0.073861985864642
23.5,31.8115975966851,0.4,0.07467348802482945
23.6,31.8115975966851,0.4,0.07546383949977216
23.700000000000003,31.8115975966851,0.4,0.07622946677734284
23.8,31.8115975966851,0.4,0.07696671576559246
23.9,31.8115975966851,0.4,0.07767186263294854
24.0,31.8115975966851,0.4,0.07834112602565171
24.1,31.8115975966851,0.4,0.07897068066548033
24.200000000000003,31.8115975966851,0.4,0.0795566723205601
24.3,31.8115975966851,0.4,0.080095234131053
24.4,31.8115975966851,0.4,0.08058250425981628
24.5,31.8115975966851,0.4,0.08101464482571691
24.6,31.8115975966851,0.4,0.08138907846526743
24.700000000000003,31.8115975966851,0.4,0.0817081931502308
24.8,31.8115975966851,0.4,0.08197575366853542
24.9,31.8115975966851,0.4,0.08219567155655697
25.0,31.8115975966851,0.4,0.08237198194220492
10.0,33.92623703353835,0.4,0.052029130864358716
10.1,33.92623703353835,0.4,0.052029130864358716
10.2,33.92623703353835,0.4,0.052029130864358716
10.3,33.92623703353835,0.4,0.052029130864358716
10.4,33.92623703353835,0.4,0.052029130864358716
10.5,33.92623703353835,0.4,0.052029130864358716
10.6,33.92623703353835,0.4,0.052029130864358716
10.7,33.92623703353835,0.4,0.052029130864358716
10.8,33.92623703353835,0.4,0.052029130864358716
10.9,33.92623703353835,0.4,0.052029130864358716
11.0,33.92623703353835,0.4,0.052029130864358716
11.1,33.92623703353835,0.4,0.05266549519424873
11.2,33.92623703353835,0.4,0.05330723959817136
11.3,33.92623703353835,0.4,0.05395359260686694
11.4,33.92623703353835,0.4,0.05460374669763252
11.5,33.92623703353835,0.4,0.0552568578497529
11.6,33.92623703353835,0.4,0.0559120452237238
11.7,33.92623703353835,0.4,0.0565683909720737
11.8,33.92623703353835,0.4,0.05722494018956265
11.9,33.92623703353835,0.4,0.05788070101043355
12.0,33.92623703353835,0.4,0.05853464486025096
12.1,33.92623703353835,0.4,0.05918570686965998
12.2,33.92623703353835,0.4,0.05983278645714045
12.3,33.92623703353835,0.4,0.0604747480874989
12.4,33.92623703353835,0.4,0.061110422212495914
12.5,33.92623703353835,0.4,0.061738606399527586
12.6,33.92623703353835,0.4,0.06235806665381876
12.7,33.92623703353835,0.4,0.06296753893901359
12.8,33.92623703353835,0.4,0.06356573090043882
12.9,33.92623703353835,0.4,0.06415132379464157
13.0,33.92623703353835,0.4,0.0647229746280812
13.1,33.92623703353835,0.4,0.0652793185070615
13.2,33.92623703353835,0.4,0.06581897120016611
13.3,33.92623703353835,0.4,0.06634053191355331
13.4,33.92623703353835,0.4,0.06684258627855282
13.5,33.92623703353835,0.4,0.06732370954998988
13.6,33.92623703353835,0.4,0.06778247001266123
13.7,33.92623703353835,0.4,0.06821743259228936
13.8,33.92623703353835,0.4,0.06862716266617691
13.9,33.92623703353835,0.4,0.06901023006762134
14.0,33.92623703353835,0.4,0.06936521327696032
14.100000000000001,33.92623703353835,0.4,0.06969070379088685
14.2,33.92623703353835,0.4,0.06998531066041548
14.3,33.92623703353835,0.4,0.07024766518658676
14.4,33.92623703353835,0.4,0.07047642576167226
14.5,33.92623703353835,0.4,0.07067028284230177
14.600000000000001,33.92623703353835,0.4,0.07082796403955818
14.7,33.92623703353835,0.4,0.07094823930968616
14.8,33.92623703353835,0.4,0.07102992622766217
14.9,33.92623703353835,0.4,0.07107189532442278
15.0,33.92623703353835,0.4,0.07107307546713756
15.100000000000001,33.92623703353835,0.4,0.07107307546713756
15.2,33.92623703353835,0.4,0.07107307546713756
15.3,33.92623703353835,0.4,0.07107307546713756
15.4,33.92623703353835,0.4,0.07107307546713756
15.5,33.92623703353835,0.4,0.07107307546713756
15.600000000000001,33.92623703353835,0.4,0.07107307546713756
15.7,33.92623703353835,0.4,0.07107307546713756
15.8,33.92623703353835,0.4,0.07107307546713756
15.9,33.92623703353835,0.4,0.07107307546713756
16.0,33.92623703353835,0.4,0.07107307546713756
16.1,33.92623703353835,0.4,0.07107307546713756
16.2,33.92623703353835,0.4,0.07107307546713756
16.3,33.92623703353835,0.4,0.07107307546713756
16.4,33.92623703353835,0.4,0.07107307546713756
16.5,33.92623703353835,0.4,0.07107307546713756
16.6,33.92623703353835,0.4,0.07107307546713756
16.7,33.92623703353835,0.4,0.07107307546713756
16.8,33.92623703353835,0.4,0.07107307546713756
16.9,33.92623703353835,0.4,0.07107307546713756
17.0,33.92623703353835,0.4,0.07107307546713756
17.1,33.92623703353835,0.4,0.07107307546713756
17.2,33.92623703353835,0.4,0.07107307546713756
17.3,33.92623703353835,0.4,0.07107307546713756
17.4,33.92623703353835,0.4,0.07107307546713756
17.5,33.92623703353835,0.4,0.07107307546713756
17.6,33.92623703353835,0.4,0.07107307546713756
17.7,33.92623703353835,0.4,0.07107307546713756
17.8,33.92623703353835,0.4,0.07107307546713756
17.9,33.92623703353835,0.4,0.07107307546713756
18.0,33.92623703353835,0.4,0.07107307546713756
18.1,33.92623703353835,0.4,0.07107307546713756
18.200000000000003,33.92623703353835,0.4,0.07107307546713756
18.3,33.92623703353835,0.4,0.07107307546713756
18.4,33.92623703353835,0.4,0.07107307546713756
18.5,33.92623703353835,0.4,0.07107307546713756
18.6,33.92623703353835,0.4,0.07107307546713756
18.700000000000003,33.92623703353835,0.4,0.07107307546713756
18.8,33.92623703353835,0.4,0.07107307546713756
18.9,33.92623703353835,0.4,0.07107307546713756
19.0,33.92623703353835,0.4,0.07107307546713756
19.1,33.92623703353835,0.4,0.07107307546713756
19.200000000000003,33.92623703353835,0.4,0.07107307546713756
19.3,33.92623703353835,0.4,0.07107307546713756
19.4,33.92623703353835,0.4,0.07107307546713756
19.5,33.92623703353835,0.4,0.07107307546713756
19.6,33.92623703353835,0.4,0.07107307546713756
19.700000000000003,33.92623703353835,0.4,0.07107307546713756
19.8,33.92623703353835,0.4,0.07107307546713756
19.9,33.92623703353835,0.4,0.07107307546713756
20.0,33.92623703353835,0.4,0.07107307546713756
20.1,33.92623703353835,0.4,0.07107307546713756
20.200000000000003,33.92623703353835,0.4,0.07107307546713756
20.3,33.92623703353835,0.4,0.07107307546713756
20.4,33.92623703353835,0.4,0.07107307546713756
20.5,33.92623703353835,0.4,0.07107307546713756
20.6,33.92623703353835,0.4,0.07107307546713756
20.700000000000003,33.92623703353835,0.4,0.07107307546713756
20.8,33.92623703353835,0.4,0.07107307546713756
20.9,33.92623703353835,0.4,0.07107307546713756
21.0,33.92623703353835,0.4,0.07107307546713756
21.1,33.92623703353835,0.4,0.07107307546713756
21.200000000000003,33.92623703353835,0.4,0.07107307546713756
21.3,33.92623703353835,0.4,0.07107307546713756
21.4,33.92623703353835,0.4,0.07107307546713756
21.5,33.92623703353835,0.4,0.07107307546713756
21.6,33.92623703353835,0.4,0.07107307546713756
21.700000000000003,33.92623703353835,0.4,0.07107307546713756
21.8,33.92623703353835,0.4,0.07107307546713756
21.9,33.92623703353835,0.4,0.07107307546713756
22.0,33.92623703353835,0.4,0.07107307546713756
22.1,33.92623703353835,0.4,0.07107307546713756
22.200000000000003,33.92623703353835,0.4,0.07107307546713756
22.3,33.92623703353835,0.4,0.07107307546713756
22.4,33.92623703353835,0.4,0.07107307546713756
22.5,33.92623703353835,0.4,0.07107307546713756
22.6,33.92623703353835,0.4,0.07107307546713756
22.700000000000003,33.92623703353835,0.4,0.07107307546713756
22.8,33.92623703353835,0.4,0.07107307546713756
22.9,33.92623703353835,0.4,0.07107307546713756
23.0,33.92623703353835,0.4,0.07107307546713756
23.1,33.92623703353835,0.4,0.07133491208563167
23.200000000000003,33.92623703353835,0.4,0.07218936512826979
23.3,33.92623703353835,0.4,0.07303281647599905
23.4,33.92623703353835,0.4,0.073861985864642
23.5,33.92623703353835,0.4,0.07467348802482945
23.6,33.92623703353835,0.4,0.07546383949977216
23.700000000000003,33.92623703353835,0.4,0.07622946677734284
23.8,33.92623703353835,0.4,0.07696671576559246
23.9,33.92623703353835,0.4,0.07767186263294854
24.0,33.92623703353835,0.4,0.07834112602565171
24.1,33.92623703353835,0.4,0.07897068066548033
24.200000000000003,33.92623703353835,0.4,0.0795566723205601
24.3,33.92623703353835,0.4,0.080095234131053
24.4,33.92623703353835,0.4,0.08058250425981628
24.5,33.92623703353835,0.4,0.08101464482571691
24.6,33.92623703353835,0.4,0.08138907846526743
24.700000000000003,33.92623703353835,0.4,0.0817081931502308
24.8,33.92623703353835,0.4,0.08197575366853542
24.9,33.92623703353835,0.4,0.08219567155655697
25.0,33.92623703353835,0.4,0.08237198194220492
10.0,30.208805577903597,0.45,0.06430862465434206
10.1,30.208805577903597,0.45,0.06430862465434206
10.2,30.208805577903597,0.45,0.06430862465434206
10.3,30.208805577903597,0.45,0.06430862465434206
10.4,30.208805577903597,0.45,0.06430862465434206
10.5,30.208805577903597,0.45,0.06430862465434206
10.6,30.208805577903597,0.45,0.06430862465434206
10.7,30.208805577903597,0.45,0.06430862465434206
10.8,30.208805577903597,0.45,0.06430862465434206
10.9,30.208805577903597,0.45,0.06430862465434206
11.0,30.208805577903597,0.45,0.06430862465434206
11.1,30.208805577903597,0.45,0.06430862465434206
11.2,30.208805577903597,0.45,0.06430862465434206
11.3,30.208805577903597,0.45,0.06430862465434206
11.4,30.208805577903597,0.45,0.06430862465434206
11.5,30.208805577903597,0.45,0.06430862465434206
11.6,30.208805577903597,0.45,0.06430862465434206
11.7,30.208805577903597,0.45,0.06436561538782383
11.8,30.208805577903597,0.45,0.06452571460610887
11.9,30.208805577903597,0.45,0.06471788306942212
12.0,30.208805577903597,0.45,0.0649402348586057
12.1,30.208805577903597,0.45,0.06519089759781033
12.2,30.208805577903597,0.45,0.0654680039463381
12.3,30.208805577903597,0.45,0.06576968366473908
12.4,30.208805577903597,0.45,0.06609405624149169
12.5,30.208805577903597,0.45,0.06643922407209248
12.6,30.208805577903597,0.45,0.06680326618743343
12.7,30.208805577903597,0.45,0.06718423253297716
12.8,30.208805577903597,0.45,0.06758013880443435
12.9,30.208805577903597,0.45,0.06798896184943715
13.0,30.208805577903597,0.45,0.06840863564803593
13.1,30.208805577903597,0.45,0.06883704788777789
13.2,30.208805577903597,0.45,0.0692720371515851
13.3,30.208805577903597,0.45,0.06971139073867767
13.4,30.208805577903597,0.45,0.07015284314033526
13.5,30.208805577903597,0.45,0.07059407519338362
13.6,30.208805577903597,0.45,0.07103271393487068
13.7,30.208805577903597,0.45,0.07146633318150869
13.8,30.208805577903597,0.45,0.0718924548570386
13.9,30.208805577903597,0.45,0.07230855108973665
14.0,30.208805577903597,0.45,0.07271204710083973
14.100000000000001,30.208805577903597,0.45,0.07310032490266641
14.2,30.208805577903597,0.45,0.07347072782268213
14.3,30.208805577903597,0.45,0.07382056586669873
14.4,30.208805577903597,0.45,0.07414712193078145
14.5,30.208805577903597,0.45,0.07444765886728896
14.600000000000001,30.208805577903597,0.45,0.07471942740578952
14.7,30.208805577903597,0.45,0.07495967492436964
14.8,30.208805577903597,0.45,0.0751656550611099
14.9,30.208805577903597,0.45,0.07533463814922985
15.0,30.208805577903597,0.45,0.07546392245262909
15.100000000000001,30.208805577903597,0.45,0.07555084617128145
15.2,30.208805577903597,0.45,0.07559280017815848
15.3,30.208805577903597,0.45,0.07559280017815848
15.4,30.208805577903597,0.45,0.07559280017815848
15.5,30.208805577903597,0.45,0.07559280017815848
15.600000000000001,30.208805577903597,0.45,0.07559280017815848
15.7,30.208805577903597,0.45,0.07559280017815848
15.8,30.208805577903597,0.45,0.07559280017815848
15.9,30.208805577903597,0.45,0.07559280017815848
16.0,30.208805577903597,0.45,0.07559280017815848
16.1,30.208805577903597,0.45,0.07559280017815848
16.2,30.208805577903597,0.45,0.07559280017815848
16.3,30.208805577903597,0.45,0.07559280017815848
16.4,30.208805577903597,0.45,0.07559280017815848
16.5,30.208805577903597,0.45,0.07559280017815848
16.6,30.208805577903597,0.45,0.07559280017815848
16.7,30.208805577903597,0.45,0.07559280017815848
16.8,30.208805577903597,0.45,0.07559280017815848
16.9,30.208805577903597,0.45,0.07559280017815848
17.0,30.208805577903597,0.45,0.07559280017815848
17.1,30.208805577903597,0.45,0.07559280017815848
17.2,30.208805577903597,0.45,0.07559280017815848
17.3,30.208805577903597,0.45,0.07559280017815848
17.4,30.208805577903597,0.45,0.07559280017815848
17.5,30.208805577903597,0.45,0.07559280017815848
17.6,30.208805577903597,0.45,0.07559280017815848
17.7,30.208805577903597,0.45,0.07559280017815848
17.8,30.208805577903597,0.45,0.07559280017815848
17.9,30.208805577903597,0.45,0.07559280017815848
18.0,30.208805577903597,0.45,0.07559280017815848
18.1,30.208805577903597,0.45,0.07559280017815848
18.200000000000003,30.208805577903597,0.45,0.07559280017815848
18.3,30.208805577903597,0.45,0.07559280017815848
18.4,30.208805577903597,0.45,0.07559280017815848
18.5,30.208805577903597,0.45,0.07559280017815848
18.6,30.208805577903597,0.45,0.07559280017815848
18.700000000000003,30.208805577903597,0.45,0.07559280017815848
18.8,30.208805577903597,0.45,0.07559280017815848
18.9,30.208805577903597,0.45,0.07559280017815848
19.0,30.208805577903597,0.45,0.07559280017815848
19.1,30.208805577903597,0.45,0.07559280017815848
19.200000000000003,30.208805577903597,0.45,0.07559280017815848
19.3,30.208805577903597,0.45,0.07559280017815848
19.4,30.208805577903597,0.45,0.07559280017815848
19.5,30.208805577903597,0.45,0.07559280017815848
19.6,30.208805577903597,0.45,0.07559280017815848
19.700000000000003,30.208805577903597,0.45,0.07559280017815848
19.8,30.208805577903597,0.45,0.07559280017815848
19.9,30.208805577903597,0.45,0.07559280017815848
20.0,30.208805577903597,0.45,0.07559280017815848
20.1,30.208805577903597,0.45,0.07559280017815848
20.200000000000003,30.208805577903597,0.45,0.07559280017815848
20.3,30.208805577903597,0.45,0.07559280017815848
20.4,30.208805577903597,0.45,0.07559280017815848
20.5,30.208805577903597,0.45,0.07559280017815848
20.6,30.208805577903597,0.45,0.07559280017815848
20.700000000000003,30.208805577903597,0.45,0.07559280017815848
20.8,30.208805577903597,0.45,0.07559280017815848
20.9,30.208805577903597,0.45,0.07559280017815848
21.0,30.208805577903597,0.45,0.07559280017815848
21.1,30.208805577903597,0.45,0.07559280017815848
21.200000000000003,30.208805577903597,0.45,0.07559280017815848
21.3,30.208805577903597,0.45,0.07559280017815848
21.4,30.208805577903597,0.45,0.07559280017815848
21.5,30.208805577903597,0.45,0.07559280017815848
21.6,30.208805577903597,0.45,0.07559280017815848
21.700000000000003,30.208805577903597,0.45,0.07559280017815848
21.8,30.208805577903597,0.45,0.07559280017815848
21.9,30.208805577903597,0.45,0.07559280017815848
22.0,30.208805577903597,0.45,0.07559280017815848
22.1,30.208805577903597,0.45,0.07559280017815848
22.200000000000003,30.208805577903597,0.45,0.07559280017815848
22.3,30.208805577903597,0.45,0.07559280017815848
22.4,30.208805577903597,0.45,0.07559280017815848
22.5,30.208805577903597,0.45,0.07559280017815848
22.6,30.208805577903597,0.45,0.07559280017815848
22.700000000000003,30.208805577903597,0.45,0.07559280017815848
22.8,30.208805577903597,0.45,0.07559280017815848
22.9,30.208805577903597,0.45,0.075968362613357
23.0,30.208805577903597,0.45,0.07685067721872506
23.1,30.208805577903597,0.45,0.0777219066753232
23.200000000000003,30.208805577903597,0.45,0.07857847064545664
23.3,30.208805577903597,0.45,0.07941667502941133
23.4,30.208805577903597,0.45,0.08023271922421055
23.5,30.208805577903597,0.45,0.08102270485731583
23.6,30.208805577903597,0.45,0.08178264602850252
23.700000000000003,30.208805577903597,0.45,0.08250848108447971
23.8,30.208805577903597,0.45,0.08319608594123959
23.9,30.208805577903597,0.45,0.08384128895863512
24.0,30.208805577903597,0.45,0.08443988736034842
24.1,30.208805577903597,0.45,0.08498766518022625
24.200000000000003,30.208805577903597,0.45,0.0854804127029769
24.3,30.208805577903597,0.45,0.08591394735344471
24.4,30.208805577903597,0.45,0.08628413597413993
24.5,30.208805577903597,0.45,0.0865869184153654
24.6,30.208805577903597,0.45,0.08681975501395371
24.700000000000003,30.208805577903597,0.45,0.08698593963853492
24.8,30.208805577903597,0.45,0.08709036389002314
24.9,30.208805577903597,0.45,0.08713806827410338
25.0,30.208805577903597,0.45,0.08713806827410338
10.0,31.8115975966851,0.45,0.06430862465434206
10.1,31.8115975966851,0.45,0.06430862465434206
10.2,31.8115975966851,0.45,0.06430862465434206
10.3,31.8115975966851,0.45,0.06430862465434206
10.4,31.8115975966851,0.45,0.06430862465434206
10.5,31.8115975966851,0.45,0.06430862465434206
10.6,31.8115975966851,0.45,0.06430862465434206
10.7,31.8115975966851,0.45,0.06430862465434206
10.8,31.8115975966851,0.45,0.06430862465434206
10.9,31.8115975966851,0.45,0.06430862465434206
11.0,31.8115975966851,0.45,0.06430862465434206
11.1,31.8115975966851,0.45,0.06430862465434206
11.2,31.8115975966851,0.45,0.06430862465434206
11.3,31.8115975966851,0.45,0.06430862465434206
11.4,31.8115975966851,0.45,0.06430862465434206
11.5,31.8115975966851,0.45,0.06430862465434206
11.6,31.8115975966851,0.45,0.06430862465434206
11.7,31.8115975966851,0.45,0.06436561538782383
11.8,31.8115975966851,0.45,0.06452571460610887
11.9,31.8115975966851,0.45,0.06471788306942212
12.0,31.8115975966851,0.45,0.0649402348586057
12.1,31.8115975966851,0.45,0.06519089759781033
12.2,31.8115975966851,0.45,0.0654680039463381
12.3,31.8115975966851,0.45,0.06576968366473908
12.4,31.8115975966851,0.45,0.06609405624149169
12.5,31.8115975966851,0.45,0.06643922407209248
12.6,31.8115975966851,0.45,0.06680326618743343
12.7,31.8115975966851,0.45,0.06718423253297716
12.8,31.8115975966851,0.45,0.06758013880443435
12.9,31.8115975966851,0.45,0.06798896184943715
13.0,31.8115975966851,0.45,0.06840863564803593
13.1,31.8115975966851,0.45,0.06883704788777789
13.2,31.8115975966851,0.45,0.0692720371515851
13.3,31.8115975966851,0.45,0.06971139073867767
13.4,31.8115975966851,0.45,0.07015284314033526
13.5,31.8115975966851,0.45,0.07059407519338362
13.6,31.8115975966851,0.45,0.07103271393487068
13.7,31.8115975966851,0.45,0.07146633318150869
13.8,31.8115975966851,0.45,0.0718924548570386
13.9,31.8115975966851,0.45,0.07230855108973665
14.0,31.8115975966851,0.45,0.07271204710083973
14.100000000000001,31.8115975966851,0.45,0.07310032490266641
14.2,31.8115975966851,0.45,0.07347072782268213
14.3,31.8115975966851,0.45,0.07382056586669873
14.4,31.8115975966851,0.45,0.07414712193078145
14.5,31.8115975966851,0.45,0.07444765886728896
14.600000000000001,31.8115975966851,0.45,0.07471942740578952
14.7,31.8115975966851,0.45,0.07495967492436964
14.8,31.8115975966851,0.45,0.0751656550611099
14.9,31.8115975966851,0.45,0.07533463814922985
15.0,31.8115975966851,0.45,0.07546392245262909
15.100000000000001,31.8115975966851,0.45,0.07555084617128145
15.2,31.8115975966851,0.45,0.07559280017815848
15.3,31.8115975966851,0.45,0.07559280017815848
15.4,31.8115975966851,0.45,0.07559280017815848
15.5,31.8115975966851,0.45,0.07559280017815848
15.600000000000001,31.8115975966851,0.45,0.07559280017815848
15.7,31.8115975966851,0.45,0.07559280017815848
15.8,31.8115975966851,0.45,0.07559280017815848
15.9,31.8115975966851,0.45,0.07559280017815848
16.0,31.8115975966851,0.45,0.07559280017815848
16.1,31.8115975966851,0.45,0.07559280017815848
16.2,31.8115975966851,0.45,0.07559280017815848
16.3,31.8115975966851,0.45,0.07559280017815848
16.4,31.8115975966851,0.45,0.07559280017815848
16.5,31.8115975966851,0.45,0.07559280017815848
16.6,31.8115975966851,0.45,0.07559280017815848
16.7,31.8115975966851,0.45,0.07559280017815848
16.8,31.8115975966851,0.45,0.07559280017815848
16.9,31.8115975966851,0.45,0.07559280017815848
17.0,31.8115975966851,0.45,0.07559280017815848
17.1,31.8115975966851,0.45,0.07559280017815848
17.2,31.8115975966851,0.45,0.07559280017815848
17.3,31.8115975966851,0.45,0.07559280017815848
17.4,31.8115975966851,0.45,0.07559280017815848
17.5,31.8115975966851,0.45,0.07559280017815848
17.6,31.8115975966851,0.45,0.07559280017815848
17.7,31.8115975966851,0.45,0.07559280017815848
17.8,31.8115975966851,0.45,0.07559280017815848
17.9,31.8115975966851,0.45,0.07559280017815848
18.0,31.8115975966851,0.45,0.07559280017815848
18.1,31.8115975966851,0.45,0.07559280017815848
18.200000000000003,31.8115975966851,0.45,0.07559280017815848
18.3,31.8115975966851,0.45,0.07559280017815848
18.4,31.8115975966851,0.45,0.07559280017815848
18.5,31.8115975966851,0.45,0.07559280017815848
18.6,31.8115975966851,0.45,0.07559280017815848
18.700000000000003,31.8115975966851,0.45,0.07559280017815848
18.8,31.8115975966851,0.45,0.07559280017815848
18.9,31.8115975966851,0.45,0.07559280017815848
19.0,31.8115975966851,0.45,0.07559280017815848
19.1,31.8115975966851,0.45,0.07559280017815848
19.200000000000003,31.8115975966851,0.45,0.07559280017815848
19.3,31.8115975966851,0.45,0.07559280017815848
19.4,31.8115975966851,0.45,0.07559280017815848
19.5,31.8115975966851,0.45,0.07559280017815848
19.6,31.8115975966851,0.45,0.07559280017815848
19.700000000000003,31.8115975966851,0.45,0.07559280017815848
19.8,31.8115975966851,0.45,0.07559280017815848
19.9,31.8115975966851,0.45,0.07559280017815848
20.0,31.8115975966851,0.45,0.07559280017815848
20.1,31.8115975966851,0.45,0.07559280017815848
20.200000000000003,31.8115975966851,0.45,0.07559280017815848
20.3,31.8115975966851,0.45,0.07559280017815848
20.4,31.8115975966851,0.45,0.07559280017815848
20.5,31.8115975966851,0.45,0.07559280017815848
20.6,31.8115975966851,0.45,0.07559280017815848
20.700000000000003,31.8115975966851,0.45,0.07559280017815848
20.8,31.8115975966851,0.45,0.07559280017815848
20.9,31.8115975966851,0.45,0.07559280017815848
21.0,31.8115975966851,0.45,0.07559280017815848
21.1,31.8115975966851,0.45,0.07559280017815848
21.200000000000003,31.8115975966851,0.45,0.07559280017815848
21.3,31.8115975966851,0.45,0.07559280017815848
21.4,31.8115975966851,0.45,0.07559280017815848
21.5,31.8115975966851,0.45,0.07559280017815848
21.6,31.8115975966851,0.45,0.07559280017815848
21.700000000000003,31.8115975966851,0.45,0.07559280017815848
21.8,31.8115975966851,0.45,0.07559280017815848
21.9,31.8115975966851,0.45,0.07559280017815848
22.0,31.8115975966851,0.45,0.07559280017815848
22.1,31.8115975966851,0.45,0.07559280017815848
22.200000000000003,31.8115975966851,0.45,0.07559280017815848
22.3,31.8115975966851,0.45,0.07559280017815848
22.4,31.8115975966851,0.45,0.07559280017815848
22.5,31.8115975966851,0.45,0.07559280017815848
22.6,31.8115975966851,0.45,0.07559280017815848
22.700000000000003,31.8115975966851,0.45,0.07559280017815848
22.8,31.8115975966851,0.45,0.07559280017815848
22.9,31.8115975966851,0.45,0.075968362613357
23.0,31.8115975966851,0.45,0.07685067721872506
23.1,31.8115975966851,0.45,0.0777219066753232
23.200000000000003,31.8115975966851,0.45,0.07857847064545664
23.3,31.8115975966851,0.45,0.07941667502941133
23.4,31.8115975966851,0.45,0.08023271922421055
23.5,31.8115975966851,0.45,0.08102270485731583
23.6,31.8115975966851,0.45,0.08178264602850252
23.700000000000003,31.8115975966851,0.45,0.08250848108447971
23.8,31.8115975966851,0.45,0.08319608594123959
23.9,31.8115975966851,0.45,0.08384128895863512
24.0,31.8115975966851,0.45,0.08443988736034842
24.1,31.8115975966851,0.45,0.08498766518022625
24.200000000000003,31.8115975966851,0.45,0.0854804127029769
24.3,31.8115975966851,0.45,0.08591394735344471
24.4,31.8115975966851,0.45,0.08628413597413993
24.5,31.8115975966851,0.45,0.0865869184153654
24.6,31.8115975966851,0.45,0.08681975501395371
24.700000000000003,31.8115975966851,0.45,0.08698593963853492
24.8,31.8115975966851,0.45,0.08709036389002314
24.9,31.8115975966851,0.45,0.08713806827410338
25.0,31.8115975966851,0.45,0.08713806827410338
10.0,33.92623703353835,0.45,0.06430862465434206
10.1,33.92623703353835,0.45,0.06430862465434206
10.2,33.92623703353835,0.45,0.06430862465434206
10.3,33.92623703353835,0.45,0.06430862465434206
10.4,33.92623703353835,0.45,0.06430862465434206
10.5,33.92623703353835,0.45,0.06430862465434206
10.6,33.92623703353835,0.45,0.06430862465434206
10.7,33.92623703353835,0.45,0.06430862465434206
10.8,33.92623703353835,0.45,0.06430862465434206
10.9,33.92623703353835,0.45,0.06430862465434206
11.0,33.92623703353835,0.45,0.06430862465434206
11.1,33.92623703353835,0.45,0.06430862465434206
11.2,33.92623703353835,0.45,0.06430862465434206
11.3,33.92623703353835,0.45,0.06430862465434206
11.4,33.92623703353835,0.45,0.06430862465434206
11.5,33.92623703353835,0.45,0.06430862465434206
11.6,33.92623703353835,0.45,0.06430862465434206
11.7,33.92623703353835,0.45,0.06436561538782383
11.8,33.92623703353835,0.45,0.06452571460610887
11.9,33.92623703353835,0.45,0.06471788306942212
12.0,33.92623703353835,0.45,0.0649402348586057
12.1,33.92623703353835,0.45,0.06519089759781033
12.2,33.92623703353835,0.45,0.0654680039463381
12.3,33.92623703353835,0.45,0.06576968366473908
12.4,33.92623703353835,0.45,0.06609405624149169
12.5,33.92623703353835,0.45,0.06643922407209248
12.6,33.92623703353835,0.45,0.06680326618743343
12.7,33.92623703353835,0.45,0.06718423253297716
12.8,33.92623703353835,0.45,0.06758013880443435
12.9,33.92623703353835,0.45,0.06798896184943715
13.0,33.92623703353835,0.45,0.06840863564803593
13.1,33.92623703353835,0.45,0.06883704788777789
13.2,33.92623703353835,0.45,0.0692720371515851
13.3,33.92623703353835,0.45,0.06971139073867767
13.4,33.92623703353835,0.45,0.07015284314033526
13.5,33.92623703353835,0.45,0.07059407519338362
13.6,33.92623703353835,0.45,0.07103271393487068
13.7,33.92623703353835,0.45,0.07146633318150869
13.8,33.92623703353835,0.45,0.0718924548570386
13.9,33.92623703353835,0.45,0.07230855108973665
14.0,33.92623703353835,0.45,0.07271204710083973
14.100000000000001,33.92623703353835,0.45,0.07310032490266641
14.2,33.92623703353835,0.45,0.07347072782268213
14.3,33.92623703353835,0.45,0.07382056586669873
14.4,33.92623703353835,0.45,0.07414712193078145
14.5,33.92623703353835,0.45,0.07444765886728896
14.600000000000001,33.92623703353835,0.45,0.07471942740578952
14.7,33.92623703353835,0.45,0.07495967492436964
14.8,33.92623703353835,0.45,0.0751656550611099
14.9,33.92623703353835,0.45,0.07533463814922985
15.0,33.92623703353835,0.45,0.07546392245262909
15.100000000000001,33.92623703353835,0.45,0.07555084617128145
15.2,33.92623703353835,0.45,0.07559280017815848
15.3,33.92623703353835,0.45,0.07559280017815848
15.4,33.92623703353835,0.45,0.07559280017815848
15.5,33.92623703353835,0.45,0.07559280017815848
15.600000000000001,33.92623703353835,0.45,0.07559280017815848
15.7,33.92623703353835,0.45,0.07559280017815848
15.8,33.92623703353835,0.45,0.07559280017815848
15.9,33.92623703353835,0.45,0.07559280017815848
16.0,33.92623703353835,0.45,0.07559280017815848
16.1,33.92623703353835,0.45,0.07559280017815848
16.2,33.92623703353835,0.45,0.07559280017815848
16.3,33.92623703353835,0.45,0.07559280017815848
16.4,33.92623703353835,0.45,0.07559280017815848
16.5,33.92623703353835,0.45,0.07559280017815848
16.6,33.92623703353835,0.45,0.07559280017815848
16.7,33.92623703353835,0.45,0.07559280017815848
16.8,33.92623703353835,0.45,0.07559280017815848
16.9,33.92623703353835,0.45,0.07559280017815848
17.0,33.92623703353835,0.45,0.07559280017815848
17.1,33.92623703353835,0.45,0.07559280017815848
17.2,33.92623703353835,0.45,0.07559280017815848
17.3,33.92623703353835,0.45,0.07559280017815848
17.4,33.92623703353835,0.45,0.07559280017815848
17.5,33.92623703353835,0.45,0.07559280017815848
17.6,33.92623703353835,0.45,0.07559280017815848
17.7,33.92623703353835,0.45,0.07559280017815848
17.8,33.92623703353835,0.45,0.07559280017815848
17.9,33.92623703353835,0.45,0.07559280017815848
18.0,33.92623703353835,0.45,0.07559280017815848
18.1,33.92623703353835,0.45,0.07559280017815848
18.200000000000003,33.92623703353835,0.45,0.07559280017815848
18.3,33.92623703353835,0.45,0.07559280017815848
18.4,33.92623703353835,0.45,0.07559280017815848
18.5,33.92623703353835,0.45,0.07559280017815848
18.6,33.92623703353835,0.45,0.07559280017815848
18.700000000000003,33.92623703353835,0.45,0.07559280017815848
18.8,33.92623703353835,0.45,0.07559280017815848
18.9,33.92623703353835,0.45,0.07559280017815848
19.0,33.92623703353835,0.45,0.07559280017815848
19.1,33.92623703353835,0.45,0.07559280017815848
19.200000000000003,33.92623703353835,0.45,0.07559280017815848
19.3,33.92623703353835,0.45,0.07559280017815848
19.4,33.92623703353835,0.45,0.07559280017815848
19.5,33.92623703353835,0.45,0.07559280017815848
19.6,33.92623703353835,0.45,0.07559280017815848
19.700000000000003,33.92623703353835,0.45,0.07559280017815848
19.8,33.92623703353835,0.45,0.07559280017815848
19.9,33.92623703353835,0.45,0.07559280017815848
20.0,33.92623703353835,0.45,0.07559280017815848
20.1,33.92623703353835,0.45,0.07559280017815848
20.200000000000003,33.92623703353835,0.45,0.07559280017815848
20.3,33.92623703353835,0.45,0.07559280017815848
20.4,33.92623703353835,0.45,0.07559280017815848
20.5,33.92623703353835,0.45,0.07559280017815848
20.6,33.92623703353835,0.45,0.07559280017815848
20.700000000000003,33.92623703353835,0.45,0.07559280017815848
20.8,33.92623703353835,0.45,0.07559280017815848
20.9,33.92623703353835,0.45,0.07559280017815848
21.0,33.92623703353835,0.45,0.07559280017815848
21.1,33.92623703353835,0.45,0.07559280017815848
21.200000000000003,33.92623703353835,0.45,0.07559280017815848
21.3,33.92623703353835,0.45,0.07559280017815848
21.4,33.92623703353835,0.45,0.07559280017815848
21.5,33.92623703353835,0.45,0.07559280017815848
21.6,33.92623703353835,0.45,0.07559280017815848
21.700000000000003,33.92623703353835,0.45,0.07559280017815848
21.8,33.92623703353835,0.45,0.07559280017815848
21.9,33.92623703353835,0.45,0.07559280017815848
22.0,33.92623703353835,0.45,0.07559280017815848
22.1,33.92623703353835,0.45,0.07559280017815848
22.200000000000003,33.92623703353835,0.45,0.07559280017815848
22.3,33.92623703353835,0.45,0.07559280017815848
22.4,33.92623703353835,0.45,0.07559280017815848
22.5,33.92623703353835,0.45,0.07559280017815848
22.6,33.92623703353835,0.45,0.07559280017815848
22.700000000000003,33.92623703353835,0.45,0.07559280017815848
22.8,33.92623703353835,0.45,0.07559280017815848
22.9,33.92623703353835,0.45,0.075968362613357
23.0,33.92623703353835,0.45,0.07685067721872506
23.1,33.92623703353835,0.45,0.0777219066753232
23.200000000000003,33.92623703353835,0.45,0.07857847064545664
23.3,33.92623703353835,0.45,0.07941667502941133
23.4,33.92623703353835,0.45,0.08023271922421055
23.5,33.92623703353835,0.45,0.08102270485731583
23.6,33.92623703353835,0.45,0.08178264602850252
23.700000000000003,33.92623703353835,0.45,0.08250848108447971
23.8,33.92623703353835,0.45,0.08319608594123959
23.9,33.92623703353835,0.45,0.08384128895863512
24.0,33.92623703353835,0.45,0.08443988736034842
24.1,33.92623703353835,0.45,0.08498766518022625
24.200000000000003,33.92623703353835,0.45,0.0854804127029769
24.3,33.92623703353835,0.45,0.08591394735344471
24.4,33.92623703353835,0.45,0.08628413597413993
24.5,33.92623703353835,0.45,0.0865869184153654
24.6,33.92623703353835,0.45,0.08681975501395371
24.700000000000003,33.92623703353835,0.45,0.08698593963853492
24.8,33.92623703353835,0.45,0.08709036389002314
24.9,33.92623703353835,0.45,0.08713806827410338
25.0,33.92623703353835,0.45,0.08713806827410338
10.0,30.208805577903597,0.5,0.06457883997946011
10.1,30.208805577903597,0.5,0.06457883997946011
10.2,30.208805577903597,0.5,0.06457883997946011
10.3,30.208805577903597,0.5,0.06457883997946011
10.4,30.208805577903597,0.5,0.06457883997946011
10.5,30.208805577903597,0.5,0.06457883997946011
10.6,30.208805577903597,0.5,0.06457883997946011
10.7,30.208805577903597,0.5,0.06457883997946011
10.8,30.208805577903597,0.5,0.06457883997946011
10.9,30.208805577903597,0.5,0.06457883997946011
11.0,30.208805577903597,0.5,0.06457883997946011
11.1,30.208805577903597,0.5,0.06462902097955622
11.2,30.208805577903597,0.5,0.06471674495991746
11.3,30.208805577903597,0.5,0.06484024846152531
11.4,30.208805577903597,0.5,0.06499781167557682
11.5,30.208805577903597,0.5,0.06518774928298264
11.6,30.208805577903597,0.5,0.06540840182338739
11.7,30.208805577903597,0.5,0.06565812756348818
11.8,30.208805577903597,0.5,0.06593529483988339
11.9,30.208805577903597,0.5,0.0662382748567966
12.0,30.208805577903597,0.5,0.06656543492378898
12.1,30.208805577903597,0.5,0.06691513212302411
12.2,30.208805577903597,0.5,0.06728570739979961
12.3,30.208805577903597,0.5,0.0676754800738963
12.4,30.208805577903597,0.5,0.06808274277285578
12.5,30.208805577903597,0.5,0.06850575679154759
12.6,30.208805577903597,0.5,0.0689427478853587
12.7,30.208805577903597,0.5,0.06939190250701316
12.8,30.208805577903597,0.5,0.06985136449939863
12.9,30.208805577903597,0.5,0.07031923225884762
13.0,30.208805577903597,0.5,0.07079355638508339
13.1,30.208805577903597,0.5,0.07127233783547318
13.2,30.208805577903597,0.5,0.07175352660234148
13.3,30.208805577903597,0.5,0.07223502093287085
13.4,30.208805577903597,0.5,0.07271466711154373
13.5,30.208805577903597,0.5,0.07319025982514608
13.6,30.208805577903597,0.5,0.07365954313007124
13.7,30.208805577903597,0.5,0.07412021204099951
13.8,30.208805577903597,0.5,0.07456991475899725
13.9,30.208805577903597,0.5,0.07500625555567425
14.0,30.208805577903597,0.5,0.07542679832823794
14.100000000000001,30.208805577903597,0.5,0.07582907083811871
14.2,30.208805577903597,0.5,0.07621056964327358
14.3,30.208805577903597,0.5,0.07656876573134071
14.4,30.208805577903597,0.5,0.07690111085749057
14.5,30.208805577903597,0.5,0.07720504458712425
14.600000000000001,30.208805577903597,0.5,0.07747800203949007
14.7,30.208805577903597,0.5,0.07771742232384794
14.8,30.208805577903597,0.5,0.07792075765500206
14.9,30.208805577903597,0.5,0.07808548312985275
15.0,30.208805577903597,0.5,0.07820910714110266
15.100000000000001,30.208805577903597,0.5,0.07828918239838233
15.2,30.208805577903597,0.5,0.07832331752086803
15.3,30.208805577903597,0.5,0.07832331752086803
15.4,30.208805577903597,0.5,0.07832331752086803
15.5,30.208805577903597,0.5,0.07832331752086803
15.600000000000001,30.208805577903597,0.5,0.07832331752086803
15.7,30.208805577903597,0.5,0.07832331752086803
15.8,30.208805577903597,0.5,0.07832331752086803
15.9,30.208805577903597,0.5,0.07832331752086803
16.0,30.208805577903597,0.5,0.07832331752086803
16.1,30.208805577903597,0.5,0.07832331752086803
16.2,30.208805577903597,0.5,0.07832331752086803
16.3,30.208805577903597,0.5,0.07832331752086803
16.4,30.208805577903597,0.5,0.07832331752086803
16.5,30.208805577903597,0.5,0.07832331752086803
16.6,30.208805577903597,0.5,0.07832331752086803
16.7,30.208805577903597,0.5,0.07832331752086803
16.8,30.208805577903597,0.5,0.07832331752086803
16.9,30.208805577903597,0.5,0.07832331752086803
17.0,30.208805577903597,0.5,0.07832331752086803
17.1,30.208805577903597,0.5,0.07832331752086803
17.2,30.208805577903597,0.5,0.07832331752086803
17.3,30.208805577903597,0.5,0.07832331752086803
17.4,30.208805577903597,0.5,0.07832331752086803
17.5,30.208805577903597,0.5,0.07832331752086803
17.6,30.208805577903597,0.5,0.07832331752086803
17.7,30.208805577903597,0.5,0.07832331752086803
17.8,30.208805577903597,0.5,0.07832331752086803
17.9,30.208805577903597,0.5,0.07832331752086803
18.0,30.208805577903597,0.5,0.07832331752086803
18.1,30.208805577903597,0.5,0.07832331752086803
18.200000000000003,30.208805577903597,0.5,0.07832331752086803
18.3,30.208805577903597,0.5,0.07832331752086803
18.4,30.208805577903597,0.5,0.07832331752086803
18.5,30.208805577903597,0.5,0.07832331752086803
18.6,30.208805577903597,0.5,0.07832331752086803
18.700000000000003,30.208805577903597,0.5,0.07832331752086803
18.8,30.208805577903597,0.5,0.07832331752086803
18.9,30.208805577903597,0.5,0.07832331752086803
19.0,30.208805577903597,0.5,0.07832331752086803
19.1,30.208805577903597,0.5,0.07832331752086803
19.200000000000003,30.208805577903597,0.5,0.07832331752086803
19.3,30.208805577903597,0.5,0.07832331752086803
19.4,30.208805577903597,0.5,0.07832331752086803
19.5,30.208805577903597,0.5,0.07832331752086803
19.6,30.208805577903597,0.5,0.07832331752086803
19.700000000000003,30.208805577903597,0.5,0.07832331752086803
19.8,30.208805577903597,0.5,0.07832331752086803
19.9,30.208805577903597,0.5,0.07832331752086803
20.0,30.208805577903597,0.5,0.07832331752086803
20.1,30.208805577903597,0.5,0.07832331752086803
20.200000000000003,30.208805577903597,0.5,0.07832331752086803
20.3,30.208805577903597,0.5,0.07832331752086803
20.4,30.208805577903597,0.5,0.07832331752086803
20.5,30.208805577903597,0.5,0.07832331752086803
20.6,30.208805577903597,0.5,0.07832331752086803
20.700000000000003,30.208805577903597,0.5,0.07832331752086803
20.8,30.208805577903597,0.5,0.07832331752086803
20.9,30.208805577903597,0.5,0.07832331752086803
21.0,30.208805577903597,0.5,0.07832331752086803
21.1,30.208805577903597,0.5,0.07832331752086803
21.200000000000003,30.208805577903597,0.5,0.07832331752086803
21.3,30.208805577903597,0.5,0.07832331752086803
21.4,30.208805577903597,0.5,0.07832331752086803
21.5,30.208805577903597,0.5,0.07832331752086803
21.6,30.208805577903597,0.5,0.07832331752086803
21.700000000000003,30.208805577903597,0.5,0.07832331752086803
21.8,30.208805577903597,0.5,0.07832331752086803
21.9,30.208805577903597,0.5,0.07832331752086803
22.0,30.208805577903597,0.5,0.07832331752086803
22.1,30.208805577903597,0.5,0.07832331752086803
22.200000000000003,30.208805577903597,0.5,0.07832331752086803
22.3,30.208805577903597,0.5,0.07832331752086803
22.4,30.208805577903597,0.5,0.07832331752086803
22.5,30.208805577903597,0.5,0.07832331752086803
22.6,30.208805577903597,0.5,0.0790140933797951
22.700000000000003,30.208805577903597,0.5,0.07999063554858236
22.8,30.208805577903597,0.5,0.08096000596051556
22.9,30.208805577903597,0.5,0.08191825833169156
23.0,30.208805577903597,0.5,0.08286130254654198
23.1,30.208805577903597,0.5,0.08378491126359101
23.200000000000003,30.208805577903597,0.5,0.08468472829371287
23.3,30.208805577903597,0.5,0.08555627880410703
23.4,30.208805577903597,0.5,0.08639498139143886
23.5,30.208805577903597,0.5,0.08719616205660959
23.6,30.208805577903597,0.5,0.08795507010143289
23.700000000000003,30.208805577903597,0.5,0.08866689595421326
23.8,30.208805577903597,0.5,0.08932679091683053
23.9,30.208805577903597,0.5,0.0899298888105256
24.0,30.208805577903597,0.5,0.09047132948117151
24.1,30.208805577903597,0.5,0.09094628410739296
24.200000000000003,30.208805577903597,0.5,0.09134998223653483
24.3,30.208805577903597,0.5,0.09167774045409402
24.4,30.208805577903597,0.5,0.09192499257184178
24.5,30.208805577903597,0.5,0.09208732119842684
24.6,30.208805577903597,0.5,0.09216221054067997
24.700000000000003,30.208805577903597,0.5,0.09216221054067997
24.8,30.208805577903597,0.5,0.09216221054067997
24.9,30.208805577903597,0.5,0.09216221054067997
25.0,30.208805577903597,0.5,0.09216221054067997
10.0,31.8115975966851,0.5,0.06457883997946011
10.1,31.8115975966851,0.5,0.06457883997946011
10.2,31.8115975966851,0.5,0.06457883997946011
10.3,31.8115975966851,0.5,0.06457883997946011
10.4,31.8115975966851,0.5,0.06457883997946011
10.5,31.8115975966851,0.5,0.06457883997946011
10.6,31.8115975966851,0.5,0.06457883997946011
10.7,31.8115975966851,0.5,0.06457883997946011
10.8,31.8115975966851,0.5,0.06457883997946011
10.9,31.8115975966851,0.5,0.06457883997946011
11.0,31.8115975966851,0.5,0.06457883997946011
11.1,31.8115975966851,0.5,0.06462902097955622
11.2,31.8115975966851,0.5,0.06471674495991746
11.3,31.8115975966851,0.5,0.06484024846152531
11.4,31.8115975966851,0.5,0.06499781167557682
11.5,31.8115975966851,0.5,0.06518774928298264
11.6,31.8115975966851,0.5,0.06540840182338739
11.7,31.8115975966851,0.5,0.06565812756348818
11.8,31.8115975966851,0.5,0.06593529483988339
11.9,31.8115975966851,0.5,0.0662382748567966
12.0,31.8115975966851,0.5,0.06656543492378898
12.1,31.8115975966851,0.5,0.06691513212302411
12.2,31.8115975966851,0.5,0.06728570739979961
12.3,31.8115975966851,0.5,0.0676754800738963
12.4,31.8115975966851,0.5,0.06808274277285578
12.5,31.8115975966851,0.5,0.06850575679154759
12.6,31.8115975966851,0.5,0.0689427478853587
12.7,31.8115975966851,0.5,0.06939190250701316
12.8,31.8115975966851,0.5,0.06985136449939863
12.9,31.8115975966851,0.5,0.07031923225884762
13.0,31.8115975966851,0.5,0.07079355638508339
13.1,31.8115975966851,0.5,0.07127233783547318
13.2,31.8115975966851,0.5,0.07175352660234148
13.3,31.8115975966851,0.5,0.07223502093287085
13.4,31.8115975966851,0.5,0.07271466711154373
13.5,31.8115975966851,0.5,0.07319025982514608
13.6,31.8115975966851,0.5,0.07365954313007124
13.7,31.8115975966851,0.5,0.07412021204099951
13.8,31.8115975966851,0.5,0.07456991475899725
13.9,31.8115975966851,0.5,0.07500625555567425
14.0,31.8115975966851,0.5,0.07542679832823794
14.100000000000001,31.8115975966851,0.5,0.07582907083811871
14.2,31.8115975966851,0.5,0.07621056964327358
14.3,31.8115975966851,0.5,0.07656876573134071
14.4,31.8115975966851,0.5,0.07690111085749057
14.5,31.8115975966851,0.5,0.07720504458712425
14.600000000000001,31.8115975966851,0.5,0.07747800203949007
14.7,31.8115975966851,0.5,0.07771742232384794
14.8,31.8115975966851,0.5,0.07792075765500206
14.9,31.8115975966851,0.5,0.07808548312985275
15.0,31.8115975966851,0.5,0.07820910714110266
15.100000000000001,31.8115975966851,0.5,0.07828918239838233
15.2,31.8115975966851,0.5,0.07832331752086803
15.3,31.8115975966851,0.5,0.07832331752086803
15.4,31.8115975966851,0.5,0.07832331752086803
15.5,31.8115975966851,0.5,0.07832331752086803
15.600000000000001,31.8115975966851,0.5,0.07832331752086803
15.7,31.8115975966851,0.5,0.07832331752086803
15.8,31.8115975966851,0.5,0.07832331752086803
15.9,31.8115975966851,0.5,0.07832331752086803
16.0,31.8115975966851,0.5,0.07832331752086803
16.1,31.8115975966851,0.5,0.07832331752086803
16.2,31.8115975966851,0.5,0.07832331752086803
16.3,31.8115975966851,0.5,0.07832331752086803
16.4,31.8115975966851,0.5,0.07832331752086803
16.5,31.8115975966851,0.5,0.07832331752086803
16.6,31.8115975966851,0.5,0.07832331752086803
16.7,31.8115975966851,0.5,0.07832331752086803
16.8,31.8115975966851,0.5,0.07832331752086803
16.9,31.8115975966851,0.5,0.07832331752086803
17.0,31.8115975966851,0.5,0.07832331752086803
17.1,31.8115975966851,0.5,0.07832331752086803
17.2,31.8115975966851,0.5,0.07832331752086803
17.3,31.8115975966851,0.5,0.07832331752086803
17.4,31.8115975966851,0.5,0.07832331752086803
17.5,31.8115975966851,0.5,0.07832331752086803
17.6,31.8115975966851,0.5,0.07832331752086803
17.7,31.8115975966851,0.5,0.07832331752086803
17.8,31.8115975966851,0.5,0.07832331752086803
17.9,31.8115975966851,0.5,0.07832331752086803
18.0,31.8115975966851,0.5,0.07832331752086803
18.1,31.8115975966851,0.5,0.07832331752086803
18.200000000000003,31.8115975966851,0.5,0.07832331752086803
18.3,31.8115975966851,0.5,0.07832331752086803
18.4,31.8115975966851,0.5,0.07832331752086803
18.5,31.8115975966851,0.5,0.07832331752086803
18.6,31.8115975966851,0.5,0.07832331752086803
18.700000000000003,31.8115975966851,0.5,0.07832331752086803
18.8,31.8115975966851,0.5,0.07832331752086803
18.9,31.8115975966851,0.5,0.07832331752086803
19.0,31.8115975966851,0.5,0.07832331752086803
19.1,31.8115975966851,0.5,0.07832331752086803
19.200000000000003,31.8115975966851,0.5,0.07832331752086803
19.3,31.8115975966851,0.5,0.07832331752086803
19.4,31.8115975966851,0.5,0.07832331752086803
19.5,31.8115975966851,0.5,0.07832331752086803
19.6,31.8115975966851,0.5,0.07832331752086803
19.700000000000003,31.8115975966851,0.5,0.07832331752086803
19.8,31.8115975966851,0.5,0.07832331752086803
19.9,31.8115975966851,0.5,0.07832331752086803
20.0,31.8115975966851,0.5,0.07832331752086803
20.1,31.8115975966851,0.5,0.07832331752086803
20.200000000000003,31.8115975966851,0.5,0.07832331752086803
20.3,31.8115975966851,0.5,0.07832331752086803
20.4,31.8115975966851,0.5,0.07832331752086803
20.5,31.8115975966851,0.5,0.07832331752086803
20.6,31.8115975966851,0.5,0.07832331752086803
20.700000000000003,31.8115975966851,0.5,0.07832331752086803
20.8,31.8115975966851,0.5,0.07832331752086803
20.9,31.8115975966851,0.5,0.07832331752086803
21.0,31.8115975966851,0.5,0.07832331752086803
21.1,31.8115975966851,0.5,0.07832331752086803
21.200000000000003,31.8115975966851,0.5,0.07832331752086803
21.3,31.8115975966851,0.5,0.07832331752086803
21.4,31.8115975966851,0.5,0.07832331752086803
21.5,31.8115975966851,0.5,0.07832331752086803
21.6,31.8115975966851,0.5,0.07832331752086803
21.700000000000003,31.8115975966851,0.5,0.07832331752086803
21.8,31.8115975966851,0.5,0.07832331752086803
21.9,31.8115975966851,0.5,0.07832331752086803
22.0,31.8115975966851,0.5,0.07832331752086803
22.1,31.8115975966851,0.5,0.07832331752086803
22.200000000000003,31.8115975966851,0.5,0.07832331752086803
22.3,31.8115975966851,0.5,0.07832331752086803
22.4,31.8115975966851,0.5,0.07832331752086803
22.5,31.8115975966851,0.5,0.07832331752086803
22.6,31.8115975966851,0.5,0.0790140933797951
22.700000000000003,31.8115975966851,0.5,0.07999063554858236
22.8,31.8115975966851,0.5,0.08096000596051556
22.9,31.8115975966851,0.5,0.08191825833169156
23.0,31.8115975966851,0.5,0.08286130254654198
23.1,31.8115975966851,0.5,0.08378491126359101
23.200000000000003,31.8115975966851,0.5,0.08468472829371287
23.3,31.8115975966851,0.5,0.08555627880410703
23.4,31.8115975966851,0.5,0.08639498139143886
23.5,31.8115975966851,0.5,0.08719616205660959
23.6,31.8115975966851,0.5,0.08795507010143289
23.700000000000003,31.8115975966851,0.5,0.08866689595421326
23.8,31.8115975966851,0.5,0.08932679091683053
23.9,31.8115975966851,0.5,0.0899298888105256
24.0,31.8115975966851,0.5,0.09047132948117151
24.1,31.8115975966851,0.5,0.09094628410739296
24.200000000000003,31.8115975966851,0.5,0.09134998223653483
24.3,31.8115975966851,0.5,0.09167774045409402
24.4,31.8115975966851,0.5,0.09192499257184178
24.5,31.8115975966851,0.5,0.09208732119842684
24.6,31.8115975966851,0.5,0.09216221054067997
24.700000000000003,31.8115975966851,0.5,0.09216221054067997
24.8,31.8115975966851,0.5,0.09216221054067997
24.9,31.8115975966851,0.5,0.09216221054067997
25.0,31.8115975966851,0.5,0.09216221054067997
10.0,33.92623703353835,0.5,0.06457883997946011
10.1,33.92623703353835,0.5,0.06457883997946011
10.2,33.92623703353835,0.5,0.06457883997946011
10.3,33.92623703353835,0.5,0.06457883997946011
10.4,33.92623703353835,0.5,0.06457883997946011
10.5,33.92623703353835,0.5,0.06457883997946011
10.6,33.92623703353835,0.5,0.06457883997946011
10.7,33.92623703353835,0.5,0.06457883997946011
10.8,33.92623703353835,0.5,0.06457883997946011
10.9,33.92623703353835,0.5,0.06457883997946011
11.0,33.92623703353835,0.5,0.06457883997946011
11.1,33.92623703353835,0.5,0.06462902097955622
11.2,33.92623703353835,0.5,0.06471674495991746
11.3,33.92623703353835,0.5,0.06484024846152531
11.4,33.92623703353835,0.5,0.06499781167557682
11.5,33.92623703353835,0.5,0.06518774928298264
11.6,33.92623703353835,0.5,0.06540840182338739
11.7,33.92623703353835,0.5,0.06565812756348818
11.8,33.92623703353835,0.5,0.06593529483988339
11.9,33.92623703353835,0.5,0.0662382748567966
12.0,33.92623703353835,0.5,0.06656543492378898
12.1,33.92623703353835,0.5,0.06691513212302411
12.2,33.92623703353835,0.5,0.06728570739979961
12.3,33.92623703353835,0.5,0.0676754800738963
12.4,33.92623703353835,0.5,0.06808274277285578
12.5,33.92623703353835,0.5,0.06850575679154759
12.6,33.92623703353835,0.5,0.0689427478853587
12.7,33.92623703353835,0.5,0.06939190250701316
12.8,33.92623703353835,0.5,0.06985136449939863
12.9,33.92623703353835,0.5,0.07031923225884762
13.0,33.92623703353835,0.5,0.07079355638508339
13.1,33.92623703353835,0.5,0.07127233783547318
13.2,33.92623703353835,0.5,0.07175352660234148
13.3,33.92623703353835,0.5,0.07223502093287085
13.4,33.92623703353835,0.5,0.07271466711154373
13.5,33.92623703353835,0.5,0.07319025982514608
13.6,33.92623703353835,0.5,0.07365954313007124
13.7,33.92623703353835,0.5,0.07412021204099951
13.8,33.92623703353835,0.5,0.07456991475899725
13.9,33.92623703353835,0.5,0.07500625555567425
14.0,33.92623703353835,0.5,0.07542679832823794
14.100000000000001,33.92623703353835,0.5,0.07582907083811871
14.2,33.92623703353835,0.5,0.07621056964327358
14.3,33.92623703353835,0.5,0.07656876573134071
14.4,33.92623703353835,0.5,0.07690111085749057
14.5,33.92623703353835,0.5,0.07720504458712425
14.600000000000001,33.92623703353835,0.5,0.07747800203949007
14.7,33.92623703353835,0.5,0.07771742232384794
14.8,33.92623703353835,0.5,0.07792075765500206
14.9,33.92623703353835,0.5,0.07808548312985275
15.0,33.92623703353835,0.5,0.07820910714110266
15.100000000000001,33.92623703353835,0.5,0.07828918239838233
15.2,33.92623703353835,0.5,0.07832331752086803
15.3,33.92623703353835,0.5,0.07832331752086803
15.4,33.92623703353835,0.5,0.07832331752086803
15.5,33.92623703353835,0.5,0.07832331752086803
15.600000000000001,33.92623703353835,0.5,0.07832331752086803
15.7,33.92623703353835,0.5,0.07832331752086803
15.8,33.92623703353835,0.5,0.07832331752086803
15.9,33.92623703353835,0.5,0.07832331752086803
16.0,33.92623703353835,0.5,0.07832331752086803
16.1,33.92623703353835,0.5,0.07832331752086803
16.2,33.92623703353835,0.5,0.07832331752086803
16.3,33.92623703353835,0.5,0.07832331752086803
16.4,33.92623703353835,0.5,0.07832331752086803
16.5,33.92623703353835,0.5,0.07832331752086803
16.6,33.92623703353835,0.5,0.07832331752086803
16.7,33.92623703353835,0.5,0.07832331752086803
16.8,33.92623703353835,0.5,0.07832331752086803
16.9,33.92623703353835,0.5,0.07832331752086803
17.0,33.92623703353835,0.5,0.07832331752086803
17.1,33.92623703353835,0.5,0.07832331752086803
17.2,33.92623703353835,0.5,0.07832331752086803
17.3,33.92623703353835,0.5,0.07832331752086803
17.4,33.92623703353835,0.5,0.07832331752086803
17.5,33.92623703353835,0.5,0.07832331752086803
17.6,33.92623703353835,0.5,0.07832331752086803
17.7,33.92623703353835,0.5,0.07832331752086803
17.8,33.92623703353835,0.5,0.07832331752086803
17.9,33.92623703353835,0.5,0.07832331752086803
18.0,33.92623703353835,0.5,0.07832331752086803
18.1,33.92623703353835,0.5,0.07832331752086803
18.200000000000003,33.92623703353835,0.5,0.07832331752086803
18.3,33.92623703353835,0.5,0.07832331752086803
18.4,33.92623703353835,0.5,0.07832331752086803
18.5,33.92623703353835,0.5,0.07832331752086803
18.6,33.92623703353835,0.5,0.07832331752086803
18.700000000000003,33.92623703353835,0.5,0.07832331752086803
18.8,33.92623703353835,0.5,0.07832331752086803
18.9,33.92623703353835,0.5,0.07832331752086803
19.0,33.92623703353835,0.5,0.07832331752086803
19.1,33.92623703353835,0.5,0.07832331752086803
19.200000000000003,33.92623703353835,0.5,0.07832331752086803
19.3,33.92623703353835,0.5,0.07832331752086803
19.4,33.92623703353835,0.5,0.07832331752086803
19.5,33.92623703353835,0.5,0.07832331752086803
19.6,33.92623703353835,0.5,0.07832331752086803
19.700000000000003,33.92623703353835,0.5,0.07832331752086803
19.8,33.92623703353835,0.5,0.07832331752086803
19.9,33.92623703353835,0.5,0.07832331752086803
20.0,33.92623703353835,0.5,0.07832331752086803
20.1,33.92623703353835,0.5,0.07832331752086803
20.200000000000003,33.92623703353835,0.5,0.07832331752086803
20.3,33.92623703353835,0.5,0.07832331752086803
20.4,33.92623703353835,0.5,0.07832331752086803
20.5,33.92623703353835,0.5,0.07832331752086803
20.6,33.92623703353835,0.5,0.07832331752086803
20.700000000000003,33.92623703353835,0.5,0.07832331752086803
20.8,33.92623703353835,0.5,0.07832331752086803
20.9,33.92623703353835,0.5,0.07832331752086803
21.0,33.92623703353835,0.5,0.07832331752086803
21.1,33.92623703353835,0.5,0.07832331752086803
21.200000000000003,33.92623703353835,0.5,0.07832331752086803
21.3,33.92623703353835,0.5,0.07832331752086803
21.4,33.92623703353835,0.5,0.07832331752086803
21.5,33.92623703353835,0.5,0.07832331752086803
21.6,33.92623703353835,0.5,0.07832331752086803
21.700000000000003,33.92623703353835,0.5,0.07832331752086803
21.8,33.92623703353835,0.5,0.07832331752086803
21.9,33.92623703353835,0.5,0.07832331752086803
22.0,33.92623703353835,0.5,0.07832331752086803
22.1,33.92623703353835,0.5,0.07832331752086803
22.200000000000003,33.92623703353835,0.5,0.07832331752086803
22.3,33.92623703353835,0.5,0.07832331752086803
22.4,33.92623703353835,0.5,0.07832331752086803
22.5,33.92623703353835,0.5,0.07832331752086803
22.6,33.92623703353835,0.5,0.0790140933797951
22.700000000000003,33.92623703353835,0.5,0.07999063554858236
22.8,33.92623703353835,0.5,0.08096000596051556
22.9,33.92623703353835,0.5,0.08191825833169156
23.0,33.92623703353835,0.5,0.08286130254654198
23.1,33.92623703353835,0.5,0.08378491126359101
23.200000000000003,33.92623703353835,0.5,0.08468472829371287
23.3,33.92623703353835,0.5,0.08555627880410703
23.4,33.92623703353835,0.5,0.08639498139143886
23.5,33.92623703353835,0.5,0.08719616205660959
23.6,33.92623703353835,0.5,0.08795507010143289
23.700000000000003,33.92623703353835,0.5,0.08866689595421326
23.8,33.92623703353835,0.5,0.08932679091683053
23.9,33.92623703353835,0.5,0.0899298888105256
24.0,33.92623703353835,0.5,0.09047132948117151
24.1,33.92623703353835,0.5,0.09094628410739296
24.200000000000003,33.92623703353835,0.5,0.09134998223653483
24.3,33.92623703353835,0.5,0.09167774045409402
24.4,33.92623703353835,0.5,0.09192499257184178
24.5,33.92623703353835,0.5,0.09208732119842684
24.6,33.92623703353835,0.5,0.09216221054067997
24.700000000000003,33.92623703353835,0.5,0.09216221054067997
24.8,33.92623703353835,0.5,0.09216221054067997
24.9,33.92623703353835,0.5,0.09216221054067997
25.0,33.92623703353835,0.5,0.09216221054067997
10.0,30.208805577903597,0.55,0.06935424997406273
10.1,30.208805577903597,0.55,0.06935424997406273
10.2,30.208805577903597,0.55,0.06935424997406273
10.3,30.208805577903597,0.55,0.06935424997406273
10.4,30.208805577903597,0.55,0.06935424997406273
10.5,30.208805577903597,0.55,0.06935424997406273
10.6,30.208805577903597,0.55,0.06935424997406273
10.7,30.208805577903597,0.55,0.06935424997406273
10.8,30.208805577903597,0.55,0.06935424997406273
10.9,30.208805577903597,0.55,0.06935424997406273
11.0,30.208805577903597,0.55,0.06935424997406273
11.1,30.208805577903597,0.55,0.06935424997406273
11.2,30.208805577903597,0.55,0.06935424997406273
11.3,30.208805577903597,0.55,0.06935424997406273
11.4,30.208805577903597,0.55,0.06935424997406273
11.5,30.208805577903597,0.55,0.06935424997406273
11.6,30.208805577903597,0.55,0.06942561862504808
11.7,30.208805577903597,0.55,0.06960577338638102
11.8,30.208805577903597,0.55,0.06982772438178808
11.9,30.208805577903597,0.55,0.07008924441166092
12.0,30.208805577903597,0.55,0.07038813502110575
12.1,30.208805577903597,0.55,0.07072221418221857
12.2,30.208805577903597,0.55,0.07108930474431148
12.3,30.208805577903597,0.55,0.07148722362379663
12.4,30.208805577903597,0.55,0.07191377171426241
12.5,30.208805577903597,0.55,0.07236672450544403
12.6,30.208805577903597,0.55,0.07284382340735
12.7,30.208805577903597,0.55,0.07334276778273341
12.8,30.208805577903597,0.55,0.07386120769742133
12.9,30.208805577903597,0.55,0.07439673740371683
13.0,30.208805577903597,0.55,0.07494688957716274
13.1,30.208805577903597,0.55,0.07550913033140999
13.2,30.208805577903597,0.55,0.07608085503971133
13.3,30.208805577903597,0.55,0.07665938499469689
13.4,30.208805577903597,0.55,0.07724196494052467
13.5,30.208805577903597,0.55,0.07782576151322727
13.6,30.208805577903597,0.55,0.07840786262610375
13.7,30.208805577903597,0.55,0.07898527783727129
13.8,30.208805577903597,0.55,0.0795549397360198
13.9,30.208805577903597,0.55,0.08011370638337947
14.0,30.208805577903597,0.55,0.08065836484029358
14.100000000000001,30.208805577903597,0.55,0.08118563581400821
14.2,30.208805577903597,0.55,0.08169217944971899
14.3,30.208805577903597,0.55,0.08217460229017358
14.4,30.208805577903597,0.55,0.08262946542080149
14.5,30.208805577903597,0.55,0.0830532938120539
14.600000000000001,30.208805577903597,0.55,0.0834425868639838
14.7,30.208805577903597,0.55,0.08379383015067966
14.8,30.208805577903597,0.55,0.08410350835402143
14.9,30.208805577903597,0.55,0.08436811936732458
15.0,30.208805577903597,0.55,0.08458418953982849
15.100000000000001,30.208805577903597,0.55,0.08474829002263153
15.2,30.208805577903597,0.55,0.08485705416562707
15.3,30.208805577903597,0.55,0.08490719590322694
15.4,30.208805577903597,0.55,0.08490719590322694
15.5,30.208805577903597,0.55,0.08490719590322694
15.600000000000001,30.208805577903597,0.55,0.08490719590322694
15.7,30.208805577903597,0.55,0.08490719590322694
15.8,30.208805577903597,0.55,0.08490719590322694
15.9,30.208805577903597,0.55,0.08490719590322694
16.0,30.208805577903597,0.55,0.08490719590322694
16.1,30.208805577903597,0.55,0.08490719590322694
16.2,30.208805577903597,0.55,0.08490719590322694
16.3,30.208805577903597,0.55,0.08490719590322694
16.4,30.208805577903597,0.55,0.08490719590322694
16.5,30.208805577903597,0.55,0.08490719590322694
16.6,30.208805577903597,0.55,0.08490719590322694
16.7,30.208805577903597,0.55,0.08490719590322694
16.8,30.208805577903597,0.55,0.08490719590322694
16.9,30.208805577903597,0.55,0.08490719590322694
17.0,30.208805577903597,0.55,0.08490719590322694
17.1,30.208805577903597,0.55,0.08490719590322694
17.2,30.208805577903597,0.55,0.08490719590322694
17.3,30.208805577903597,0.55,0.08490719590322694
17.4,30.208805577903597,0.55,0.08490719590322694
17.5,30.208805577903597,0.55,0.08490719590322694
17.6,30.208805577903597,0.55,0.08490719590322694
17.7,30.208805577903597,0.55,0.08490719590322694
17.8,30.208805577903597,0.55,0.08490719590322694
17.9,30.208805577903597,0.55,0.08490719590322694
18.0,30.208805577903597,0.55,0.08490719590322694
18.1,30.208805577903597,0.55,0.08490719590322694
18.200000000000003,30.208805577903597,0.55,0.08490719590322694
18.3,30.208805577903597,0.55,0.08490719590322694
18.4,30.208805577903597,0.55,0.08490719590322694
18.5,30.208805577903597,0.55,0.08490719590322694
18.6,30.208805577903597,0.55,0.08490719590322694
18.700000000000003,30.208805577903597,0.55,0.08490719590322694
18.8,30.208805577903597,0.55,0.08490719590322694
18.9,30.208805577903597,0.55,0.08490719590322694
19.0,30.208805577903597,0.55,0.08490719590322694
19.1,30.208805577903597,0.55,0.08490719590322694
19.200000000000003,30.208805577903597,0.55,0.08490719590322694
19.3,30.208805577903597,0.55,0.08490719590322694
19.4,30.208805577903597,0.55,0.08490719590322694
19.5,30.208805577903597,0.55,0.08490719590322694
19.6,30.208805577903597,0.55,0.08490719590322694
19.700000000000003,30.208805577903597,0.55,0.08490719590322694
19.8,30.208805577903597,0.55,0.08490719590322694
19.9,30.208805577903597,0.55,0.08490719590322694
20.0,30.208805577903597,0.55,0.08490719590322694
20.1,30.208805577903597,0.55,0.08490719590322694
20.200000000000003,30.208805577903597,0.55,0.08490719590322694
20.3,30.208805577903597,0.55,0.08490719590322694
20.4,30.208805577903597,0.55,0.08490719590322694
20.5,30.208805577903597,0.55,0.08490719590322694
20.6,30.208805577903597,0.55,0.08490719590322694
20.700000000000003,30.208805577903597,0.55,0.08490719590322694
20.8,30.208805577903597,0.55,0.08490719590322694
20.9,30.208805577903597,0.55,0.08490719590322694
21.0,30.208805577903597,0.55,0.08490719590322694
21.1,30.208805577903597,0.55,0.08490719590322694
21.200000000000003,30.208805577903597,0.55,0.08490719590322694
21.3,30.208805577903597,0.55,0.08490719590322694
21.4,30.208805577903597,0.55,0.08490719590322694
21.5,30.208805577903597,0.55,0.08490719590322694
21.6,30.208805577903597,0.55,0.08490719590322694
21.700000000000003,30.208805577903597,0.55,0.08490719590322694
21.8,30.208805577903597,0.55,0.08490719590322694
21.9,30.208805577903597,0.55,0.08490719590322694
22.0,30.208805577903597,0.55,0.08490719590322694
22.1,30.208805577903597,0.55,0.08490719590322694
22.200000000000003,30.208805577903597,0.55,0.08490719590322694
22.3,30.208805577903597,0.55,0.08490719590322694
22.4,30.208805577903597,0.55,0.08490719590322694
22.5,30.208805577903597,0.55,0.08490719590322694
22.6,30.208805577903597,0.55,0.08490719590322694
22.700000000000003,30.208805577903597,0.55,0.08490719590322694
22.8,30.208805577903597,0.55,0.08490719590322694
22.9,30.208805577903597,0.55,0.0859182393151781
23.0,30.208805577903597,0.55,0.08692496512470238
23.1,30.208805577903597,0.55,0.08791335215552239
23.200000000000003,30.208805577903597,0.55,0.0888788032711168
23.3,30.208805577903597,0.55,0.08981658872603503
23.4,30.208805577903597,0.55,0.09072185815491098
23.5,30.208805577903597,0.55,0.09158965459141846
23.6,30.208805577903597,0.55,0.0924149305441533
23.700000000000003,30.208805577903597,0.55,0.09319256614289546
23.8,30.208805577903597,0.55,0.09391738935406746
23.9,30.208805577903597,0.55,0.09458419824852368
24.0,30.208805577903597,0.55,0.09518778528810848
24.1,30.208805577903597,0.55,0.09572296357972658
24.200000000000003,30.208805577903597,0.55,0.09618459502699157
24.3,30.208805577903597,0.55,0.09656762028982234
24.4,30.208805577903597,0.55,0.09686709044159726
24.5,30.208805577903597,0.55,0.09707820019159878
24.6,30.208805577903597,0.55,0.09719806447464253
24.700000000000003,30.208805577903597,0.55,0.0972309836166576
24.8,30.208805577903597,0.55,0.0972309836166576
24.9,30.208805577903597,0.55,0.0972309836166576
25.0,30.208805577903597,0.55,0.0972309836166576
10.0,31.8115975966851,0.55,0.06935424997406273
10.1,31.8115975966851,0.55,0.06935424997406273
10.2,31.8115975966851,0.55,0.06935424997406273
10.3,31.8115975966851,0.55,0.06935424997406273
10.4,31.8115975966851,0.55,0.06935424997406273
10.5,31.8115975966851,0.55,0.06935424997406273
10.6,31.8115975966851,0.55,0.06935424997406273
10.7,31.8115975966851,0.55,0.06935424997406273
10.8,31.8115975966851,0.55,0.06935424997406273
10.9,31.8115975966851,0.55,0.06935424997406273
11.0,31.8115975966851,0.55,0.06935424997406273
11.1,31.8115975966851,0.55,0.06935424997406273
11.2,31.8115975966851,0.55,0.06935424997406273
11.3,31.8115975966851,0.55,0.06935424997406273
11.4,31.8115975966851,0.55,0.06935424997406273
11.5,31.8115975966851,0.55,0.06935424997406273
11.6,31.8115975966851,0.55,0.06942561862504808
11.7,31.8115975966851,0.55,0.06960577338638102
11.8,31.8115975966851,0.55,0.06982772438178808
11.9,31.8115975966851,0.55,0.07008924441166092
12.0,31.8115975966851,0.55,0.07038813502110575
12.1,31.8115975966851,0.55,0.07072221418221857
12.2,31.8115975966851,0.55,0.07108930474431148
12.3,31.8115975966851,0.55,0.07148722362379663
12.4,31.8115975966851,0.55,0.07191377171426241
12.5,31.8115975966851,0.55,0.07236672450544403
12.6,31.8115975966851,0.55,0.07284382340735
12.7,31.8115975966851,0.55,0.07334276778273341
12.8,31.8115975966851,0.55,0.07386120769742133
12.9,31.8115975966851,0.55,0.07439673740371683
13.0,31.8115975966851,0.55,0.07494688957716274
13.1,31.8115975966851,0.55,0.07550913033140999
13.2,31.8115975966851,0.55,0.07608085503971133
13.3,31.8115975966851,0.55,0.07665938499469689
13.4,31.8115975966851,0.55,0.07724196494052467
13.5,31.8115975966851,0.55,0.07782576151322727
13.6,31.8115975966851,0.55,0.07840786262610375
13.7,31.8115975966851,0.55,0.07898527783727129
13.8,31.8115975966851,0.55,0.0795549397360198
13.9,31.8115975966851,0.55,0.08011370638337947
14.0,31.8115975966851,0.55,0.08065836484029358
14.100000000000001,31.8115975966851,0.55,0.08118563581400821
14.2,31.8115975966851,0.55,0.08169217944971899
14.3,31.8115975966851,0.55,0.08217460229017358
14.4,31.8115975966851,0.55,0.08262946542080149
14.5,31.8115975966851,0.55,0.0830532938120539
14.600000000000001,31.8115975966851,0.55,0.0834425868639838
14.7,31.8115975966851,0.55,0.08379383015067966
14.8,31.8115975966851,0.55,0.08410350835402143
14.9,31.8115975966851,0.55,0.08436811936732458
15.0,31.8115975966851,0.55,0.08458418953982849
15.100000000000001,31.8115975966851,0.55,0.08474829002263153
15.2,31.8115975966851,0.55,0.08485705416562707
15.3,31.8115975966851,0.55,0.08490719590322694
15.4,31.8115975966851,0.55,0.08490719590322694
15.5,31.8115975966851,0.55,0.08490719590322694
15.600000000000001,31.8115975966851,0.55,0.08490719590322694
15.7,31.8115975966851,0.55,0.08490719590322694
15.8,31.8115975966851,0.55,0.08490719590322694
15.9,31.8115975966851,0.55,0.08490719590322694
16.0,31.8115975966851,0.55,0.08490719590322694
16.1,31.8115975966851,0.55,0.08490719590322694
16.2,31.8115975966851,0.55,0.08490719590322694
16.3,31.8115975966851,0.55,0.08490719590322694
16.4,31.8115975966851,0.55,0.08490719590322694
16.5,31.8115975966851,0.55,0.08490719590322694
16.6,31.8115975966851,0.55,0.08490719590322694
16.7,31.8115975966851,0.55,0.08490719590322694
16.8,31.8115975966851,0.55,0.08490719590322694
16.9,31.8115975966851,0.55,0.08490719590322694
17.0,31.8115975966851,0.55,0.08490719590322694
17.1,31.8115975966851,0.55,0.08490719590322694
17.2,31.8115975966851,0.55,0.08490719590322694
17.3,31.8115975966851,0.55,0.08490719590322694
17.4,31.8115975966851,0.55,0.08490719590322694
17.5,31.8115975966851,0.55,0.08490719590322694
17.6,31.8115975966851,0.55,0.08490719590322694
17.7,31.8115975966851,0.55,0.08490719590322694
17.8,31.8115975966851,0.55,0.08490719590322694
17.9,31.8115975966851,0.55,0.08490719590322694
18.0,31.8115975966851,0.55,0.08490719590322694
18.1,31.8115975966851,0.55,0.08490719590322694
18.200000000000003,31.8115975966851,0.55,0.08490719590322694
18.3,31.8115975966851,0.55,0.08490719590322694
18.4,31.8115975966851,0.55,0.08490719590322694
18.5,31.8115975966851,0.55,0.08490719590322694
18.6,31.8115975966851,0.55,0.08490719590322694
18.700000000000003,31.8115975966851,0.55,0.08490719590322694
18.8,31.8115975966851,0.55,0.08490719590322694
18.9,31.8115975966851,0.55,0.08490719590322694
19.0,31.8115975966851,0.55,0.08490719590322694
19.1,31.8115975966851,0.55,0.08490719590322694
19.200000000000003,31.8115975966851,0.55,0.08490719590322694
19.3,31.8115975966851,0.55,0.08490719590322694
19.4,31.8115975966851,0.55,0.08490719590322694
19.5,31.8115975966851,0.55,0.08490719590322694
19.6,31.8115975966851,0.55,0.08490719590322694
19.700000000000003,31.8115975966851,0.55,0.08490719590322694
19.8,31.8115975966851,0.55,0.08490719590322694
19.9,31.8115975966851,0.55,0.08490719590322694
20.0,31.8115975966851,0.55,0.08490719590322694
20.1,31.8115975966851,0.55,0.08490719590322694
20.200000000000003,31.8115975966851,0.55,0.08490719590322694
20.3,31.8115975966851,0.55,0.08490719590322694
20.4,31.8115975966851,0.55,0.08490719590322694
20.5,31.8115975966851,0.55,0.08490719590322694
20.6,31.8115975966851,0.55,0.08490719590322694
20.700000000000003,31.8115975966851,0.55,0.08490719590322694
20.8,31.8115975966851,0.55,0.08490719590322694
20.9,31.8115975966851,0.55,0.08490719590322694
21.0,31.8115975966851,0.55,0.08490719590322694
21.1,31.8115975966851,0.55,0.08490719590322694
21.200000000000003,31.8115975966851,0.55,0.08490719590322694
21.3,31.8115975966851,0.55,0.08490719590322694
21.4,31.8115975966851,0.55,0.08490719590322694
21.5,31.8115975966851,0.55,0.08490719590322694
21.6,31.8115975966851,0.55,0.08490719590322694
21.700000000000003,31.8115975966851,0.55,0.08490719590322694
21.8,31.8115975966851,0.55,0.08490719590322694
21.9,31.8115975966851,0.55,0.08490719590322694
22.0,31.8115975966851,0.55,0.08490719590322694
22.1,31.8115975966851,0.55,0.08490719590322694
22.200000000000003,31.8115975966851,0.55,0.08490719590322694
22.3,31.8115975966851,0.55,0.08490719590322694
22.4,31.8115975966851,0.55,0.08490719590322694
22.5,31.8115975966851,0.55,0.08490719590322694
22.6,31.8115975966851,0.55,0.08490719590322694
22.700000000000003,31.8115975966851,0.55,0.08490719590322694
22.8,31.8115975966851,0.55,0.08490719590322694
22.9,31.8115975966851,0.55,0.0859182393151781
23.0,31.8115975966851,0.55,0.08692496512470238
23.1,31.8115975966851,0.55,0.08791335215552239
23.200000000000003,31.8115975966851,0.55,0.0888788032711168
23.3,31.8115975966851,0.55,0.08981658872603503
23.4,31.8115975966851,0.55,0.09072185815491098
23.5,31.8115975966851,0.55,0.09158965459141846
23.6,31.8115975966851,0.55,0.0924149305441533
23.700000000000003,31.8115975966851,0.55,0.09319256614289546
23.8,31.8115975966851,0.55,0.09391738935406746
23.9,31.8115975966851,0.55,0.09458419824852368
24.0,31.8115975966851,0.55,0.09518778528810848
24.1,31.8115975966851,0.55,0.09572296357972658
24.200000000000003,31.8115975966851,0.55,0.09618459502699157
24.3,31.8115975966851,0.55,0.09656762028982234
24.4,31.8115975966851,0.55,0.09686709044159726
24.5,31.8115975966851,0.55,0.09707820019159878
24.6,31.8115975966851,0.55,0.09719806447464253
24.700000000000003,31.8115975966851,0.55,0.0972309836166576
24.8,31.8115975966851,0.55,0.0972309836166576
24.9,31.8115975966851,0.55,0.0972309836166576
25.0,31.8115975966851,0.55,0.0972309836166576
10.0,33.92623703353835,0.55,0.06935424997406273
10.1,33.92623703353835,0.55,0.06935424997406273
10.2,33.92623703353835,0.55,0.06935424997406273
10.3,33.92623703353835,0.55,0.06935424997406273
10.4,33.92623703353835,0.55,0.06935424997406273
10.5,33.92623703353835,0.55,0.06935424997406273
10.6,33.92623703353835,0.55,0.06935424997406273
10.7,33.92623703353835,0.55,0.06935424997406273
10.8,33.92623703353835,0.55,0.06935424997406273
10.9,33.92623703353835,0.55,0.06935424997406273
11.0,33.92623703353835,0.55,0.06935424997406273
11.1,33.92623703353835,0.55,0.06935424997406273
11.2,33.92623703353835,0.55,0.06935424997406273
11.3,33.92623703353835,0.55,0.06935424997406273
11.4,33.92623703353835,0.55,0.06935424997406273
11.5,33.92623703353835,0.55,0.06935424997406273
11.6,33.92623703353835,0.55,0.06942561862504808
11.7,33.92623703353835,0.55,0.06960577338638102
11.8,33.92623703353835,0.55,0.06982772438178808
11.9,33.92623703353835,0.55,0.07008924441166092
12.0,33.92623703353835,0.55,0.07038813502110575
12.1,33.92623703353835,0.55,0.07072221418221857
12.2,33.92623703353835,0.55,0.07108930474431148
12.3,33.92623703353835,0.55,0.07148722362379663
12.4,33.92623703353835,0.55,0.07191377171426241
12.5,33.92623703353835,0.55,0.07236672450544403
12.6,33.92623703353835,0.55,0.07284382340735
12.7,33.92623703353835,0.55,0.07334276778273341
12.8,33.92623703353835,0.55,0.07386120769742133
12.9,33.92623703353835,0.55,0.07439673740371683
13.0,33.92623703353835,0.55,0.07494688957716274
13.1,33.92623703353835,0.55,0.07550913033140999
13.2,33.92623703353835,0.55,0.07608085503971133
13.3,33.92623703353835,0.55,0.07665938499469689
13.4,33.92623703353835,0.55,0.07724196494052467
13.5,33.92623703353835,0.55,0.07782576151322727
13.6,33.92623703353835,0.55,0.07840786262610375
13.7,33.92623703353835,0.55,0.07898527783727129
13.8,33.92623703353835,0.55,0.0795549397360198
13.9,33.92623703353835,0.55,0.08011370638337947
14.0,33.92623703353835,0.55,0.08065836484029358
14.100000000000001,33.92623703353835,0.55,0.08118563581400821
14.2,33.92623703353835,0.55,0.08169217944971899
14.3,33.92623703353835,0.55,0.08217460229017358
14.4,33.92623703353835,0.55,0.08262946542080149
14.5,33.92623703353835,0.55,0.0830532938120539
14.600000000000001,33.92623703353835,0.55,0.0834425868639838
14.7,33.92623703353835,0.55,0.08379383015067966
14.8,33.92623703353835,0.55,0.08410350835402143
14.9,33.92623703353835,0.55,0.08436811936732458
15.0,33.92623703353835,0.55,0.08458418953982849
15.100000000000001,33.92623703353835,0.55,0.08474829002263153
15.2,33.92623703353835,0.55,0.08485705416562707
15.3,33.92623703353835,0.55,0.08490719590322694
15.4,33.92623703353835,0.55,0.08490719590322694
15.5,33.92623703353835,0.55,0.08490719590322694
15.600000000000001,33.92623703353835,0.55,0.08490719590322694
15.7,33.92623703353835,0.55,0.08490719590322694
15.8,33.92623703353835,0.55,0.08490719590322694
15.9,33.92623703353835,0.55,0.08490719590322694
16.0,33.92623703353835,0.55,0.08490719590322694
16.1,33.92623703353835,0.55,0.08490719590322694
16.2,33.92623703353835,0.55,0.08490719590322694
16.3,33.92623703353835,0.55,0.08490719590322694
16.4,33.92623703353835,0.55,0.08490719590322694
16.5,33.92623703353835,0.55,0.08490719590322694
16.6,33.92623703353835,0.55,0.08490719590322694
16.7,33.92623703353835,0.55,0.08490719590322694
16.8,33.92623703353835,0.55,0.08490719590322694
16.9,33.92623703353835,0.55,0.08490719590322694
17.0,33.92623703353835,0.55,0.08490719590322694
17.1,33.92623703353835,0.55,0.08490719590322694
17.2,33.92623703353835,0.55,0.08490719590322694
17.3,33.92623703353835,0.55,0.08490719590322694
17.4,33.92623703353835,0.55,0.08490719590322694
17.5,33.92623703353835,0.55,0.08490719590322694
17.6,33.92623703353835,0.55,0.08490719590322694
17.7,33.92623703353835,0.55,0.08490719590322694
17.8,33.92623703353835,0.55,0.08490719590322694
17.9,33.92623703353835,0.55,0.08490719590322694
18.0,33.92623703353835,0.55,0.08490719590322694
18.1,33.92623703353835,0.55,0.08490719590322694
18.200000000000003,33.92623703353835,0.55,0.08490719590322694
18.3,33.92623703353835,0.55,0.08490719590322694
18.4,33.92623703353835,0.55,0.08490719590322694
18.5,33.92623703353835,0.55,0.08490719590322694
18.6,33.92623703353835,0.55,0.08490719590322694
18.700000000000003,33.92623703353835,0.55,0.08490719590322694
18.8,33.92623703353835,0.55,0.08490719590322694
18.9,33.92623703353835,0.55,0.08490719590322694
19.0,33.92623703353835,0.55,0.08490719590322694
19.1,33.92623703353835,0.55,0.08490719590322694
19.200000000000003,33.92623703353835,0.55,0.08490719590322694
19.3,33.92623703353835,0.55,0.08490719590322694
19.4,33.92623703353835,0.55,0.08490719590322694
19.5,33.92623703353835,0.55,0.08490719590322694
19.6,33.92623703353835,0.55,0.08490719590322694
19.700000000000003,33.92623703353835,0.55,0.08490719590322694
19.8,33.92623703353835,0.55,0.08490719590322694
19.9,33.92623703353835,0.55,0.08490719590322694
20.0,33.92623703353835,0.55,0.08490719590322694
20.1,33.92623703353835,0.55,0.08490719590322694
20.200000000000003,33.92623703353835,0.55,0.08490719590322694
20.3,33.92623703353835,0.55,0.08490719590322694
20.4,33.92623703353835,0.55,0.08490719590322694
20.5,33.92623703353835,0.55,0.08490719590322694
20.6,33.92623703353835,0.55,0.08490719590322694
20.700000000000003,33.92623703353835,0.55,0.08490719590322694
20.8,33.92623703353835,0.55,0.08490719590322694
20.9,33.92623703353835,0.55,0.08490719590322694
21.0,33.92623703353835,0.55,0.08490719590322694
21.1,33.92623703353835,0.55,0.08490719590322694
21.200000000000003,33.92623703353835,0.55,0.08490719590322694
21.3,33.92623703353835,0.55,0.08490719590322694
21.4,33.92623703353835,0.55,0.08490719590322694
21.5,33.92623703353835,0.55,0.08490719590322694
21.6,33.92623703353835,0.55,0.08490719590322694
21.700000000000003,33.92623703353835,0.55,0.08490719590322694
21.8,33.92623703353835,0.55,0.08490719590322694
21.9,33.92623703353835,0.55,0.08490719590322694
22.0,33.92623703353835,0.55,0.08490719590322694
22.1,33.92623703353835,0.55,0.08490719590322694
22.200000000000003,33.92623703353835,0.55,0.08490719590322694
22.3,33.92623703353835,0.55,0.08490719590322694
22.4,33.92623703353835,0.55,0.08490719590322694
22.5,33.92623703353835,0.55,0.08490719590322694
22.6,33.92623703353835,0.55,0.08490719590322694
22.700000000000003,33.92623703353835,0.55,0.08490719590322694
22.8,33.92623703353835,0.55,0.08490719590322694
22.9,33.92623703353835,0.55,0.0859182393151781
23.0,33.92623703353835,0.55,0.08692496512470238
23.1,33.92623703353835,0.55,0.08791335215552239
23.200000000000003,33.92623703353835,0.55,0.0888788032711168
23.3,33.92623703353835,0.55,0.08981658872603503
23.4,33.92623703353835,0.55,0.09072185815491098
23.5,33.92623703353835,0.55,0.09158965459141846
23.6,33.92623703353835,0.55,0.0924149305441533
23.700000000000003,33.92623703353835,0.55,0.09319256614289546
23.8,33.92623703353835,0.55,0.09391738935406746
23.9,33.92623703353835,0.55,0.09458419824852368
24.0,33.92623703353835,0.55,0.09518778528810848
24.1,33.92623703353835,0.55,0.09572296357972658
24.200000000000003,33.92623703353835,0.55,0.09618459502699157
24.3,33.92623703353835,0.55,0.09656762028982234
24.4,33.92623703353835,0.55,0.09686709044159726
24.5,33.92623703353835,0.55,0.09707820019159878
24.6,33.92623703353835,0.55,0.09719806447464253
24.700000000000003,33.92623703353835,0.55,0.0972309836166576
24.8,33.92623703353835,0.55,0.0972309836166576
24.9,33.92623703353835,0.55,0.0972309836166576
25.0,33.92623703353835,0.55,0.0972309836166576
10.0,30.208805577903597,0.6,0.07197072699313128
10.1,30.208805577903597,0.6,0.07197072699313128
10.2,30.208805577903597,0.6,0.07197072699313128
10.3,30.208805577903597,0.6,0.07197072699313128
10.4,30.208805577903597,0.6,0.07197072699313128
10.5,30.208805577903597,0.6,0.07197072699313128
10.6,30.208805577903597,0.6,0.07197072699313128
10.7,30.208805577903597,0.6,0.07197072699313128
10.8,30.208805577903597,0.6,0.07197072699313128
10.9,30.208805577903597,0.6,0.07197072699313128
11.0,30.208805577903597,0.6,0.07197072699313128
11.1,30.208805577903597,0.6,0.07197072699313128
11.2,30.208805577903597,0.6,0.07197072699313128
11.3,30.208805577903597,0.6,0.07197072699313128
11.4,30.208805577903597,0.6,0.07197072699313128
11.5,30.208805577903597,0.6,0.07197072699313128
11.6,30.208805577903597,0.6,0.07197072699313128
11.7,30.208805577903597,0.6,0.07197072699313128
11.8,30.208805577903597,0.6,0.07197072699313128
11.9,30.208805577903597,0.6,0.07197072699313128
12.0,30.208805577903597,0.6,0.07201378168536891
12.1,30.208805577903597,0.6,0.0723224647178754
12.2,30.208805577903597,0.6,0.07267539765906475
12.3,30.208805577903597,0.6,0.07306998468193285
12.4,30.208805577903597,0.6,0.07350363497787751
12.5,30.208805577903597,0.6,0.07397374785925138
12.6,30.208805577903597,0.6,0.07447769886249883
12.7,30.208805577903597,0.6,0.07501282683593405
12.8,30.208805577903597,0.6,0.0755764220083107
12.9,30.208805577903597,0.6,0.07616571504540817
13.0,30.208805577903597,0.6,0.07677786711192472
13.1,30.208805577903597,0.6,0.07740996096501429
13.2,30.208805577903597,0.6,0.07805899311379402
13.3,30.208805577903597,0.6,0.07872186708610336
13.4,30.208805577903597,0.6,0.07939538784962319
13.5,30.208805577903597,0.6,0.08007625743919736
13.6,30.208805577903597,0.6,0.08076107184574313
13.7,30.208805577903597,0.6,0.08144631922451993
13.8,30.208805577903597,0.6,0.082128379481662
13.9,30.208805577903597,0.6,0.08280352529778862
14.0,30.208805577903597,0.6,0.08346792464614047
14.100000000000001,30.208805577903597,0.6,0.08411764486004206
14.2,30.208805577903597,0.6,0.08474865830056272
14.3,30.208805577903597,0.6,0.08535684967002383
14.4,30.208805577903597,0.6,0.08593802501049336
14.5,30.208805577903597,0.6,0.08648792241863801
14.600000000000001,30.208805577903597,0.6,0.08700222449925989
14.7,30.208805577903597,0.6,0.08747657256957218
14.8,30.208805577903597,0.6,0.08790658261477215
14.9,30.208805577903597,0.6,0.08828786298276242
15.0,30.208805577903597,0.6,0.08861603379198277
15.100000000000001,30.208805577903597,0.6,0.08888674801123954
15.2,30.208805577903597,0.6,0.08909571415418199
15.3,30.208805577903597,0.6,0.08923872051364548
15.4,30.208805577903597,0.6,0.08931166084250494
15.5,30.208805577903597,0.6,0.08931166084250494
15.600000000000001,30.208805577903597,0.6,0.08931166084250494
15.7,30.208805577903597,0.6,0.08931166084250494
15.8,30.208805577903597,0.6,0.08931166084250494
15.9,30.208805577903597,0.6,0.08931166084250494
16.0,30.208805577903597,0.6,0.08931166084250494
16.1,30.208805577903597,0.6,0.08931166084250494
16.2,30.208805577903597,0.6,0.08931166084250494
16.3,30.208805577903597,0.6,0.08931166084250494
16.4,30.208805577903597,0.6,0.08931166084250494
16.5,30.208805577903597,0.6,0.08931166084250494
16.6,30.208805577903597,0.6,0.08931166084250494
16.7,30.208805577903597,0.6,0.08931166084250494
16.8,30.208805577903597,0.6,0.08931166084250494
16.9,30.208805577903597,0.6,0.08931166084250494
17.0,30.208805577903597,0.6,0.08931166084250494
17.1,30.208805577903597,0.6,0.08931166084250494
17.2,30.208805577903597,0.6,0.08931166084250494
17.3,30.208805577903597,0.6,0.08931166084250494
17.4,30.208805577903597,0.6,0.08931166084250494
17.5,30.208805577903597,0.6,0.08931166084250494
17.6,30.208805577903597,0.6,0.08931166084250494
17.7,30.208805577903597,0.6,0.08931166084250494
17.8,30.208805577903597,0.6,0.08931166084250494
17.9,30.208805577903597,0.6,0.08931166084250494
18.0,30.208805577903597,0.6,0.08931166084250494
18.1,30.208805577903597,0.6,0.08931166084250494
18.200000000000003,30.208805577903597,0.6,0.08931166084250494
18.3,30.208805577903597,0.6,0.08931166084250494
18.4,30.208805577903597,0.6,0.08931166084250494
18.5,30.208805577903597,0.6,0.08931166084250494
18.6,30.208805577903597,0.6,0.08931166084250494
18.700000000000003,30.208805577903597,0.6,0.08931166084250494
18.8,30.208805577903597,0.6,0.08931166084250494
18.9,30.208805577903597,0.6,0.08931166084250494
19.0,30.208805577903597,0.6,0.08931166084250494
19.1,30.208805577903597,0.6,0.08931166084250494
19.200000000000003,30.208805577903597,0.6,0.08931166084250494
19.3,30.208805577903597,0.6,0.08931166084250494
19.4,30.208805577903597,0.6,0.08931166084250494
19.5,30.208805577903597,0.6,0.08931166084250494
19.6,30.208805577903597,0.6,0.08931166084250494
19.700000000000003,30.208805577903597,0.6,0.08931166084250494
19.8,30.208805577903597,0.6,0.08931166084250494
19.9,30.208805577903597,0.6,0.08931166084250494
20.0,30.208805577903597,0.6,0.08931166084250494
20.1,30.208805577903597,0.6,0.08931166084250494
20.200000000000003,30.208805577903597,0.6,0.08931166084250494
20.3,30.208805577903597,0.6,0.08931166084250494
20.4,30.208805577903597,0.6,0.08931166084250494
20.5,30.208805577903597,0.6,0.08931166084250494
20.6,30.208805577903597,0.6,0.08931166084250494
20.700000000000003,30.208805577903597,0.6,0.08931166084250494
20.8,30.208805577903597,0.6,0.08931166084250494
20.9,30.208805577903597,0.6,0.08931166084250494
21.0,30.208805577903597,0.6,0.08931166084250494
21.1,30.208805577903597,0.6,0.08931166084250494
21.200000000000003,30.208805577903597,0.6,0.08931166084250494
21.3,30.208805577903597,0.6,0.08931166084250494
21.4,30.208805577903597,0.6,0.08931166084250494
21.5,30.208805577903597,0.6,0.08931166084250494
21.6,30.208805577903597,0.6,0.08931166084250494
21.700000000000003,30.208805577903597,0.6,0.08931166084250494
21.8,30.208805577903597,0.6,0.08931166084250494
21.9,30.208805577903597,0.6,0.08931166084250494
22.0,30.208805577903597,0.6,0.08931166084250494
22.1,30.208805577903597,0.6,0.08931166084250494
22.200000000000003,30.208805577903597,0.6,0.08931166084250494
22.3,30.208805577903597,0.6,0.08931166084250494
22.4,30.208805577903597,0.6,0.08931166084250494
22.5,30.208805577903597,0.6,0.08931166084250494
22.6,30.208805577903597,0.6,0.08931166084250494
22.700000000000003,30.208805577903597,0.6,0.08931166084250494
22.8,30.208805577903597,0.6,0.08931166084250494
22.9,30.208805577903597,0.6,0.09017232694280508
23.0,30.208805577903597,0.6,0.09121414231779855
23.1,30.208805577903597,0.6,0.09223427059477218
23.200000000000003,30.208805577903597,0.6,0.09322769638116986
23.3,30.208805577903597,0.6,0.09418926765681779
23.4,30.208805577903597,0.6,0.09511370992427817
23.5,30.208805577903597,0.6,0.09599564261152903
23.6,30.208805577903597,0.6,0.09682959774849517
23.700000000000003,30.208805577903597,0.6,0.09761004092349444
23.8,30.208805577903597,0.6,0.09833139450904929
23.9,30.208805577903597,0.6,0.0989880631288133
24.0,30.208805577903597,0.6,0.09957446131860861
24.1,30.208805577903597,0.6,0.10008504331473651
24.200000000000003,30.208805577903597,0.6,0.10051433488182009
24.3,30.208805577903597,0.6,0.10085696707036641
24.4,30.208805577903597,0.6,0.10110771177093733
24.5,30.208805577903597,0.6,0.10126151890714298
24.6,30.208805577903597,0.6,0.10131543711870117
24.700000000000003,30.208805577903597,0.6,0.10131543711870117
24.8,30.208805577903597,0.6,0.10131543711870117
24.9,30.208805577903597,0.6,0.10131543711870117
25.0,30.208805577903597,0.6,0.10131543711870117
10.0,31.8115975966851,0.6,0.07197072699313128
10.1,31.8115975966851,0.6,0.07197072699313128
10.2,31.8115975966851,0.6,0.07197072699313128
10.3,31.8115975966851,0.6,0.07197072699313128
10.4,31.8115975966851,0.6,0.07197072699313128
10.5,31.8115975966851,0.6,0.07197072699313128
10.6,31.8115975966851,0.6,0.07197072699313128
10.7,31.8115975966851,0.6,0.07197072699313128
10.8,31.8115975966851,0.6,0.07197072699313128
10.9,31.8115975966851,0.6,0.07197072699313128
11.0,31.8115975966851,0.6,0.07197072699313128
11.1,31.8115975966851,0.6,0.07197072699313128
11.2,31.8115975966851,0.6,0.07197072699313128
11.3,31.8115975966851,0.6,0.07197072699313128
11.4,31.8115975966851,0.6,0.07197072699313128
11.5,31.8115975966851,0.6,0.07197072699313128
11.6,31.8115975966851,0.6,0.07197072699313128
11.7,31.8115975966851,0.6,0.07197072699313128
11.8,31.8115975966851,0.6,0.07197072699313128
11.9,31.8115975966851,0.6,0.07197072699313128
12.0,31.8115975966851,0.6,0.07201378168536891
12.1,31.8115975966851,0.6,0.0723224647178754
12.2,31.8115975966851,0.6,0.07267539765906475
12.3,31.8115975966851,0.6,0.07306998468193285
12.4,31.8115975966851,0.6,0.07350363497787751
12.5,31.8115975966851,0.6,0.07397374785925138
12.6,31.8115975966851,0.6,0.07447769886249883
12.7,31.8115975966851,0.6,0.07501282683593405
12.8,31.8115975966851,0.6,0.0755764220083107
12.9,31.8115975966851,0.6,0.07616571504540817
13.0,31.8115975966851,0.6,0.07677786711192472
13.1,31.8115975966851,0.6,0.07740996096501429
13.2,31.8115975966851,0.6,0.07805899311379402
13.3,31.8115975966851,0.6,0.07872186708610336
13.4,31.8115975966851,0.6,0.07939538784962319
13.5,31.8115975966851,0.6,0.08007625743919736
13.6,31.8115975966851,0.6,0.08076107184574313
13.7,31.8115975966851,0.6,0.08144631922451993
13.8,31.8115975966851,0.6,0.082128379481662
13.9,31.8115975966851,0.6,0.08280352529778862
14.0,31.8115975966851,0.6,0.08346792464614047
14.100000000000001,31.8115975966851,0.6,0.08411764486004206
14.2,31.8115975966851,0.6,0.08474865830056272
14.3,31.8115975966851,0.6,0.08535684967002383
14.4,31.8115975966851,0.6,0.08593802501049336
14.5,31.8115975966851,0.6,0.08648792241863801
14.600000000000001,31.8115975966851,0.6,0.08700222449925989
14.7,31.8115975966851,0.6,0.08747657256957218
14.8,31.8115975966851,0.6,0.08790658261477215
14.9,31.8115975966851,0.6,0.08828786298276242
15.0,31.8115975966851,0.6,0.08861603379198277
15.100000000000001,31.8115975966851,0.6,0.08888674801123954
15.2,31.8115975966851,0.6,0.08909571415418199
15.3,31.8115975966851,0.6,0.08923872051364548
15.4,31.8115975966851,0.6,0.08931166084250494
15.5,31.8115975966851,0.6,0.08931166084250494
15.600000000000001,31.8115975966851,0.6,0.08931166084250494
15.7,31.8115975966851,0.6,0.08931166084250494
15.8,31.8115975966851,0.6,0.08931166084250494
15.9,31.8115975966851,0.6,0.08931166084250494
16.0,31.8115975966851,0.6,0.08931166084250494
16.1,31.8115975966851,0.6,0.08931166084250494
16.2,31.8115975966851,0.6,0.08931166084250494
16.3,31.8115975966851,0.6,0.08931166084250494
16.4,31.8115975966851,0.6,0.08931166084250494
16.5,31.8115975966851,0.6,0.08931166084250494
16.6,31.8115975966851,0.6,0.08931166084250494
16.7,31.8115975966851,0.6,0.08931166084250494
16.8,31.8115975966851,0.6,0.08931166084250494
16.9,31.8115975966851,0.6,0.08931166084250494
17.0,31.8115975966851,0.6,0.08931166084250494
17.1,31.8115975966851,0.6,0.08931166084250494
17.2,31.8115975966851,0.6,0.08931166084250494
17.3,31.8115975966851,0.6,0.08931166084250494
17.4,31.8115975966851,0.6,0.08931166084250494
17.5,31.8115975966851,0.6,0.08931166084250494
17.6,31.8115975966851,0.6,0.08931166084250494
17.7,31.8115975966851,0.6,0.08931166084250494
17.8,31.8115975966851,0.6,0.08931166084250494
17.9,31.8115975966851,0.6,0.08931166084250494
18.0,31.8115975966851,0.6,0.08931166084250494
18.1,31.8115975966851,0.6,0.08931166084250494
18.200000000000003,31.8115975966851,0.6,0.08931166084250494
18.3,31.8115975966851,0.6,0.08931166084250494
18.4,31.8115975966851,0.6,0.08931166084250494
18.5,31.8115975966851,0.6,0.08931166084250494
18.6,31.8115975966851,0.6,0.08931166084250494
18.700000000000003,31.8115975966851,0.6,0.08931166084250494
18.8,31.8115975966851,0.6,0.08931166084250494
18.9,31.8115975966851,0.6,0.08931166084250494
19.0,31.8115975966851,0.6,0.08931166084250494
19.1,31.8115975966851,0.6,0.08931166084250494
19.200000000000003,31.8115975966851,0.6,0.08931166084250494
19.3,31.8115975966851,0.6,0.08931166084250494
19.4,31.8115975966851,0.6,0.08931166084250494
19.5,31.8115975966851,0.6,0.08931166084250494
19.6,31.8115975966851,0.6,0.08931166084250494
19.700000000000003,31.8115975966851,0.6,0.08931166084250494
19.8,31.8115975966851,0.6,0.08931166084250494
19.9,31.8115975966851,0.6,0.08931166084250494
20.0,31.8115975966851,0.6,0.08931166084250494
20.1,31.8115975966851,0.6,0.08931166084250494
20.200000000000003,31.8115975966851,0.6,0.08931166084250494
20.3,31.8115975966851,0.6,0.08931166084250494
20.4,31.8115975966851,0.6,0.08931166084250494
20.5,31.8115975966851,0.6,0.08931166084250494
20.6,31.8115975966851,0.6,0.08931166084250494
20.700000000000003,31.8115975966851,0.6,0.08931166084250494
20.8,31.8115975966851,0.6,0.08931166084250494
20.9,31.8115975966851,0.6,0.08931166084250494
21.0,31.8115975966851,0.6,0.08931166084250494
21.1,31.8115975966851,0.6,0.08931166084250494
21.200000000000003,31.8115975966851,0.6,0.08931166084250494
21.3,31.8115975966851,0.6,0.08931166084250494
21.4,31.8115975966851,0.6,0.08931166084250494
21.5,31.8115975966851,0.6,0.08931166084250494
21.6,31.8115975966851,0.6,0.08931166084250494
21.700000000000003,31.8115975966851,0.6,0.08931166084250494
21.8,31.8115975966851,0.6,0.08931166084250494
21.9,31.8115975966851,0.6,0.08931166084250494
22.0,31.8115975966851,0.6,0.08931166084250494
22.1,31.8115975966851,0.6,0.08931166084250494
22.200000000000003,31.8115975966851,0.6,0.08931166084250494
22.3,31.8115975966851,0.6,0.08931166084250494
22.4,31.8115975966851,0.6,0.08931166084250494
22.5,31.8115975966851,0.6,0.08931166084250494
22.6,31.8115975966851,0.6,0.08931166084250494
22.700000000000003,31.8115975966851,0.6,0.08931166084250494
22.8,31.8115975966851,0.6,0.08931166084250494
22.9,31.8115975966851,0.6,0.09017232694280508
23.0,31.8115975966851,0.6,0.09121414231779855
23.1,31.8115975966851,0.6,0.09223427059477218
23.200000000000003,31.8115975966851,0.6,0.09322769638116986
23.3,31.8115975966851,0.6,0.09418926765681779
23.4,31.8115975966851,0.6,0.09511370992427817
23.5,31.8115975966851,0.6,0.09599564261152903
23.6,31.8115975966851,0.6,0.09682959774849517
23.700000000000003,31.8115975966851,0.6,0.09761004092349444
23.8,31.8115975966851,0.6,0.09833139450904929
23.9,31.8115975966851,0.6,0.0989880631288133
24.0,31.8115975966851,0.6,0.09957446131860861
24.1,31.8115975966851,0.6,0.10008504331473651
24.200000000000003,31.8115975966851,0.6,0.10051433488182009
24.3,31.8115975966851,0.6,0.10085696707036641
24.4,31.8115975966851,0.6,0.10110771177093733
24.5,31.8115975966851,0.6,0.10126151890714298
24.6,31.8115975966851,0.6,0.10131543711870117
24.700000000000003,31.8115975966851,0.6,0.10131543711870117
24.8,31.8115975966851,0.6,0.10131543711870117
24.9,31.8115975966851,0.6,0.10131543711870117
25.0,31.8115975966851,0.6,0.10131543711870117
10.0,33.92623703353835,0.6,0.07197072699313128
10.1,33.92623703353835,0.6,0.07197072699313128
10.2,33.92623703353835,0.6,0.07197072699313128
10.3,33.92623703353835,0.6,0.07197072699313128
10.4,33.92623703353835,0.6,0.07197072699313128
10.5,33.92623703353835,0.6,0.07197072699313128
10.6,33.92623703353835,0.6,0.07197072699313128
10.7,33.92623703353835,0.6,0.07197072699313128
10.8,33.92623703353835,0.6,0.07197072699313128
10.9,33.92623703353835,0.6,0.07197072699313128
11.0,33.92623703353835,0.6,0.07197072699313128
11.1,33.92623703353835,0.6,0.07197072699313128
11.2,33.92623703353835,0.6,0.07197072699313128
11.3,33.92623703353835,0.6,0.07197072699313128
11.4,33.92623703353835,0.6,0.07197072699313128
11.5,33.92623703353835,0.6,0.07197072699313128
11.6,33.92623703353835,0.6,0.07197072699313128
11.7,33.92623703353835,0.6,0.07197072699313128
11.8,33.92623703353835,0.6,0.07197072699313128
11.9,33.92623703353835,0.6,0.07197072699313128
12.0,33.92623703353835,0.6,0.07201378168536891
12.1,33.92623703353835,0.6,0.0723224647178754
12.2,33.92623703353835,0.6,0.07267539765906475
12.3,33.92623703353835,0.6,0.07306998468193285
12.4,33.92623703353835,0.6,0.07350363497787751
12.5,33.92623703353835,0.6,0.07397374785925138
12.6,33.92623703353835,0.6,0.07447769886249883
12.7,33.92623703353835,0.6,0.07501282683593405
12.8,33.92623703353835,0.6,0.0755764220083107
12.9,33.92623703353835,0.6,0.07616571504540817
13.0,33.92623703353835,0.6,0.07677786711192472
13.1,33.92623703353835,0.6,0.07740996096501429
13.2,33.92623703353835,0.6,0.07805899311379402
13.3,33.92623703353835,0.6,0.07872186708610336
13.4,33.92623703353835,0.6,0.07939538784962319
13.5,33.92623703353835,0.6,0.08007625743919736
13.6,33.92623703353835,0.6,0.08076107184574313
13.7,33.92623703353835,0.6,0.08144631922451993
13.8,33.92623703353835,0.6,0.082128379481662
13.9,33.92623703353835,0.6,0.08280352529778862
14.0,33.92623703353835,0.6,0.08346792464614047
14.100000000000001,33.92623703353835,0.6,0.08411764486004206
14.2,33.92623703353835,0.6,0.08474865830056272
14.3,33.92623703353835,0.6,0.08535684967002383
14.4,33.92623703353835,0.6,0.08593802501049336
14.5,33.92623703353835,0.6,0.08648792241863801
14.600000000000001,33.92623703353835,0.6,0.08700222449925989
14.7,33.92623703353835,0.6,0.08747657256957218
14.8,33.92623703353835,0.6,0.08790658261477215
14.9,33.92623703353835,0.6,0.08828786298276242
15.0,33.92623703353835,0.6,0.08861603379198277
15.100000000000001,33.92623703353835,0.6,0.08888674801123954
15.2,33.92623703353835,0.6,0.08909571415418199
15.3,33.92623703353835,0.6,0.08923872051364548
15.4,33.92623703353835,0.6,0.08931166084250494
15.5,33.92623703353835,0.6,0.08931166084250494
15.600000000000001,33.92623703353835,0.6,0.08931166084250494
15.7,33.92623703353835,0.6,0.08931166084250494
15.8,33.92623703353835,0.6,0.08931166084250494
15.9,33.92623703353835,0.6,0.08931166084250494
16.0,33.92623703353835,0.6,0.08931166084250494
16.1,33.92623703353835,0.6,0.08931166084250494
16.2,33.92623703353835,0.6,0.08931166084250494
16.3,33.92623703353835,0.6,0.08931166084250494
16.4,33.92623703353835,0.6,0.08931166084250494
16.5,33.92623703353835,0.6,0.08931166084250494
16.6,33.92623703353835,0.6,0.08931166084250494
16.7,33.92623703353835,0.6,0.08931166084250494
16.8,33.92623703353835,0.6,0.08931166084250494
16.9,33.92623703353835,0.6,0.08931166084250494
17.0,33.92623703353835,0.6,0.08931166084250494
17.1,33.92623703353835,0.6,0.08931166084250494
17.2,33.92623703353835,0.6,0.08931166084250494
17.3,33.92623703353835,0.6,0.08931166084250494
17.4,33.92623703353835,0.6,0.08931166084250494
17.5,33.92623703353835,0.6,0.08931166084250494
17.6,33.92623703353835,0.6,0.08931166084250494
17.7,33.92623703353835,0.6,0.08931166084250494
17.8,33.92623703353835,0.6,0.08931166084250494
17.9,33.92623703353835,0.6,0.08931166084250494
18.0,33.92623703353835,0.6,0.08931166084250494
18.1,33.92623703353835,0.6,0.08931166084250494
18.200000000000003,33.92623703353835,0.6,0.08931166084250494
18.3,33.92623703353835,0.6,0.08931166084250494
18.4,33.92623703353835,0.6,0.08931166084250494
18.5,33.92623703353835,0.6,0.08931166084250494
18.6,33.92623703353835,0.6,0.08931166084250494
18.700000000000003,33.92623703353835,0.6,0.08931166084250494
18.8,33.92623703353835,0.6,0.08931166084250494
18.9,33.92623703353835,0.6,0.08931166084250494
19.0,33.92623703353835,0.6,0.08931166084250494
19.1,33.92623703353835,0.6,0.08931166084250494
19.200000000000003,33.92623703353835,0.6,0.08931166084250494
19.3,33.92623703353835,0.6,0.08931166084250494
19.4,33.92623703353835,0.6,0.08931166084250494
19.5,33.92623703353835,0.6,0.08931166084250494
19.6,33.92623703353835,0.6,0.08931166084250494
19.700000000000003,33.92623703353835,0.6,0.08931166084250494
19.8,33.92623703353835,0.6,0.08931166084250494
19.9,33.92623703353835,0.6,0.08931166084250494
20.0,33.92623703353835,0.6,0.08931166084250494
20.1,33.92623703353835,0.6,0.08931166084250494
20.200000000000003,33.92623703353835,0.6,0.08931166084250494
20.3,33.92623703353835,0.6,0.08931166084250494
20.4,33.92623703353835,0.6,0.08931166084250494
20.5,33.92623703353835,0.6,0.08931166084250494
20.6,33.92623703353835,0.6,0.08931166084250494
20.700000000000003,33.92623703353835,0.6,0.08931166084250494
20.8,33.92623703353835,0.6,0.08931166084250494
20.9,33.92623703353835,0.6,0.08931166084250494
21.0,33.92623703353835,0.6,0.08931166084250494
21.1,33.92623703353835,0.6,0.08931166084250494
21.200000000000003,33.92623703353835,0.6,0.08931166084250494
21.3,33.92623703353835,0.6,0.08931166084250494
21.4,33.92623703353835,0.6,0.08931166084250494
21.5,33.92623703353835,0.6,0.08931166084250494
21.6,33.92623703353835,0.6,0.08931166084250494
21.700000000000003,33.92623703353835,0.6,0.08931166084250494
21.8,33.92623703353835,0.6,0.08931166084250494
21.9,33.92623703353835,0.6,0.08931166084250494
22.0,33.92623703353835,0.6,0.08931166084250494
22.1,33.92623703353835,0.6,0.08931166084250494
22.200000000000003,33.92623703353835,0.6,0.08931166084250494
22.3,33.92623703353835,0.6,0.08931166084250494
22.4,33.92623703353835,0.6,0.08931166084250494
22.5,33.92623703353835,0.6,0.08931166084250494
22.6,33.92623703353835,0.6,0.08931166084250494
22.700000000000003,33.92623703353835,0.6,0.08931166084250494
22.8,33.92623703353835,0.6,0.08931166084250494
22.9,33.92623703353835,0.6,0.09017232694280508
23.0,33.92623703353835,0.6,0.09121414231779855
23.1,33.92623703353835,0.6,0.09223427059477218
23.200000000000003,33.92623703353835,0.6,0.09322769638116986
23.3,33.92623703353835,0.6,0.09418926765681779
23.4,33.92623703353835,0.6,0.09511370992427817
23.5,33.92623703353835,0.6,0.09599564261152903
23.6,33.92623703353835,0.6,0.09682959774849517
23.700000000000003,33.92623703353835,0.6,0.09761004092349444
23.8,33.92623703353835,0.6,0.09833139450904929
23.9,33.92623703353835,0.6,0.0989880631288133
24.0,33.92623703353835,0.6,0.09957446131860861
24.1,33.92623703353835,0.6,0.10008504331473651
24.200000000000003,33.92623703353835,0.6,0.10051433488182009
24.3,33.92623703353835,0.6,0.10085696707036641
24.4,33.92623703353835,0.6,0.10110771177093733
24.5,33.92623703353835,0.6,0.10126151890714298
24.6,33.92623703353835,0.6,0.10131543711870117
24.700000000000003,33.92623703353835,0.6,0.10131543711870117
24.8,33.92623703353835,0.6,0.10131543711870117
24.9,33.92623703353835,0.6,0.10131543711870117
25.0,33.92623703353835,0.6,0.10131543711870117
10.0,30.208805577903597,0.65,0.07334330918172927
10.1,30.208805577903597,0.65,0.07334330918172927
10.2,30.208805577903597,0.65,0.07334330918172927
10.3,30.208805577903597,0.65,0.07334330918172927
10.4,30.208805577903597,0.65,0.07334330918172927
10.5,30.208805577903597,0.65,0.07334330918172927
10.6,30.208805577903597,0.65,0.07334330918172927
10.7,30.208805577903597,0.65,0.07334330918172927
10.8,30.208805577903597,0.65,0.07334330918172927
10.9,30.208805577903597,0.65,0.07334330918172927
11.0,30.208805577903597,0.65,0.07334330918172927
11.1,30.208805577903597,0.65,0.07334330918172927
11.2,30.208805577903597,0.65,0.07334330918172927
11.3,30.208805577903597,0.65,0.07334330918172927
11.4,30.208805577903597,0.65,0.07334330918172927
11.5,30.208805577903597,0.65,0.07334330918172927
11.6,30.208805577903597,0.65,0.07334330918172927
11.7,30.208805577903597,0.65,0.07334330918172927
11.8,30.208805577903597,0.65,0.07334330918172927
11.9,30.208805577903597,0.65,0.07334330918172927
12.0,30.208805577903597,0.65,0.07363058589817464
12.1,30.208805577903597,0.65,0.07399467092285464
12.2,30.208805577903597,0.65,0.07440806408727918
12.3,30.208805577903597,0.65,0.07486805106160173
12.4,30.208805577903597,0.65,0.07537192230864856
12.5,30.208805577903597,0.65,0.07591695565186667
12.6,30.208805577903597,0.65,0.07650039994205442
12.7,30.208805577903597,0.65,0.07711945980336789
12.8,30.208805577903597,0.65,0.07777128145408878
12.9,30.208805577903597,0.65,0.07845293961140888
13.0,30.208805577903597,0.65,0.07916142550206699
13.1,30.208805577903597,0.65,0.07989363601204358
13.2,30.208805577903597,0.65,0.08064636401863198
13.3,30.208805577903597,0.65,0.08141628995705089
13.4,30.208805577903597,0.65,0.08219997468128552
13.5,30.208805577903597,0.65,0.08299385368500124
13.6,30.208805577903597,0.65,0.08379423275311551
13.7,30.208805577903597,0.65,0.08459728511790011
13.8,30.208805577903597,0.65,0.08539905019528535
13.9,30.208805577903597,0.65,0.08619543397728463
14.0,30.208805577903597,0.65,0.08698221115518572
14.100000000000001,30.208805577903597,0.65,0.08775502904527545
14.2,30.208805577903597,0.65,0.08850941338444716
14.3,30.208805577903597,0.65,0.08924077605703251
14.4,30.208805577903597,0.65,0.0899444248066486
14.5,30.208805577903597,0.65,0.09061557497777635
14.600000000000001,30.208805577903597,0.65,0.09124936332120613
14.7,30.208805577903597,0.65,0.09184086388544337
14.8,30.208805577903597,0.65,0.09238510600270375
14.9,30.208805577903597,0.65,0.09287709436324625
15.0,30.208805577903597,0.65,0.09331183115555328
15.100000000000001,30.208805577903597,0.65,0.09368434023225473
15.2,30.208805577903597,0.65,0.0939896932427353
15.3,30.208805577903597,0.65,0.09422303765302076
15.4,30.208805577903597,0.65,0.09437962655183084
15.5,30.208805577903597,0.65,0.09445485011852106
15.600000000000001,30.208805577903597,0.65,0.09445485011852106
15.7,30.208805577903597,0.65,0.09445485011852106
15.8,30.208805577903597,0.65,0.09445485011852106
15.9,30.208805577903597,0.65,0.09445485011852106
16.0,30.208805577903597,0.65,0.09445485011852106
16.1,30.208805577903597,0.65,0.09445485011852106
16.2,30.208805577903597,0.65,0.09445485011852106
16.3,30.208805577903597,0.65,0.09445485011852106
16.4,30.208805577903597,0.65,0.09445485011852106
16.5,30.208805577903597,0.65,0.09445485011852106
16.6,30.208805577903597,0.65,0.09445485011852106
16.7,30.208805577903597,0.65,0.09445485011852106
16.8,30.208805577903597,0.65,0.09445485011852106
16.9,30.208805577903597,0.65,0.09445485011852106
17.0,30.208805577903597,0.65,0.09445485011852106
17.1,30.208805577903597,0.65,0.09445485011852106
17.2,30.208805577903597,0.65,0.09445485011852106
17.3,30.208805577903597,0.65,0.09445485011852106
17.4,30.208805577903597,0.65,0.09445485011852106
17.5,30.208805577903597,0.65,0.09445485011852106
17.6,30.208805577903597,0.65,0.09445485011852106
17.7,30.208805577903597,0.65,0.09445485011852106
17.8,30.208805577903597,0.65,0.09445485011852106
17.9,30.208805577903597,0.65,0.09445485011852106
18.0,30.208805577903597,0.65,0.09445485011852106
18.1,30.208805577903597,0.65,0.09445485011852106
18.200000000000003,30.208805577903597,0.65,0.09445485011852106
18.3,30.208805577903597,0.65,0.09445485011852106
18.4,30.208805577903597,0.65,0.09445485011852106
18.5,30.208805577903597,0.65,0.09445485011852106
18.6,30.208805577903597,0.65,0.09445485011852106
18.700000000000003,30.208805577903597,0.65,0.09445485011852106
18.8,30.208805577903597,0.65,0.09445485011852106
18.9,30.208805577903597,0.65,0.09445485011852106
19.0,30.208805577903597,0.65,0.09445485011852106
19.1,30.208805577903597,0.65,0.09445485011852106
19.200000000000003,30.208805577903597,0.65,0.09445485011852106
19.3,30.208805577903597,0.65,0.09445485011852106
19.4,30.208805577903597,0.65,0.09445485011852106
19.5,30.208805577903597,0.65,0.09445485011852106
19.6,30.208805577903597,0.65,0.09445485011852106
19.700000000000003,30.208805577903597,0.65,0.09445485011852106
19.8,30.208805577903597,0.65,0.09445485011852106
19.9,30.208805577903597,0.65,0.09445485011852106
20.0,30.208805577903597,0.65,0.09445485011852106
20.1,30.208805577903597,0.65,0.09445485011852106
20.200000000000003,30.208805577903597,0.65,0.09445485011852106
20.3,30.208805577903597,0.65,0.09445485011852106
20.4,30.208805577903597,0.65,0.09445485011852106
20.5,30.208805577903597,0.65,0.09445485011852106
20.6,30.208805577903597,0.65,0.09445485011852106
20.700000000000003,30.208805577903597,0.65,0.09445485011852106
20.8,30.208805577903597,0.65,0.09445485011852106
20.9,30.208805577903597,0.65,0.09445485011852106
21.0,30.208805577903597,0.65,0.09445485011852106
21.1,30.208805577903597,0.65,0.09445485011852106
21.200000000000003,30.208805577903597,0.65,0.09445485011852106
21.3,30.208805577903597,0.65,0.09445485011852106
21.4,30.208805577903597,0.65,0.09445485011852106
21.5,30.208805577903597,0.65,0.09445485011852106
21.6,30.208805577903597,0.65,0.09445485011852106
21.700000000000003,30.208805577903597,0.65,0.09445485011852106
21.8,30.208805577903597,0.65,0.09445485011852106
21.9,30.208805577903597,0.65,0.09445485011852106
22.0,30.208805577903597,0.65,0.09445485011852106
22.1,30.208805577903597,0.65,0.09445485011852106
22.200000000000003,30.208805577903597,0.65,0.09445485011852106
22.3,30.208805577903597,0.65,0.09445485011852106
22.4,30.208805577903597,0.65,0.09445485011852106
22.5,30.208805577903597,0.65,0.09445485011852106
22.6,30.208805577903597,0.65,0.09445485011852106
22.700000000000003,30.208805577903597,0.65,0.09445485011852106
22.8,30.208805577903597,0.65,0.09445485011852106
22.9,30.208805577903597,0.65,0.09445485011852106
23.0,30.208805577903597,0.65,0.09445485011852106
23.1,30.208805577903597,0.65,0.09511880976929707
23.200000000000003,30.208805577903597,0.65,0.09606284162878395
23.3,30.208805577903597,0.65,0.09697385896841716
23.4,30.208805577903597,0.65,0.09784666635750335
23.5,30.208805577903597,0.65,0.09867597548034347
23.6,30.208805577903597,0.65,0.09945642335448471
23.700000000000003,30.208805577903597,0.65,0.1001825926912823
23.8,30.208805577903597,0.65,0.10084903438511403
23.9,30.208805577903597,0.65,0.10145029210144506
24.0,30.208805577903597,0.65,0.10198092891680628
24.1,30.208805577903597,0.65,0.10243555594560985
24.200000000000003,30.208805577903597,0.65,0.10280886286954392
24.3,30.208805577903597,0.65,0.10309565026500038
24.4,30.208805577903597,0.65,0.1032908636024703
24.5,30.208805577903597,0.65,0.1033896287690185
24.6,30.208805577903597,0.65,0.1033896287690185
24.700000000000003,30.208805577903597,0.65,0.1033896287690185
24.8,30.208805577903597,0.65,0.1033896287690185
24.9,30.208805577903597,0.65,0.1033896287690185
25.0,30.208805577903597,0.65,0.1033896287690185
10.0,31.8115975966851,0.65,0.07334330918172927
10.1,31.8115975966851,0.65,0.07334330918172927
10.2,31.8115975966851,0.65,0.07334330918172927
10.3,31.8115975966851,0.65,0.07334330918172927
10.4,31.8115975966851,0.65,0.07334330918172927
10.5,31.8115975966851,0.65,0.07334330918172927
10.6,31.8115975966851,0.65,0.07334330918172927
10.7,31.8115975966851,0.65,0.07334330918172927
10.8,31.8115975966851,0.65,0.07334330918172927
10.9,31.8115975966851,0.65,0.07334330918172927
11.0,31.8115975966851,0.65,0.07334330918172927
11.1,31.8115975966851,0.65,0.07334330918172927
11.2,31.8115975966851,0.65,0.07334330918172927
11.3,31.8115975966851,0.65,0.07334330918172927
11.4,31.8115975966851,0.65,0.07334330918172927
11.5,31.8115975966851,0.65,0.07334330918172927
11.6,31.8115975966851,0.65,0.07334330918172927
11.7,31.8115975966851,0.65,0.07334330918172927
11.8,31.8115975966851,0.65,0.07334330918172927
11.9,31.8115975966851,0.65,0.07334330918172927
12.0,31.8115975966851,0.65,0.07363058589817464
12.1,31.8115975966851,0.65,0.07399467092285464
12.2,31.8115975966851,0.65,0.07440806408727918
12.3,31.8115975966851,0.65,0.07486805106160173
12.4,31.8115975966851,0.65,0.07537192230864856
12.5,31.8115975966851,0.65,0.07591695565186667
12.6,31.8115975966851,0.65,0.07650039994205442
12.7,31.8115975966851,0.65,0.07711945980336789
12.8,31.8115975966851,0.65,0.07777128145408878
12.9,31.8115975966851,0.65,0.07845293961140888
13.0,31.8115975966851,0.65,0.07916142550206699
13.1,31.8115975966851,0.65,0.07989363601204358
13.2,31.8115975966851,0.65,0.08064636401863198
13.3,31.8115975966851,0.65,0.08141628995705089
13.4,31.8115975966851,0.65,0.08219997468128552
13.5,31.8115975966851,0.65,0.08299385368500124
13.6,31.8115975966851,0.65,0.08379423275311551
13.7,31.8115975966851,0.65,0.08459728511790011
13.8,31.8115975966851,0.65,0.08539905019528535
13.9,31.8115975966851,0.65,0.08619543397728463
14.0,31.8115975966851,0.65,0.08698221115518572
14.100000000000001,31.8115975966851,0.65,0.08775502904527545
14.2,31.8115975966851,0.65,0.08850941338444716
14.3,31.8115975966851,0.65,0.08924077605703251
14.4,31.8115975966851,0.65,0.0899444248066486
14.5,31.8115975966851,0.65,0.09061557497777635
14.600000000000001,31.8115975966851,0.65,0.09124936332120613
14.7,31.8115975966851,0.65,0.09184086388544337
14.8,31.8115975966851,0.65,0.09238510600270375
14.9,31.8115975966851,0.65,0.09287709436324625
15.0,31.8115975966851,0.65,0.09331183115555328
15.100000000000001,31.8115975966851,0.65,0.09368434023225473
15.2,31.8115975966851,0.65,0.0939896932427353
15.3,31.8115975966851,0.65,0.09422303765302076
15.4,31.8115975966851,0.65,0.09437962655183084
15.5,31.8115975966851,0.65,0.09445485011852106
15.600000000000001,31.8115975966851,0.65,0.09445485011852106
15.7,31.8115975966851,0.65,0.09445485011852106
15.8,31.8115975966851,0.65,0.09445485011852106
15.9,31.8115975966851,0.65,0.09445485011852106
16.0,31.8115975966851,0.65,0.09445485011852106
16.1,31.8115975966851,0.65,0.09445485011852106
16.2,31.8115975966851,0.65,0.09445485011852106
16.3,31.8115975966851,0.65,0.09445485011852106
16.4,31.8115975966851,0.65,0.09445485011852106
16.5,31.8115975966851,0.65,0.09445485011852106
16.6,31.8115975966851,0.65,0.09445485011852106
16.7,31.8115975966851,0.65,0.09445485011852106
16.8,31.8115975966851,0.65,0.09445485011852106
16.9,31.8115975966851,0.65,0.09445485011852106
17.0,31.8115975966851,0.65,0.09445485011852106
17.1,31.8115975966851,0.65,0.09445485011852106
17.2,31.8115975966851,0.65,0.09445485011852106
17.3,31.8115975966851,0.65,0.09445485011852106
17.4,31.8115975966851,0.65,0.09445485011852106
17.5,31.8115975966851,0.65,0.09445485011852106
17.6,31.8115975966851,0.65,0.09445485011852106
17.7,31.8115975966851,0.65,0.09445485011852106
17.8,31.8115975966851,0.65,0.09445485011852106
17.9,31.8115975966851,0.65,0.09445485011852106
18.0,31.8115975966851,0.65,0.09445485011852106
18.1,31.8115975966851,0.65,0.09445485011852106
18.200000000000003,31.8115975966851,0.65,0.09445485011852106
18.3,31.8115975966851,0.65,0.09445485011852106
18.4,31.8115975966851,0.65,0.09445485011852106
18.5,31.8115975966851,0.65,0.09445485011852106
18.6,31.8115975966851,0.65,0.09445485011852106
18.700000000000003,31.8115975966851,0.65,0.09445485011852106
18.8,31.8115975966851,0.65,0.09445485011852106
18.9,31.8115975966851,0.65,0.09445485011852106
19.0,31.8115975966851,0.65,0.09445485011852106
19.1,31.8115975966851,0.65,0.09445485011852106
19.200000000000003,31.8115975966851,0.65,0.09445485011852106
19.3,31.8115975966851,0.65,0.09445485011852106
19.4,31.8115975966851,0.65,0.09445485011852106
19.5,31.8115975966851,0.65,0.09445485011852106
19.6,31.8115975966851,0.65,0.09445485011852106
19.700000000000003,31.8115975966851,0.65,0.09445485011852106
19.8,31.8115975966851,0.65,0.09445485011852106
19.9,31.8115975966851,0.65,0.09445485011852106
20.0,31.8115975966851,0.65,0.09445485011852106
20.1,31.8115975966851,0.65,0.09445485011852106
20.200000000000003,31.8115975966851,0.65,0.09445485011852106
20.3,31.8115975966851,0.65,0.09445485011852106
20.4,31.8115975966851,0.65,0.09445485011852106
20.5,31.8115975966851,0.65,0.09445485011852106
20.6,31.8115975966851,0.65,0.09445485011852106
20.700000000000003,31.8115975966851,0.65,0.09445485011852106
20.8,31.8115975966851,0.65,0.09445485011852106
20.9,31.8115975966851,0.65,0.09445485011852106
21.0,31.8115975966851,0.65,0.09445485011852106
21.1,31.8115975966851,0.65,0.09445485011852106
21.200000000000003,31.8115975966851,0.65,0.09445485011852106
21.3,31.8115975966851,0.65,0.09445485011852106
21.4,31.8115975966851,0.65,0.09445485011852106
21.5,31.8115975966851,0.65,0.09445485011852106
21.6,31.8115975966851,0.65,0.09445485011852106
21.700000000000003,31.8115975966851,0.65,0.09445485011852106
21.8,31.8115975966851,0.65,0.09445485011852106
21.9,31.8115975966851,0.65,0.09445485011852106
22.0,31.8115975966851,0.65,0.09445485011852106
22.1,31.8115975966851,0.65,0.09445485011852106
22.200000000000003,31.8115975966851,0.65,0.09445485011852106
22.3,31.8115975966851,0.65,0.09445485011852106
22.4,31.8115975966851,0.65,0.09445485011852106
22.5,31.8115975966851,0.65,0.09445485011852106
22.6,31.8115975966851,0.65,0.09445485011852106
22.700000000000003,31.8115975966851,0.65,0.09445485011852106
22.8,31.8115975966851,0.65,0.09445485011852106
22.9,31.8115975966851,0.65,0.09445485011852106
23.0,31.8115975966851,0.65,0.09445485011852106
23.1,31.8115975966851,0.65,0.09511880976929707
23.200000000000003,31.8115975966851,0.65,0.09606284162878395
23.3,31.8115975966851,0.65,0.09697385896841716
23.4,31.8115975966851,0.65,0.09784666635750335
23.5,31.8115975966851,0.65,0.09867597548034347
23.6,31.8115975966851,0.65,0.09945642335448471
23.700000000000003,31.8115975966851,0.65,0.1001825926912823
23.8,31.8115975966851,0.65,0.10084903438511403
23.9,31.8115975966851,0.65,0.10145029210144506
24.0,31.8115975966851,0.65,0.10198092891680628
24.1,31.8115975966851,0.65,0.10243555594560985
24.200000000000003,31.8115975966851,0.65,0.10280886286954392
24.3,31.8115975966851,0.65,0.10309565026500038
24.4,31.8115975966851,0.65,0.1032908636024703
24.5,31.8115975966851,0.65,0.1033896287690185
24.6,31.8115975966851,0.65,0.1033896287690185
24.700000000000003,31.8115975966851,0.65,0.1033896287690185
24.8,31.8115975966851,0.65,0.1033896287690185
24.9,31.8115975966851,0.65,0.1033896287690185
25.0,31.8115975966851,0.65,0.1033896287690185
10.0,33.92623703353835,0.65,0.07334330918172927
10.1,33.92623703353835,0.65,0.07334330918172927
10.2,33.92623703353835,0.65,0.07334330918172927
10.3,33.92623703353835,0.65,0.07334330918172927
10.4,33.92623703353835,0.65,0.07334330918172927
10.5,33.92623703353835,0.65,0.07334330918172927
10.6,33.92623703353835,0.65,0.07334330918172927
10.7,33.92623703353835,0.65,0.07334330918172927
10.8,33.92623703353835,0.65,0.07334330918172927
10.9,33.92623703353835,0.65,0.07334330918172927
11.0,33.92623703353835,0.65,0.07334330918172927
11.1,33.92623703353835,0.65,0.07334330918172927
11.2,33.92623703353835,0.65,0.07334330918172927
11.3,33.92623703353835,0.65,0.07334330918172927
11.4,33.92623703353835,0.65,0.07334330918172927
11.5,33.92623703353835,0.65,0.07334330918172927
11.6,33.92623703353835,0.65,0.07334330918172927
11.7,33.92623703353835,0.65,0.07334330918172927
11.8,33.92623703353835,0.65,0.07334330918172927
11.9,33.92623703353835,0.65,0.07334330918172927
12.0,33.92623703353835,0.65,0.07363058589817464
12.1,33.92623703353835,0.65,0.07399467092285464
12.2,33.92623703353835,0.65,0.07440806408727918
12.3,33.92623703353835,0.65,0.07486805106160173
12.4,33.92623703353835,0.65,0.07537192230864856
12.5,33.92623703353835,0.65,0.07591695565186667
12.6,33.92623703353835,0.65,0.07650039994205442
12.7,33.92623703353835,0.65,0.07711945980336789
12.8,33.92623703353835,0.65,0.07777128145408878
12.9,33.92623703353835,0.65,0.07845293961140888
13.0,33.92623703353835,0.65,0.07916142550206699
13.1,33.92623703353835,0.65,0.07989363601204358
13.2,33.92623703353835,0.65,0.08064636401863198
13.3,33.92623703353835,0.65,0.08141628995705089
13.4,33.92623703353835,0.65,0.08219997468128552
13.5,33.92623703353835,0.65,0.08299385368500124
13.6,33.92623703353835,0.65,0.08379423275311551
13.7,33.92623703353835,0.65,0.08459728511790011
13.8,33.92623703353835,0.65,0.08539905019528535
13.9,33.92623703353835,0.65,0.08619543397728463
14.0,33.92623703353835,0.65,0.08698221115518572
14.100000000000001,33.92623703353835,0.65,0.08775502904527545
14.2,33.92623703353835,0.65,0.08850941338444716
14.3,33.92623703353835,0.65,0.08924077605703251
14.4,33.92623703353835,0.65,0.0899444248066486
14.5,33.92623703353835,0.65,0.09061557497777635
14.600000000000001,33.92623703353835,0.65,0.09124936332120613
14.7,33.92623703353835,0.65,0.09184086388544337
14.8,33.92623703353835,0.65,0.09238510600270375
14.9,33.92623703353835,0.65,0.09287709436324625
15.0,33.92623703353835,0.65,0.09331183115555328
15.100000000000001,33.92623703353835,0.65,0.09368434023225473
15.2,33.92623703353835,0.65,0.0939896932427353
15.3,33.92623703353835,0.65,0.09422303765302076
15.4,33.92623703353835,0.65,0.09437962655183084
15.5,33.92623703353835,0.65,0.09445485011852106
15.600000000000001,33.92623703353835,0.65,0.09445485011852106
15.7,33.92623703353835,0.65,0.09445485011852106
15.8,33.92623703353835,0.65,0.09445485011852106
15.9,33.92623703353835,0.65,0.09445485011852106
16.0,33.92623703353835,0.65,0.09445485011852106
16.1,33.92623703353835,0.65,0.09445485011852106
16.2,33.92623703353835,0.65,0.09445485011852106
16.3,33.92623703353835,0.65,0.09445485011852106
16.4,33.92623703353835,0.65,0.09445485011852106
16.5,33.92623703353835,0.65,0.09445485011852106
16.6,33.92623703353835,0.65,0.09445485011852106
16.7,33.92623703353835,0.65,0.09445485011852106
16.8,33.92623703353835,0.65,0.09445485011852106
16.9,33.92623703353835,0.65,0.09445485011852106
17.0,33.92623703353835,0.65,0.09445485011852106
17.1,33.92623703353835,0.65,0.09445485011852106
17.2,33.92623703353835,0.65,0.09445485011852106
17.3,33.92623703353835,0.65,0.09445485011852106
17.4,33.92623703353835,0.65,0.09445485011852106
17.5,33.92623703353835,0.65,0.09445485011852106
17.6,33.92623703353835,0.65,0.09445485011852106
17.7,33.92623703353835,0.65,0.09445485011852106
17.8,33.92623703353835,0.65,0.09445485011852106
17.9,33.92623703353835,0.65,0.09445485011852106
18.0,33.92623703353835,0.65,0.09445485011852106
18.1,33.92623703353835,0.65,0.09445485011852106
18.200000000000003,33.92623703353835,0.65,0.09445485011852106
18.3,33.92623703353835,0.65,0.09445485011852106
18.4,33.92623703353835,0.65,0.09445485011852106
18.5,33.92623703353835,0.65,0.09445485011852106
18.6,33.92623703353835,0.65,0.09445485011852106
18.700000000000003,33.92623703353835,0.65,0.09445485011852106
18.8,33.92623703353835,0.65,0.09445485011852106
18.9,33.92623703353835,0.65,0.09445485011852106
19.0,33.92623703353835,0.65,0.09445485011852106
19.1,33.92623703353835,0.65,0.09445485011852106
19.200000000000003,33.92623703353835,0.65,0.09445485011852106
19.3,33.92623703353835,0.65,0.09445485011852106
19.4,33.92623703353835,0.65,0.09445485011852106
19.5,33.92623703353835,0.65,0.09445485011852106
19.6,33.92623703353835,0.65,0.09445485011852106
19.700000000000003,33.92623703353835,0.65,0.09445485011852106
19.8,33.92623703353835,0.65,0.09445485011852106
19.9,33.92623703353835,0.65,0.09445485011852106
20.0,33.92623703353835,0.65,0.09445485011852106
20.1,33.92623703353835,0.65,0.09445485011852106
20.200000000000003,33.92623703353835,0.65,0.09445485011852106
20.3,33.92623703353835,0.65,0.09445485011852106
20.4,33.92623703353835,0.65,0.09445485011852106
20.5,33.92623703353835,0.65,0.09445485011852106
20.6,33.92623703353835,0.65,0.09445485011852106
20.700000000000003,33.92623703353835,0.65,0.09445485011852106
20.8,33.92623703353835,0.65,0.09445485011852106
20.9,33.92623703353835,0.65,0.09445485011852106
21.0,33.92623703353835,0.65,0.09445485011852106
21.1,33.92623703353835,0.65,0.09445485011852106
21.200000000000003,33.92623703353835,0.65,0.09445485011852106
21.3,33.92623703353835,0.65,0.09445485011852106
21.4,33.92623703353835,0.65,0.09445485011852106
21.5,33.92623703353835,0.65,0.09445485011852106
21.6,33.92623703353835,0.65,0.09445485011852106
21.700000000000003,33.92623703353835,0.65,0.09445485011852106
21.8,33.92623703353835,0.65,0.09445485011852106
21.9,33.92623703353835,0.65,0.09445485011852106
22.0,33.92623703353835,0.65,0.09445485011852106
22.1,33.92623703353835,0.65,0.09445485011852106
22.200000000000003,33.92623703353835,0.65,0.09445485011852106
22.3,33.92623703353835,0.65,0.09445485011852106
22.4,33.92623703353835,0.65,0.09445485011852106
22.5,33.92623703353835,0.65,0.09445485011852106
22.6,33.92623703353835,0.65,0.09445485011852106
22.700000000000003,33.92623703353835,0.65,0.09445485011852106
22.8,33.92623703353835,0.65,0.09445485011852106
22.9,33.92623703353835,0.65,0.09445485011852106
23.0,33.92623703353835,0.65,0.09445485011852106
23.1,33.92623703353835,0.65,0.09511880976929707
23.200000000000003,33.92623703353835,0.65,0.09606284162878395
23.3,33.92623703353835,0.65,0.09697385896841716
23.4,33.92623703353835,0.65,0.09784666635750335
23.5,33.92623703353835,0.65,0.09867597548034347
23.6,33.92623703353835,0.65,0.09945642335448471
23.700000000000003,33.92623703353835,0.65,0.1001825926912823
23.8,33.92623703353835,0.65,0.10084903438511403
23.9,33.92623703353835,0.65,0.10145029210144506
24.0,33.92623703353835,0.65,0.10198092891680628
24.1,33.92623703353835,0.65,0.10243555594560985
24.200000000000003,33.92623703353835,0.65,0.10280886286954392
24.3,33.92623703353835,0.65,0.10309565026500038
24.4,33.92623703353835,0.65,0.1032908636024703
24.5,33.92623703353835,0.65,0.1033896287690185
24.6,33.92623703353835,0.65,0.1033896287690185
24.700000000000003,33.92623703353835,0.65,0.1033896287690185
24.8,33.92623703353835,0.65,0.1033896287690185
24.9,33.92623703353835,0.65,0.1033896287690185
25.0,33.92623703353835,0.65,0.1033896287690185
10.0,30.208805577903597,0.7,0.07567926641902893
10.1,30.208805577903597,0.7,0.07567926641902893
10.2,30.208805577903597,0.7,0.07567926641902893
10.3,30.208805577903597,0.7,0.07567926641902893
10.4,30.208805577903597,0.7,0.07567926641902893
10.5,30.208805577903597,0.7,0.07567926641902893
10.6,30.208805577903597,0.7,0.07567926641902893
10.7,30.208805577903597,0.7,0.07567926641902893
10.8,30.208805577903597,0.7,0.07567926641902893
10.9,30.208805577903597,0.7,0.07567926641902893
11.0,30.208805577903597,0.7,0.07567926641902893
11.1,30.208805577903597,0.7,0.07567926641902893
11.2,30.208805577903597,0.7,0.07567926641902893
11.3,30.208805577903597,0.7,0.07567926641902893
11.4,30.208805577903597,0.7,0.07567926641902893
11.5,30.208805577903597,0.7,0.07567926641902893
11.6,30.208805577903597,0.7,0.07567926641902893
11.7,30.208805577903597,0.7,0.07577073333255423
11.8,30.208805577903597,0.7,0.07603738018481258
11.9,30.208805577903597,0.7,0.07635882535034452
12.0,30.208805577903597,0.7,0.07673242297322078
12.1,30.208805577903597,0.7,0.07715556976115201
12.2,30.208805577903597,0.7,0.07762568676597709
12.3,30.208805577903597,0.7,0.07814020221189623
12.4,30.208805577903597,0.7,0.07869653532329866
12.5,30.208805577903597,0.7,0.07929208111882377
12.6,30.208805577903597,0.7,0.07992419615208492
12.7,30.208805577903597,0.7,0.08059018519229942
12.8,30.208805577903597,0.7,0.08128728884989145
12.9,30.208805577903597,0.7,0.08201267216301275
13.0,30.208805577903597,0.7,0.0827634141707899
13.1,30.208805577903597,0.7,0.08353649850799057
13.2,30.208805577903597,0.7,0.08432880506364131
13.3,30.208805577903597,0.7,0.08513710275290197
13.4,30.208805577903597,0.7,0.08595804345718175
13.5,30.208805577903597,0.7,0.08678815719202347
13.6,30.208805577903597,0.7,0.08762384856564176
13.7,30.208805577903597,0.7,0.08846139459318154
13.8,30.208805577903597,0.7,0.08929694393268363
13.9,30.208805577903597,0.7,0.09012651760844739
14.0,30.208805577903597,0.7,0.09094601128590327
14.100000000000001,30.208805577903597,0.7,0.09175119915927912
14.2,30.208805577903597,0.7,0.0925377395092553
14.3,30.208805577903597,0.7,0.09330118198248066
14.4,30.208805577903597,0.7,0.09403697663826269
14.5,30.208805577903597,0.7,0.09474048480002199
14.600000000000001,30.208805577903597,0.7,0.09540699174018741
14.7,30.208805577903597,0.7,0.09603172121719646
14.8,30.208805577903597,0.7,0.09660985187213825
14.9,30.208805577903597,0.7,0.09713653548040344
15.0,30.208805577903597,0.7,0.09760691704045985
15.100000000000001,30.208805577903597,0.7,0.09801615666762505
15.2,30.208805577903597,0.7,0.09835945324538263
15.3,30.208805577903597,0.7,0.09863206977044282
15.4,30.208805577903597,0.7,0.09882936031028426
15.5,30.208805577903597,0.7,0.09894679847333658
15.600000000000001,30.208805577903597,0.7,0.09898132478884814
15.7,30.208805577903597,0.7,0.09898132478884814
15.8,30.208805577903597,0.7,0.09898132478884814
15.9,30.208805577903597,0.7,0.09898132478884814
16.0,30.208805577903597,0.7,0.09898132478884814
16.1,30.208805577903597,0.7,0.09898132478884814
16.2,30.208805577903597,0.7,0.09898132478884814
16.3,30.208805577903597,0.7,0.09898132478884814
16.4,30.208805577903597,0.7,0.09898132478884814
16.5,30.208805577903597,0.7,0.09898132478884814
16.6,30.208805577903597,0.7,0.09898132478884814
16.7,30.208805577903597,0.7,0.09898132478884814
16.8,30.208805577903597,0.7,0.09898132478884814
16.9,30.208805577903597,0.7,0.09898132478884814
17.0,30.208805577903597,0.7,0.09898132478884814
17.1,30.208805577903597,0.7,0.09898132478884814
17.2,30.208805577903597,0.7,0.09898132478884814
17.3,30.208805577903597,0.7,0.09898132478884814
17.4,30.208805577903597,0.7,0.09898132478884814
17.5,30.208805577903597,0.7,0.09898132478884814
17.6,30.208805577903597,0.7,0.09898132478884814
17.7,30.208805577903597,0.7,0.09898132478884814
17.8,30.208805577903597,0.7,0.09898132478884814
17.9,30.208805577903597,0.7,0.09898132478884814
18.0,30.208805577903597,0.7,0.09898132478884814
18.1,30.208805577903597,0.7,0.09898132478884814
18.200000000000003,30.208805577903597,0.7,0.09898132478884814
18.3,30.208805577903597,0.7,0.09898132478884814
18.4,30.208805577903597,0.7,0.09898132478884814
18.5,30.208805577903597,0.7,0.09898132478884814
18.6,30.208805577903597,0.7,0.09898132478884814
18.700000000000003,30.208805577903597,0.7,0.09898132478884814
18.8,30.208805577903597,0.7,0.09898132478884814
18.9,30.208805577903597,0.7,0.09898132478884814
19.0,30.208805577903597,0.7,0.09898132478884814
19.1,30.208805577903597,0.7,0.09898132478884814
19.200000000000003,30.208805577903597,0.7,0.09898132478884814
19.3,30.208805577903597,0.7,0.09898132478884814
19.4,30.208805577903597,0.7,0.09898132478884814
19.5,30.208805577903597,0.7,0.09898132478884814
19.6,30.208805577903597,0.7,0.09898132478884814
19.700000000000003,30.208805577903597,0.7,0.09898132478884814
19.8,30.208805577903597,0.7,0.09898132478884814
19.9,30.208805577903597,0.7,0.09898132478884814
20.0,30.208805577903597,0.7,0.09898132478884814
20.1,30.208805577903597,0.7,0.09898132478884814
20.200000000000003,30.208805577903597,0.7,0.09898132478884814
20.3,30.208805577903597,0.7,0.09898132478884814
20.4,30.208805577903597,0.7,0.09898132478884814
20.5,30.208805577903597,0.7,0.09898132478884814
20.6,30.208805577903597,0.7,0.09898132478884814
20.700000000000003,30.208805577903597,0.7,0.09898132478884814
20.8,30.208805577903597,0.7,0.09898132478884814
20.9,30.208805577903597,0.7,0.09898132478884814
21.0,30.208805577903597,0.7,0.09898132478884814
21.1,30.208805577903597,0.7,0.09898132478884814
21.200000000000003,30.208805577903597,0.7,0.09898132478884814
21.3,30.208805577903597,0.7,0.09898132478884814
21.4,30.208805577903597,0.7,0.09898132478884814
21.5,30.208805577903597,0.7,0.09898132478884814
21.6,30.208805577903597,0.7,0.09898132478884814
21.700000000000003,30.208805577903597,0.7,0.09898132478884814
21.8,30.208805577903597,0.7,0.09898132478884814
21.9,30.208805577903597,0.7,0.09898132478884814
22.0,30.208805577903597,0.7,0.09898132478884814
22.1,30.208805577903597,0.7,0.09898132478884814
22.200000000000003,30.208805577903597,0.7,0.09898132478884814
22.3,30.208805577903597,0.7,0.09898132478884814
22.4,30.208805577903597,0.7,0.09898132478884814
22.5,30.208805577903597,0.7,0.09898132478884814
22.6,30.208805577903597,0.7,0.09898132478884814
22.700000000000003,30.208805577903597,0.7,0.09898132478884814
22.8,30.208805577903597,0.7,0.09898132478884814
22.9,30.208805577903597,0.7,0.09898132478884814
23.0,30.208805577903597,0.7,0.09931270445790075
23.1,30.208805577903597,0.7,0.10028263695572574
23.200000000000003,30.208805577903597,0.7,0.10122842457067771
23.3,30.208805577903597,0.7,0.10214539677845286
23.4,30.208805577903597,0.7,0.10302878105128992
23.5,30.208805577903597,0.7,0.10387371528883219
23.6,30.208805577903597,0.7,0.10467526197981972
23.700000000000003,30.208805577903597,0.7,0.10542842410234186
23.8,30.208805577903597,0.7,0.10612816276008183
23.9,30.208805577903597,0.7,0.10676941654099933
24.0,30.208805577903597,0.7,0.10734712257328097
24.1,30.208805577903597,0.7,0.1078562392410963
24.200000000000003,30.208805577903597,0.7,0.10829177050973053
24.3,30.208805577903597,0.7,0.10864879179596848
24.4,30.208805577903597,0.7,0.1089224773051095
24.5,30.208805577903597,0.7,0.10910812874059733
24.6,30.208805577903597,0.7,0.10920284036065227
24.700000000000003,30.208805577903597,0.7,0.10921043553553222
24.8,30.208805577903597,0.7,0.10921043553553222
24.9,30.208805577903597,0.7,0.10921043553553222
25.0,30.208805577903597,0.7,0.10921043553553222
10.0,31.8115975966851,0.7,0.07567926641902893
10.1,31.8115975966851,0.7,0.07567926641902893
10.2,31.8115975966851,0.7,0.07567926641902893
10.3,31.8115975966851,0.7,0.07567926641902893
10.4,31.8115975966851,0.7,0.07567926641902893
10.5,31.8115975966851,0.7,0.07567926641902893
10.6,31.8115975966851,0.7,0.07567926641902893
10.7,31.8115975966851,0.7,0.07567926641902893
10.8,31.8115975966851,0.7,0.07567926641902893
10.9,31.8115975966851,0.7,0.07567926641902893
11.0,31.8115975966851,0.7,0.07567926641902893
11.1,31.8115975966851,0.7,0.07567926641902893
11.2,31.8115975966851,0.7,0.07567926641902893
11.3,31.8115975966851,0.7,0.07567926641902893
11.4,31.8115975966851,0.7,0.07567926641902893
11.5,31.8115975966851,0.7,0.07567926641902893
11.6,31.8115975966851,0.7,0.07567926641902893
11.7,31.8115975966851,0.7,0.07577073333255423
11.8,31.8115975966851,0.7,0.07603738018481258
11.9,31.8115975966851,0.7,0.07635882535034452
12.0,31.8115975966851,0.7,0.07673242297322078
12.1,31.8115975966851,0.7,0.07715556976115201
12.2,31.8115975966851,0.7,0.07762568676597709
12.3,31.8115975966851,0.7,0.07814020221189623
12.4,31.8115975966851,0.7,0.07869653532329866
12.5,31.8115975966851,0.7,0.07929208111882377
12.6,31.8115975966851,0.7,0.07992419615208492
12.7,31.8115975966851,0.7,0.08059018519229942
12.8,31.8115975966851,0.7,0.08128728884989145
12.9,31.8115975966851,0.7,0.08201267216301275
13.0,31.8115975966851,0.7,0.0827634141707899
13.1,31.8115975966851,0.7,0.08353649850799057
13.2,31.8115975966851,0.7,0.08432880506364131
13.3,31.8115975966851,0.7,0.08513710275290197
13.4,31.8115975966851,0.7,0.08595804345718175
13.5,31.8115975966851,0.7,0.08678815719202347
13.6,31.8115975966851,0.7,0.08762384856564176
13.7,31.8115975966851,0.7,0.08846139459318154
13.8,31.8115975966851,0.7,0.08929694393268363
13.9,31.8115975966851,0.7,0.09012651760844739
14.0,31.8115975966851,0.7,0.09094601128590327
14.100000000000001,31.8115975966851,0.7,0.09175119915927912
14.2,31.8115975966851,0.7,0.0925377395092553
14.3,31.8115975966851,0.7,0.09330118198248066
14.4,31.8115975966851,0.7,0.09403697663826269
14.5,31.8115975966851,0.7,0.09474048480002199
14.600000000000001,31.8115975966851,0.7,0.09540699174018741
14.7,31.8115975966851,0.7,0.09603172121719646
14.8,31.8115975966851,0.7,0.09660985187213825
14.9,31.8115975966851,0.7,0.09713653548040344
15.0,31.8115975966851,0.7,0.09760691704045985
15.100000000000001,31.8115975966851,0.7,0.09801615666762505
15.2,31.8115975966851,0.7,0.09835945324538263
15.3,31.8115975966851,0.7,0.09863206977044282
15.4,31.8115975966851,0.7,0.09882936031028426
15.5,31.8115975966851,0.7,0.09894679847333658
15.600000000000001,31.8115975966851,0.7,0.09898132478884814
15.7,31.8115975966851,0.7,0.09898132478884814
15.8,31.8115975966851,0.7,0.09898132478884814
15.9,31.8115975966851,0.7,0.09898132478884814
16.0,31.8115975966851,0.7,0.09898132478884814
16.1,31.8115975966851,0.7,0.09898132478884814
16.2,31.8115975966851,0.7,0.09898132478884814
16.3,31.8115975966851,0.7,0.09898132478884814
16.4,31.8115975966851,0.7,0.09898132478884814
16.5,31.8115975966851,0.7,0.09898132478884814
16.6,31.8115975966851,0.7,0.09898132478884814
16.7,31.8115975966851,0.7,0.09898132478884814
16.8,31.8115975966851,0.7,0.09898132478884814
16.9,31.8115975966851,0.7,0.09898132478884814
17.0,31.8115975966851,0.7,0.09898132478884814
17.1,31.8115975966851,0.7,0.09898132478884814
17.2,31.8115975966851,0.7,0.09898132478884814
17.3,31.8115975966851,0.7,0.09898132478884814
17.4,31.8115975966851,0.7,0.09898132478884814
17.5,31.8115975966851,0.7,0.09898132478884814
17.6,31.8115975966851,0.7,0.09898132478884814
17.7,31.8115975966851,0.7,0.09898132478884814
17.8,31.8115975966851,0.7,0.09898132478884814
17.9,31.8115975966851,0.7,0.09898132478884814
18.0,31.8115975966851,0.7,0.09898132478884814
18.1,31.8115975966851,0.7,0.09898132478884814
18.200000000000003,31.8115975966851,0.7,0.09898132478884814
18.3,31.8115975966851,0.7,0.09898132478884814
18.4,31.8115975966851,0.7,0.09898132478884814
18.5,31.8115975966851,0.7,0.09898132478884814
18.6,31.8115975966851,0.7,0.09898132478884814
18.700000000000003,31.8115975966851,0.7,0.09898132478884814
18.8,31.8115975966851,0.7,0.09898132478884814
18.9,31.8115975966851,0.7,0.09898132478884814
19.0,31.8115975966851,0.7,0.09898132478884814
19.1,31.8115975966851,0.7,0.09898132478884814
19.200000000000003,31.8115975966851,0.7,0.09898132478884814
19.3,31.8115975966851,0.7,0.09898132478884814
19.4,31.8115975966851,0.7,0.09898132478884814
19.5,31.8115975966851,0.7,0.09898132478884814
19.6,31.8115975966851,0.7,0.09898132478884814
19.700000000000003,31.8115975966851,0.7,0.09898132478884814
19.8,31.8115975966851,0.7,0.09898132478884814
19.9,31.8115975966851,0.7,0.09898132478884814
20.0,31.8115975966851,0.7,0.09898132478884814
20.1,31.8115975966851,0.7,0.09898132478884814
20.200000000000003,31.8115975966851,0.7,0.09898132478884814
20.3,31.8115975966851,0.7,0.09898132478884814
20.4,31.8115975966851,0.7,0.09898132478884814
20.5,31.8115975966851,0.7,0.09898132478884814
20.6,31.8115975966851,0.7,0.09898132478884814
20.700000000000003,31.8115975966851,0.7,0.09898132478884814
20.8,31.8115975966851,0.7,0.09898132478884814
20.9,31.8115975966851,0.7,0.09898132478884814
21.0,31.8115975966851,0.7,0.09898132478884814
21.1,31.8115975966851,0.7,0.09898132478884814
21.200000000000003,31.8115975966851,0.7,0.09898132478884814
21.3,31.8115975966851,0.7,0.09898132478884814
21.4,31.8115975966851,0.7,0.09898132478884814
21.5,31.8115975966851,0.7,0.09898132478884814
21.6,31.8115975966851,0.7,0.09898132478884814
21.700000000000003,31.8115975966851,0.7,0.09898132478884814
21.8,31.8115975966851,0.7,0.09898132478884814
21.9,31.8115975966851,0.7,0.09898132478884814
22.0,31.8115975966851,0.7,0.09898132478884814
22.1,31.8115975966851,0.7,0.09898132478884814
22.200000000000003,31.8115975966851,0.7,0.09898132478884814
22.3,31.8115975966851,0.7,0.09898132478884814
22.4,31.8115975966851,0.7,0.09898132478884814
22.5,31.8115975966851,0.7,0.09898132478884814
22.6,31.8115975966851,0.7,0.09898132478884814
22.700000000000003,31.8115975966851,0.7,0.09898132478884814
22.8,31.8115975966851,0.7,0.09898132478884814
22.9,31.8115975966851,0.7,0.09898132478884814
23.0,31.8115975966851,0.7,0.09931270445790075
23.1,31.8115975966851,0.7,0.10028263695572574
23.200000000000003,31.8115975966851,0.7,0.10122842457067771
23.3,31.8115975966851,0.7,0.10214539677845286
23.4,31.8115975966851,0.7,0.10302878105128992
23.5,31.8115975966851,0.7,0.10387371528883219
23.6,31.8115975966851,0.7,0.10467526197981972
23.700000000000003,31.8115975966851,0.7,0.10542842410234186
23.8,31.8115975966851,0.7,0.10612816276008183
23.9,31.8115975966851,0.7,0.10676941654099933
24.0,31.8115975966851,0.7,0.10734712257328097
24.1,31.8115975966851,0.7,0.1078562392410963
24.200000000000003,31.8115975966851,0.7,0.10829177050973053
24.3,31.8115975966851,0.7,0.10864879179596848
24.4,31.8115975966851,0.7,0.1089224773051095
24.5,31.8115975966851,0.7,0.10910812874059733
24.6,31.8115975966851,0.7,0.10920284036065227
24.700000000000003,31.8115975966851,0.7,0.10921043553553222
24.8,31.8115975966851,0.7,0.10921043553553222
24.9,31.8115975966851,0.7,0.10921043553553222
25.0,31.8115975966851,0.7,0.10921043553553222
10.0,33.92623703353835,0.7,0.07567926641902893
10.1,33.92623703353835,0.7,0.07567926641902893
10.2,33.92623703353835,0.7,0.07567926641902893
10.3,33.92623703353835,0.7,0.07567926641902893
10.4,33.92623703353835,0.7,0.07567926641902893
10.5,33.92623703353835,0.7,0.07567926641902893
10.6,33.92623703353835,0.7,0.07567926641902893
10.7,33.92623703353835,0.7,0.07567926641902893
10.8,33.92623703353835,0.7,0.07567926641902893
10.9,33.92623703353835,0.7,0.07567926641902893
11.0,33.92623703353835,0.7,0.07567926641902893
11.1,33.92623703353835,0.7,0.07567926641902893
11.2,33.92623703353835,0.7,0.07567926641902893
11.3,33.92623703353835,0.7,0.07567926641902893
11.4,33.92623703353835,0.7,0.07567926641902893
11.5,33.92623703353835,0.7,0.07567926641902893
11.6,33.92623703353835,0.7,0.07567926641902893
11.7,33.92623703353835,0.7,0.07577073333255423
11.8,33.92623703353835,0.7,0.07603738018481258
11.9,33.92623703353835,0.7,0.07635882535034452
12.0,33.92623703353835,0.7,0.07673242297322078
12.1,33.92623703353835,0.7,0.07715556976115201
12.2,33.92623703353835,0.7,0.07762568676597709
12.3,33.92623703353835,0.7,0.07814020221189623
12.4,33.92623703353835,0.7,0.07869653532329866
12.5,33.92623703353835,0.7,0.07929208111882377
12.6,33.92623703353835,0.7,0.07992419615208492
12.7,33.92623703353835,0.7,0.08059018519229942
12.8,33.92623703353835,0.7,0.08128728884989145
12.9,33.92623703353835,0.7,0.08201267216301275
13.0,33.92623703353835,0.7,0.0827634141707899
13.1,33.92623703353835,0.7,0.08353649850799057
13.2,33.92623703353835,0.7,0.08432880506364131
13.3,33.92623703353835,0.7,0.08513710275290197
13.4,33.92623703353835,0.7,0.08595804345718175
13.5,33.92623703353835,0.7,0.08678815719202347
13.6,33.92623703353835,0.7,0.08762384856564176
13.7,33.92623703353835,0.7,0.08846139459318154
13.8,33.92623703353835,0.7,0.08929694393268363
13.9,33.92623703353835,0.7,0.09012651760844739
14.0,33.92623703353835,0.7,0.09094601128590327
14.100000000000001,33.92623703353835,0.7,0.09175119915927912
14.2,33.92623703353835,0.7,0.0925377395092553
14.3,33.92623703353835,0.7,0.09330118198248066
14.4,33.92623703353835,0.7,0.09403697663826269
14.5,33.92623703353835,0.7,0.09474048480002199
14.600000000000001,33.92623703353835,0.7,0.09540699174018741
14.7,33.92623703353835,0.7,0.09603172121719646
14.8,33.92623703353835,0.7,0.09660985187213825
14.9,33.92623703353835,0.7,0.09713653548040344
15.0,33.92623703353835,0.7,0.09760691704045985
15.100000000000001,33.92623703353835,0.7,0.09801615666762505
15.2,33.92623703353835,0.7,0.09835945324538263
15.3,33.92623703353835,0.7,0.09863206977044282
15.4,33.92623703353835,0.7,0.09882936031028426
15.5,33.92623703353835,0.7,0.09894679847333658
15.600000000000001,33.92623703353835,0.7,0.09898132478884814
15.7,33.92623703353835,0.7,0.09898132478884814
15.8,33.92623703353835,0.7,0.09898132478884814
15.9,33.92623703353835,0.7,0.09898132478884814
16.0,33.92623703353835,0.7,0.09898132478884814
16.1,33.92623703353835,0.7,0.09898132478884814
16.2,33.92623703353835,0.7,0.09898132478884814
16.3,33.92623703353835,0.7,0.09898132478884814
16.4,33.92623703353835,0.7,0.09898132478884814
16.5,33.92623703353835,0.7,0.09898132478884814
16.6,33.92623703353835,0.7,0.09898132478884814
16.7,33.92623703353835,0.7,0.09898132478884814
16.8,33.92623703353835,0.7,0.09898132478884814
16.9,33.92623703353835,0.7,0.09898132478884814
17.0,33.92623703353835,0.7,0.09898132478884814
17.1,33.92623703353835,0.7,0.09898132478884814
17.2,33.92623703353835,0.7,0.09898132478884814
17.3,33.92623703353835,0.7,0.09898132478884814
17.4,33.92623703353835,0.7,0.09898132478884814
17.5,33.92623703353835,0.7,0.09898132478884814
17.6,33.92623703353835,0.7,0.09898132478884814
17.7,33.92623703353835,0.7,0.09898132478884814
17.8,33.92623703353835,0.7,0.09898132478884814
17.9,33.92623703353835,0.7,0.09898132478884814
18.0,33.92623703353835,0.7,0.09898132478884814
18.1,33.92623703353835,0.7,0.09898132478884814
18.200000000000003,33.92623703353835,0.7,0.09898132478884814
18.3,33.92623703353835,0.7,0.09898132478884814
18.4,33.92623703353835,0.7,0.09898132478884814
18.5,33.92623703353835,0.7,0.09898132478884814
18.6,33.92623703353835,0.7,0.09898132478884814
18.700000000000003,33.92623703353835,0.7,0.09898132478884814
18.8,33.92623703353835,0.7,0.09898132478884814
18.9,33.92623703353835,0.7,0.09898132478884814
19.0,33.92623703353835,0.7,0.09898132478884814
19.1,33.92623703353835,0.7,0.09898132478884814
19.200000000000003,33.92623703353835,0.7,0.09898132478884814
19.3,33.92623703353835,0.7,0.09898132478884814
19.4,33.92623703353835,0.7,0.09898132478884814
19.5,33.92623703353835,0.7,0.09898132478884814
19.6,33.92623703353835,0.7,0.09898132478884814
19.700000000000003,33.92623703353835,0.7,0.09898132478884814
19.8,33.92623703353835,0.7,0.09898132478884814
19.9,33.92623703353835,0.7,0.09898132478884814
20.0,33.92623703353835,0.7,0.09898132478884814
20.1,33.92623703353835,0.7,0.09898132478884814
20.200000000000003,33.92623703353835,0.7,0.09898132478884814
20.3,33.92623703353835,0.7,0.09898132478884814
20.4,33.92623703353835,0.7,0.09898132478884814
20.5,33.92623703353835,0.7,0.09898132478884814
20.6,33.92623703353835,0.7,0.09898132478884814
20.700000000000003,33.92623703353835,0.7,0.09898132478884814
20.8,33.92623703353835,0.7,0.09898132478884814
20.9,33.92623703353835,0.7,0.09898132478884814
21.0,33.92623703353835,0.7,0.09898132478884814
21.1,33.92623703353835,0.7,0.09898132478884814
21.200000000000003,33.92623703353835,0.7,0.09898132478884814
21.3,33.92623703353835,0.7,0.09898132478884814
21.4,33.92623703353835,0.7,0.09898132478884814
21.5,33.92623703353835,0.7,0.09898132478884814
21.6,33.92623703353835,0.7,0.09898132478884814
21.700000000000003,33.92623703353835,0.7,0.09898132478884814
21.8,33.92623703353835,0.7,0.09898132478884814
21.9,33.92623703353835,0.7,0.09898132478884814
22.0,33.92623703353835,0.7,0.09898132478884814
22.1,33.92623703353835,0.7,0.09898132478884814
22.200000000000003,33.92623703353835,0.7,0.09898132478884814
22.3,33.92623703353835,0.7,0.09898132478884814
22.4,33.92623703353835,0.7,0.09898132478884814
22.5,33.92623703353835,0.7,0.09898132478884814
22.6,33.92623703353835,0.7,0.09898132478884814
22.700000000000003,33.92623703353835,0.7,0.09898132478884814
22.8,33.92623703353835,0.7,0.09898132478884814
22.9,33.92623703353835,0.7,0.09898132478884814
23.0,33.92623703353835,0.7,0.09931270445790075
23.1,33.92623703353835,0.7,0.10028263695572574
23.200000000000003,33.92623703353835,0.7,0.10122842457067771
23.3,33.92623703353835,0.7,0.10214539677845286
23.4,33.92623703353835,0.7,0.10302878105128992
23.5,33.92623703353835,0.7,0.10387371528883219
23.6,33.92623703353835,0.7,0.10467526197981972
23.700000000000003,33.92623703353835,0.7,0.10542842410234186
23.8,33.92623703353835,0.7,0.10612816276008183
23.9,33.92623703353835,0.7,0.10676941654099933
24.0,33.92623703353835,0.7,0.10734712257328097
24.1,33.92623703353835,0.7,0.1078562392410963
24.200000000000003,33.92623703353835,0.7,0.10829177050973053
24.3,33.92623703353835,0.7,0.10864879179596848
24.4,33.92623703353835,0.7,0.1089224773051095
24.5,33.92623703353835,0.7,0.10910812874059733
24.6,33.92623703353835,0.7,0.10920284036065227
24.700000000000003,33.92623703353835,0.7,0.10921043553553222
24.8,33.92623703353835,0.7,0.10921043553553222
24.9,33.92623703353835,0.7,0.10921043553553222
25.0,33.92623703353835,0.7,0.10921043553553222
10.0,30.208805577903597,0.75,0.08458740072294015
10.1,30.208805577903597,0.75,0.08458740072294015
10.2,30.208805577903597,0.75,0.08458740072294015
10.3,30.208805577903597,0.75,0.08458740072294015
10.4,30.208805577903597,0.75,0.08458740072294015
10.5,30.208805577903597,0.75,0.08458740072294015
10.6,30.208805577903597,0.75,0.08458740072294015
10.7,30.208805577903597,0.75,0.08458740072294015
10.8,30.208805577903597,0.75,0.08458740072294015
10.9,30.208805577903597,0.75,0.08458740072294015
11.0,30.208805577903597,0.75,0.08458740072294015
11.1,30.208805577903597,0.75,0.08458740072294015
11.2,30.208805577903597,0.75,0.08458740072294015
11.3,30.208805577903597,0.75,0.08458740072294015
11.4,30.208805577903597,0.75,0.08458740072294015
11.5,30.208805577903597,0.75,0.08458740072294015
11.6,30.208805577903597,0.75,0.08458740072294015
11.7,30.208805577903597,0.75,0.08458740072294015
11.8,30.208805577903597,0.75,0.08458740072294015
11.9,30.208805577903597,0.75,0.08458740072294015
12.0,30.208805577903597,0.75,0.08458740072294015
12.1,30.208805577903597,0.75,0.08458740072294015
12.2,30.208805577903597,0.75,0.08458740072294015
12.3,30.208805577903597,0.75,0.08458740072294015
12.4,30.208805577903597,0.75,0.08458740072294015
12.5,30.208805577903597,0.75,0.08458740072294015
12.6,30.208805577903597,0.75,0.08458740072294015
12.7,30.208805577903597,0.75,0.08465079370046688
12.8,30.208805577903597,0.75,0.08528396305794067
12.9,30.208805577903597,0.75,0.08596351174242797
13.0,30.208805577903597,0.75,0.08668582484002732
13.1,30.208805577903597,0.75,0.08744720842506501
13.2,30.208805577903597,0.75,0.08824387187717338
13.3,30.208805577903597,0.75,0.0890719118393487
13.4,30.208805577903597,0.75,0.08992729786873557
13.5,30.208805577903597,0.75,0.09080585984637482
13.6,30.208805577903597,0.75,0.09170327722446986
13.7,30.208805577903597,0.75,0.09261507019984108
13.8,30.208805577903597,0.75,0.09353659291009096
13.9,30.208805577903597,0.75,0.0944630287545093
14.0,30.208805577903597,0.75,0.09538938794491604
14.100000000000001,30.208805577903597,0.75,0.09631050739237498
14.2,30.208805577903597,0.75,0.09722105303406531
14.3,30.208805577903597,0.75,0.09811552470054336
14.4,30.208805577903597,0.75,0.09898826361719322
14.5,30.208805577903597,0.75,0.09983346262490893
14.600000000000001,30.208805577903597,0.75,0.10064517919404219
14.7,30.208805577903597,0.75,0.10141735129242356
14.8,30.208805577903597,0.75,0.10214381615296578
14.9,30.208805577903597,0.75,0.10281833196899996
15.0,30.208805577903597,0.75,0.10343460252619864
15.100000000000001,30.208805577903597,0.75,0.10398630475874117
15.2,30.208805577903597,0.75,0.10446711919427874
15.3,30.208805577903597,0.75,0.10487076322734376
15.4,30.208805577903597,0.75,0.10519102713392271
15.5,30.208805577903597,0.75,0.10542181271108954
15.600000000000001,30.208805577903597,0.75,0.10555876997680408
15.7,30.208805577903597,0.75,0.10560413157364311
15.8,30.208805577903597,0.75,0.10560413157364311
15.9,30.208805577903597,0.75,0.10560413157364311
16.0,30.208805577903597,0.75,0.10560413157364311
16.1,30.208805577903597,0.75,0.10560413157364311
16.2,30.208805577903597,0.75,0.10560413157364311
16.3,30.208805577903597,0.75,0.10560413157364311
16.4,30.208805577903597,0.75,0.10560413157364311
16.5,30.208805577903597,0.75,0.10560413157364311
16.6,30.208805577903597,0.75,0.10560413157364311
16.7,30.208805577903597,0.75,0.10560413157364311
16.8,30.208805577903597,0.75,0.10560413157364311
16.9,30.208805577903597,0.75,0.10560413157364311
17.0,30.208805577903597,0.75,0.10560413157364311
17.1,30.208805577903597,0.75,0.10560413157364311
17.2,30.208805577903597,0.75,0.10560413157364311
17.3,30.208805577903597,0.75,0.10560413157364311
17.4,30.208805577903597,0.75,0.10560413157364311
17.5,30.208805577903597,0.75,0.10560413157364311
17.6,30.208805577903597,0.75,0.10560413157364311
17.7,30.208805577903597,0.75,0.10560413157364311
17.8,30.208805577903597,0.75,0.10560413157364311
17.9,30.208805577903597,0.75,0.10560413157364311
18.0,30.208805577903597,0.75,0.10560413157364311
18.1,30.208805577903597,0.75,0.10560413157364311
18.200000000000003,30.208805577903597,0.75,0.10560413157364311
18.3,30.208805577903597,0.75,0.10560413157364311
18.4,30.208805577903597,0.75,0.10560413157364311
18.5,30.208805577903597,0.75,0.10560413157364311
18.6,30.208805577903597,0.75,0.10560413157364311
18.700000000000003,30.208805577903597,0.75,0.10560413157364311
18.8,30.208805577903597,0.75,0.10560413157364311
18.9,30.208805577903597,0.75,0.10560413157364311
19.0,30.208805577903597,0.75,0.10560413157364311
19.1,30.208805577903597,0.75,0.10560413157364311
19.200000000000003,30.208805577903597,0.75,0.10560413157364311
19.3,30.208805577903597,0.75,0.10560413157364311
19.4,30.208805577903597,0.75,0.10560413157364311
19.5,30.208805577903597,0.75,0.10560413157364311
19.6,30.208805577903597,0.75,0.10560413157364311
19.700000000000003,30.208805577903597,0.75,0.10560413157364311
19.8,30.208805577903597,0.75,0.10560413157364311
19.9,30.208805577903597,0.75,0.10560413157364311
20.0,30.208805577903597,0.75,0.10560413157364311
20.1,30.208805577903597,0.75,0.10560413157364311
20.200000000000003,30.208805577903597,0.75,0.10560413157364311
20.3,30.208805577903597,0.75,0.10560413157364311
20.4,30.208805577903597,0.75,0.10560413157364311
20.5,30.208805577903597,0.75,0.10560413157364311
20.6,30.208805577903597,0.75,0.10560413157364311
20.700000000000003,30.208805577903597,0.75,0.10560413157364311
20.8,30.208805577903597,0.75,0.10560413157364311
20.9,30.208805577903597,0.75,0.10560413157364311
21.0,30.208805577903597,0.75,0.10560413157364311
21.1,30.208805577903597,0.75,0.10560413157364311
21.200000000000003,30.208805577903597,0.75,0.10560413157364311
21.3,30.208805577903597,0.75,0.10560413157364311
21.4,30.208805577903597,0.75,0.10560413157364311
21.5,30.208805577903597,0.75,0.10560413157364311
21.6,30.208805577903597,0.75,0.10560413157364311
21.700000000000003,30.208805577903597,0.75,0.10560413157364311
21.8,30.208805577903597,0.75,0.10560413157364311
21.9,30.208805577903597,0.75,0.10560413157364311
22.0,30.208805577903597,0.75,0.10560413157364311
22.1,30.208805577903597,0.75,0.10560413157364311
22.200000000000003,30.208805577903597,0.75,0.10560413157364311
22.3,30.208805577903597,0.75,0.10560413157364311
22.4,30.208805577903597,0.75,0.10560413157364311
22.5,30.208805577903597,0.75,0.10560413157364311
22.6,30.208805577903597,0.75,0.10560413157364311
22.700000000000003,30.208805577903597,0.75,0.10560413157364311
22.8,30.208805577903597,0.75,0.10560413157364311
22.9,30.208805577903597,0.75,0.10560413157364311
23.0,30.208805577903597,0.75,0.10560413157364311
23.1,30.208805577903597,0.75,0.10613815832321712
23.200000000000003,30.208805577903597,0.75,0.10712880707195098
23.3,30.208805577903597,0.75,0.10809154845667883
23.4,30.208805577903597,0.75,0.10902151805207334
23.5,30.208805577903597,0.75,0.10991375689034917
23.6,30.208805577903597,0.75,0.11076322486609072
23.700000000000003,30.208805577903597,0.75,0.11156481584489915
23.8,30.208805577903597,0.75,0.11231337447662174
23.9,30.208805577903597,0.75,0.11300371470419213
24.0,30.208805577903597,0.75,0.11363063994879215
24.1,30.208805577903597,0.75,0.11418896494122896
24.200000000000003,30.208805577903597,0.75,0.11467353915800398
24.3,30.208805577903597,0.75,0.11507927180853636
24.4,30.208805577903597,0.75,0.11540115830728798
24.5,30.208805577903597,0.75,0.11563430815103691
24.6,30.208805577903597,0.75,0.11577554562864194
24.700000000000003,30.208805577903597,0.75,0.11582815922090905
24.8,30.208805577903597,0.75,0.11582815922090905
24.9,30.208805577903597,0.75,0.11582815922090905
25.0,30.208805577903597,0.75,0.11582815922090905
10.0,31.8115975966851,0.75,0.08458740072294015
10.1,31.8115975966851,0.75,0.08458740072294015
10.2,31.8115975966851,0.75,0.08458740072294015
10.3,31.8115975966851,0.75,0.08458740072294015
10.4,31.8115975966851,0.75,0.08458740072294015
10.5,31.8115975966851,0.75,0.08458740072294015
10.6,31.8115975966851,0.75,0.08458740072294015
10.7,31.8115975966851,0.75,0.08458740072294015
10.8,31.8115975966851,0.75,0.08458740072294015
10.9,31.8115975966851,0.75,0.08458740072294015
11.0,31.8115975966851,0.75,0.08458740072294015
11.1,31.8115975966851,0.75,0.08458740072294015
11.2,31.8115975966851,0.75,0.08458740072294015
11.3,31.8115975966851,0.75,0.08458740072294015
11.4,31.8115975966851,0.75,0.08458740072294015
11.5,31.8115975966851,0.75,0.08458740072294015
11.6,31.8115975966851,0.75,0.08458740072294015
11.7,31.8115975966851,0.75,0.08458740072294015
11.8,31.8115975966851,0.75,0.08458740072294015
11.9,31.8115975966851,0.75,0.08458740072294015
12.0,31.8115975966851,0.75,0.08458740072294015
12.1,31.8115975966851,0.75,0.08458740072294015
12.2,31.8115975966851,0.75,0.08458740072294015
12.3,31.8115975966851,0.75,0.08458740072294015
12.4,31.8115975966851,0.75,0.08458740072294015
12.5,31.8115975966851,0.75,0.08458740072294015
12.6,31.8115975966851,0.75,0.08458740072294015
12.7,31.8115975966851,0.75,0.08465079370046688
12.8,31.8115975966851,0.75,0.08528396305794067
12.9,31.8115975966851,0.75,0.08596351174242797
13.0,31.8115975966851,0.75,0.08668582484002732
13.1,31.8115975966851,0.75,0.08744720842506501
13.2,31.8115975966851,0.75,0.08824387187717338
13.3,31.8115975966851,0.75,0.0890719118393487
13.4,31.8115975966851,0.75,0.08992729786873557
13.5,31.8115975966851,0.75,0.09080585984637482
13.6,31.8115975966851,0.75,0.09170327722446986
13.7,31.8115975966851,0.75,0.09261507019984108
13.8,31.8115975966851,0.75,0.09353659291009096
13.9,31.8115975966851,0.75,0.0944630287545093
14.0,31.8115975966851,0.75,0.09538938794491604
14.100000000000001,31.8115975966851,0.75,0.09631050739237498
14.2,31.8115975966851,0.75,0.09722105303406531
14.3,31.8115975966851,0.75,0.09811552470054336
14.4,31.8115975966851,0.75,0.09898826361719322
14.5,31.8115975966851,0.75,0.09983346262490893
14.600000000000001,31.8115975966851,0.75,0.10064517919404219
14.7,31.8115975966851,0.75,0.10141735129242356
14.8,31.8115975966851,0.75,0.10214381615296578
14.9,31.8115975966851,0.75,0.10281833196899996
15.0,31.8115975966851,0.75,0.10343460252619864
15.100000000000001,31.8115975966851,0.75,0.10398630475874117
15.2,31.8115975966851,0.75,0.10446711919427874
15.3,31.8115975966851,0.75,0.10487076322734376
15.4,31.8115975966851,0.75,0.10519102713392271
15.5,31.8115975966851,0.75,0.10542181271108954
15.600000000000001,31.8115975966851,0.75,0.10555876997680408
15.7,31.8115975966851,0.75,0.10560413157364311
15.8,31.8115975966851,0.75,0.10560413157364311
15.9,31.8115975966851,0.75,0.10560413157364311
16.0,31.8115975966851,0.75,0.10560413157364311
16.1,31.8115975966851,0.75,0.10560413157364311
16.2,31.8115975966851,0.75,0.10560413157364311
16.3,31.8115975966851,0.75,0.10560413157364311
16.4,31.8115975966851,0.75,0.10560413157364311
16.5,31.8115975966851,0.75,0.10560413157364311
16.6,31.8115975966851,0.75,0.10560413157364311
16.7,31.8115975966851,0.75,0.10560413157364311
16.8,31.8115975966851,0.75,0.10560413157364311
16.9,31.8115975966851,0.75,0.10560413157364311
17.0,31.8115975966851,0.75,0.10560413157364311
17.1,31.8115975966851,0.75,0.10560413157364311
17.2,31.8115975966851,0.75,0.10560413157364311
17.3,31.8115975966851,0.75,0.10560413157364311
17.4,31.8115975966851,0.75,0.10560413157364311
17.5,31.8115975966851,0.75,0.10560413157364311
17.6,31.8115975966851,0.75,0.10560413157364311
17.7,31.8115975966851,0.75,0.10560413157364311
17.8,31.8115975966851,0.75,0.10560413157364311
17.9,31.8115975966851,0.75,0.10560413157364311
18.0,31.8115975966851,0.75,0.10560413157364311
18.1,31.8115975966851,0.75,0.10560413157364311
18.200000000000003,31.8115975966851,0.75,0.10560413157364311
18.3,31.8115975966851,0.75,0.10560413157364311
18.4,31.8115975966851,0.75,0.10560413157364311
18.5,31.8115975966851,0.75,0.10560413157364311
18.6,31.8115975966851,0.75,0.10560413157364311
18.700000000000003,31.8115975966851,0.75,0.10560413157364311
18.8,31.8115975966851,0.75,0.10560413157364311
18.9,31.8115975966851,0.75,0.10560413157364311
19.0,31.8115975966851,0.75,0.10560413157364311
19.1,31.8115975966851,0.75,0.10560413157364311
19.200000000000003,31.8115975966851,0.75,0.10560413157364311
19.3,31.8115975966851,0.75,0.10560413157364311
19.4,31.8115975966851,0.75,0.10560413157364311
19.5,31.8115975966851,0.75,0.10560413157364311
19.6,31.8115975966851,0.75,0.10560413157364311
19.700000000000003,31.8115975966851,0.75,0.10560413157364311
19.8,31.8115975966851,0.75,0.10560413157364311
19.9,31.8115975966851,0.75,0.10560413157364311
20.0,31.8115975966851,0.75,0.10560413157364311
20.1,31.8115975966851,0.75,0.10560413157364311
20.200000000000003,31.8115975966851,0.75,0.10560413157364311
20.3,31.8115975966851,0.75,0.10560413157364311
20.4,31.8115975966851,0.75,0.10560413157364311
20.5,31.8115975966851,0.75,0.10560413157364311
20.6,31.8115975966851,0.75,0.10560413157364311
20.700000000000003,31.8115975966851,0.75,0.10560413157364311
20.8,31.8115975966851,0.75,0.10560413157364311
20.9,31.8115975966851,0.75,0.10560413157364311
21.0,31.8115975966851,0.75,0.10560413157364311
21.1,31.8115975966851,0.75,0.10560413157364311
21.200000000000003,31.8115975966851,0.75,0.10560413157364311
21.3,31.8115975966851,0.75,0.10560413157364311
21.4,31.8115975966851,0.75,0.10560413157364311
21.5,31.8115975966851,0.75,0.10560413157364311
21.6,31.8115975966851,0.75,0.10560413157364311
21.700000000000003,31.8115975966851,0.75,0.10560413157364311
21.8,31.8115975966851,0.75,0.10560413157364311
21.9,31.8115975966851,0.75,0.10560413157364311
22.0,31.8115975966851,0.75,0.10560413157364311
22.1,31.8115975966851,0.75,0.10560413157364311
22.200000000000003,31.8115975966851,0.75,0.10560413157364311
22.3,31.8115975966851,0.75,0.10560413157364311
22.4,31.8115975966851,0.75,0.10560413157364311
22.5,31.8115975966851,0.75,0.10560413157364311
22.6,31.8115975966851,0.75,0.10560413157364311
22.700000000000003,31.8115975966851,0.75,0.10560413157364311
22.8,31.8115975966851,0.75,0.10560413157364311
22.9,31.8115975966851,0.75,0.10560413157364311
23.0,31.8115975966851,0.75,0.10560413157364311
23.1,31.8115975966851,0.75,0.10613815832321712
23.200000000000003,31.8115975966851,0.75,0.10712880707195098
23.3,31.8115975966851,0.75,0.10809154845667883
23.4,31.8115975966851,0.75,0.10902151805207334
23.5,31.8115975966851,0.75,0.10991375689034917
23.6,31.8115975966851,0.75,0.11076322486609072
23.700000000000003,31.8115975966851,0.75,0.11156481584489915
23.8,31.8115975966851,0.75,0.11231337447662174
23.9,31.8115975966851,0.75,0.11300371470419213
24.0,31.8115975966851,0.75,0.11363063994879215
24.1,31.8115975966851,0.75,0.11418896494122896
24.200000000000003,31.8115975966851,0.75,0.11467353915800398
24.3,31.8115975966851,0.75,0.11507927180853636
24.4,31.8115975966851,0.75,0.11540115830728798
24.5,31.8115975966851,0.75,0.11563430815103691
24.6,31.8115975966851,0.75,0.11577554562864194
24.700000000000003,31.8115975966851,0.75,0.11582815922090905
24.8,31.8115975966851,0.75,0.11582815922090905
24.9,31.8115975966851,0.75,0.11582815922090905
25.0,31.8115975966851,0.75,0.11582815922090905
10.0,33.92623703353835,0.75,0.08458740072294015
10.1,33.92623703353835,0.75,0.08458740072294015
10.2,33.92623703353835,0.75,0.08458740072294015
10.3,33.92623703353835,0.75,0.08458740072294015
10.4,33.92623703353835,0.75,0.08458740072294015
10.5,33.92623703353835,0.75,0.08458740072294015
10.6,33.92623703353835,0.75,0.08458740072294015
10.7,33.92623703353835,0.75,0.08458740072294015
10.8,33.92623703353835,0.75,0.08458740072294015
10.9,33.92623703353835,0.75,0.08458740072294015
11.0,33.92623703353835,0.75,0.08458740072294015
11.1,33.92623703353835,0.75,0.08458740072294015
11.2,33.92623703353835,0.75,0.08458740072294015
11.3,33.92623703353835,0.75,0.08458740072294015
11.4,33.92623703353835,0.75,0.08458740072294015
11.5,33.92623703353835,0.75,0.08458740072294015
11.6,33.92623703353835,0.75,0.08458740072294015
11.7,33.92623703353835,0.75,0.08458740072294015
11.8,33.92623703353835,0.75,0.08458740072294015
11.9,33.92623703353835,0.75,0.08458740072294015
12.0,33.92623703353835,0.75,0.08458740072294015
12.1,33.92623703353835,0.75,0.08458740072294015
12.2,33.92623703353835,0.75,0.08458740072294015
12.3,33.92623703353835,0.75,0.08458740072294015
12.4,33.92623703353835,0.75,0.08458740072294015
12.5,33.92623703353835,0.75,0.08458740072294015
12.6,33.92623703353835,0.75,0.08458740072294015
12.7,33.92623703353835,0.75,0.08465079370046688
12.8,33.92623703353835,0.75,0.08528396305794067
12.9,33.92623703353835,0.75,0.08596351174242797
13.0,33.92623703353835,0.75,0.08668582484002732
13.1,33.92623703353835,0.75,0.08744720842506501
13.2,33.92623703353835,0.75,0.08824387187717338
13.3,33.92623703353835,0.75,0.0890719118393487
13.4,33.92623703353835,0.75,0.08992729786873557
13.5,33.92623703353835,0.75,0.09080585984637482
13.6,33.92623703353835,0.75,0.09170327722446986
13.7,33.92623703353835,0.75,0.09261507019984108
13.8,33.92623703353835,0.75,0.09353659291009096
13.9,33.92623703353835,0.75,0.0944630287545093
14.0,33.92623703353835,0.75,0.09538938794491604
14.100000000000001,33.92623703353835,0.75,0.09631050739237498
14.2,33.92623703353835,0.75,0.09722105303406531
14.3,33.92623703353835,0.75,0.09811552470054336
14.4,33.92623703353835,0.75,0.09898826361719322
14.5,33.92623703353835,0.75,0.09983346262490893
14.600000000000001,33.92623703353835,0.75,0.10064517919404219
14.7,33.92623703353835,0.75,0.10141735129242356
14.8,33.92623703353835,0.75,0.10214381615296578
14.9,33.92623703353835,0.75,0.10281833196899996
15.0,33.92623703353835,0.75,0.10343460252619864
15.100000000000001,33.92623703353835,0.75,0.10398630475874117
15.2,33.92623703353835,0.75,0.10446711919427874
15.3,33.92623703353835,0.75,0.10487076322734376
15.4,33.92623703353835,0.75,0.10519102713392271
15.5,33.92623703353835,0.75,0.10542181271108954
15.600000000000001,33.92623703353835,0.75,0.10555876997680408
15.7,33.92623703353835,0.75,0.10560413157364311
15.8,33.92623703353835,0.75,0.10560413157364311
15.9,33.92623703353835,0.75,0.10560413157364311
16.0,33.92623703353835,0.75,0.10560413157364311
16.1,33.92623703353835,0.75,0.10560413157364311
16.2,33.92623703353835,0.75,0.10560413157364311
16.3,33.92623703353835,0.75,0.10560413157364311
16.4,33.92623703353835,0.75,0.10560413157364311
16.5,33.92623703353835,0.75,0.10560413157364311
16.6,33.92623703353835,0.75,0.10560413157364311
16.7,33.92623703353835,0.75,0.10560413157364311
16.8,33.92623703353835,0.75,0.10560413157364311
16.9,33.92623703353835,0.75,0.10560413157364311
17.0,33.92623703353835,0.75,0.10560413157364311
17.1,33.92623703353835,0.75,0.10560413157364311
17.2,33.92623703353835,0.75,0.10560413157364311
17.3,33.92623703353835,0.75,0.10560413157364311
17.4,33.92623703353835,0.75,0.10560413157364311
17.5,33.92623703353835,0.75,0.10560413157364311
17.6,33.92623703353835,0.75,0.10560413157364311
17.7,33.92623703353835,0.75,0.10560413157364311
17.8,33.92623703353835,0.75,0.10560413157364311
17.9,33.92623703353835,0.75,0.10560413157364311
18.0,33.92623703353835,0.75,0.10560413157364311
18.1,33.92623703353835,0.75,0.10560413157364311
18.200000000000003,33.92623703353835,0.75,0.10560413157364311
18.3,33.92623703353835,0.75,0.10560413157364311
18.4,33.92623703353835,0.75,0.10560413157364311
18.5,33.92623703353835,0.75,0.10560413157364311
18.6,33.92623703353835,0.75,0.10560413157364311
18.700000000000003,33.92623703353835,0.75,0.10560413157364311
18.8,33.92623703353835,0.75,0.10560413157364311
18.9,33.92623703353835,0.75,0.10560413157364311
19.0,33.92623703353835,0.75,0.10560413157364311
19.1,33.92623703353835,0.75,0.10560413157364311
19.200000000000003,33.92623703353835,0.75,0.10560413157364311
19.3,33.92623703353835,0.75,0.10560413157364311
19.4,33.92623703353835,0.75,0.10560413157364311
19.5,33.92623703353835,0.75,0.10560413157364311
19.6,33.92623703353835,0.75,0.10560413157364311
19.700000000000003,33.92623703353835,0.75,0.10560413157364311
19.8,33.92623703353835,0.75,0.10560413157364311
19.9,33.92623703353835,0.75,0.10560413157364311
20.0,33.92623703353835,0.75,0.10560413157364311
20.1,33.92623703353835,0.75,0.10560413157364311
20.200000000000003,33.92623703353835,0.75,0.10560413157364311
20.3,33.92623703353835,0.75,0.10560413157364311
20.4,33.92623703353835,0.75,0.10560413157364311
20.5,33.92623703353835,0.75,0.10560413157364311
20.6,33.92623703353835,0.75,0.10560413157364311
20.700000000000003,33.92623703353835,0.75,0.10560413157364311
20.8,33.92623703353835,0.75,0.10560413157364311
20.9,33.92623703353835,0.75,0.10560413157364311
21.0,33.92623703353835,0.75,0.10560413157364311
21.1,33.92623703353835,0.75,0.10560413157364311
21.200000000000003,33.92623703353835,0.75,0.10560413157364311
21.3,33.92623703353835,0.75,0.10560413157364311
21.4,33.92623703353835,0.75,0.10560413157364311
21.5,33.92623703353835,0.75,0.10560413157364311
21.6,33.92623703353835,0.75,0.10560413157364311
21.700000000000003,33.92623703353835,0.75,0.10560413157364311
21.8,33.92623703353835,0.75,0.10560413157364311
21.9,33.92623703353835,0.75,0.10560413157364311
22.0,33.92623703353835,0.75,0.10560413157364311
22.1,33.92623703353835,0.75,0.10560413157364311
22.200000000000003,33.92623703353835,0.75,0.10560413157364311
22.3,33.92623703353835,0.75,0.10560413157364311
22.4,33.92623703353835,0.75,0.10560413157364311
22.5,33.92623703353835,0.75,0.10560413157364311
22.6,33.92623703353835,0.75,0.10560413157364311
22.700000000000003,33.92623703353835,0.75,0.10560413157364311
22.8,33.92623703353835,0.75,0.10560413157364311
22.9,33.92623703353835,0.75,0.10560413157364311
23.0,33.92623703353835,0.75,0.10560413157364311
23.1,33.92623703353835,0.75,0.10613815832321712
23.200000000000003,33.92623703353835,0.75,0.10712880707195098
23.3,33.92623703353835,0.75,0.10809154845667883
23.4,33.92623703353835,0.75,0.10902151805207334
23.5,33.92623703353835,0.75,0.10991375689034917
23.6,33.92623703353835,0.75,0.11076322486609072
23.700000000000003,33.92623703353835,0.75,0.11156481584489915
23.8,33.92623703353835,0.75,0.11231337447662174
23.9,33.92623703353835,0.75,0.11300371470419213
24.0,33.92623703353835,0.75,0.11363063994879215
24.1,33.92623703353835,0.75,0.11418896494122896
24.200000000000003,33.92623703353835,0.75,0.11467353915800398
24.3,33.92623703353835,0.75,0.11507927180853636
24.4,33.92623703353835,0.75,0.11540115830728798
24.5,33.92623703353835,0.75,0.11563430815103691
24.6,33.92623703353835,0.75,0.11577554562864194
24.700000000000003,33.92623703353835,0.75,0.11582815922090905
24.8,33.92623703353835,0.75,0.11582815922090905
24.9,33.92623703353835,0.75,0.11582815922090905
25.0,33.92623703353835,0.75,0.11582815922090905
10.0,30.208805577903597,0.8,0.08679964212698353
10.1,30.208805577903597,0.8,0.08679964212698353
10.2,30.208805577903597,0.8,0.08679964212698353
10.3,30.208805577903597,0.8,0.08679964212698353
10.4,30.208805577903597,0.8,0.08679964212698353
10.5,30.208805577903597,0.8,0.08679964212698353
10.6,30.208805577903597,0.8,0.08679964212698353
10.7,30.208805577903597,0.8,0.08679964212698353
10.8,30.208805577903597,0.8,0.08679964212698353
10.9,30.208805577903597,0.8,0.08679964212698353
11.0,30.208805577903597,0.8,0.08679964212698353
11.1,30.208805577903597,0.8,0.08679964212698353
11.2,30.208805577903597,0.8,0.08679964212698353
11.3,30.208805577903597,0.8,0.08679964212698353
11.4,30.208805577903597,0.8,0.08679964212698353
11.5,30.208805577903597,0.8,0.08679964212698353
11.6,30.208805577903597,0.8,0.08679964212698353
11.7,30.208805577903597,0.8,0.08679964212698353
11.8,30.208805577903597,0.8,0.08679964212698353
11.9,30.208805577903597,0.8,0.08679964212698353
12.0,30.208805577903597,0.8,0.08679964212698353
12.1,30.208805577903597,0.8,0.08679964212698353
12.2,30.208805577903597,0.8,0.08679964212698353
12.3,30.208805577903597,0.8,0.0871197727627888
12.4,30.208805577903597,0.8,0.08760175780997555
12.5,30.208805577903597,0.8,0.08813350374774061
12.6,30.208805577903597,0.8,0.08871207953410835
12.7,30.208805577903597,0.8,0.08933453522293072
12.8,30.208805577903597,0.8,0.08999788631312652
12.9,30.208805577903597,0.8,0.09069909915902918
13.0,30.208805577903597,0.8,0.09143507744299569
13.1,30.208805577903597,0.8,0.09220264972269648
13.2,30.208805577903597,0.8,0.09299855807571161
13.3,30.208805577903597,0.8,0.0938194478731594
13.4,30.208805577903597,0.8,0.09466185872208366
13.5,30.208805577903597,0.8,0.09552221662320369
13.6,30.208805577903597,0.8,0.0963968273963172
13.7,30.208805577903597,0.8,0.0972818714301583
13.8,30.208805577903597,0.8,0.0981733998168059
13.9,30.208805577903597,0.8,0.09906733193280037
14.0,30.208805577903597,0.8,0.09995945452993948
14.100000000000001,30.208805577903597,0.8,0.10084542239831178
14.2,30.208805577903597,0.8,0.10172076066244642
14.3,30.208805577903597,0.8,0.1025808687685961
14.4,30.208805577903597,0.8,0.10342102621707584
14.5,30.208805577903597,0.8,0.10423640008835854
14.600000000000001,30.208805577903597,0.8,0.10502205440525206
14.7,30.208805577903597,0.8,0.10577296136606083
14.8,30.208805577903597,0.8,0.10648401447516552
14.9,30.208805577903597,0.8,0.10715004358799668
15.0,30.208805577903597,0.8,0.10776583187697772
15.100000000000001,30.208805577903597,0.8,0.1083261347137036
15.2,30.208805577903597,0.8,0.10882570045037483
15.3,30.208805577903597,0.8,0.10925929307040515
15.4,30.208805577903597,0.8,0.10962171666404104
15.5,30.208805577903597,0.8,0.10990784166981793
15.600000000000001,30.208805577903597,0.8,0.11011394510485435
15.7,30.208805577903597,0.8,0.11024168727611626
15.8,30.208805577903597,0.8,0.11029420047002755
15.9,30.208805577903597,0.8,0.11029420047002755
16.0,30.208805577903597,0.8,0.11029420047002755
16.1,30.208805577903597,0.8,0.11029420047002755
16.2,30.208805577903597,0.8,0.11029420047002755
16.3,30.208805577903597,0.8,0.11029420047002755
16.4,30.208805577903597,0.8,0.11029420047002755
16.5,30.208805577903597,0.8,0.11029420047002755
16.6,30.208805577903597,0.8,0.11029420047002755
16.7,30.208805577903597,0.8,0.11029420047002755
16.8,30.208805577903597,0.8,0.11029420047002755
16.9,30.208805577903597,0.8,0.11029420047002755
17.0,30.208805577903597,0.8,0.11029420047002755
17.1,30.208805577903597,0.8,0.11029420047002755
17.2,30.208805577903597,0.8,0.11029420047002755
17.3,30.208805577903597,0.8,0.11029420047002755
17.4,30.208805577903597,0.8,0.11029420047002755
17.5,30.208805577903597,0.8,0.11029420047002755
17.6,30.208805577903597,0.8,0.11029420047002755
17.7,30.208805577903597,0.8,0.11029420047002755
17.8,30.208805577903597,0.8,0.11029420047002755
17.9,30.208805577903597,0.8,0.11029420047002755
18.0,30.208805577903597,0.8,0.11029420047002755
18.1,30.208805577903597,0.8,0.11029420047002755
18.200000000000003,30.208805577903597,0.8,0.11029420047002755
18.3,30.208805577903597,0.8,0.11029420047002755
18.4,30.208805577903597,0.8,0.11029420047002755
18.5,30.208805577903597,0.8,0.11029420047002755
18.6,30.208805577903597,0.8,0.11029420047002755
18.700000000000003,30.208805577903597,0.8,0.11029420047002755
18.8,30.208805577903597,0.8,0.11029420047002755
18.9,30.208805577903597,0.8,0.11029420047002755
19.0,30.208805577903597,0.8,0.11029420047002755
19.1,30.208805577903597,0.8,0.11029420047002755
19.200000000000003,30.208805577903597,0.8,0.11029420047002755
19.3,30.208805577903597,0.8,0.11029420047002755
19.4,30.208805577903597,0.8,0.11029420047002755
19.5,30.208805577903597,0.8,0.11029420047002755
19.6,30.208805577903597,0.8,0.11029420047002755
19.700000000000003,30.208805577903597,0.8,0.11029420047002755
19.8,30.208805577903597,0.8,0.11029420047002755
19.9,30.208805577903597,0.8,0.11029420047002755
20.0,30.208805577903597,0.8,0.11029420047002755
20.1,30.208805577903597,0.8,0.11029420047002755
20.200000000000003,30.208805577903597,0.8,0.11029420047002755
20.3,30.208805577903597,0.8,0.11029420047002755
20.4,30.208805577903597,0.8,0.11029420047002755
20.5,30.208805577903597,0.8,0.11029420047002755
20.6,30.208805577903597,0.8,0.11029420047002755
20.700000000000003,30.208805577903597,0.8,0.11029420047002755
20.8,30.208805577903597,0.8,0.11029420047002755
20.9,30.208805577903597,0.8,0.11029420047002755
21.0,30.208805577903597,0.8,0.11029420047002755
21.1,30.208805577903597,0.8,0.11029420047002755
21.200000000000003,30.208805577903597,0.8,0.11029420047002755
21.3,30.208805577903597,0.8,0.11029420047002755
21.4,30.208805577903597,0.8,0.11029420047002755
21.5,30.208805577903597,0.8,0.11029420047002755
21.6,30.208805577903597,0.8,0.11029420047002755
21.700000000000003,30.208805577903597,0.8,0.11029420047002755
21.8,30.208805577903597,0.8,0.11029420047002755
21.9,30.208805577903597,0.8,0.11029420047002755
22.0,30.208805577903597,0.8,0.11029420047002755
22.1,30.208805577903597,0.8,0.11029420047002755
22.200000000000003,30.208805577903597,0.8,0.11029420047002755
22.3,30.208805577903597,0.8,0.11029420047002755
22.4,30.208805577903597,0.8,0.11029420047002755
22.5,30.208805577903597,0.8,0.11029420047002755
22.6,30.208805577903597,0.8,0.11029420047002755
22.700000000000003,30.208805577903597,0.8,0.11029420047002755
22.8,30.208805577903597,0.8,0.11029420047002755
22.9,30.208805577903597,0.8,0.11029420047002755
23.0,30.208805577903597,0.8,0.11029420047002755
23.1,30.208805577903597,0.8,0.1104924111216905
23.200000000000003,30.208805577903597,0.8,0.11155129841405018
23.3,30.208805577903597,0.8,0.11261716332943478
23.4,30.208805577903597,0.8,0.11368771383508523
23.5,30.208805577903597,0.8,0.11476058161939691
23.6,30.208805577903597,0.8,0.11583332201456503
23.700000000000003,30.208805577903597,0.8,0.11690341436931337
23.8,30.208805577903597,0.8,0.11796826288653289
23.9,30.208805577903597,0.8,0.11902519793981638
24.0,30.208805577903597,0.8,0.12007147788189021
24.1,30.208805577903597,0.8,0.12110429135682202
24.200000000000003,30.208805577903597,0.8,0.12212076012665724
24.3,30.208805577903597,0.8,0.12311794242175655
24.4,30.208805577903597,0.8,0.12409283682268632
24.5,30.208805577903597,0.8,0.1250423866799651
24.6,30.208805577903597,0.8,0.12596361413697313
24.700000000000003,30.208805577903597,0.8,0.12685401905559568
24.8,30.208805577903597,0.8,0.1277112079507052
24.9,30.208805577903597,0.8,0.12853277114851408
25.0,30.208805577903597,0.8,0.12931628763510214
10.0,31.8115975966851,0.8,0.08679964212698353
10.1,31.8115975966851,0.8,0.08679964212698353
10.2,31.8115975966851,0.8,0.08679964212698353
10.3,31.8115975966851,0.8,0.08679964212698353
10.4,31.8115975966851,0.8,0.08679964212698353
10.5,31.8115975966851,0.8,0.08679964212698353
10.6,31.8115975966851,0.8,0.08679964212698353
10.7,31.8115975966851,0.8,0.08679964212698353
10.8,31.8115975966851,0.8,0.08679964212698353
10.9,31.8115975966851,0.8,0.08679964212698353
11.0,31.8115975966851,0.8,0.08679964212698353
11.1,31.8115975966851,0.8,0.08679964212698353
11.2,31.8115975966851,0.8,0.08679964212698353
11.3,31.8115975966851,0.8,0.08679964212698353
11.4,31.8115975966851,0.8,0.08679964212698353
11.5,31.8115975966851,0.8,0.08679964212698353
11.6,31.8115975966851,0.8,0.08679964212698353
11.7,31.8115975966851,0.8,0.08679964212698353
11.8,31.8115975966851,0.8,0.08679964212698353
11.9,31.8115975966851,0.8,0.08679964212698353
12.0,31.8115975966851,0.8,0.08679964212698353
12.1,31.8115975966851,0.8,0.08679964212698353
12.2,31.8115975966851,0.8,0.08679964212698353
12.3,31.8115975966851,0.8,0.0871197727627888
12.4,31.8115975966851,0.8,0.08760175780997555
12.5,31.8115975966851,0.8,0.08813350374774061
12.6,31.8115975966851,0.8,0.08871207953410835
12.7,31.8115975966851,0.8,0.08933453522293072
12.8,31.8115975966851,0.8,0.08999788631312652
12.9,31.8115975966851,0.8,0.09069909915902918
13.0,31.8115975966851,0.8,0.09143507744299569
13.1,31.8115975966851,0.8,0.09220264972269648
13.2,31.8115975966851,0.8,0.09299855807571161
13.3,31.8115975966851,0.8,0.0938194478731594
13.4,31.8115975966851,0.8,0.09466185872208366
13.5,31.8115975966851,0.8,0.09552221662320369
13.6,31.8115975966851,0.8,0.0963968273963172
13.7,31.8115975966851,0.8,0.0972818714301583
13.8,31.8115975966851,0.8,0.0981733998168059
13.9,31.8115975966851,0.8,0.09906733193280037
14.0,31.8115975966851,0.8,0.09995945452993948
14.100000000000001,31.8115975966851,0.8,0.10084542239831178
14.2,31.8115975966851,0.8,0.10172076066244642
14.3,31.8115975966851,0.8,0.1025808687685961
14.4,31.8115975966851,0.8,0.10342102621707584
14.5,31.8115975966851,0.8,0.10423640008835854
14.600000000000001,31.8115975966851,0.8,0.10502205440525206
14.7,31.8115975966851,0.8,0.10577296136606083
14.8,31.8115975966851,0.8,0.10648401447516552
14.9,31.8115975966851,0.8,0.10715004358799668
15.0,31.8115975966851,0.8,0.10776583187697772
15.100000000000001,31.8115975966851,0.8,0.1083261347137036
15.2,31.8115975966851,0.8,0.10882570045037483
15.3,31.8115975966851,0.8,0.10925929307040515
15.4,31.8115975966851,0.8,0.10962171666404104
15.5,31.8115975966851,0.8,0.10990784166981793
15.600000000000001,31.8115975966851,0.8,0.11011394510485435
15.7,31.8115975966851,0.8,0.11024168727611626
15.8,31.8115975966851,0.8,0.11029420047002755
15.9,31.8115975966851,0.8,0.11029420047002755
16.0,31.8115975966851,0.8,0.11029420047002755
16.1,31.8115975966851,0.8,0.11029420047002755
16.2,31.8115975966851,0.8,0.11029420047002755
16.3,31.8115975966851,0.8,0.11029420047002755
16.4,31.8115975966851,0.8,0.11029420047002755
16.5,31.8115975966851,0.8,0.11029420047002755
16.6,31.8115975966851,0.8,0.11029420047002755
16.7,31.8115975966851,0.8,0.11029420047002755
16.8,31.8115975966851,0.8,0.11029420047002755
16.9,31.8115975966851,0.8,0.11029420047002755
17.0,31.8115975966851,0.8,0.11029420047002755
17.1,31.8115975966851,0.8,0.11029420047002755
17.2,31.8115975966851,0.8,0.11029420047002755
17.3,31.8115975966851,0.8,0.11029420047002755
17.4,31.8115975966851,0.8,0.11029420047002755
17.5,31.8115975966851,0.8,0.11029420047002755
17.6,31.8115975966851,0.8,0.11029420047002755
17.7,31.8115975966851,0.8,0.11029420047002755
17.8,31.8115975966851,0.8,0.11029420047002755
17.9,31.8115975966851,0.8,0.11029420047002755
18.0,31.8115975966851,0.8,0.11029420047002755
18.1,31.8115975966851,0.8,0.11029420047002755
18.200000000000003,31.8115975966851,0.8,0.11029420047002755
18.3,31.8115975966851,0.8,0.11029420047002755
18.4,31.8115975966851,0.8,0.11029420047002755
18.5,31.8115975966851,0.8,0.11029420047002755
18.6,31.8115975966851,0.8,0.11029420047002755
18.700000000000003,31.8115975966851,0.8,0.11029420047002755
18.8,31.8115975966851,0.8,0.11029420047002755
18.9,31.8115975966851,0.8,0.11029420047002755
19.0,31.8115975966851,0.8,0.11029420047002755
19.1,31.8115975966851,0.8,0.11029420047002755
19.200000000000003,31.8115975966851,0.8,0.11029420047002755
19.3,31.8115975966851,0.8,0.11029420047002755
19.4,31.8115975966851,0.8,0.11029420047002755
19.5,31.8115975966851,0.8,0.11029420047002755
19.6,31.8115975966851,0.8,0.11029420047002755
19.700000000000003,31.8115975966851,0.8,0.11029420047002755
19.8,31.8115975966851,0.8,0.11029420047002755
19.9,31.8115975966851,0.8,0.11029420047002755
20.0,31.8115975966851,0.8,0.11029420047002755
20.1,31.8115975966851,0.8,0.11029420047002755
20.200000000000003,31.8115975966851,0.8,0.11029420047002755
20.3,31.8115975966851,0.8,0.11029420047002755
20.4,31.8115975966851,0.8,0.11029420047002755
20.5,31.8115975966851,0.8,0.11029420047002755
20.6,31.8115975966851,0.8,0.11029420047002755
20.700000000000003,31.8115975966851,0.8,0.11029420047002755
20.8,31.8115975966851,0.8,0.11029420047002755
20.9,31.8115975966851,0.8,0.11029420047002755
21.0,31.8115975966851,0.8,0.11029420047002755
21.1,31.8115975966851,0.8,0.11029420047002755
21.200000000000003,31.8115975966851,0.8,0.11029420047002755
21.3,31.8115975966851,0.8,0.11029420047002755
21.4,31.8115975966851,0.8,0.11029420047002755
21.5,31.8115975966851,0.8,0.11029420047002755
21.6,31.8115975966851,0.8,0.11029420047002755
21.700000000000003,31.8115975966851,0.8,0.11029420047002755
21.8,31.8115975966851,0.8,0.11029420047002755
21.9,31.8115975966851,0.8,0.11029420047002755
22.0,31.8115975966851,0.8,0.11029420047002755
22.1,31.8115975966851,0.8,0.11029420047002755
22.200000000000003,31.8115975966851,0.8,0.11029420047002755
22.3,31.8115975966851,0.8,0.11029420047002755
22.4,31.8115975966851,0.8,0.11029420047002755
22.5,31.8115975966851,0.8,0.11029420047002755
22.6,31.8115975966851,0.8,0.11029420047002755
22.700000000000003,31.8115975966851,0.8,0.11029420047002755
22.8,31.8115975966851,0.8,0.11029420047002755
22.9,31.8115975966851,0.8,0.11029420047002755
23.0,31.8115975966851,0.8,0.11029420047002755
23.1,31.8115975966851,0.8,0.1104924111216905
23.200000000000003,31.8115975966851,0.8,0.11155129841405018
23.3,31.8115975966851,0.8,0.11261716332943478
23.4,31.8115975966851,0.8,0.11368771383508523
23.5,31.8115975966851,0.8,0.11476058161939691
23.6,31.8115975966851,0.8,0.11583332201456503
23.700000000000003,31.8115975966851,0.8,0.11690341436931337
23.8,31.8115975966851,0.8,0.11796826288653289
23.9,31.8115975966851,0.8,0.11902519793981638
24.0,31.8115975966851,0.8,0.12007147788189021
24.1,31.8115975966851,0.8,0.12110429135682202
24.200000000000003,31.8115975966851,0.8,0.12212076012665724
24.3,31.8115975966851,0.8,0.12311794242175655
24.4,31.8115975966851,0.8,0.12409283682268632
24.5,31.8115975966851,0.8,0.1250423866799651
24.6,31.8115975966851,0.8,0.12596361413697313
24.700000000000003,31.8115975966851,0.8,0.12685401905559568
24.8,31.8115975966851,0.8,0.1277112079507052
24.9,31.8115975966851,0.8,0.12853277114851408
25.0,31.8115975966851,0.8,0.12931628763510214
10.0,33.92623703353835,0.8,0.08679964212698353
10.1,33.92623703353835,0.8,0.08679964212698353
10.2,33.92623703353835,0.8,0.08679964212698353
10.3,33.92623703353835,0.8,0.08679964212698353
10.4,33.92623703353835,0.8,0.08679964212698353
10.5,33.92623703353835,0.8,0.08679964212698353
10.6,33.92623703353835,0.8,0.08679964212698353
10.7,33.92623703353835,0.8,0.08679964212698353
10.8,33.92623703353835,0.8,0.08679964212698353
10.9,33.92623703353835,0.8,0.08679964212698353
11.0,33.92623703353835,0.8,0.08679964212698353
11.1,33.92623703353835,0.8,0.08679964212698353
11.2,33.92623703353835,0.8,0.08679964212698353
11.3,33.92623703353835,0.8,0.08679964212698353
11.4,33.92623703353835,0.8,0.08679964212698353
11.5,33.92623703353835,0.8,0.08679964212698353
11.6,33.92623703353835,0.8,0.08679964212698353
11.7,33.92623703353835,0.8,0.08679964212698353
11.8,33.92623703353835,0.8,0.08679964212698353
11.9,33.92623703353835,0.8,0.08679964212698353
12.0,33.92623703353835,0.8,0.08679964212698353
12.1,33.92623703353835,0.8,0.08679964212698353
12.2,33.92623703353835,0.8,0.08679964212698353
12.3,33.92623703353835,0.8,0.0871197727627888
12.4,33.92623703353835,0.8,0.08760175780997555
12.5,33.92623703353835,0.8,0.08813350374774061
12.6,33.92623703353835,0.8,0.08871207953410835
12.7,33.92623703353835,0.8,0.08933453522293072
12.8,33.92623703353835,0.8,0.08999788631312652
12.9,33.92623703353835,0.8,0.09069909915902918
13.0,33.92623703353835,0.8,0.09143507744299569
13.1,33.92623703353835,0.8,0.09220264972269648
13.2,33.92623703353835,0.8,0.09299855807571161
13.3,33.92623703353835,0.8,0.0938194478731594
13.4,33.92623703353835,0.8,0.09466185872208366
13.5,33.92623703353835,0.8,0.09552221662320369
13.6,33.92623703353835,0.8,0.0963968273963172
13.7,33.92623703353835,0.8,0.0972818714301583
13.8,33.92623703353835,0.8,0.0981733998168059
13.9,33.92623703353835,0.8,0.09906733193280037
14.0,33.92623703353835,0.8,0.09995945452993948
14.100000000000001,33.92623703353835,0.8,0.10084542239831178
14.2,33.92623703353835,0.8,0.10172076066244642
14.3,33.92623703353835,0.8,0.1025808687685961
14.4,33.92623703353835,0.8,0.10342102621707584
14.5,33.92623703353835,0.8,0.10423640008835854
14.600000000000001,33.92623703353835,0.8,0.10502205440525206
14.7,33.92623703353835,0.8,0.10577296136606083
14.8,33.92623703353835,0.8,0.10648401447516552
14.9,33.92623703353835,0.8,0.10715004358799668
15.0,33.92623703353835,0.8,0.10776583187697772
15.100000000000001,33.92623703353835,0.8,0.1083261347137036
15.2,33.92623703353835,0.8,0.10882570045037483
15.3,33.92623703353835,0.8,0.10925929307040515
15.4,33.92623703353835,0.8,0.10962171666404104
15.5,33.92623703353835,0.8,0.10990784166981793
15.600000000000001,33.92623703353835,0.8,0.11011394510485435
15.7,33.92623703353835,0.8,0.11024168727611626
15.8,33.92623703353835,0.8,0.11029420047002755
15.9,33.92623703353835,0.8,0.11029420047002755
16.0,33.92623703353835,0.8,0.11029420047002755
16.1,33.92623703353835,0.8,0.11029420047002755
16.2,33.92623703353835,0.8,0.11029420047002755
16.3,33.92623703353835,0.8,0.11029420047002755
16.4,33.92623703353835,0.8,0.11029420047002755
16.5,33.92623703353835,0.8,0.11029420047002755
16.6,33.92623703353835,0.8,0.11029420047002755
16.7,33.92623703353835,0.8,0.11029420047002755
16.8,33.92623703353835,0.8,0.11029420047002755
16.9,33.92623703353835,0.8,0.11029420047002755
17.0,33.92623703353835,0.8,0.11029420047002755
17.1,33.92623703353835,0.8,0.11029420047002755
17.2,33.92623703353835,0.8,0.11029420047002755
17.3,33.92623703353835,0.8,0.11029420047002755
17.4,33.92623703353835,0.8,0.11029420047002755
17.5,33.92623703353835,0.8,0.11029420047002755
17.6,33.92623703353835,0.8,0.11029420047002755
17.7,33.92623703353835,0.8,0.11029420047002755
17.8,33.92623703353835,0.8,0.11029420047002755
17.9,33.92623703353835,0.8,0.11029420047002755
18.0,33.92623703353835,0.8,0.11029420047002755
18.1,33.92623703353835,0.8,0.11029420047002755
18.200000000000003,33.92623703353835,0.8,0.11029420047002755
18.3,33.92623703353835,0.8,0.11029420047002755
18.4,33.92623703353835,0.8,0.11029420047002755
18.5,33.92623703353835,0.8,0.11029420047002755
18.6,33.92623703353835,0.8,0.11029420047002755
18.700000000000003,33.92623703353835,0.8,0.11029420047002755
18.8,33.92623703353835,0.8,0.11029420047002755
18.9,33.92623703353835,0.8,0.11029420047002755
19.0,33.92623703353835,0.8,0.11029420047002755
19.1,33.92623703353835,0.8,0.11029420047002755
19.200000000000003,33.92623703353835,0.8,0.11029420047002755
19.3,33.92623703353835,0.8,0.11029420047002755
19.4,33.92623703353835,0.8,0.11029420047002755
19.5,33.92623703353835,0.8,0.11029420047002755
19.6,33.92623703353835,0.8,0.11029420047002755
19.700000000000003,33.92623703353835,0.8,0.11029420047002755
19.8,33.92623703353835,0.8,0.11029420047002755
19.9,33.92623703353835,0.8,0.11029420047002755
20.0,33.92623703353835,0.8,0.11029420047002755
20.1,33.92623703353835,0.8,0.11029420047002755
20.200000000000003,33.92623703353835,0.8,0.11029420047002755
20.3,33.92623703353835,0.8,0.11029420047002755
20.4,33.92623703353835,0.8,0.11029420047002755
20.5,33.92623703353835,0.8,0.11029420047002755
20.6,33.92623703353835,0.8,0.11029420047002755
20.700000000000003,33.92623703353835,0.8,0.11029420047002755
20.8,33.92623703353835,0.8,0.11029420047002755
20.9,33.92623703353835,0.8,0.11029420047002755
21.0,33.92623703353835,0.8,0.11029420047002755
21.1,33.92623703353835,0.8,0.11029420047002755
21.200000000000003,33.92623703353835,0.8,0.11029420047002755
21.3,33.92623703353835,0.8,0.11029420047002755
21.4,33.92623703353835,0.8,0.11029420047002755
21.5,33.92623703353835,0.8,0.11029420047002755
21.6,33.92623703353835,0.8,0.11029420047002755
21.700000000000003,33.92623703353835,0.8,0.11029420047002755
21.8,33.92623703353835,0.8,0.11029420047002755
21.9,33.92623703353835,0.8,0.11029420047002755
22.0,33.92623703353835,0.8,0.11029420047002755
22.1,33.92623703353835,0.8,0.11029420047002755
22.200000000000003,33.92623703353835,0.8,0.11029420047002755
22.3,33.92623703353835,0.8,0.11029420047002755
22.4,33.92623703353835,0.8,0.11029420047002755
22.5,33.92623703353835,0.8,0.11029420047002755
22.6,33.92623703353835,0.8,0.11029420047002755
22.700000000000003,33.92623703353835,0.8,0.11029420047002755
22.8,33.92623703353835,0.8,0.11029420047002755
22.9,33.92623703353835,0.8,0.11029420047002755
23.0,33.92623703353835,0.8,0.11029420047002755
23.1,33.92623703353835,0.8,0.1104924111216905
23.200000000000003,33.92623703353835,0.8,0.11155129841405018
23.3,33.92623703353835,0.8,0.11261716332943478
23.4,33.92623703353835,0.8,0.11368771383508523
23.5,33.92623703353835,0.8,0.11476058161939691
23.6,33.92623703353835,0.8,0.11583332201456503
23.700000000000003,33.92623703353835,0.8,0.11690341436931337
23.8,33.92623703353835,0.8,0.11796826288653289
23.9,33.92623703353835,0.8,0.11902519793981638
24.0,33.92623703353835,0.8,0.12007147788189021
24.1,33.92623703353835,0.8,0.12110429135682202
24.200000000000003,33.92623703353835,0.8,0.12212076012665724
24.3,33.92623703353835,0.8,0.12311794242175655
24.4,33.92623703353835,0.8,0.12409283682268632
24.5,33.92623703353835,0.8,0.1250423866799651
24.6,33.92623703353835,0.8,0.12596361413697313
24.700000000000003,33.92623703353835,0.8,0.12685401905559568
24.8,33.92623703353835,0.8,0.1277112079507052
24.9,33.92623703353835,0.8,0.12853277114851408
25.0,33.92623703353835,0.8,0.12931628763510214
10.0,30.208805577903597,0.85,0.09159797400043664
10.1,30.208805577903597,0.85,0.09159797400043664
10.2,30.208805577903597,0.85,0.09159797400043664
10.3,30.208805577903597,0.85,0.09159797400043664
10.4,30.208805577903597,0.85,0.09159797400043664
10.5,30.208805577903597,0.85,0.09159797400043664
10.6,30.208805577903597,0.85,0.09159797400043664
10.7,30.208805577903597,0.85,0.09159797400043664
10.8,30.208805577903597,0.85,0.09159797400043664
10.9,30.208805577903597,0.85,0.09159797400043664
11.0,30.208805577903597,0.85,0.09159797400043664
11.1,30.208805577903597,0.85,0.09159797400043664
11.2,30.208805577903597,0.85,0.09159797400043664
11.3,30.208805577903597,0.85,0.09159797400043664
11.4,30.208805577903597,0.85,0.09159797400043664
11.5,30.208805577903597,0.85,0.09159797400043664
11.6,30.208805577903597,0.85,0.09159797400043664
11.7,30.208805577903597,0.85,0.09159797400043664
11.8,30.208805577903597,0.85,0.09159797400043664
11.9,30.208805577903597,0.85,0.09159797400043664
12.0,30.208805577903597,0.85,0.09159797400043664
12.1,30.208805577903597,0.85,0.09159797400043664
12.2,30.208805577903597,0.85,0.09179416365533181
12.3,30.208805577903597,0.85,0.09223375637196472
12.4,30.208805577903597,0.85,0.09272420792509288
12.5,30.208805577903597,0.85,0.09326265400433706
12.6,30.208805577903597,0.85,0.09384622461666214
12.7,30.208805577903597,0.85,0.09447202939531901
12.8,30.208805577903597,0.85,0.0951371438651603
12.9,30.208805577903597,0.85,0.09583859665778655
13.0,30.208805577903597,0.85,0.09657335767959271
13.1,30.208805577903597,0.85,0.09733832724451699
13.2,30.208805577903597,0.85,0.09813032619121378
13.3,30.208805577903597,0.85,0.09894608701137302
13.4,30.208805577903597,0.85,0.09978224602204146
13.5,30.208805577903597,0.85,0.10063533662000972
13.6,30.208805577903597,0.85,0.10150178366059684
13.7,30.208805577903597,0.85,0.1023778990065174
13.8,30.208805577903597,0.85,0.10325987829486284
13.9,30.208805577903597,0.85,0.10414379897166208
14.0,30.208805577903597,0.85,0.10502561964391334
14.100000000000001,30.208805577903597,0.85,0.10590118079847267
14.2,30.208805577903597,0.85,0.10676620693571698
14.3,30.208805577903597,0.85,0.10761631016351932
14.4,30.208805577903597,0.85,0.10844699529377674
14.5,30.208805577903597,0.85,0.1092536664795778
14.600000000000001,30.208805577903597,0.85,0.11003163542612295
14.7,30.208805577903597,0.85,0.11077613120270625
14.8,30.208805577903597,0.85,0.1114823116765566
14.9,30.208805577903597,0.85,0.11214527658207368
15.0,30.208805577903597,0.85,0.1127600822310543
15.100000000000001,30.208805577903597,0.85,0.11332175786091214
15.2,30.208805577903597,0.85,0.11382532360862326
15.3,30.208805577903597,0.85,0.11426581008822981
15.4,30.208805577903597,0.85,0.11463827953914757
15.5,30.208805577903597,0.85,0.11493784850119594
15.600000000000001,30.208805577903597,0.85,0.11516098022515169
15.7,30.208805577903597,0.85,0.11530932604085706
15.8,30.208805577903597,0.85,0.11538594619878703
15.9,30.208805577903597,0.85,0.11539402876521807
16.0,30.208805577903597,0.85,0.11539402876521807
16.1,30.208805577903597,0.85,0.11539402876521807
16.2,30.208805577903597,0.85,0.11539402876521807
16.3,30.208805577903597,0.85,0.11539402876521807
16.4,30.208805577903597,0.85,0.11539402876521807
16.5,30.208805577903597,0.85,0.11539402876521807
16.6,30.208805577903597,0.85,0.11539402876521807
16.7,30.208805577903597,0.85,0.11539402876521807
16.8,30.208805577903597,0.85,0.11539402876521807
16.9,30.208805577903597,0.85,0.11539402876521807
17.0,30.208805577903597,0.85,0.11539402876521807
17.1,30.208805577903597,0.85,0.11539402876521807
17.2,30.208805577903597,0.85,0.11539402876521807
17.3,30.208805577903597,0.85,0.11539402876521807
17.4,30.208805577903597,0.85,0.11539402876521807
17.5,30.208805577903597,0.85,0.11539402876521807
17.6,30.208805577903597,0.85,0.11539402876521807
17.7,30.208805577903597,0.85,0.11539402876521807
17.8,30.208805577903597,0.85,0.11539402876521807
17.9,30.208805577903597,0.85,0.11539402876521807
18.0,30.208805577903597,0.85,0.11539402876521807
18.1,30.208805577903597,0.85,0.11539402876521807
18.200000000000003,30.208805577903597,0.85,0.11539402876521807
18.3,30.208805577903597,0.85,0.11539402876521807
18.4,30.208805577903597,0.85,0.11539402876521807
18.5,30.208805577903597,0.85,0.11539402876521807
18.6,30.208805577903597,0.85,0.11539402876521807
18.700000000000003,30.208805577903597,0.85,0.11539402876521807
18.8,30.208805577903597,0.85,0.11539402876521807
18.9,30.208805577903597,0.85,0.11539402876521807
19.0,30.208805577903597,0.85,0.11539402876521807
19.1,30.208805577903597,0.85,0.11539402876521807
19.200000000000003,30.208805577903597,0.85,0.11539402876521807
19.3,30.208805577903597,0.85,0.11539402876521807
19.4,30.208805577903597,0.85,0.11539402876521807
19.5,30.208805577903597,0.85,0.11539402876521807
19.6,30.208805577903597,0.85,0.11539402876521807
19.700000000000003,30.208805577903597,0.85,0.11539402876521807
19.8,30.208805577903597,0.85,0.11539402876521807
19.9,30.208805577903597,0.85,0.11539402876521807
20.0,30.208805577903597,0.85,0.11539402876521807
20.1,30.208805577903597,0.85,0.11539402876521807
20.200000000000003,30.208805577903597,0.85,0.11539402876521807
20.3,30.208805577903597,0.85,0.11539402876521807
20.4,30.208805577903597,0.85,0.11539402876521807
20.5,30.208805577903597,0.85,0.11539402876521807
20.6,30.208805577903597,0.85,0.11539402876521807
20.700000000000003,30.208805577903597,0.85,0.11539402876521807
20.8,30.208805577903597,0.85,0.11539402876521807
20.9,30.208805577903597,0.85,0.11539402876521807
21.0,30.208805577903597,0.85,0.11539402876521807
21.1,30.208805577903597,0.85,0.11539402876521807
21.200000000000003,30.208805577903597,0.85,0.11539402876521807
21.3,30.208805577903597,0.85,0.11539402876521807
21.4,30.208805577903597,0.85,0.11539402876521807
21.5,30.208805577903597,0.85,0.11539402876521807
21.6,30.208805577903597,0.85,0.11539402876521807
21.700000000000003,30.208805577903597,0.85,0.11539402876521807
21.8,30.208805577903597,0.85,0.11539402876521807
21.9,30.208805577903597,0.85,0.11539402876521807
22.0,30.208805577903597,0.85,0.11539402876521807
22.1,30.208805577903597,0.85,0.11539402876521807
22.200000000000003,30.208805577903597,0.85,0.11539402876521807
22.3,30.208805577903597,0.85,0.11539402876521807
22.4,30.208805577903597,0.85,0.11539402876521807
22.5,30.208805577903597,0.85,0.11539402876521807
22.6,30.208805577903597,0.85,0.11595551758731419
22.700000000000003,30.208805577903597,0.85,0.11700091465675189
22.8,30.208805577903597,0.85,0.11805455196289492
22.9,30.208805577903597,0.85,0.11911378863796152
23.0,30.208805577903597,0.85,0.12017590064524322
23.1,30.208805577903597,0.85,0.1212380805339746
23.200000000000003,30.208805577903597,0.85,0.12229743775851606
23.3,30.208805577903597,0.85,0.12335099957933193
23.4,30.208805577903597,0.85,0.12439571256226306
23.5,30.208805577903597,0.85,0.12542844469140801
23.6,30.208805577903597,0.85,0.12644598810957325
23.700000000000003,30.208805577903597,0.85,0.12744506249873597
23.8,30.208805577903597,0.85,0.12842231911128424
23.9,30.208805577903597,0.85,0.12937434546103666
24.0,30.208805577903597,0.85,0.13029767068112655
24.1,30.208805577903597,0.85,0.1311887715538667
24.200000000000003,30.208805577903597,0.85,0.1320440792156367
24.3,30.208805577903597,0.85,0.1328599865377301
24.4,30.208805577903597,0.85,0.13363285618192117
24.5,30.208805577903597,0.85,0.13435902932729085
24.6,30.208805577903597,0.85,0.13503525023817878
24.700000000000003,30.208805577903597,0.85,0.13565993476585342
24.8,30.208805577903597,0.85,0.13623195421014064
24.9,30.208805577903597,0.85,0.13675022606718118
25.0,30.208805577903597,0.85,0.13721371628218124
10.0,31.8115975966851,0.85,0.09159797400043664
10.1,31.8115975966851,0.85,0.09159797400043664
10.2,31.8115975966851,0.85,0.09159797400043664
10.3,31.8115975966851,0.85,0.09159797400043664
10.4,31.8115975966851,0.85,0.09159797400043664
10.5,31.8115975966851,0.85,0.09159797400043664
10.6,31.8115975966851,0.85,0.09159797400043664
10.7,31.8115975966851,0.85,0.09159797400043664
10.8,31.8115975966851,0.85,0.09159797400043664
10.9,31.8115975966851,0.85,0.09159797400043664
11.0,31.8115975966851,0.85,0.09159797400043664
11.1,31.8115975966851,0.85,0.09159797400043664
11.2,31.8115975966851,0.85,0.09159797400043664
11.3,31.8115975966851,0.85,0.09159797400043664
11.4,31.8115975966851,0.85,0.09159797400043664
11.5,31.8115975966851,0.85,0.09159797400043664
11.6,31.8115975966851,0.85,0.09159797400043664
11.7,31.8115975966851,0.85,0.09159797400043664
11.8,31.8115975966851,0.85,0.09159797400043664
11.9,31.8115975966851,0.85,0.09159797400043664
12.0,31.8115975966851,0.85,0.09159797400043664
12.1,31.8115975966851,0.85,0.09159797400043664
12.2,31.8115975966851,0.85,0.09179416365533181
12.3,31.8115975966851,0.85,0.09223375637196472
12.4,31.8115975966851,0.85,0.09272420792509288
12.5,31.8115975966851,0.85,0.09326265400433706
12.6,31.8115975966851,0.85,0.09384622461666214
12.7,31.8115975966851,0.85,0.09447202939531901
12.8,31.8115975966851,0.85,0.0951371438651603
12.9,31.8115975966851,0.85,0.09583859665778655
13.0,31.8115975966851,0.85,0.09657335767959271
13.1,31.8115975966851,0.85,0.09733832724451699
13.2,31.8115975966851,0.85,0.09813032619121378
13.3,31.8115975966851,0.85,0.09894608701137302
13.4,31.8115975966851,0.85,0.09978224602204146
13.5,31.8115975966851,0.85,0.10063533662000972
13.6,31.8115975966851,0.85,0.10150178366059684
13.7,31.8115975966851,0.85,0.1023778990065174
13.8,31.8115975966851,0.85,0.10325987829486284
13.9,31.8115975966851,0.85,0.10414379897166208
14.0,31.8115975966851,0.85,0.10502561964391334
14.100000000000001,31.8115975966851,0.85,0.10590118079847267
14.2,31.8115975966851,0.85,0.10676620693571698
14.3,31.8115975966851,0.85,0.10761631016351932
14.4,31.8115975966851,0.85,0.10844699529377674
14.5,31.8115975966851,0.85,0.1092536664795778
14.600000000000001,31.8115975966851,0.85,0.11003163542612295
14.7,31.8115975966851,0.85,0.11077613120270625
14.8,31.8115975966851,0.85,0.1114823116765566
14.9,31.8115975966851,0.85,0.11214527658207368
15.0,31.8115975966851,0.85,0.1127600822310543
15.100000000000001,31.8115975966851,0.85,0.11332175786091214
15.2,31.8115975966851,0.85,0.11382532360862326
15.3,31.8115975966851,0.85,0.11426581008822981
15.4,31.8115975966851,0.85,0.11463827953914757
15.5,31.8115975966851,0.85,0.11493784850119594
15.600000000000001,31.8115975966851,0.85,0.11516098022515169
15.7,31.8115975966851,0.85,0.11530932604085706
15.8,31.8115975966851,0.85,0.11538594619878703
15.9,31.8115975966851,0.85,0.11539402876521807
16.0,31.8115975966851,0.85,0.11539402876521807
16.1,31.8115975966851,0.85,0.11539402876521807
16.2,31.8115975966851,0.85,0.11539402876521807
16.3,31.8115975966851,0.85,0.11539402876521807
16.4,31.8115975966851,0.85,0.11539402876521807
16.5,31.8115975966851,0.85,0.11539402876521807
16.6,31.8115975966851,0.85,0.11539402876521807
16.7,31.8115975966851,0.85,0.11539402876521807
16.8,31.8115975966851,0.85,0.11539402876521807
16.9,31.8115975966851,0.85,0.11539402876521807
17.0,31.8115975966851,0.85,0.11539402876521807
17.1,31.8115975966851,0.85,0.11539402876521807
17.2,31.8115975966851,0.85,0.11539402876521807
17.3,31.8115975966851,0.85,0.11539402876521807
17.4,31.8115975966851,0.85,0.11539402876521807
17.5,31.8115975966851,0.85,0.11539402876521807
17.6,31.8115975966851,0.85,0.11539402876521807
17.7,31.8115975966851,0.85,0.11539402876521807
17.8,31.8115975966851,0.85,0.11539402876521807
17.9,31.8115975966851,0.85,0.11539402876521807
18.0,31.8115975966851,0.85,0.11539402876521807
18.1,31.8115975966851,0.85,0.11539402876521807
18.200000000000003,31.8115975966851,0.85,0.11539402876521807
18.3,31.8115975966851,0.85,0.11539402876521807
18.4,31.8115975966851,0.85,0.11539402876521807
18.5,31.8115975966851,0.85,0.11539402876521807
18.6,31.8115975966851,0.85,0.11539402876521807
18.700000000000003,31.8115975966851,0.85,0.11539402876521807
18.8,31.8115975966851,0.85,0.11539402876521807
18.9,31.8115975966851,0.85,0.11539402876521807
19.0,31.8115975966851,0.85,0.11539402876521807
19.1,31.8115975966851,0.85,0.11539402876521807
19.200000000000003,31.8115975966851,0.85,0.11539402876521807
19.3,31.8115975966851,0.85,0.11539402876521807
19.4,31.8115975966851,0.85,0.11539402876521807
19.5,31.8115975966851,0.85,0.11539402876521807
19.6,31.8115975966851,0.85,0.11539402876521807
19.700000000000003,31.8115975966851,0.85,0.11539402876521807
19.8,31.8115975966851,0.85,0.11539402876521807
19.9,31.8115975966851,0.85,0.11539402876521807
20.0,31.8115975966851,0.85,0.11539402876521807
20.1,31.8115975966851,0.85,0.11539402876521807
20.200000000000003,31.8115975966851,0.85,0.11539402876521807
20.3,31.8115975966851,0.85,0.11539402876521807
20.4,31.8115975966851,0.85,0.11539402876521807
20.5,31.8115975966851,0.85,0.11539402876521807
20.6,31.8115975966851,0.85,0.11539402876521807
20.700000000000003,31.8115975966851,0.85,0.11539402876521807
20.8,31.8115975966851,0.85,0.11539402876521807
20.9,31.8115975966851,0.85,0.11539402876521807
21.0,31.8115975966851,0.85,0.11539402876521807
21.1,31.8115975966851,0.85,0.11539402876521807
21.200000000000003,31.8115975966851,0.85,0.11539402876521807
21.3,31.8115975966851,0.85,0.11539402876521807
21.4,31.8115975966851,0.85,0.11539402876521807
21.5,31.8115975966851,0.85,0.11539402876521807
21.6,31.8115975966851,0.85,0.11539402876521807
21.700000000000003,31.8115975966851,0.85,0.11539402876521807
21.8,31.8115975966851,0.85,0.11539402876521807
21.9,31.8115975966851,0.85,0.11539402876521807
22.0,31.8115975966851,0.85,0.11539402876521807
22.1,31.8115975966851,0.85,0.11539402876521807
22.200000000000003,31.8115975966851,0.85,0.11539402876521807
22.3,31.8115975966851,0.85,0.11539402876521807
22.4,31.8115975966851,0.85,0.11539402876521807
22.5,31.8115975966851,0.85,0.11539402876521807
22.6,31.8115975966851,0.85,0.11595551758731419
22.700000000000003,31.8115975966851,0.85,0.11700091465675189
22.8,31.8115975966851,0.85,0.11805455196289492
22.9,31.8115975966851,0.85,0.11911378863796152
23.0,31.8115975966851,0.85,0.12017590064524322
23.1,31.8115975966851,0.85,0.1212380805339746
23.200000000000003,31.8115975966851,0.85,0.12229743775851606
23.3,31.8115975966851,0.85,0.12335099957933193
23.4,31.8115975966851,0.85,0.12439571256226306
23.5,31.8115975966851,0.85,0.12542844469140801
23.6,31.8115975966851,0.85,0.12644598810957325
23.700000000000003,31.8115975966851,0.85,0.12744506249873597
23.8,31.8115975966851,0.85,0.12842231911128424
23.9,31.8115975966851,0.85,0.12937434546103666
24.0,31.8115975966851,0.85,0.13029767068112655
24.1,31.8115975966851,0.85,0.1311887715538667
24.200000000000003,31.8115975966851,0.85,0.1320440792156367
24.3,31.8115975966851,0.85,0.1328599865377301
24.4,31.8115975966851,0.85,0.13363285618192117
24.5,31.8115975966851,0.85,0.13435902932729085
24.6,31.8115975966851,0.85,0.13503525023817878
24.700000000000003,31.8115975966851,0.85,0.13565993476585342
24.8,31.8115975966851,0.85,0.13623195421014064
24.9,31.8115975966851,0.85,0.13675022606718118
25.0,31.8115975966851,0.85,0.13721371628218124
10.0,33.92623703353835,0.85,0.09159797400043664
10.1,33.92623703353835,0.85,0.09159797400043664
10.2,33.92623703353835,0.85,0.09159797400043664
10.3,33.92623703353835,0.85,0.09159797400043664
10.4,33.92623703353835,0.85,0.09159797400043664
10.5,33.92623703353835,0.85,0.09159797400043664
10.6,33.92623703353835,0.85,0.09159797400043664
10.7,33.92623703353835,0.85,0.09159797400043664
10.8,33.92623703353835,0.85,0.09159797400043664
10.9,33.92623703353835,0.85,0.09159797400043664
11.0,33.92623703353835,0.85,0.09159797400043664
11.1,33.92623703353835,0.85,0.09159797400043664
11.2,33.92623703353835,0.85,0.09159797400043664
11.3,33.92623703353835,0.85,0.09159797400043664
11.4,33.92623703353835,0.85,0.09159797400043664
11.5,33.92623703353835,0.85,0.09159797400043664
11.6,33.92623703353835,0.85,0.09159797400043664
11.7,33.92623703353835,0.85,0.09159797400043664
11.8,33.92623703353835,0.85,0.09159797400043664
11.9,33.92623703353835,0.85,0.09159797400043664
12.0,33.92623703353835,0.85,0.09159797400043664
12.1,33.92623703353835,0.85,0.09159797400043664
12.2,33.92623703353835,0.85,0.09179416365533181
12.3,33.92623703353835,0.85,0.09223375637196472
12.4,33.92623703353835,0.85,0.09272420792509288
12.5,33.92623703353835,0.85,0.09326265400433706
12.6,33.92623703353835,0.85,0.09384622461666214
12.7,33.92623703353835,0.85,0.09447202939531901
12.8,33.92623703353835,0.85,0.0951371438651603
12.9,33.92623703353835,0.85,0.09583859665778655
13.0,33.92623703353835,0.85,0.09657335767959271
13.1,33.92623703353835,0.85,0.09733832724451699
13.2,33.92623703353835,0.85,0.09813032619121378
13.3,33.92623703353835,0.85,0.09894608701137302
13.4,33.92623703353835,0.85,0.09978224602204146
13.5,33.92623703353835,0.85,0.10063533662000972
13.6,33.92623703353835,0.85,0.10150178366059684
13.7,33.92623703353835,0.85,0.1023778990065174
13.8,33.92623703353835,0.85,0.10325987829486284
13.9,33.92623703353835,0.85,0.10414379897166208
14.0,33.92623703353835,0.85,0.10502561964391334
14.100000000000001,33.92623703353835,0.85,0.10590118079847267
14.2,33.92623703353835,0.85,0.10676620693571698
14.3,33.92623703353835,0.85,0.10761631016351932
14.4,33.92623703353835,0.85,0.10844699529377674
14.5,33.92623703353835,0.85,0.1092536664795778
14.600000000000001,33.92623703353835,0.85,0.11003163542612295
14.7,33.92623703353835,0.85,0.11077613120270625
14.8,33.92623703353835,0.85,0.1114823116765566
14.9,33.92623703353835,0.85,0.11214527658207368
15.0,33.92623703353835,0.85,0.1127600822310543
15.100000000000001,33.92623703353835,0.85,0.11332175786091214
15.2,33.92623703353835,0.85,0.11382532360862326
15.3,33.92623703353835,0.85,0.11426581008822981
15.4,33.92623703353835,0.85,0.11463827953914757
15.5,33.92623703353835,0.85,0.11493784850119594
15.600000000000001,33.92623703353835,0.85,0.11516098022515169
15.7,33.92623703353835,0.85,0.11530932604085706
15.8,33.92623703353835,0.85,0.11538594619878703
15.9,33.92623703353835,0.85,0.11539402876521807
16.0,33.92623703353835,0.85,0.11539402876521807
16.1,33.92623703353835,0.85,0.11539402876521807
16.2,33.92623703353835,0.85,0.11539402876521807
16.3,33.92623703353835,0.85,0.11539402876521807
16.4,33.92623703353835,0.85,0.11539402876521807
16.5,33.92623703353835,0.85,0.11539402876521807
16.6,33.92623703353835,0.85,0.11539402876521807
16.7,33.92623703353835,0.85,0.11539402876521807
16.8,33.92623703353835,0.85,0.11539402876521807
16.9,33.92623703353835,0.85,0.11539402876521807
17.0,33.92623703353835,0.85,0.11539402876521807
17.1,33.92623703353835,0.85,0.11539402876521807
17.2,33.92623703353835,0.85,0.11539402876521807
17.3,33.92623703353835,0.85,0.11539402876521807
17.4,33.92623703353835,0.85,0.11539402876521807
17.5,33.92623703353835,0.85,0.11539402876521807
17.6,33.92623703353835,0.85,0.11539402876521807
17.7,33.92623703353835,0.85,0.11539402876521807
17.8,33.92623703353835,0.85,0.11539402876521807
17.9,33.92623703353835,0.85,0.11539402876521807
18.0,33.92623703353835,0.85,0.11539402876521807
18.1,33.92623703353835,0.85,0.11539402876521807
18.200000000000003,33.92623703353835,0.85,0.11539402876521807
18.3,33.92623703353835,0.85,0.11539402876521807
18.4,33.92623703353835,0.85,0.11539402876521807
18.5,33.92623703353835,0.85,0.11539402876521807
18.6,33.92623703353835,0.85,0.11539402876521807
18.700000000000003,33.92623703353835,0.85,0.11539402876521807
18.8,33.92623703353835,0.85,0.11539402876521807
18.9,33.92623703353835,0.85,0.11539402876521807
19.0,33.92623703353835,0.85,0.11539402876521807
19.1,33.92623703353835,0.85,0.11539402876521807
19.200000000000003,33.92623703353835,0.85,0.11539402876521807
19.3,33.92623703353835,0.85,0.11539402876521807
19.4,33.92623703353835,0.85,0.11539402876521807
19.5,33.92623703353835,0.85,0.11539402876521807
19.6,33.92623703353835,0.85,0.11539402876521807
19.700000000000003,33.92623703353835,0.85,0.11539402876521807
19.8,33.92623703353835,0.85,0.11539402876521807
19.9,33.92623703353835,0.85,0.11539402876521807
20.0,33.92623703353835,0.85,0.11539402876521807
20.1,33.92623703353835,0.85,0.11539402876521807
20.200000000000003,33.92623703353835,0.85,0.11539402876521807
20.3,33.92623703353835,0.85,0.11539402876521807
20.4,33.92623703353835,0.85,0.11539402876521807
20.5,33.92623703353835,0.85,0.11539402876521807
20.6,33.92623703353835,0.85,0.11539402876521807
20.700000000000003,33.92623703353835,0.85,0.11539402876521807
20.8,33.92623703353835,0.85,0.11539402876521807
20.9,33.92623703353835,0.85,0.11539402876521807
21.0,33.92623703353835,0.85,0.11539402876521807
21.1,33.92623703353835,0.85,0.11539402876521807
21.200000000000003,33.92623703353835,0.85,0.11539402876521807
21.3,33.92623703353835,0.85,0.11539402876521807
21.4,33.92623703353835,0.85,0.11539402876521807
21.5,33.92623703353835,0.85,0.11539402876521807
21.6,33.92623703353835,0.85,0.11539402876521807
21.700000000000003,33.92623703353835,0.85,0.11539402876521807
21.8,33.92623703353835,0.85,0.11539402876521807
21.9,33.92623703353835,0.85,0.11539402876521807
22.0,33.92623703353835,0.85,0.11539402876521807
22.1,33.92623703353835,0.85,0.11539402876521807
22.200000000000003,33.92623703353835,0.85,0.11539402876521807
22.3,33.92623703353835,0.85,0.11539402876521807
22.4,33.92623703353835,0.85,0.11539402876521807
22.5,33.92623703353835,0.85,0.11539402876521807
22.6,33.92623703353835,0.85,0.11595551758731419
22.700000000000003,33.92623703353835,0.85,0.11700091465675189
22.8,33.92623703353835,0.85,0.11805455196289492
22.9,33.92623703353835,0.85,0.11911378863796152
23.0,33.92623703353835,0.85,0.12017590064524322
23.1,33.92623703353835,0.85,0.1212380805339746
23.200000000000003,33.92623703353835,0.85,0.12229743775851606
23.3,33.92623703353835,0.85,0.12335099957933193
23.4,33.92623703353835,0.85,0.12439571256226306
23.5,33.92623703353835,0.85,0.12542844469140801
23.6,33.92623703353835,0.85,0.12644598810957325
23.700000000000003,33.92623703353835,0.85,0.12744506249873597
23.8,33.92623703353835,0.85,0.12842231911128424
23.9,33.92623703353835,0.85,0.12937434546103666
24.0,33.92623703353835,0.85,0.13029767068112655
24.1,33.92623703353835,0.85,0.1311887715538667
24.200000000000003,33.92623703353835,0.85,0.1320440792156367
24.3,33.92623703353835,0.85,0.1328599865377301
24.4,33.92623703353835,0.85,0.13363285618192117
24.5,33.92623703353835,0.85,0.13435902932729085
24.6,33.92623703353835,0.85,0.13503525023817878
24.700000000000003,33.92623703353835,0.85,0.13565993476585342
24.8,33.92623703353835,0.85,0.13623195421014064
24.9,33.92623703353835,0.85,0.13675022606718118
25.0,33.92623703353835,0.85,0.13721371628218124
10.0,30.208805577903597,0.9,0.10009924026228668
10.1,30.208805577903597,0.9,0.10009924026228668
10.2,30.208805577903597,0.9,0.10009924026228668
10.3,30.208805577903597,0.9,0.10009924026228668
10.4,30.208805577903597,0.9,0.10009924026228668
10.5,30.208805577903597,0.9,0.10009924026228668
10.6,30.208805577903597,0.9,0.10009924026228668
10.7,30.208805577903597,0.9,0.10009924026228668
10.8,30.208805577903597,0.9,0.10009924026228668
10.9,30.208805577903597,0.9,0.10009924026228668
11.0,30.208805577903597,0.9,0.10009924026228668
11.1,30.208805577903597,0.9,0.10009924026228668
11.2,30.208805577903597,0.9,0.10009924026228668
11.3,30.208805577903597,0.9,0.10009924026228668
11.4,30.208805577903597,0.9,0.10009924026228668
11.5,30.208805577903597,0.9,0.10009924026228668
11.6,30.208805577903597,0.9,0.10009924026228668
11.7,30.208805577903597,0.9,0.10009924026228668
11.8,30.208805577903597,0.9,0.10009924026228668
11.9,30.208805577903597,0.9,0.10009924026228668
12.0,30.208805577903597,0.9,0.10009924026228668
12.1,30.208805577903597,0.9,0.10009924026228668
12.2,30.208805577903597,0.9,0.10009924026228668
12.3,30.208805577903597,0.9,0.10009924026228668
12.4,30.208805577903597,0.9,0.10009924026228668
12.5,30.208805577903597,0.9,0.10009924026228668
12.6,30.208805577903597,0.9,0.10009924026228668
12.7,30.208805577903597,0.9,0.10010275492519098
12.8,30.208805577903597,0.9,0.10067378609190292
12.9,30.208805577903597,0.9,0.1012879837270909
13.0,30.208805577903597,0.9,0.10194225627801946
13.1,30.208805577903597,0.9,0.10263346923839335
13.2,30.208805577903597,0.9,0.10335843354698122
13.3,30.208805577903597,0.9,0.10411389497299278
13.4,30.208805577903597,0.9,0.10489652450496088
13.5,30.208805577903597,0.9,0.10570290976620987
13.6,30.208805577903597,0.9,0.10652954748550778
13.7,30.208805577903597,0.9,0.10737283705613423
13.8,30.208805577903597,0.9,0.10822907522035916
13.9,30.208805577903597,0.9,0.10909445191920528
14.0,30.208805577903597,0.9,0.10996504734936793
14.100000000000001,30.208805577903597,0.9,0.11083683027026281
14.2,30.208805577903597,0.9,0.11170565760441649
14.3,30.208805577903597,0.9,0.11256727537377724
14.4,30.208805577903597,0.9,0.11341732101305525
14.5,30.208805577903597,0.9,0.11425132709890769
14.600000000000001,30.208805577903597,0.9,0.11506472653071788
14.7,30.208805577903597,0.9,0.1158528591948921
14.8,30.208805577903597,0.9,0.11661098014006924
14.9,30.208805577903597,0.9,0.11733426928543085
15.0,30.208805577903597,0.9,0.11801784267847829
15.100000000000001,30.208805577903597,0.9,0.11865676531217885
15.2,30.208805577903597,0.9,0.11924606550442028
15.3,30.208805577903597,0.9,0.11978075083509541
15.4,30.208805577903597,0.9,0.12025582562806571
15.5,30.208805577903597,0.9,0.12066630995652972
15.600000000000001,30.208805577903597,0.9,0.1210084919046037
15.7,30.208805577903597,0.9,0.12128366382112304
15.8,30.208805577903597,0.9,0.1214944666137634
15.9,30.208805577903597,0.9,0.12164365097227582
16.0,30.208805577903597,0.9,0.12173406417209577
16.1,30.208805577903597,0.9,0.12176863735430425
16.2,30.208805577903597,0.9,0.12176863735430425
16.3,30.208805577903597,0.9,0.12176863735430425
16.4,30.208805577903597,0.9,0.12176863735430425
16.5,30.208805577903597,0.9,0.12176863735430425
16.6,30.208805577903597,0.9,0.12176863735430425
16.7,30.208805577903597,0.9,0.12176863735430425
16.8,30.208805577903597,0.9,0.12176863735430425
16.9,30.208805577903597,0.9,0.12176863735430425
17.0,30.208805577903597,0.9,0.12176863735430425
17.1,30.208805577903597,0.9,0.12176863735430425
17.2,30.208805577903597,0.9,0.12176863735430425
17.3,30.208805577903597,0.9,0.12176863735430425
17.4,30.208805577903597,0.9,0.12176863735430425
17.5,30.208805577903597,0.9,0.12176863735430425
17.6,30.208805577903597,0.9,0.12176863735430425
17.7,30.208805577903597,0.9,0.12176863735430425
17.8,30.208805577903597,0.9,0.12176863735430425
17.9,30.208805577903597,0.9,0.12176863735430425
18.0,30.208805577903597,0.9,0.12176863735430425
18.1,30.208805577903597,0.9,0.12176863735430425
18.200000000000003,30.208805577903597,0.9,0.12176863735430425
18.3,30.208805577903597,0.9,0.12176863735430425
18.4,30.208805577903597,0.9,0.12176863735430425
18.5,30.208805577903597,0.9,0.12176863735430425
18.6,30.208805577903597,0.9,0.12176863735430425
18.700000000000003,30.208805577903597,0.9,0.12176863735430425
18.8,30.208805577903597,0.9,0.12176863735430425
18.9,30.208805577903597,0.9,0.12176863735430425
19.0,30.208805577903597,0.9,0.12176863735430425
19.1,30.208805577903597,0.9,0.12176863735430425
19.200000000000003,30.208805577903597,0.9,0.12176863735430425
19.3,30.208805577903597,0.9,0.12176863735430425
19.4,30.208805577903597,0.9,0.12176863735430425
19.5,30.208805577903597,0.9,0.12176863735430425
19.6,30.208805577903597,0.9,0.12176863735430425
19.700000000000003,30.208805577903597,0.9,0.12176863735430425
19.8,30.208805577903597,0.9,0.12176863735430425
19.9,30.208805577903597,0.9,0.12176863735430425
20.0,30.208805577903597,0.9,0.12176863735430425
20.1,30.208805577903597,0.9,0.12176863735430425
20.200000000000003,30.208805577903597,0.9,0.12176863735430425
20.3,30.208805577903597,0.9,0.12176863735430425
20.4,30.208805577903597,0.9,0.12176863735430425
20.5,30.208805577903597,0.9,0.12176863735430425
20.6,30.208805577903597,0.9,0.12176863735430425
20.700000000000003,30.208805577903597,0.9,0.12176863735430425
20.8,30.208805577903597,0.9,0.12176863735430425
20.9,30.208805577903597,0.9,0.12176863735430425
21.0,30.208805577903597,0.9,0.12176863735430425
21.1,30.208805577903597,0.9,0.12176863735430425
21.200000000000003,30.208805577903597,0.9,0.12176863735430425
21.3,30.208805577903597,0.9,0.12176863735430425
21.4,30.208805577903597,0.9,0.12176863735430425
21.5,30.208805577903597,0.9,0.12212830625734127
21.6,30.208805577903597,0.9,0.12316363889287833
21.700000000000003,30.208805577903597,0.9,0.12423910544762327
21.8,30.208805577903597,0.9,0.12535330230456346
21.9,30.208805577903597,0.9,0.12650478616303643
22.0,30.208805577903597,0.9,0.12769206922611795
22.1,30.208805577903597,0.9,0.12891361459850503
22.200000000000003,30.208805577903597,0.9,0.13016783190325568
22.3,30.208805577903597,0.9,0.13145307312690757
22.4,30.208805577903597,0.9,0.1327676287034961
22.5,30.208805577903597,0.9,0.13410972384888978
22.6,30.208805577903597,0.9,0.13547751515758097
22.700000000000003,30.208805577903597,0.9,0.13686908747468446
22.8,30.208805577903597,0.9,0.1382824510563167
22.9,30.208805577903597,0.9,0.13971553903182654
23.0,30.208805577903597,0.9,0.1411662051814886
23.1,30.208805577903597,0.9,0.14263222204323306
23.200000000000003,30.208805577903597,0.9,0.1441112793618368
23.3,30.208805577903597,0.9,0.1456009828936427
23.4,30.208805577903597,0.9,0.14709885357945346
23.5,30.208805577903597,0.9,0.14860232709758406
23.6,30.208805577903597,0.9,0.15010875380838157
23.700000000000003,30.208805577903597,0.9,0.15161539910062313
23.8,30.208805577903597,0.9,0.15311944414926432
23.9,30.208805577903597,0.9,0.15461798709297236
24.0,30.208805577903597,0.9,0.15610804463873207
24.1,30.208805577903597,0.9,0.15758655409964933
24.200000000000003,30.208805577903597,0.9,0.15905037587085777
24.3,30.208805577903597,0.9,0.16049629634717572
24.4,30.208805577903597,0.9,0.16192103128494975
24.5,30.208805577903597,0.9,0.16332122960927595
24.6,30.208805577903597,0.9,0.16469292620267226
24.700000000000003,30.208805577903597,0.9,0.1660298634737761
24.8,30.208805577903597,0.9,0.16732510374703094
24.9,30.208805577903597,0.9,0.16857158659255447
25.0,30.208805577903597,0.9,0.16976214416366714
10.0,31.8115975966851,0.9,0.10009924026228668
10.1,31.8115975966851,0.9,0.10009924026228668
10.2,31.8115975966851,0.9,0.10009924026228668
10.3,31.8115975966851,0.9,0.10009924026228668
10.4,31.8115975966851,0.9,0.10009924026228668
10.5,31.8115975966851,0.9,0.10009924026228668
10.6,31.8115975966851,0.9,0.10009924026228668
10.7,31.8115975966851,0.9,0.10009924026228668
10.8,31.8115975966851,0.9,0.10009924026228668
10.9,31.8115975966851,0.9,0.10009924026228668
11.0,31.8115975966851,0.9,0.10009924026228668
11.1,31.8115975966851,0.9,0.10009924026228668
11.2,31.8115975966851,0.9,0.10009924026228668
11.3,31.8115975966851,0.9,0.10009924026228668
11.4,31.8115975966851,0.9,0.10009924026228668
11.5,31.8115975966851,0.9,0.10009924026228668
11.6,31.8115975966851,0.9,0.10009924026228668
11.7,31.8115975966851,0.9,0.10009924026228668
11.8,31.8115975966851,0.9,0.10009924026228668
11.9,31.8115975966851,0.9,0.10009924026228668
12.0,31.8115975966851,0.9,0.10009924026228668
12.1,31.8115975966851,0.9,0.10009924026228668
12.2,31.8115975966851,0.9,0.10009924026228668
12.3,31.8115975966851,0.9,0.10009924026228668
12.4,31.8115975966851,0.9,0.10009924026228668
12.5,31.8115975966851,0.9,0.10009924026228668
12.6,31.8115975966851,0.9,0.10009924026228668
12.7,31.8115975966851,0.9,0.10010275492519098
12.8,31.8115975966851,0.9,0.10067378609190292
12.9,31.8115975966851,0.9,0.1012879837270909
13.0,31.8115975966851,0.9,0.10194225627801946
13.1,31.8115975966851,0.9,0.10263346923839335
13.2,31.8115975966851,0.9,0.10335843354698122
13.3,31.8115975966851,0.9,0.10411389497299278
13.4,31.8115975966851,0.9,0.10489652450496088
13.5,31.8115975966851,0.9,0.10570290976620987
13.6,31.8115975966851,0.9,0.10652954748550778
13.7,31.8115975966851,0.9,0.10737283705613423
13.8,31.8115975966851,0.9,0.10822907522035916
13.9,31.8115975966851,0.9,0.10909445191920528
14.0,31.8115975966851,0.9,0.10996504734936793
14.100000000000001,31.8115975966851,0.9,0.11083683027026281
14.2,31.8115975966851,0.9,0.11170565760441649
14.3,31.8115975966851,0.9,0.11256727537377724
14.4,31.8115975966851,0.9,0.11341732101305525
14.5,31.8115975966851,0.9,0.11425132709890769
14.600000000000001,31.8115975966851,0.9,0.11506472653071788
14.7,31.8115975966851,0.9,0.1158528591948921
14.8,31.8115975966851,0.9,0.11661098014006924
14.9,31.8115975966851,0.9,0.11733426928543085
15.0,31.8115975966851,0.9,0.11801784267847829
15.100000000000001,31.8115975966851,0.9,0.11865676531217885
15.2,31.8115975966851,0.9,0.11924606550442028
15.3,31.8115975966851,0.9,0.11978075083509541
15.4,31.8115975966851,0.9,0.12025582562806571
15.5,31.8115975966851,0.9,0.12066630995652972
15.600000000000001,31.8115975966851,0.9,0.1210084919046037
15.7,31.8115975966851,0.9,0.12128366382112304
15.8,31.8115975966851,0.9,0.1214944666137634
15.9,31.8115975966851,0.9,0.12164365097227582
16.0,31.8115975966851,0.9,0.12173406417209577
16.1,31.8115975966851,0.9,0.12176863735430425
16.2,31.8115975966851,0.9,0.12176863735430425
16.3,31.8115975966851,0.9,0.12176863735430425
16.4,31.8115975966851,0.9,0.12176863735430425
16.5,31.8115975966851,0.9,0.12176863735430425
16.6,31.8115975966851,0.9,0.12176863735430425
16.7,31.8115975966851,0.9,0.12176863735430425
16.8,31.8115975966851,0.9,0.12176863735430425
16.9,31.8115975966851,0.9,0.12176863735430425
17.0,31.8115975966851,0.9,0.12176863735430425
17.1,31.8115975966851,0.9,0.12176863735430425
17.2,31.8115975966851,0.9,0.12176863735430425
17.3,31.8115975966851,0.9,0.12176863735430425
17.4,31.8115975966851,0.9,0.12176863735430425
17.5,31.8115975966851,0.9,0.12176863735430425
17.6,31.8115975966851,0.9,0.12176863735430425
17.7,31.8115975966851,0.9,0.12176863735430425
17.8,31.8115975966851,0.9,0.12176863735430425
17.9,31.8115975966851,0.9,0.12176863735430425
18.0,31.8115975966851,0.9,0.12176863735430425
18.1,31.8115975966851,0.9,0.12176863735430425
18.200000000000003,31.8115975966851,0.9,0.12176863735430425
18.3,31.8115975966851,0.9,0.12176863735430425
18.4,31.8115975966851,0.9,0.12176863735430425
18.5,31.8115975966851,0.9,0.12176863735430425
18.6,31.8115975966851,0.9,0.12176863735430425
18.700000000000003,31.8115975966851,0.9,0.12176863735430425
18.8,31.8115975966851,0.9,0.12176863735430425
18.9,31.8115975966851,0.9,0.12176863735430425
19.0,31.8115975966851,0.9,0.12176863735430425
19.1,31.8115975966851,0.9,0.12176863735430425
19.200000000000003,31.8115975966851,0.9,0.12176863735430425
19.3,31.8115975966851,0.9,0.12176863735430425
19.4,31.8115975966851,0.9,0.12176863735430425
19.5,31.8115975966851,0.9,0.12176863735430425
19.6,31.8115975966851,0.9,0.12176863735430425
19.700000000000003,31.8115975966851,0.9,0.12176863735430425
19.8,31.8115975966851,0.9,0.12176863735430425
19.9,31.8115975966851,0.9,0.12176863735430425
20.0,31.8115975966851,0.9,0.12176863735430425
20.1,31.8115975966851,0.9,0.12176863735430425
20.200000000000003,31.8115975966851,0.9,0.12176863735430425
20.3,31.8115975966851,0.9,0.12176863735430425
20.4,31.8115975966851,0.9,0.12176863735430425
20.5,31.8115975966851,0.9,0.12176863735430425
20.6,31.8115975966851,0.9,0.12176863735430425
20.700000000000003,31.8115975966851,0.9,0.12176863735430425
20.8,31.8115975966851,0.9,0.12176863735430425
20.9,31.8115975966851,0.9,0.12176863735430425
21.0,31.8115975966851,0.9,0.12176863735430425
21.1,31.8115975966851,0.9,0.12176863735430425
21.200000000000003,31.8115975966851,0.9,0.12176863735430425
21.3,31.8115975966851,0.9,0.12176863735430425
21.4,31.8115975966851,0.9,0.12176863735430425
21.5,31.8115975966851,0.9,0.12212830625734127
21.6,31.8115975966851,0.9,0.12316363889287833
21.700000000000003,31.8115975966851,0.9,0.12423910544762327
21.8,31.8115975966851,0.9,0.12535330230456346
21.9,31.8115975966851,0.9,0.12650478616303643
22.0,31.8115975966851,0.9,0.12769206922611795
22.1,31.8115975966851,0.9,0.12891361459850503
22.200000000000003,31.8115975966851,0.9,0.13016783190325568
22.3,31.8115975966851,0.9,0.13145307312690757
22.4,31.8115975966851,0.9,0.1327676287034961
22.5,31.8115975966851,0.9,0.13410972384888978
22.6,31.8115975966851,0.9,0.13547751515758097
22.700000000000003,31.8115975966851,0.9,0.13686908747468446
22.8,31.8115975966851,0.9,0.1382824510563167
22.9,31.8115975966851,0.9,0.13971553903182654
23.0,31.8115975966851,0.9,0.1411662051814886
23.1,31.8115975966851,0.9,0.14263222204323306
23.200000000000003,31.8115975966851,0.9,0.1441112793618368
23.3,31.8115975966851,0.9,0.1456009828936427
23.4,31.8115975966851,0.9,0.14709885357945346
23.5,31.8115975966851,0.9,0.14860232709758406
23.6,31.8115975966851,0.9,0.15010875380838157
23.700000000000003,31.8115975966851,0.9,0.15161539910062313
23.8,31.8115975966851,0.9,0.15311944414926432
23.9,31.8115975966851,0.9,0.15461798709297236
24.0,31.8115975966851,0.9,0.15610804463873207
24.1,31.8115975966851,0.9,0.15758655409964933
24.200000000000003,31.8115975966851,0.9,0.15905037587085777
24.3,31.8115975966851,0.9,0.16049629634717572
24.4,31.8115975966851,0.9,0.16192103128494975
24.5,31.8115975966851,0.9,0.16332122960927595
24.6,31.8115975966851,0.9,0.16469292620267226
24.700000000000003,31.8115975966851,0.9,0.1660298634737761
24.8,31.8115975966851,0.9,0.16732510374703094
24.9,31.8115975966851,0.9,0.16857158659255447
25.0,31.8115975966851,0.9,0.16976214416366714
10.0,33.92623703353835,0.9,0.10009924026228668
10.1,33.92623703353835,0.9,0.10009924026228668
10.2,33.92623703353835,0.9,0.10009924026228668
10.3,33.92623703353835,0.9,0.10009924026228668
10.4,33.92623703353835,0.9,0.10009924026228668
10.5,33.92623703353835,0.9,0.10009924026228668
10.6,33.92623703353835,0.9,0.10009924026228668
10.7,33.92623703353835,0.9,0.10009924026228668
10.8,33.92623703353835,0.9,0.10009924026228668
10.9,33.92623703353835,0.9,0.10009924026228668
11.0,33.92623703353835,0.9,0.10009924026228668
11.1,33.92623703353835,0.9,0.10009924026228668
11.2,33.92623703353835,0.9,0.10009924026228668
11.3,33.92623703353835,0.9,0.10009924026228668
11.4,33.92623703353835,0.9,0.10009924026228668
11.5,33.92623703353835,0.9,0.10009924026228668
11.6,33.92623703353835,0.9,0.10009924026228668
11.7,33.92623703353835,0.9,0.10009924026228668
11.8,33.92623703353835,0.9,0.10009924026228668
11.9,33.92623703353835,0.9,0.10009924026228668
12.0,33.92623703353835,0.9,0.10009924026228668
12.1,33.92623703353835,0.9,0.10009924026228668
12.2,33.92623703353835,0.9,0.10009924026228668
12.3,33.92623703353835,0.9,0.10009924026228668
12.4,33.92623703353835,0.9,0.10009924026228668
12.5,33.92623703353835,0.9,0.10009924026228668
12.6,33.92623703353835,0.9,0.10009924026228668
12.7,33.92623703353835,0.9,0.10010275492519098
12.8,33.92623703353835,0.9,0.10067378609190292
12.9,33.92623703353835,0.9,0.1012879837270909
13.0,33.92623703353835,0.9,0.10194225627801946
13.1,33.92623703353835,0.9,0.10263346923839335
13.2,33.92623703353835,0.9,0.10335843354698122
13.3,33.92623703353835,0.9,0.10411389497299278
13.4,33.92623703353835,0.9,0.10489652450496088
13.5,33.92623703353835,0.9,0.10570290976620987
13.6,33.92623703353835,0.9,0.10652954748550778
13.7,33.92623703353835,0.9,0.10737283705613423
13.8,33.92623703353835,0.9,0.10822907522035916
13.9,33.92623703353835,0.9,0.10909445191920528
14.0,33.92623703353835,0.9,0.10996504734936793
14.100000000000001,33.92623703353835,0.9,0.11083683027026281
14.2,33.92623703353835,0.9,0.11170565760441649
14.3,33.92623703353835,0.9,0.11256727537377724
14.4,33.92623703353835,0.9,0.11341732101305525
14.5,33.92623703353835,0.9,0.11425132709890769
14.600000000000001,33.92623703353835,0.9,0.11506472653071788
14.7,33.92623703353835,0.9,0.1158528591948921
14.8,33.92623703353835,0.9,0.11661098014006924
14.9,33.92623703353835,0.9,0.11733426928543085
15.0,33.92623703353835,0.9,0.11801784267847829
15.100000000000001,33.92623703353835,0.9,0.11865676531217885
15.2,33.92623703353835,0.9,0.11924606550442028
15.3,33.92623703353835,0.9,0.11978075083509541
15.4,33.92623703353835,0.9,0.12025582562806571
15.5,33.92623703353835,0.9,0.12066630995652972
15.600000000000001,33.92623703353835,0.9,0.1210084919046037
15.7,33.92623703353835,0.9,0.12128366382112304
15.8,33.92623703353835,0.9,0.1214944666137634
15.9,33.92623703353835,0.9,0.12164365097227582
16.0,33.92623703353835,0.9,0.12173406417209577
16.1,33.92623703353835,0.9,0.12176863735430425
16.2,33.92623703353835,0.9,0.12176863735430425
16.3,33.92623703353835,0.9,0.12176863735430425
16.4,33.92623703353835,0.9,0.12176863735430425
16.5,33.92623703353835,0.9,0.12176863735430425
16.6,33.92623703353835,0.9,0.12176863735430425
16.7,33.92623703353835,0.9,0.12176863735430425
16.8,33.92623703353835,0.9,0.12176863735430425
16.9,33.92623703353835,0.9,0.12176863735430425
17.0,33.92623703353835,0.9,0.12176863735430425
17.1,33.92623703353835,0.9,0.12176863735430425
17.2,33.92623703353835,0.9,0.12176863735430425
17.3,33.92623703353835,0.9,0.12176863735430425
17.4,33.92623703353835,0.9,0.12176863735430425
17.5,33.92623703353835,0.9,0.12176863735430425
17.6,33.92623703353835,0.9,0.12176863735430425
17.7,33.92623703353835,0.9,0.12176863735430425
17.8,33.92623703353835,0.9,0.12176863735430425
17.9,33.92623703353835,0.9,0.12176863735430425
18.0,33.92623703353835,0.9,0.12176863735430425
18.1,33.92623703353835,0.9,0.12176863735430425
18.200000000000003,33.92623703353835,0.9,0.12176863735430425
18.3,33.92623703353835,0.9,0.12176863735430425
18.4,33.92623703353835,0.9,0.12176863735430425
18.5,33.92623703353835,0.9,0.12176863735430425
18.6,33.92623703353835,0.9,0.12176863735430425
18.700000000000003,33.92623703353835,0.9,0.12176863735430425
18.8,33.92623703353835,0.9,0.12176863735430425
18.9,33.92623703353835,0.9,0.12176863735430425
19.0,33.92623703353835,0.9,0.12176863735430425
19.1,33.92623703353835,0.9,0.12176863735430425
19.200000000000003,33.92623703353835,0.9,0.12176863735430425
19.3,33.92623703353835,0.9,0.12176863735430425
19.4,33.92623703353835,0.9,0.12176863735430425
19.5,33.92623703353835,0.9,0.12176863735430425
19.6,33.92623703353835,0.9,0.12176863735430425
19.700000000000003,33.92623703353835,0.9,0.12176863735430425
19.8,33.92623703353835,0.9,0.12176863735430425
19.9,33.92623703353835,0.9,0.12176863735430425
20.0,33.92623703353835,0.9,0.12176863735430425
20.1,33.92623703353835,0.9,0.12176863735430425
20.200000000000003,33.92623703353835,0.9,0.12176863735430425
20.3,33.92623703353835,0.9,0.12176863735430425
20.4,33.92623703353835,0.9,0.12176863735430425
20.5,33.92623703353835,0.9,0.12176863735430425
20.6,33.92623703353835,0.9,0.12176863735430425
20.700000000000003,33.92623703353835,0.9,0.12176863735430425
20.8,33.92623703353835,0.9,0.12176863735430425
20.9,33.92623703353835,0.9,0.12176863735430425
21.0,33.92623703353835,0.9,0.12176863735430425
21.1,33.92623703353835,0.9,0.12176863735430425
21.200000000000003,33.92623703353835,0.9,0.12176863735430425
21.3,33.92623703353835,0.9,0.12176863735430425
21.4,33.92623703353835,0.9,0.12176863735430425
21.5,33.92623703353835,0.9,0.12212830625734127
21.6,33.92623703353835,0.9,0.12316363889287833
21.700000000000003,33.92623703353835,0.9,0.12423910544762327
21.8,33.92623703353835,0.9,0.12535330230456346
21.9,33.92623703353835,0.9,0.12650478616303643
22.0,33.92623703353835,0.9,0.12769206922611795
22.1,33.92623703353835,0.9,0.12891361459850503
22.200000000000003,33.92623703353835,0.9,0.13016783190325568
22.3,33.92623703353835,0.9,0.13145307312690757
22.4,33.92623703353835,0.9,0.1327676287034961
22.5,33.92623703353835,0.9,0.13410972384888978
22.6,33.92623703353835,0.9,0.13547751515758097
22.700000000000003,33.92623703353835,0.9,0.13686908747468446
22.8,33.92623703353835,0.9,0.1382824510563167
22.9,33.92623703353835,0.9,0.13971553903182654
23.0,33.92623703353835,0.9,0.1411662051814886
23.1,33.92623703353835,0.9,0.14263222204323306
23.200000000000003,33.92623703353835,0.9,0.1441112793618368
23.3,33.92623703353835,0.9,0.1456009828936427
23.4,33.92623703353835,0.9,0.14709885357945346
23.5,33.92623703353835,0.9,0.14860232709758406
23.6,33.92623703353835,0.9,0.15010875380838157
23.700000000000003,33.92623703353835,0.9,0.15161539910062313
23.8,33.92623703353835,0.9,0.15311944414926432
23.9,33.92623703353835,0.9,0.15461798709297236
24.0,33.92623703353835,0.9,0.15610804463873207
24.1,33.92623703353835,0.9,0.15758655409964933
24.200000000000003,33.92623703353835,0.9,0.15905037587085777
24.3,33.92623703353835,0.9,0.16049629634717572
24.4,33.92623703353835,0.9,0.16192103128494975
24.5,33.92623703353835,0.9,0.16332122960927595
24.6,33.92623703353835,0.9,0.16469292620267226
24.700000000000003,33.92623703353835,0.9,0.1660298634737761
24.8,33.92623703353835,0.9,0.16732510374703094
24.9,33.92623703353835,0.9,0.16857158659255447
25.0,33.92623703353835,0.9,0.16976214416366714
10.0,30.208805577903597,0.95,0.10565007223886176
10.1,30.208805577903597,0.95,0.10565007223886176
10.2,30.208805577903597,0.95,0.10565007223886176
10.3,30.208805577903597,0.95,0.10565007223886176
10.4,30.208805577903597,0.95,0.10565007223886176
10.5,30.208805577903597,0.95,0.10565007223886176
10.6,30.208805577903597,0.95,0.10565007223886176
10.7,30.208805577903597,0.95,0.10565007223886176
10.8,30.208805577903597,0.95,0.10565007223886176
10.9,30.208805577903597,0.95,0.10565007223886176
11.0,30.208805577903597,0.95,0.10565007223886176
11.1,30.208805577903597,0.95,0.10565007223886176
11.2,30.208805577903597,0.95,0.10565007223886176
11.3,30.208805577903597,0.95,0.10565007223886176
11.4,30.208805577903597,0.95,0.10565007223886176
11.5,30.208805577903597,0.95,0.10565007223886176
11.6,30.208805577903597,0.95,0.10565007223886176
11.7,30.208805577903597,0.95,0.10565007223886176
11.8,30.208805577903597,0.95,0.10565007223886176
11.9,30.208805577903597,0.95,0.10565007223886176
12.0,30.208805577903597,0.95,0.10565007223886176
12.1,30.208805577903597,0.95,0.10565007223886176
12.2,30.208805577903597,0.95,0.10565007223886176
12.3,30.208805577903597,0.95,0.10585016436429817
12.4,30.208805577903597,0.95,0.10621405406977213
12.5,30.208805577903597,0.95,0.10661614157886834
12.6,30.208805577903597,0.95,0.10705420647490355
12.7,30.208805577903597,0.95,0.10752602377345138
12.8,30.208805577903597,0.95,0.10802935692565639
12.9,30.208805577903597,0.95,0.10856195129146866
13.0,30.208805577903597,0.95,0.10912152808131025
13.1,30.208805577903597,0.95,0.10970577876734407
13.2,30.208805577903597,0.95,0.11031235996793384
13.3,30.208805577903597,0.95,0.11093888881105761
13.4,30.208805577903597,0.95,0.1115829387843621
13.5,30.208805577903597,0.95,0.11224203608122178
13.6,30.208805577903597,0.95,0.11291365645359099
13.7,30.208805577903597,0.95,0.11359522258360848
13.8,30.208805577903597,0.95,0.11428410198683081
13.9,30.208805577903597,0.95,0.11497760546064219
14.0,30.208805577903597,0.95,0.11567298609179676
14.100000000000001,30.208805577903597,0.95,0.11636743883722657
14.2,30.208805577903597,0.95,0.1170581006921697
14.3,30.208805577903597,0.95,0.11774205145936448
14.4,30.208805577903597,0.95,0.11841631513251677
14.5,30.208805577903597,0.95,0.1190778619064818
14.600000000000001,30.208805577903597,0.95,0.11972361082563115
14.7,30.208805577903597,0.95,0.12035043308068749
14.8,30.208805577903597,0.95,0.1209551559629388
14.9,30.208805577903597,0.95,0.12153456748318305
15.0,30.208805577903597,0.95,0.12208542166100518
15.100000000000001,30.208805577903597,0.95,0.12260444448809263
15.2,30.208805577903597,0.95,0.12308834056720587
15.3,30.208805577903597,0.95,0.1235338004261941
15.4,30.208805577903597,0.95,0.12393750850404929
15.5,30.208805577903597,0.95,0.1242961518034309
15.600000000000001,30.208805577903597,0.95,0.1246072935205223
15.7,30.208805577903597,0.95,0.12487198840896811
15.8,30.208805577903597,0.95,0.12509221419955677
15.9,30.208805577903597,0.95,0.12527000452211973
16.0,30.208805577903597,0.95,0.12540744241753143
16.1,30.208805577903597,0.95,0.12550665412445253
16.2,30.208805577903597,0.95,0.1255698031546001
16.3,30.208805577903597,0.95,0.12559908466857642
16.4,30.208805577903597,0.95,0.12559908466857642
16.5,30.208805577903597,0.95,0.12559908466857642
16.6,30.208805577903597,0.95,0.12559908466857642
16.7,30.208805577903597,0.95,0.12559908466857642
16.8,30.208805577903597,0.95,0.12559908466857642
16.9,30.208805577903597,0.95,0.12559908466857642
17.0,30.208805577903597,0.95,0.12559908466857642
17.1,30.208805577903597,0.95,0.12559908466857642
17.2,30.208805577903597,0.95,0.12559908466857642
17.3,30.208805577903597,0.95,0.12559908466857642
17.4,30.208805577903597,0.95,0.12559908466857642
17.5,30.208805577903597,0.95,0.12559908466857642
17.6,30.208805577903597,0.95,0.12559908466857642
17.7,30.208805577903597,0.95,0.12559908466857642
17.8,30.208805577903597,0.95,0.12559908466857642
17.9,30.208805577903597,0.95,0.12559908466857642
18.0,30.208805577903597,0.95,0.12559908466857642
18.1,30.208805577903597,0.95,0.12559908466857642
18.200000000000003,30.208805577903597,0.95,0.12559908466857642
18.3,30.208805577903597,0.95,0.12559908466857642
18.4,30.208805577903597,0.95,0.12559908466857642
18.5,30.208805577903597,0.95,0.12559908466857642
18.6,30.208805577903597,0.95,0.12559908466857642
18.700000000000003,30.208805577903597,0.95,0.12559908466857642
18.8,30.208805577903597,0.95,0.12559908466857642
18.9,30.208805577903597,0.95,0.12559908466857642
19.0,30.208805577903597,0.95,0.12559908466857642
19.1,30.208805577903597,0.95,0.12559908466857642
19.200000000000003,30.208805577903597,0.95,0.12559908466857642
19.3,30.208805577903597,0.95,0.12559908466857642
19.4,30.208805577903597,0.95,0.12559908466857642
19.5,30.208805577903597,0.95,0.12559908466857642
19.6,30.208805577903597,0.95,0.12559908466857642
19.700000000000003,30.208805577903597,0.95,0.12559908466857642
19.8,30.208805577903597,0.95,0.12559908466857642
19.9,30.208805577903597,0.95,0.12559908466857642
20.0,30.208805577903597,0.95,0.12559908466857642
20.1,30.208805577903597,0.95,0.12559908466857642
20.200000000000003,30.208805577903597,0.95,0.12559908466857642
20.3,30.208805577903597,0.95,0.12559908466857642
20.4,30.208805577903597,0.95,0.12559908466857642
20.5,30.208805577903597,0.95,0.12582868259338292
20.6,30.208805577903597,0.95,0.1264596119136124
20.700000000000003,30.208805577903597,0.95,0.12713301469008895
20.8,30.208805577903597,0.95,0.12784742020328493
20.9,30.208805577903597,0.95,0.1286013519376378
21.0,30.208805577903597,0.95,0.12939332269821205
21.1,30.208805577903597,0.95,0.13022182992968695
21.200000000000003,30.208805577903597,0.95,0.13108535123722398
21.3,30.208805577903597,0.95,0.13198234010995352
21.4,30.208805577903597,0.95,0.13291122184893547
21.5,30.208805577903597,0.95,0.1338703897024844
21.6,30.208805577903597,0.95,0.13485820121268383
21.700000000000003,30.208805577903597,0.95,0.1358729747777861
21.8,30.208805577903597,0.95,0.13691298643594413
21.9,30.208805577903597,0.95,0.13797646687640064
22.0,30.208805577903597,0.95,0.13906159868483442
22.1,30.208805577903597,0.95,0.1401665138300334
22.200000000000003,30.208805577903597,0.95,0.14128929139944746
22.3,30.208805577903597,0.95,0.14242795559144697
22.4,30.208805577903597,0.95,0.14358047397229254
22.5,30.208805577903597,0.95,0.1447447560059004
22.6,30.208805577903597,0.95,0.14591865186446887
22.700000000000003,30.208805577903597,0.95,0.14709995152792485
22.8,30.208805577903597,0.95,0.1482863841799437
22.9,30.208805577903597,0.95,0.14947561790801428
23.0,30.208805577903597,0.95,0.15066525971465222
23.1,30.208805577903597,0.95,0.15185285584643074
23.200000000000003,30.208805577903597,0.95,0.15303589244698998
23.3,30.208805577903597,0.95,0.1542117965396272
23.4,30.208805577903597,0.95,0.15537793734446342
23.5,30.208805577903597,0.95,0.15653162793452968
23.6,30.208805577903597,0.95,0.15767012723444035
23.700000000000003,30.208805577903597,0.95,0.15879064236462884
23.8,30.208805577903597,0.95,0.15989033133340805
23.9,30.208805577903597,0.95,0.1609663060784261
24.0,30.208805577903597,0.95,0.16201563585838008
24.1,30.208805577903597,0.95,0.16303535099519048
24.200000000000003,30.208805577903597,0.95,0.16402244696618587
24.3,30.208805577903597,0.95,0.1649738888452356
24.4,30.208805577903597,0.95,0.16588661609119515
24.5,30.208805577903597,0.95,0.1667575476815032
24.6,30.208805577903597,0.95,0.16758334420585919
24.700000000000003,30.208805577903597,0.95,0.1683596763310737
24.8,30.208805577903597,0.95,0.16908195018983527
24.9,30.208805577903597,0.95,0.16974555928516546
25.0,30.208805577903597,0.95,0.170345895797576
10.0,31.8115975966851,0.95,0.10565007223886176
10.1,31.8115975966851,0.95,0.10565007223886176
10.2,31.8115975966851,0.95,0.10565007223886176
10.3,31.8115975966851,0.95,0.10565007223886176
10.4,31.8115975966851,0.95,0.10565007223886176
10.5,31.8115975966851,0.95,0.10565007223886176
10.6,31.8115975966851,0.95,0.10565007223886176
10.7,31.8115975966851,0.95,0.10565007223886176
10.8,31.8115975966851,0.95,0.10565007223886176
10.9,31.8115975966851,0.95,0.10565007223886176
11.0,31.8115975966851,0.95,0.10565007223886176
11.1,31.8115975966851,0.95,0.10565007223886176
11.2,31.8115975966851,0.95,0.10565007223886176
11.3,31.8115975966851,0.95,0.10565007223886176
11.4,31.8115975966851,0.95,0.10565007223886176
11.5,31.8115975966851,0.95,0.10565007223886176
11.6,31.8115975966851,0.95,0.10565007223886176
11.7,31.8115975966851,0.95,0.10565007223886176
11.8,31.8115975966851,0.95,0.10565007223886176
11.9,31.8115975966851,0.95,0.10565007223886176
12.0,31.8115975966851,0.95,0.10565007223886176
12.1,31.8115975966851,0.95,0.10565007223886176
12.2,31.8115975966851,0.95,0.10565007223886176
12.3,31.8115975966851,0.95,0.10585016436429817
12.4,31.8115975966851,0.95,0.10621405406977213
12.5,31.8115975966851,0.95,0.10661614157886834
12.6,31.8115975966851,0.95,0.10705420647490355
12.7,31.8115975966851,0.95,0.10752602377345138
12.8,31.8115975966851,0.95,0.10802935692565639
12.9,31.8115975966851,0.95,0.10856195129146866
13.0,31.8115975966851,0.95,0.10912152808131025
13.1,31.8115975966851,0.95,0.10970577876734407
13.2,31.8115975966851,0.95,0.11031235996793384
13.3,31.8115975966851,0.95,0.11093888881105761
13.4,31.8115975966851,0.95,0.1115829387843621
13.5,31.8115975966851,0.95,0.11224203608122178
13.6,31.8115975966851,0.95,0.11291365645359099
13.7,31.8115975966851,0.95,0.11359522258360848
13.8,31.8115975966851,0.95,0.11428410198683081
13.9,31.8115975966851,0.95,0.11497760546064219
14.0,31.8115975966851,0.95,0.11567298609179676
14.100000000000001,31.8115975966851,0.95,0.11636743883722657
14.2,31.8115975966851,0.95,0.1170581006921697
14.3,31.8115975966851,0.95,0.11774205145936448
14.4,31.8115975966851,0.95,0.11841631513251677
14.5,31.8115975966851,0.95,0.1190778619064818
14.600000000000001,31.8115975966851,0.95,0.11972361082563115
14.7,31.8115975966851,0.95,0.12035043308068749
14.8,31.8115975966851,0.95,0.1209551559629388
14.9,31.8115975966851,0.95,0.12153456748318305
15.0,31.8115975966851,0.95,0.12208542166100518
15.100000000000001,31.8115975966851,0.95,0.12260444448809263
15.2,31.8115975966851,0.95,0.12308834056720587
15.3,31.8115975966851,0.95,0.1235338004261941
15.4,31.8115975966851,0.95,0.12393750850404929
15.5,31.8115975966851,0.95,0.1242961518034309
15.600000000000001,31.8115975966851,0.95,0.1246072935205223
15.7,31.8115975966851,0.95,0.12487198840896811
15.8,31.8115975966851,0.95,0.12509221419955677
15.9,31.8115975966851,0.95,0.12527000452211973
16.0,31.8115975966851,0.95,0.12540744241753143
16.1,31.8115975966851,0.95,0.12550665412445253
16.2,31.8115975966851,0.95,0.1255698031546001
16.3,31.8115975966851,0.95,0.12559908466857642
16.4,31.8115975966851,0.95,0.12559908466857642
16.5,31.8115975966851,0.95,0.12559908466857642
16.6,31.8115975966851,0.95,0.12559908466857642
16.7,31.8115975966851,0.95,0.12559908466857642
16.8,31.8115975966851,0.95,0.12559908466857642
16.9,31.8115975966851,0.95,0.12559908466857642
17.0,31.8115975966851,0.95,0.12559908466857642
17.1,31.8115975966851,0.95,0.12559908466857642
17.2,31.8115975966851,0.95,0.12559908466857642
17.3,31.8115975966851,0.95,0.12559908466857642
17.4,31.8115975966851,0.95,0.12559908466857642
17.5,31.8115975966851,0.95,0.12559908466857642
17.6,31.8115975966851,0.95,0.12559908466857642
17.7,31.8115975966851,0.95,0.12559908466857642
17.8,31.8115975966851,0.95,0.12559908466857642
17.9,31.8115975966851,0.95,0.12559908466857642
18.0,31.8115975966851,0.95,0.12559908466857642
18.1,31.8115975966851,0.95,0.12559908466857642
18.200000000000003,31.8115975966851,0.95,0.12559908466857642
18.3,31.8115975966851,0.95,0.12559908466857642
18.4,31.8115975966851,0.95,0.12559908466857642
18.5,31.8115975966851,0.95,0.12559908466857642
18.6,31.8115975966851,0.95,0.12559908466857642
18.700000000000003,31.8115975966851,0.95,0.12559908466857642
18.8,31.8115975966851,0.95,0.12559908466857642
18.9,31.8115975966851,0.95,0.12559908466857642
19.0,31.8115975966851,0.95,0.12559908466857642
19.1,31.8115975966851,0.95,0.12559908466857642
19.200000000000003,31.8115975966851,0.95,0.12559908466857642
19.3,31.8115975966851,0.95,0.12559908466857642
19.4,31.8115975966851,0.95,0.12559908466857642
19.5,31.8115975966851,0.95,0.12559908466857642
19.6,31.8115975966851,0.95,0.12559908466857642
19.700000000000003,31.8115975966851,0.95,0.12559908466857642
19.8,31.8115975966851,0.95,0.12559908466857642
19.9,31.8115975966851,0.95,0.12559908466857642
20.0,31.8115975966851,0.95,0.12559908466857642
20.1,31.8115975966851,0.95,0.12559908466857642
20.200000000000003,31.8115975966851,0.95,0.12559908466857642
20.3,31.8115975966851,0.95,0.12559908466857642
20.4,31.8115975966851,0.95,0.12559908466857642
20.5,31.8115975966851,0.95,0.12582868259338292
20.6,31.8115975966851,0.95,0.1264596119136124
20.700000000000003,31.8115975966851,0.95,0.12713301469008895
20.8,31.8115975966851,0.95,0.12784742020328493
20.9,31.8115975966851,0.95,0.1286013519376378
21.0,31.8115975966851,0.95,0.12939332269821205
21.1,31.8115975966851,0.95,0.13022182992968695
21.200000000000003,31.8115975966851,0.95,0.13108535123722398
21.3,31.8115975966851,0.95,0.13198234010995352
21.4,31.8115975966851,0.95,0.13291122184893547
21.5,31.8115975966851,0.95,0.1338703897024844
21.6,31.8115975966851,0.95,0.13485820121268383
21.700000000000003,31.8115975966851,0.95,0.1358729747777861
21.8,31.8115975966851,0.95,0.13691298643594413
21.9,31.8115975966851,0.95,0.13797646687640064
22.0,31.8115975966851,0.95,0.13906159868483442
22.1,31.8115975966851,0.95,0.1401665138300334
22.200000000000003,31.8115975966851,0.95,0.14128929139944746
22.3,31.8115975966851,0.95,0.14242795559144697
22.4,31.8115975966851,0.95,0.14358047397229254
22.5,31.8115975966851,0.95,0.1447447560059004
22.6,31.8115975966851,0.95,0.14591865186446887
22.700000000000003,31.8115975966851,0.95,0.14709995152792485
22.8,31.8115975966851,0.95,0.1482863841799437
22.9,31.8115975966851,0.95,0.14947561790801428
23.0,31.8115975966851,0.95,0.15066525971465222
23.1,31.8115975966851,0.95,0.15185285584643074
23.200000000000003,31.8115975966851,0.95,0.15303589244698998
23.3,31.8115975966851,0.95,0.1542117965396272
23.4,31.8115975966851,0.95,0.15537793734446342
23.5,31.8115975966851,0.95,0.15653162793452968
23.6,31.8115975966851,0.95,0.15767012723444035
23.700000000000003,31.8115975966851,0.95,0.15879064236462884
23.8,31.8115975966851,0.95,0.15989033133340805
23.9,31.8115975966851,0.95,0.1609663060784261
24.0,31.8115975966851,0.95,0.16201563585838008
24.1,31.8115975966851,0.95,0.16303535099519048
24.200000000000003,31.8115975966851,0.95,0.16402244696618587
24.3,31.8115975966851,0.95,0.1649738888452356
24.4,31.8115975966851,0.95,0.16588661609119515
24.5,31.8115975966851,0.95,0.1667575476815032
24.6,31.8115975966851,0.95,0.16758334420585919
24.700000000000003,31.8115975966851,0.95,0.1683596763310737
24.8,31.8115975966851,0.95,0.16908195018983527
24.9,31.8115975966851,0.95,0.16974555928516546
25.0,31.8115975966851,0.95,0.170345895797576
10.0,33.92623703353835,0.95,0.10565007223886176
10.1,33.92623703353835,0.95,0.10565007223886176
10.2,33.92623703353835,0.95,0.10565007223886176
10.3,33.92623703353835,0.95,0.10565007223886176
10.4,33.92623703353835,0.95,0.10565007223886176
10.5,33.92623703353835,0.95,0.10565007223886176
10.6,33.92623703353835,0.95,0.10565007223886176
10.7,33.92623703353835,0.95,0.10565007223886176
10.8,33.92623703353835,0.95,0.10565007223886176
10.9,33.92623703353835,0.95,0.10565007223886176
11.0,33.92623703353835,0.95,0.10565007223886176
11.1,33.92623703353835,0.95,0.10565007223886176
11.2,33.92623703353835,0.95,0.10565007223886176
11.3,33.92623703353835,0.95,0.10565007223886176
11.4,33.92623703353835,0.95,0.10565007223886176
11.5,33.92623703353835,0.95,0.10565007223886176
11.6,33.92623703353835,0.95,0.10565007223886176
11.7,33.92623703353835,0.95,0.10565007223886176
11.8,33.92623703353835,0.95,0.10565007223886176
11.9,33.92623703353835,0.95,0.10565007223886176
12.0,33.92623703353835,0.95,0.10565007223886176
12.1,33.92623703353835,0.95,0.10565007223886176
12.2,33.92623703353835,0.95,0.10565007223886176
12.3,33.92623703353835,0.95,0.10585016436429817
12.4,33.92623703353835,0.95,0.10621405406977213
12.5,33.92623703353835,0.95,0.10661614157886834
12.6,33.92623703353835,0.95,0.10705420647490355
12.7,33.92623703353835,0.95,0.10752602377345138
12.8,33.92623703353835,0.95,0.10802935692565639
12.9,33.92623703353835,0.95,0.10856195129146866
13.0,33.92623703353835,0.95,0.10912152808131025
13.1,33.92623703353835,0.95,0.10970577876734407
13.2,33.92623703353835,0.95,0.11031235996793384
13.3,33.92623703353835,0.95,0.11093888881105761
13.4,33.92623703353835,0.95,0.1115829387843621
13.5,33.92623703353835,0.95,0.11224203608122178
13.6,33.92623703353835,0.95,0.11291365645359099
13.7,33.92623703353835,0.95,0.11359522258360848
13.8,33.92623703353835,0.95,0.11428410198683081
13.9,33.92623703353835,0.95,0.11497760546064219
14.0,33.92623703353835,0.95,0.11567298609179676
14.100000000000001,33.92623703353835,0.95,0.11636743883722657
14.2,33.92623703353835,0.95,0.1170581006921697
14.3,33.92623703353835,0.95,0.11774205145936448
14.4,33.92623703353835,0.95,0.11841631513251677
14.5,33.92623703353835,0.95,0.1190778619064818
14.600000000000001,33.92623703353835,0.95,0.11972361082563115
14.7,33.92623703353835,0.95,0.12035043308068749
14.8,33.92623703353835,0.95,0.1209551559629388
14.9,33.92623703353835,0.95,0.12153456748318305
15.0,33.92623703353835,0.95,0.12208542166100518
15.100000000000001,33.92623703353835,0.95,0.12260444448809263
15.2,33.92623703353835,0.95,0.12308834056720587
15.3,33.92623703353835,0.95,0.1235338004261941
15.4,33.92623703353835,0.95,0.12393750850404929
15.5,33.92623703353835,0.95,0.1242961518034309
15.600000000000001,33.92623703353835,0.95,0.1246072935205223
15.7,33.92623703353835,0.95,0.12487198840896811
15.8,33.92623703353835,0.95,0.12509221419955677
15.9,33.92623703353835,0.95,0.12527000452211973
16.0,33.92623703353835,0.95,0.12540744241753143
16.1,33.92623703353835,0.95,0.12550665412445253
16.2,33.92623703353835,0.95,0.1255698031546001
16.3,33.92623703353835,0.95,0.12559908466857642
16.4,33.92623703353835,0.95,0.12559908466857642
16.5,33.92623703353835,0.95,0.12559908466857642
16.6,33.92623703353835,0.95,0.12559908466857642
16.7,33.92623703353835,0.95,0.12559908466857642
16.8,33.92623703353835,0.95,0.12559908466857642
16.9,33.92623703353835,0.95,0.12559908466857642
17.0,33.92623703353835,0.95,0.12559908466857642
17.1,33.92623703353835,0.95,0.12559908466857642
17.2,33.92623703353835,0.95,0.12559908466857642
17.3,33.92623703353835,0.95,0.12559908466857642
17.4,33.92623703353835,0.95,0.12559908466857642
17.5,33.92623703353835,0.95,0.12559908466857642
17.6,33.92623703353835,0.95,0.12559908466857642
17.7,33.92623703353835,0.95,0.12559908466857642
17.8,33.92623703353835,0.95,0.12559908466857642
17.9,33.92623703353835,0.95,0.12559908466857642
18.0,33.92623703353835,0.95,0.12559908466857642
18.1,33.92623703353835,0.95,0.12559908466857642
18.200000000000003,33.92623703353835,0.95,0.12559908466857642
18.3,33.92623703353835,0.95,0.12559908466857642
18.4,33.92623703353835,0.95,0.12559908466857642
18.5,33.92623703353835,0.95,0.12559908466857642
18.6,33.92623703353835,0.95,0.12559908466857642
18.700000000000003,33.92623703353835,0.95,0.12559908466857642
18.8,33.92623703353835,0.95,0.12559908466857642
18.9,33.92623703353835,0.95,0.12559908466857642
19.0,33.92623703353835,0.95,0.12559908466857642
19.1,33.92623703353835,0.95,0.12559908466857642
19.200000000000003,33.92623703353835,0.95,0.12559908466857642
19.3,33.92623703353835,0.95,0.12559908466857642
19.4,33.92623703353835,0.95,0.12559908466857642
19.5,33.92623703353835,0.95,0.12559908466857642
19.6,33.92623703353835,0.95,0.12559908466857642
19.700000000000003,33.92623703353835,0.95,0.12559908466857642
19.8,33.92623703353835,0.95,0.12559908466857642
19.9,33.92623703353835,0.95,0.12559908466857642
20.0,33.92623703353835,0.95,0.12559908466857642
20.1,33.92623703353835,0.95,0.12559908466857642
20.200000000000003,33.92623703353835,0.95,0.12559908466857642
20.3,33.92623703353835,0.95,0.12559908466857642
20.4,33.92623703353835,0.95,0.12559908466857642
20.5,33.92623703353835,0.95,0.12582868259338292
20.6,33.92623703353835,0.95,0.1264596119136124
20.700000000000003,33.92623703353835,0.95,0.12713301469008895
20.8,33.92623703353835,0.95,0.12784742020328493
20.9,33.92623703353835,0.95,0.1286013519376378
21.0,33.92623703353835,0.95,0.12939332269821205
21.1,33.92623703353835,0.95,0.13022182992968695
21.200000000000003,33.92623703353835,0.95,0.13108535123722398
21.3,33.92623703353835,0.95,0.13198234010995352
21.4,33.92623703353835,0.95,0.13291122184893547
21.5,33.92623703353835,0.95,0.1338703897024844
21.6,33.92623703353835,0.95,0.13485820121268383
21.700000000000003,33.92623703353835,0.95,0.1358729747777861
21.8,33.92623703353835,0.95,0.13691298643594413
21.9,33.92623703353835,0.95,0.13797646687640064
22.0,33.92623703353835,0.95,0.13906159868483442
22.1,33.92623703353835,0.95,0.1401665138300334
22.200000000000003,33.92623703353835,0.95,0.14128929139944746
22.3,33.92623703353835,0.95,0.14242795559144697
22.4,33.92623703353835,0.95,0.14358047397229254
22.5,33.92623703353835,0.95,0.1447447560059004
22.6,33.92623703353835,0.95,0.14591865186446887
22.700000000000003,33.92623703353835,0.95,0.14709995152792485
22.8,33.92623703353835,0.95,0.1482863841799437
22.9,33.92623703353835,0.95,0.14947561790801428
23.0,33.92623703353835,0.95,0.15066525971465222
23.1,33.92623703353835,0.95,0.15185285584643074
23.200000000000003,33.92623703353835,0.95,0.15303589244698998
23.3,33.92623703353835,0.95,0.1542117965396272
23.4,33.92623703353835,0.95,0.15537793734446342
23.5,33.92623703353835,0.95,0.15653162793452968
23.6,33.92623703353835,0.95,0.15767012723444035
23.700000000000003,33.92623703353835,0.95,0.15879064236462884
23.8,33.92623703353835,0.95,0.15989033133340805
23.9,33.92623703353835,0.95,0.1609663060784261
24.0,33.92623703353835,0.95,0.16201563585838008
24.1,33.92623703353835,0.95,0.16303535099519048
24.200000000000003,33.92623703353835,0.95,0.16402244696618587
24.3,33.92623703353835,0.95,0.1649738888452356
24.4,33.92623703353835,0.95,0.16588661609119515
24.5,33.92623703353835,0.95,0.1667575476815032
24.6,33.92623703353835,0.95,0.16758334420585919
24.700000000000003,33.92623703353835,0.95,0.1683596763310737
24.8,33.92623703353835,0.95,0.16908195018983527
24.9,33.92623703353835,0.95,0.16974555928516546
25.0,33.92623703353835,0.95,0.170345895797576
