ga,bmi,age,ivf,gc,weight,height,parity_ac,parity_ad,pred_y
10.0,28.04037814,28.93992606284658,0,0.4006764933197782,83.8948336414048,161.0637707948244,1.767097966728281,0.3798521256931608,0.052704046171783925
10.189873417721518,28.04037814,28.93992606284658,0,0.4006764933197782,83.8948336414048,161.0637707948244,1.767097966728281,0.3798521256931608,0.052704046171783925
10.379746835443038,28.04037814,28.93992606284658,0,0.4006764933197782,83.8948336414048,161.0637707948244,1.767097966728281,0.3798521256931608,0.052704046171783925
10.569620253164556,28.04037814,28.93992606284658,0,0.4006764933197782,83.8948336414048,161.0637707948244,1.767097966728281,0.3798521256931608,0.052704046171783925
10.759493670886076,28.04037814,28.93992606284658,0,0.4006764933197782,83.8948336414048,161.0637707948244,1.767097966728281,0.3798521256931608,0.052704046171783925
10.949367088607595,28.04037814,28.93992606284658,0,0.4006764933197782,83.8948336414048,161.0637707948244,1.767097966728281,0.3798521256931608,0.052704046171783925
11.139240506329115,28.04037814,28.93992606284658,0,0.4006764933197782,83.8948336414048,161.0637707948244,1.767097966728281,0.3798521256931608,0.05533888755417715
11.329113924050633,28.04037814,28.93992606284658,0,0.4006764933197782,83.8948336414048,161.0637707948244,1.767097966728281,0.3798521256931608,0.05879597137614064
11.518987341772153,28.04037814,28.93992606284658,0,0.4006764933197782,83.8948336414048,161.0637707948244,1.767097966728281,0.3798521256931608,0.06206350700268987
11.708860759493671,28.04037814,28.93992606284658,0,0.4006764933197782,83.8948336414048,161.0637707948244,1.767097966728281,0.3798521256931608,0.0651102568809697
11.89873417721519,28.04037814,28.93992606284658,0,0.4006764933197782,83.8948336414048,161.0637707948244,1.767097966728281,0.3798521256931608,0.06791053673246664
12.08860759493671,28.04037814,28.93992606284658,0,0.4006764933197782,83.8948336414048,161.0637707948244,1.767097966728281,0.3798521256931608,0.0704445199389186
12.278481012658228,28.04037814,28.93992606284658,0,0.4006764933197782,83.8948336414048,161.0637707948244,1.767097966728281,0.3798521256931608,0.07269832851637349
12.468354430379748,28.04037814,28.93992606284658,0,0.4006764933197782,83.8948336414048,161.0637707948244,1.767097966728281,0.3798521256931608,0.0746639350582972
12.658227848101266,28.04037814,28.93992606284658,0,0.4006764933197782,83.8948336414048,161.0637707948244,1.767097966728281,0.3798521256931608,0.07633890495832062
12.848101265822784,28.04037814,28.93992606284658,0,0.4006764933197782,83.8948336414048,161.0637707948244,1.767097966728281,0.3798521256931608,0.07772601049763814
13.037974683544304,28.04037814,28.93992606284658,0,0.4006764933197782,83.8948336414048,161.0637707948244,1.767097966728281,0.3798521256931608,0.07883274852110841
13.227848101265824,28.04037814,28.93992606284658,0,0.4006764933197782,83.8948336414048,161.0637707948244,1.767097966728281,0.3798521256931608,0.0796707919785204
13.417721518987342,28.04037814,28.93992606284658,0,0.4006764933197782,83.8948336414048,161.0637707948244,1.767097966728281,0.3798521256931608,0.08025540308227472
13.60759493670886,28.04037814,28.93992606284658,0,0.4006764933197782,83.8948336414048,161.0637707948244,1.767097966728281,0.3798521256931608,0.08060483266043002
13.79746835443038,28.04037814,28.93992606284658,0,0.4006764933197782,83.8948336414048,161.0637707948244,1.767097966728281,0.3798521256931608,0.0807397268020896
13.987341772151899,28.04037814,28.93992606284658,0,0.4006764933197782,83.8948336414048,161.0637707948244,1.767097966728281,0.3798521256931608,0.08068255834745541
14.177215189873419,28.04037814,28.93992606284658,0,0.4006764933197782,83.8948336414048,161.0637707948244,1.767097966728281,0.3798521256931608,0.08045709733742995
14.367088607594937,28.04037814,28.93992606284658,0,0.4006764933197782,83.8948336414048,161.0637707948244,1.767097966728281,0.3798521256931608,0.08008793131724092
14.556962025316455,28.04037814,28.93992606284658,0,0.4006764933197782,83.8948336414048,161.0637707948244,1.767097966728281,0.3798521256931608,0.07960004345263355
14.746835443037975,28.04037814,28.93992606284658,0,0.4006764933197782,83.8948336414048,161.0637707948244,1.767097966728281,0.3798521256931608,0.07901845380534517
14.936708860759495,28.04037814,28.93992606284658,0,0.4006764933197782,83.8948336414048,161.0637707948244,1.767097966728281,0.3798521256931608,0.07836792684988232
15.126582278481013,28.04037814,28.93992606284658,0,0.4006764933197782,83.8948336414048,161.0637707948244,1.767097966728281,0.3798521256931608,0.07767274640965208
15.316455696202532,28.04037814,28.93992606284658,0,0.4006764933197782,83.8948336414048,161.0637707948244,1.767097966728281,0.3798521256931608,0.07695655765550287
15.50632911392405,28.04037814,28.93992606284658,0,0.4006764933197782,83.8948336414048,161.0637707948244,1.767097966728281,0.3798521256931608,0.07624227453938813
15.69620253164557,28.04037814,28.93992606284658,0,0.4006764933197782,83.8948336414048,161.0637707948244,1.767097966728281,0.3798521256931608,0.07554883245133948
15.88607594936709,28.04037814,28.93992606284658,0,0.4006764933197782,83.8948336414048,161.0637707948244,1.767097966728281,0.3798521256931608,0.07488298384695369
16.075949367088608,28.04037814,28.93992606284658,0,0.4006764933197782,83.8948336414048,161.0637707948244,1.767097966728281,0.3798521256931608,0.07424867470132714
16.265822784810126,28.04037814,28.93992606284658,0,0.4006764933197782,83.8948336414048,161.0637707948244,1.767097966728281,0.3798521256931608,0.07364973972690776
16.455696202531648,28.04037814,28.93992606284658,0,0.4006764933197782,83.8948336414048,161.0637707948244,1.767097966728281,0.3798521256931608,0.07308991956397431
16.645569620253166,28.04037814,28.93992606284658,0,0.4006764933197782,83.8948336414048,161.0637707948244,1.767097966728281,0.3798521256931608,0.07257287991497291
16.835443037974684,28.04037814,28.93992606284658,0,0.4006764933197782,83.8948336414048,161.0637707948244,1.767097966728281,0.3798521256931608,0.07210223258505376
17.025316455696203,28.04037814,28.93992606284658,0,0.4006764933197782,83.8948336414048,161.0637707948244,1.767097966728281,0.3798521256931608,0.07168155841601745
17.21518987341772,28.04037814,28.93992606284658,0,0.4006764933197782,83.8948336414048,161.0637707948244,1.767097966728281,0.3798521256931608,0.07131443212847681
17.405063291139243,28.04037814,28.93992606284658,0,0.4006764933197782,83.8948336414048,161.0637707948244,1.767097966728281,0.3798521256931608,0.0710044491174049
17.59493670886076,28.04037814,28.93992606284658,0,0.4006764933197782,83.8948336414048,161.0637707948244,1.767097966728281,0.3798521256931608,0.07075525427942661
17.78481012658228,28.04037814,28.93992606284658,0,0.4006764933197782,83.8948336414048,161.0637707948244,1.767097966728281,0.3798521256931608,0.07057057298630466
17.974683544303797,28.04037814,28.93992606284658,0,0.4006764933197782,83.8948336414048,161.0637707948244,1.767097966728281,0.3798521256931608,0.07045424435824701
18.164556962025316,28.04037814,28.93992606284658,0,0.4006764933197782,83.8948336414048,161.0637707948244,1.767097966728281,0.3798521256931608,0.07041025703310852
18.354430379746837,28.04037814,28.93992606284658,0,0.4006764933197782,83.8948336414048,161.0637707948244,1.767097966728281,0.3798521256931608,0.07044278767354431
18.544303797468356,28.04037814,28.93992606284658,0,0.4006764933197782,83.8948336414048,161.0637707948244,1.767097966728281,0.3798521256931608,0.07055624250398328
18.734177215189874,28.04037814,28.93992606284658,0,0.4006764933197782,83.8948336414048,161.0637707948244,1.767097966728281,0.3798521256931608,0.07075530222329637
18.924050632911396,28.04037814,28.93992606284658,0,0.4006764933197782,83.8948336414048,161.0637707948244,1.767097966728281,0.3798521256931608,0.07104497069756945
19.11392405063291,28.04037814,28.93992606284658,0,0.4006764933197782,83.8948336414048,161.0637707948244,1.767097966728281,0.3798521256931608,0.07143062790087795
19.303797468354432,28.04037814,28.93992606284658,0,0.4006764933197782,83.8948336414048,161.0637707948244,1.767097966728281,0.3798521256931608,0.07191808764071432
19.49367088607595,28.04037814,28.93992606284658,0,0.4006764933197782,83.8948336414048,161.0637707948244,1.767097966728281,0.3798521256931608,0.07251366067908208
19.68354430379747,28.04037814,28.93992606284658,0,0.4006764933197782,83.8948336414048,161.0637707948244,1.767097966728281,0.3798521256931608,0.07322422394039806
19.87341772151899,28.04037814,28.93992606284658,0,0.4006764933197782,83.8948336414048,161.0637707948244,1.767097966728281,0.3798521256931608,0.07405729658324671
20.063291139240505,28.04037814,28.93992606284658,0,0.4006764933197782,83.8948336414048,161.0637707948244,1.767097966728281,0.3798521256931608,0.07502102237874599
20.253164556962027,28.04037814,28.93992606284658,0,0.4006764933197782,83.8948336414048,161.0637707948244,1.767097966728281,0.3798521256931608,0.07611819071956903
20.443037974683545,28.04037814,28.93992606284658,0,0.4006764933197782,83.8948336414048,161.0637707948244,1.767097966728281,0.3798521256931608,0.07734243468236718
20.632911392405063,28.04037814,28.93992606284658,0,0.4006764933197782,83.8948336414048,161.0637707948244,1.767097966728281,0.3798521256931608,0.07868646263787626
20.822784810126585,28.04037814,28.93992606284658,0,0.4006764933197782,83.8948336414048,161.0637707948244,1.767097966728281,0.3798521256931608,0.08014271039898208
21.0126582278481,28.04037814,28.93992606284658,0,0.4006764933197782,83.8948336414048,161.0637707948244,1.767097966728281,0.3798521256931608,0.08170320040914089
21.20253164556962,28.04037814,28.93992606284658,0,0.4006764933197782,83.8948336414048,161.0637707948244,1.767097966728281,0.3798521256931608,0.08335940994411194
21.39240506329114,28.04037814,28.93992606284658,0,0.4006764933197782,83.8948336414048,161.0637707948244,1.767097966728281,0.3798521256931608,0.08510214890618038
21.582278481012658,28.04037814,28.93992606284658,0,0.4006764933197782,83.8948336414048,161.0637707948244,1.767097966728281,0.3798521256931608,0.08692144817486322
21.77215189873418,28.04037814,28.93992606284658,0,0.4006764933197782,83.8948336414048,161.0637707948244,1.767097966728281,0.3798521256931608,0.08880645981731314
21.962025316455698,28.04037814,28.93992606284658,0,0.4006764933197782,83.8948336414048,161.0637707948244,1.767097966728281,0.3798521256931608,0.09074537074977108
22.151898734177216,28.04037814,28.93992606284658,0,0.4006764933197782,83.8948336414048,161.0637707948244,1.767097966728281,0.3798521256931608,0.09272533167221862
22.341772151898734,28.04037814,28.93992606284658,0,0.4006764933197782,83.8948336414048,161.0637707948244,1.767097966728281,0.3798521256931608,0.09473240326558269
22.531645569620252,28.04037814,28.93992606284658,0,0.4006764933197782,83.8948336414048,161.0637707948244,1.767097966728281,0.3798521256931608,0.09675152173881381
22.721518987341774,28.04037814,28.93992606284658,0,0.4006764933197782,83.8948336414048,161.0637707948244,1.767097966728281,0.3798521256931608,0.09876648583756316
22.911392405063292,28.04037814,28.93992606284658,0,0.4006764933197782,83.8948336414048,161.0637707948244,1.767097966728281,0.3798521256931608,0.1007599673745842
23.10126582278481,28.04037814,28.93992606284658,0,0.4006764933197782,83.8948336414048,161.0637707948244,1.767097966728281,0.3798521256931608,0.10271354721429661
23.291139240506332,28.04037814,28.93992606284658,0,0.4006764933197782,83.8948336414048,161.0637707948244,1.767097966728281,0.3798521256931608,0.10460777844264442
23.481012658227847,28.04037814,28.93992606284658,0,0.4006764933197782,83.8948336414048,161.0637707948244,1.767097966728281,0.3798521256931608,0.10642227818341737
23.67088607594937,28.04037814,28.93992606284658,0,0.4006764933197782,83.8948336414048,161.0637707948244,1.767097966728281,0.3798521256931608,0.10813584919072994
23.860759493670887,28.04037814,28.93992606284658,0,0.4006764933197782,83.8948336414048,161.0637707948244,1.767097966728281,0.3798521256931608,0.10972663196285273
24.050632911392405,28.04037814,28.93992606284658,0,0.4006764933197782,83.8948336414048,161.0637707948244,1.767097966728281,0.3798521256931608,0.11117228769406799
24.240506329113927,28.04037814,28.93992606284658,0,0.4006764933197782,83.8948336414048,161.0637707948244,1.767097966728281,0.3798521256931608,0.11245021191662802
24.430379746835442,28.04037814,28.93992606284658,0,0.4006764933197782,83.8948336414048,161.0637707948244,1.767097966728281,0.3798521256931608,0.11353777819014114
24.620253164556964,28.04037814,28.93992606284658,0,0.4006764933197782,83.8948336414048,161.0637707948244,1.767097966728281,0.3798521256931608,0.11441473924961189
24.810126582278482,28.04037814,28.93992606284658,0,0.4006764933197782,83.8948336414048,161.0637707948244,1.767097966728281,0.3798521256931608,0.11508957683659217
25.0,28.04037814,28.93992606284658,0,0.4006764933197782,83.8948336414048,161.0637707948244,1.767097966728281,0.3798521256931608,0.11559193405245619
10.0,28.205243055675364,28.93992606284658,0,0.4006764933197782,83.8948336414048,161.0637707948244,1.767097966728281,0.3798521256931608,0.054871881444604004
10.189873417721518,28.205243055675364,28.93992606284658,0,0.4006764933197782,83.8948336414048,161.0637707948244,1.767097966728281,0.3798521256931608,0.054871881444604004
10.379746835443038,28.205243055675364,28.93992606284658,0,0.4006764933197782,83.8948336414048,161.0637707948244,1.767097966728281,0.3798521256931608,0.054871881444604004
10.569620253164556,28.205243055675364,28.93992606284658,0,0.4006764933197782,83.8948336414048,161.0637707948244,1.767097966728281,0.3798521256931608,0.054871881444604004
10.759493670886076,28.205243055675364,28.93992606284658,0,0.4006764933197782,83.8948336414048,161.0637707948244,1.767097966728281,0.3798521256931608,0.054871881444604004
10.949367088607595,28.205243055675364,28.93992606284658,0,0.4006764933197782,83.8948336414048,161.0637707948244,1.767097966728281,0.3798521256931608,0.054871881444604004
11.139240506329115,28.205243055675364,28.93992606284658,0,0.4006764933197782,83.8948336414048,161.0637707948244,1.767097966728281,0.3798521256931608,0.057271223116343944
11.329113924050633,28.205243055675364,28.93992606284658,0,0.4006764933197782,83.8948336414048,161.0637707948244,1.767097966728281,0.3798521256931608,0.06040943020236147
11.518987341772153,28.205243055675364,28.93992606284658,0,0.4006764933197782,83.8948336414048,161.0637707948244,1.767097966728281,0.3798521256931608,0.06336876863071254
11.708860759493671,28.205243055675364,28.93992606284658,0,0.4006764933197782,83.8948336414048,161.0637707948244,1.767097966728281,0.3798521256931608,0.06612593430193774
11.89873417721519,28.205243055675364,28.93992606284658,0,0.4006764933197782,83.8948336414048,161.0637707948244,1.767097966728281,0.3798521256931608,0.06866196561685117
12.08860759493671,28.205243055675364,28.93992606284658,0,0.4006764933197782,83.8948336414048,161.0637707948244,1.767097966728281,0.3798521256931608,0.07096239564327075
12.278481012658228,28.205243055675364,28.93992606284658,0,0.4006764933197782,83.8948336414048,161.0637707948244,1.767097966728281,0.3798521256931608,0.07301726830220967
12.468354430379748,28.205243055675364,28.93992606284658,0,0.4006764933197782,83.8948336414048,161.0637707948244,1.767097966728281,0.3798521256931608,0.0748210349859949
12.658227848101266,28.205243055675364,28.93992606284658,0,0.4006764933197782,83.8948336414048,161.0637707948244,1.767097966728281,0.3798521256931608,0.07637235035865658
12.848101265822784,28.205243055675364,28.93992606284658,0,0.4006764933197782,83.8948336414048,161.0637707948244,1.767097966728281,0.3798521256931608,0.07767378706281435
13.037974683544304,28.205243055675364,28.93992606284658,0,0.4006764933197782,83.8948336414048,161.0637707948244,1.767097966728281,0.3798521256931608,0.07873148893913612
13.227848101265824,28.205243055675364,28.93992606284658,0,0.4006764933197782,83.8948336414048,161.0637707948244,1.767097966728281,0.3798521256931608,0.07955478143129123
13.417721518987342,28.205243055675364,28.93992606284658,0,0.4006764933197782,83.8948336414048,161.0637707948244,1.767097966728281,0.3798521256931608,0.08015575635523473
13.60759493670886,28.205243055675364,28.93992606284658,0,0.4006764933197782,83.8948336414048,161.0637707948244,1.767097966728281,0.3798521256931608,0.08054884637240312
13.79746835443038,28.205243055675364,28.93992606284658,0,0.4006764933197782,83.8948336414048,161.0637707948244,1.767097966728281,0.3798521256931608,0.08075040249339728
13.987341772151899,28.205243055675364,28.93992606284658,0,0.4006764933197782,83.8948336414048,161.0637707948244,1.767097966728281,0.3798521256931608,0.0807782858803521
14.177215189873419,28.205243055675364,28.93992606284658,0,0.4006764933197782,83.8948336414048,161.0637707948244,1.767097966728281,0.3798521256931608,0.08065148320349645
14.367088607594937,28.205243055675364,28.93992606284658,0,0.4006764933197782,83.8948336414048,161.0637707948244,1.767097966728281,0.3798521256931608,0.08038975290150813
14.556962025316455,28.205243055675364,28.93992606284658,0,0.4006764933197782,83.8948336414048,161.0637707948244,1.767097966728281,0.3798521256931608,0.08001330793534688
14.746835443037975,28.205243055675364,28.93992606284658,0,0.4006764933197782,83.8948336414048,161.0637707948244,1.767097966728281,0.3798521256931608,0.07954253903536411
14.936708860759495,28.205243055675364,28.93992606284658,0,0.4006764933197782,83.8948336414048,161.0637707948244,1.767097966728281,0.3798521256931608,0.07899778103610057
15.126582278481013,28.205243055675364,28.93992606284658,0,0.4006764933197782,83.8948336414048,161.0637707948244,1.767097966728281,0.3798521256931608,0.07839912368102972
15.316455696202532,28.205243055675364,28.93992606284658,0,0.4006764933197782,83.8948336414048,161.0637707948244,1.767097966728281,0.3798521256931608,0.07776626726594901
15.50632911392405,28.205243055675364,28.93992606284658,0,0.4006764933197782,83.8948336414048,161.0637707948244,1.767097966728281,0.3798521256931608,0.07711842260036138
15.69620253164557,28.205243055675364,28.93992606284658,0,0.4006764933197782,83.8948336414048,161.0637707948244,1.767097966728281,0.3798521256931608,0.07647195687504629
15.88607594936709,28.205243055675364,28.93992606284658,0,0.4006764933197782,83.8948336414048,161.0637707948244,1.767097966728281,0.3798521256931608,0.07583449205900578
16.075949367088608,28.205243055675364,28.93992606284658,0,0.4006764933197782,83.8948336414048,161.0637707948244,1.767097966728281,0.3798521256931608,0.07521156493003846
16.265822784810126,28.205243055675364,28.93992606284658,0,0.4006764933197782,83.8948336414048,161.0637707948244,1.767097966728281,0.3798521256931608,0.07460854484462295
16.455696202531648,28.205243055675364,28.93992606284658,0,0.4006764933197782,83.8948336414048,161.0637707948244,1.767097966728281,0.3798521256931608,0.07403064481045087
16.645569620253166,28.205243055675364,28.93992606284658,0,0.4006764933197782,83.8948336414048,161.0637707948244,1.767097966728281,0.3798521256931608,0.0734829360888061
16.835443037974684,28.205243055675364,28.93992606284658,0,0.4006764933197782,83.8948336414048,161.0637707948244,1.767097966728281,0.3798521256931608,0.07297036619146616
17.025316455696203,28.205243055675364,28.93992606284658,0,0.4006764933197782,83.8948336414048,161.0637707948244,1.767097966728281,0.3798521256931608,0.07249778016048596
17.21518987341772,28.205243055675364,28.93992606284658,0,0.4006764933197782,83.8948336414048,161.0637707948244,1.767097966728281,0.3798521256931608,0.07206994504859811
17.405063291139243,28.205243055675364,28.93992606284658,0,0.4006764933197782,83.8948336414048,161.0637707948244,1.767097966728281,0.3798521256931608,0.07169157755287672
17.59493670886076,28.205243055675364,28.93992606284658,0,0.4006764933197782,83.8948336414048,161.0637707948244,1.767097966728281,0.3798521256931608,0.0713673747947351
17.78481012658228,28.205243055675364,28.93992606284658,0,0.4006764933197782,83.8948336414048,161.0637707948244,1.767097966728281,0.3798521256931608,0.07110204828521308
17.974683544303797,28.205243055675364,28.93992606284658,0,0.4006764933197782,83.8948336414048,161.0637707948244,1.767097966728281,0.3798521256931608,0.07090036116592452
18.164556962025316,28.205243055675364,28.93992606284658,0,0.4006764933197782,83.8948336414048,161.0637707948244,1.767097966728281,0.3798521256931608,0.07076716887312186
18.354430379746837,28.205243055675364,28.93992606284658,0,0.4006764933197782,83.8948336414048,161.0637707948244,1.767097966728281,0.3798521256931608,0.07070746343531877
18.544303797468356,28.205243055675364,28.93992606284658,0,0.4006764933197782,83.8948336414048,161.0637707948244,1.767097966728281,0.3798521256931608,0.07072642168410533
18.734177215189874,28.205243055675364,28.93992606284658,0,0.4006764933197782,83.8948336414048,161.0637707948244,1.767097966728281,0.3798521256931608,0.07082945773364373
18.924050632911396,28.205243055675364,28.93992606284658,0,0.4006764933197782,83.8948336414048,161.0637707948244,1.767097966728281,0.3798521256931608,0.07102228016732588
19.11392405063291,28.205243055675364,28.93992606284658,0,0.4006764933197782,83.8948336414048,161.0637707948244,1.767097966728281,0.3798521256931608,0.07131095446081469
19.303797468354432,28.205243055675364,28.93992606284658,0,0.4006764933197782,83.8948336414048,161.0637707948244,1.767097966728281,0.3798521256931608,0.07170197126981702
19.49367088607595,28.205243055675364,28.93992606284658,0,0.4006764933197782,83.8948336414048,161.0637707948244,1.767097966728281,0.3798521256931608,0.0722023213190813
19.68354430379747,28.205243055675364,28.93992606284658,0,0.4006764933197782,83.8948336414048,161.0637707948244,1.767097966728281,0.3798521256931608,0.07281957774687894
19.87341772151899,28.205243055675364,28.93992606284658,0,0.4006764933197782,83.8948336414048,161.0637707948244,1.767097966728281,0.3798521256931608,0.07356198688705107
20.063291139240505,28.205243055675364,28.93992606284658,0,0.4006764933197782,83.8948336414048,161.0637707948244,1.767097966728281,0.3798521256931608,0.07443845947461072
20.253164556962027,28.205243055675364,28.93992606284658,0,0.4006764933197782,83.8948336414048,161.0637707948244,1.767097966728281,0.3798521256931608,0.07545215523606541
20.443037974683545,28.205243055675364,28.93992606284658,0,0.4006764933197782,83.8948336414048,161.0637707948244,1.767097966728281,0.3798521256931608,0.07659643898895599
20.632911392405063,28.205243055675364,28.93992606284658,0,0.4006764933197782,83.8948336414048,161.0637707948244,1.767097966728281,0.3798521256931608,0.07786376329969853
20.822784810126585,28.205243055675364,28.93992606284658,0,0.4006764933197782,83.8948336414048,161.0637707948244,1.767097966728281,0.3798521256931608,0.07924637352179072
21.0126582278481,28.205243055675364,28.93992606284658,0,0.4006764933197782,83.8948336414048,161.0637707948244,1.767097966728281,0.3798521256931608,0.0807361588975426
21.20253164556962,28.205243055675364,28.93992606284658,0,0.4006764933197782,83.8948336414048,161.0637707948244,1.767097966728281,0.3798521256931608,0.082324513279276
21.39240506329114,28.205243055675364,28.93992606284658,0,0.4006764933197782,83.8948336414048,161.0637707948244,1.767097966728281,0.3798521256931608,0.08400220587860804
21.582278481012658,28.205243055675364,28.93992606284658,0,0.4006764933197782,83.8948336414048,161.0637707948244,1.767097966728281,0.3798521256931608,0.08575926287555967
21.77215189873418,28.205243055675364,28.93992606284658,0,0.4006764933197782,83.8948336414048,161.0637707948244,1.767097966728281,0.3798521256931608,0.08758486109496623
21.962025316455698,28.205243055675364,28.93992606284658,0,0.4006764933197782,83.8948336414048,161.0637707948244,1.767097966728281,0.3798521256931608,0.08946723528085448
22.151898734177216,28.205243055675364,28.93992606284658,0,0.4006764933197782,83.8948336414048,161.0637707948244,1.767097966728281,0.3798521256931608,0.09139360076388937
22.341772151898734,28.205243055675364,28.93992606284658,0,0.4006764933197782,83.8948336414048,161.0637707948244,1.767097966728281,0.3798521256931608,0.09335009351620699
22.531645569620252,28.205243055675364,28.93992606284658,0,0.4006764933197782,83.8948336414048,161.0637707948244,1.767097966728281,0.3798521256931608,0.09532172971580204
22.721518987341774,28.205243055675364,28.93992606284658,0,0.4006764933197782,83.8948336414048,161.0637707948244,1.767097966728281,0.3798521256931608,0.09729238699416502
22.911392405063292,28.205243055675364,28.93992606284658,0,0.4006764933197782,83.8948336414048,161.0637707948244,1.767097966728281,0.3798521256931608,0.09924480951279946
23.10126582278481,28.205243055675364,28.93992606284658,0,0.4006764933197782,83.8948336414048,161.0637707948244,1.767097966728281,0.3798521256931608,0.10116063890565788
23.291139240506332,28.205243055675364,28.93992606284658,0,0.4006764933197782,83.8948336414048,161.0637707948244,1.767097966728281,0.3798521256931608,0.10302047293704805
23.481012658227847,28.205243055675364,28.93992606284658,0,0.4006764933197782,83.8948336414048,161.0637707948244,1.767097966728281,0.3798521256931608,0.10480395346239987
23.67088607594937,28.205243055675364,28.93992606284658,0,0.4006764933197782,83.8948336414048,161.0637707948244,1.767097966728281,0.3798521256931608,0.10648988494904404
23.860759493670887,28.205243055675364,28.93992606284658,0,0.4006764933197782,83.8948336414048,161.0637707948244,1.767097966728281,0.3798521256931608,0.1080563844239898
24.050632911392405,28.205243055675364,28.93992606284658,0,0.4006764933197782,83.8948336414048,161.0637707948244,1.767097966728281,0.3798521256931608,0.10948106327455463
24.240506329113927,28.205243055675364,28.93992606284658,0,0.4006764933197782,83.8948336414048,161.0637707948244,1.767097966728281,0.3798521256931608,0.11074124084378544
24.430379746835442,28.205243055675364,28.93992606284658,0,0.4006764933197782,83.8948336414048,161.0637707948244,1.767097966728281,0.3798521256931608,0.11181418924226208
24.620253164556964,28.205243055675364,28.93992606284658,0,0.4006764933197782,83.8948336414048,161.0637707948244,1.767097966728281,0.3798521256931608,0.11267952619363603
24.810126582278482,28.205243055675364,28.93992606284658,0,0.4006764933197782,83.8948336414048,161.0637707948244,1.767097966728281,0.3798521256931608,0.1133454391159189
25.0,28.205243055675364,28.93992606284658,0,0.4006764933197782,83.8948336414048,161.0637707948244,1.767097966728281,0.3798521256931608,0.11384116269779457
10.0,28.370107971350727,28.93992606284658,0,0.4006764933197782,83.8948336414048,161.0637707948244,1.767097966728281,0.3798521256931608,0.05695581247001168
10.189873417721518,28.370107971350727,28.93992606284658,0,0.4006764933197782,83.8948336414048,161.0637707948244,1.767097966728281,0.3798521256931608,0.05695581247001168
10.379746835443038,28.370107971350727,28.93992606284658,0,0.4006764933197782,83.8948336414048,161.0637707948244,1.767097966728281,0.3798521256931608,0.05695581247001168
10.569620253164556,28.370107971350727,28.93992606284658,0,0.4006764933197782,83.8948336414048,161.0637707948244,1.767097966728281,0.3798521256931608,0.05695581247001168
10.759493670886076,28.370107971350727,28.93992606284658,0,0.4006764933197782,83.8948336414048,161.0637707948244,1.767097966728281,0.3798521256931608,0.05695581247001168
10.949367088607595,28.370107971350727,28.93992606284658,0,0.4006764933197782,83.8948336414048,161.0637707948244,1.767097966728281,0.3798521256931608,0.05695581247001168
11.139240506329115,28.370107971350727,28.93992606284658,0,0.4006764933197782,83.8948336414048,161.0637707948244,1.767097966728281,0.3798521256931608,0.05911879578404304
11.329113924050633,28.370107971350727,28.93992606284658,0,0.4006764933197782,83.8948336414048,161.0637707948244,1.767097966728281,0.3798521256931608,0.06194239979845426
11.518987341772153,28.370107971350727,28.93992606284658,0,0.4006764933197782,83.8948336414048,161.0637707948244,1.767097966728281,0.3798521256931608,0.06460262000961506
11.708860759493671,28.370107971350727,28.93992606284658,0,0.4006764933197782,83.8948336414048,161.0637707948244,1.767097966728281,0.3798521256931608,0.06708248965181017
11.89873417721519,28.370107971350727,28.93992606284658,0,0.4006764933197782,83.8948336414048,161.0637707948244,1.767097966728281,0.3798521256931608,0.06936828551421079
12.08860759493671,28.370107971350727,28.93992606284658,0,0.4006764933197782,83.8948336414048,161.0637707948244,1.767097966728281,0.3798521256931608,0.07144959559929609
12.278481012658228,28.370107971350727,28.93992606284658,0,0.4006764933197782,83.8948336414048,161.0637707948244,1.767097966728281,0.3798521256931608,0.07331930463046712
12.468354430379748,28.370107971350727,28.93992606284658,0,0.4006764933197782,83.8948336414048,161.0637707948244,1.767097966728281,0.3798521256931608,0.074973507458732
12.658227848101266,28.370107971350727,28.93992606284658,0,0.4006764933197782,83.8948336414048,161.0637707948244,1.767097966728281,0.3798521256931608,0.07641136146381033
12.848101265822784,28.370107971350727,28.93992606284658,0,0.4006764933197782,83.8948336414048,161.0637707948244,1.767097966728281,0.3798521256931608,0.0776348894411536
13.037974683544304,28.370107971350727,28.93992606284658,0,0.4006764933197782,83.8948336414048,161.0637707948244,1.767097966728281,0.3798521256931608,0.07864874434089077
13.227848101265824,28.370107971350727,28.93992606284658,0,0.4006764933197782,83.8948336414048,161.0637707948244,1.767097966728281,0.3798521256931608,0.079459946704934
13.417721518987342,28.370107971350727,28.93992606284658,0,0.4006764933197782,83.8948336414048,161.0637707948244,1.767097966728281,0.3798521256931608,0.08007760485107163
13.60759493670886,28.370107971350727,28.93992606284658,0,0.4006764933197782,83.8948336414048,161.0637707948244,1.767097966728281,0.3798521256931608,0.08051262687786874
13.79746835443038,28.370107971350727,28.93992606284658,0,0.4006764933197782,83.8948336414048,161.0637707948244,1.767097966728281,0.3798521256931608,0.08077743249267115
13.987341772151899,28.370107971350727,28.93992606284658,0,0.4006764933197782,83.8948336414048,161.0637707948244,1.767097966728281,0.3798521256931608,0.08088567155936151
14.177215189873419,28.370107971350727,28.93992606284658,0,0.4006764933197782,83.8948336414048,161.0637707948244,1.767097966728281,0.3798521256931608,0.08085195516853509
14.367088607594937,28.370107971350727,28.93992606284658,0,0.4006764933197782,83.8948336414048,161.0637707948244,1.767097966728281,0.3798521256931608,0.08069160398253605
14.556962025316455,28.370107971350727,28.93992606284658,0,0.4006764933197782,83.8948336414048,161.0637707948244,1.767097966728281,0.3798521256931608,0.08042041762277564
14.746835443037975,28.370107971350727,28.93992606284658,0,0.4006764933197782,83.8948336414048,161.0637707948244,1.767097966728281,0.3798521256931608,0.08005446796084655
14.936708860759495,28.370107971350727,28.93992606284658,0,0.4006764933197782,83.8948336414048,161.0637707948244,1.767097966728281,0.3798521256931608,0.07960991835680854
15.126582278481013,28.370107971350727,28.93992606284658,0,0.4006764933197782,83.8948336414048,161.0637707948244,1.767097966728281,0.3798521256931608,0.07910287016306555
15.316455696202532,28.370107971350727,28.93992606284658,0,0.4006764933197782,83.8948336414048,161.0637707948244,1.767097966728281,0.3798521256931608,0.07854923718386145
15.50632911392405,28.370107971350727,28.93992606284658,0,0.4006764933197782,83.8948336414048,161.0637707948244,1.767097966728281,0.3798521256931608,0.07796464820272236
15.69620253164557,28.370107971350727,28.93992606284658,0,0.4006764933197782,83.8948336414048,161.0637707948244,1.767097966728281,0.3798521256931608,0.07736295578525323
15.88607594936709,28.370107971350727,28.93992606284658,0,0.4006764933197782,83.8948336414048,161.0637707948244,1.767097966728281,0.3798521256931608,0.07675254722391717
16.075949367088608,28.370107971350727,28.93992606284658,0,0.4006764933197782,83.8948336414048,161.0637707948244,1.767097966728281,0.3798521256931608,0.07614043611031278
16.265822784810126,28.370107971350727,28.93992606284658,0,0.4006764933197782,83.8948336414048,161.0637707948244,1.767097966728281,0.3798521256931608,0.07553343764966654
16.455696202531648,28.370107971350727,28.93992606284658,0,0.4006764933197782,83.8948336414048,161.0637707948244,1.767097966728281,0.3798521256931608,0.07493816931012273
16.645569620253166,28.370107971350727,28.93992606284658,0,0.4006764933197782,83.8948336414048,161.0637707948244,1.767097966728281,0.3798521256931608,0.07436105694337872
16.835443037974684,28.370107971350727,28.93992606284658,0,0.4006764933197782,83.8948336414048,161.0637707948244,1.767097966728281,0.3798521256931608,0.07380834615386236
17.025316455696203,28.370107971350727,28.93992606284658,0,0.4006764933197782,83.8948336414048,161.0637707948244,1.767097966728281,0.3798521256931608,0.07328611870650052
17.21518987341772,28.370107971350727,28.93992606284658,0,0.4006764933197782,83.8948336414048,161.0637707948244,1.767097966728281,0.3798521256931608,0.07280031378589348
17.405063291139243,28.370107971350727,28.93992606284658,0,0.4006764933197782,83.8948336414048,161.0637707948244,1.767097966728281,0.3798521256931608,0.07235675395210524
17.59493670886076,28.370107971350727,28.93992606284658,0,0.4006764933197782,83.8948336414048,161.0637707948244,1.767097966728281,0.3798521256931608,0.07196117568016183
17.78481012658228,28.370107971350727,28.93992606284658,0,0.4006764933197782,83.8948336414048,161.0637707948244,1.767097966728281,0.3798521256931608,0.071619264421473
17.974683544303797,28.370107971350727,28.93992606284658,0,0.4006764933197782,83.8948336414048,161.0637707948244,1.767097966728281,0.3798521256931608,0.07133669418569638
18.164556962025316,28.370107971350727,28.93992606284658,0,0.4006764933197782,83.8948336414048,161.0637707948244,1.767097966728281,0.3798521256931608,0.07111917171103167
18.354430379746837,28.370107971350727,28.93992606284658,0,0.4006764933197782,83.8948336414048,161.0637707948244,1.767097966728281,0.3798521256931608,0.07097248536967012
18.544303797468356,28.370107971350727,28.93992606284658,0,0.4006764933197782,83.8948336414048,161.0637707948244,1.767097966728281,0.3798521256931608,0.07090255904340549
18.734177215189874,28.370107971350727,28.93992606284658,0,0.4006764933197782,83.8948336414048,161.0637707948244,1.767097966728281,0.3798521256931608,0.07091551130263257
18.924050632911396,28.370107971350727,28.93992606284658,0,0.4006764933197782,83.8948336414048,161.0637707948244,1.767097966728281,0.3798521256931608,0.07101772033072061
19.11392405063291,28.370107971350727,28.93992606284658,0,0.4006764933197782,83.8948336414048,161.0637707948244,1.767097966728281,0.3798521256931608,0.07121589515576142
19.303797468354432,28.370107971350727,28.93992606284658,0,0.4006764933197782,83.8948336414048,161.0637707948244,1.767097966728281,0.3798521256931608,0.07151715388387643
19.49367088607595,28.370107971350727,28.93992606284658,0,0.4006764933197782,83.8948336414048,161.0637707948244,1.767097966728281,0.3798521256931608,0.07192910977358337
19.68354430379747,28.370107971350727,28.93992606284658,0,0.4006764933197782,83.8948336414048,161.0637707948244,1.767097966728281,0.3798521256931608,0.07245996615022378
19.87341772151899,28.370107971350727,28.93992606284658,0,0.4006764933197782,83.8948336414048,161.0637707948244,1.767097966728281,0.3798521256931608,0.07311862133410763
20.063291139240505,28.370107971350727,28.93992606284658,0,0.4006764933197782,83.8948336414048,161.0637707948244,1.767097966728281,0.3798521256931608,0.07391466868446099
20.253164556962027,28.370107971350727,28.93992606284658,0,0.4006764933197782,83.8948336414048,161.0637707948244,1.767097966728281,0.3798521256931608,0.07485157935267796
20.443037974683545,28.370107971350727,28.93992606284658,0,0.4006764933197782,83.8948336414048,161.0637707948244,1.767097966728281,0.3798521256931608,0.07592244032246293
20.632911392405063,28.370107971350727,28.93992606284658,0,0.4006764933197782,83.8948336414048,161.0637707948244,1.767097966728281,0.3798521256931608,0.0771194416693212
20.822784810126585,28.370107971350727,28.93992606284658,0,0.4006764933197782,83.8948336414048,161.0637707948244,1.767097966728281,0.3798521256931608,0.07843463003983653
21.0126582278481,28.370107971350727,28.93992606284658,0,0.4006764933197782,83.8948336414048,161.0637707948244,1.767097966728281,0.3798521256931608,0.07985975180672406
21.20253164556962,28.370107971350727,28.93992606284658,0,0.4006764933197782,83.8948336414048,161.0637707948244,1.767097966728281,0.3798521256931608,0.08138610650036392
21.39240506329114,28.370107971350727,28.93992606284658,0,0.4006764933197782,83.8948336414048,161.0637707948244,1.767097966728281,0.3798521256931608,0.08300441074933905
21.582278481012658,28.370107971350727,28.93992606284658,0,0.4006764933197782,83.8948336414048,161.0637707948244,1.767097966728281,0.3798521256931608,0.08470467342349731
21.77215189873418,28.370107971350727,28.93992606284658,0,0.4006764933197782,83.8948336414048,161.0637707948244,1.767097966728281,0.3798521256931608,0.08647608308460455
21.962025316455698,28.370107971350727,28.93992606284658,0,0.4006764933197782,83.8948336414048,161.0637707948244,1.767097966728281,0.3798521256931608,0.08830690920702401
22.151898734177216,28.370107971350727,28.93992606284658,0,0.4006764933197782,83.8948336414048,161.0637707948244,1.767097966728281,0.3798521256931608,0.09018441892801174
22.341772151898734,28.370107971350727,28.93992606284658,0,0.4006764933197782,83.8948336414048,161.0637707948244,1.767097966728281,0.3798521256931608,0.09209481131751428
22.531645569620252,28.370107971350727,28.93992606284658,0,0.4006764933197782,83.8948336414048,161.0637707948244,1.767097966728281,0.3798521256931608,0.09402317131433723
22.721518987341774,28.370107971350727,28.93992606284658,0,0.4006764933197782,83.8948336414048,161.0637707948244,1.767097966728281,0.3798521256931608,0.09595344555361657
22.911392405063292,28.370107971350727,28.93992606284658,0,0.4006764933197782,83.8948336414048,161.0637707948244,1.767097966728281,0.3798521256931608,0.0978684423057345
23.10126582278481,28.370107971350727,28.93992606284658,0,0.4006764933197782,83.8948336414048,161.0637707948244,1.767097966728281,0.3798521256931608,0.09974985765740438
23.291139240506332,28.370107971350727,28.93992606284658,0,0.4006764933197782,83.8948336414048,161.0637707948244,1.767097966728281,0.3798521256931608,0.10157832989244098
23.481012658227847,28.370107971350727,28.93992606284658,0,0.4006764933197782,83.8948336414048,161.0637707948244,1.767097966728281,0.3798521256931608,0.10333352377624652
23.67088607594937,28.370107971350727,28.93992606284658,0,0.4006764933197782,83.8948336414048,161.0637707948244,1.767097966728281,0.3798521256931608,0.1049942461202635
23.860759493670887,28.370107971350727,28.93992606284658,0,0.4006764933197782,83.8948336414048,161.0637707948244,1.767097966728281,0.3798521256931608,0.10653859360841525
24.050632911392405,28.370107971350727,28.93992606284658,0,0.4006764933197782,83.8948336414048,161.0637707948244,1.767097966728281,0.3798521256931608,0.1079441334156592
24.240506329113927,28.370107971350727,28.93992606284658,0,0.4006764933197782,83.8948336414048,161.0637707948244,1.767097966728281,0.3798521256931608,0.10918811664761306
24.430379746835442,28.370107971350727,28.93992606284658,0,0.4006764933197782,83.8948336414048,161.0637707948244,1.767097966728281,0.3798521256931608,0.11024772408645123
24.620253164556964,28.370107971350727,28.93992606284658,0,0.4006764933197782,83.8948336414048,161.0637707948244,1.767097966728281,0.3798521256931608,0.11110245137385283
24.810126582278482,28.370107971350727,28.93992606284658,0,0.4006764933197782,83.8948336414048,161.0637707948244,1.767097966728281,0.3798521256931608,0.11176021800792851
25.0,28.370107971350727,28.93992606284658,0,0.4006764933197782,83.8948336414048,161.0637707948244,1.767097966728281,0.3798521256931608,0.11224988624483338
10.0,28.534972887026086,28.93992606284658,0,0.4006764933197782,83.8948336414048,161.0637707948244,1.767097966728281,0.3798521256931608,0.058945214081766464
10.189873417721518,28.534972887026086,28.93992606284658,0,0.4006764933197782,83.8948336414048,161.0637707948244,1.767097966728281,0.3798521256931608,0.058945214081766464
10.379746835443038,28.534972887026086,28.93992606284658,0,0.4006764933197782,83.8948336414048,161.0637707948244,1.767097966728281,0.3798521256931608,0.058945214081766464
10.569620253164556,28.534972887026086,28.93992606284658,0,0.4006764933197782,83.8948336414048,161.0637707948244,1.767097966728281,0.3798521256931608,0.058945214081766464
10.759493670886076,28.534972887026086,28.93992606284658,0,0.4006764933197782,83.8948336414048,161.0637707948244,1.767097966728281,0.3798521256931608,0.058945214081766464
10.949367088607595,28.534972887026086,28.93992606284658,0,0.4006764933197782,83.8948336414048,161.0637707948244,1.767097966728281,0.3798521256931608,0.058945214081766464
11.139240506329115,28.534972887026086,28.93992606284658,0,0.4006764933197782,83.8948336414048,161.0637707948244,1.767097966728281,0.3798521256931608,0.0608737372284138
11.329113924050633,28.534972887026086,28.93992606284658,0,0.4006764933197782,83.8948336414048,161.0637707948244,1.767097966728281,0.3798521256931608,0.06338992429996264
11.518987341772153,28.534972887026086,28.93992606284658,0,0.4006764933197782,83.8948336414048,161.0637707948244,1.767097966728281,0.3798521256931608,0.06576210886802061
11.708860759493671,28.534972887026086,28.93992606284658,0,0.4006764933197782,83.8948336414048,161.0637707948244,1.767097966728281,0.3798521256931608,0.06797819389836691
11.89873417721519,28.534972887026086,28.93992606284658,0,0.4006764933197782,83.8948336414048,161.0637707948244,1.767097966728281,0.3798521256931608,0.07002837020628273
12.08860759493671,28.534972887026086,28.93992606284658,0,0.4006764933197782,83.8948336414048,161.0637707948244,1.767097966728281,0.3798521256931608,0.07190514417329591
12.278481012658228,28.534972887026086,28.93992606284658,0,0.4006764933197782,83.8948336414048,161.0637707948244,1.767097966728281,0.3798521256931608,0.07360331900408601
12.468354430379748,28.534972887026086,28.93992606284658,0,0.4006764933197782,83.8948336414048,161.0637707948244,1.767097966728281,0.3798521256931608,0.07511993499351337
12.658227848101266,28.534972887026086,28.93992606284658,0,0.4006764933197782,83.8948336414048,161.0637707948244,1.767097966728281,0.3798521256931608,0.07645417472377886
12.848101265822784,28.534972887026086,28.93992606284658,0,0.4006764933197782,83.8948336414048,161.0637707948244,1.767097966728281,0.3798521256931608,0.07760723928139195
13.037974683544304,28.534972887026086,28.93992606284658,0,0.4006764933197782,83.8948336414048,161.0637707948244,1.767097966728281,0.3798521256931608,0.07858220152491345
13.227848101265824,28.534972887026086,28.93992606284658,0,0.4006764933197782,83.8948336414048,161.0637707948244,1.767097966728281,0.3798521256931608,0.0793838421990696
13.417721518987342,28.534972887026086,28.93992606284658,0,0.4006764933197782,83.8948336414048,161.0637707948244,1.767097966728281,0.3798521256931608,0.0800184743264777
13.60759493670886,28.534972887026086,28.93992606284658,0,0.4006764933197782,83.8948336414048,161.0637707948244,1.767097966728281,0.3798521256931608,0.08049376085662444
13.79746835443038,28.534972887026086,28.93992606284658,0,0.4006764933197782,83.8948336414048,161.0637707948244,1.767097966728281,0.3798521256931608,0.0808185300476257
13.987341772151899,28.534972887026086,28.93992606284658,0,0.4006764933197782,83.8948336414048,161.0637707948244,1.767097966728281,0.3798521256931608,0.08100259252729812
14.177215189873419,28.534972887026086,28.93992606284658,0,0.4006764933197782,83.8948336414048,161.0637707948244,1.767097966728281,0.3798521256931608,0.08105656344732307
14.367088607594937,28.534972887026086,28.93992606284658,0,0.4006764933197782,83.8948336414048,161.0637707948244,1.767097966728281,0.3798521256931608,0.08099169262326264
14.556962025316455,28.534972887026086,28.93992606284658,0,0.4006764933197782,83.8948336414048,161.0637707948244,1.767097966728281,0.3798521256931608,0.08081970505485021
14.746835443037975,28.534972887026086,28.93992606284658,0,0.4006764933197782,83.8948336414048,161.0637707948244,1.767097966728281,0.3798521256931608,0.08055265375271711
14.936708860759495,28.534972887026086,28.93992606284658,0,0.4006764933197782,83.8948336414048,161.0637707948244,1.767097966728281,0.3798521256931608,0.08020278636446677
15.126582278481013,28.534972887026086,28.93992606284658,0,0.4006764933197782,83.8948336414048,161.0637707948244,1.767097966728281,0.3798521256931608,0.07978242669791738
15.316455696202532,28.534972887026086,28.93992606284658,0,0.4006764933197782,83.8948336414048,161.0637707948244,1.767097966728281,0.3798521256931608,0.07930387188442663
15.50632911392405,28.534972887026086,28.93992606284658,0,0.4006764933197782,83.8948336414048,161.0637707948244,1.767097966728281,0.3798521256931608,0.07877930559187513
15.69620253164557,28.534972887026086,28.93992606284658,0,0.4006764933197782,83.8948336414048,161.0637707948244,1.767097966728281,0.3798521256931608,0.07822013600305132
15.88607594936709,28.534972887026086,28.93992606284658,0,0.4006764933197782,83.8948336414048,161.0637707948244,1.767097966728281,0.3798521256931608,0.07763542256675365
16.075949367088608,28.534972887026086,28.93992606284658,0,0.4006764933197782,83.8948336414048,161.0637707948244,1.767097966728281,0.3798521256931608,0.07703354736413148
16.265822784810126,28.534972887026086,28.93992606284658,0,0.4006764933197782,83.8948336414048,161.0637707948244,1.767097966728281,0.3798521256931608,0.07642268441213597
16.455696202531648,28.534972887026086,28.93992606284658,0,0.4006764933197782,83.8948336414048,161.0637707948244,1.767097966728281,0.3798521256931608,0.075810786436798
16.645569620253166,28.534972887026086,28.93992606284658,0,0.4006764933197782,83.8948336414048,161.0637707948244,1.767097966728281,0.3798521256931608,0.07520557929812245
16.835443037974684,28.534972887026086,28.93992606284658,0,0.4006764933197782,83.8948336414048,161.0637707948244,1.767097966728281,0.3798521256931608,0.07461456378051833
17.025316455696203,28.534972887026086,28.93992606284658,0,0.4006764933197782,83.8948336414048,161.0637707948244,1.767097966728281,0.3798521256931608,0.07404502445405862
17.21518987341772,28.534972887026086,28.93992606284658,0,0.4006764933197782,83.8948336414048,161.0637707948244,1.767097966728281,0.3798521256931608,0.07350404531854986
17.405063291139243,28.534972887026086,28.93992606284658,0,0.4006764933197782,83.8948336414048,161.0637707948244,1.767097966728281,0.3798521256931608,0.07299853196406855
17.59493670886076,28.534972887026086,28.93992606284658,0,0.4006764933197782,83.8948336414048,161.0637707948244,1.767097966728281,0.3798521256931608,0.07253524001795832
17.78481012658228,28.534972887026086,28.93992606284658,0,0.4006764933197782,83.8948336414048,161.0637707948244,1.767097966728281,0.3798521256931608,0.07212080969891385
17.974683544303797,28.534972887026086,28.93992606284658,0,0.4006764933197782,83.8948336414048,161.0637707948244,1.767097966728281,0.3798521256931608,0.07176180636343346
18.164556962025316,28.534972887026086,28.93992606284658,0,0.4006764933197782,83.8948336414048,161.0637707948244,1.767097966728281,0.3798521256931608,0.07146476700837673
18.354430379746837,28.534972887026086,28.93992606284658,0,0.4006764933197782,83.8948336414048,161.0637707948244,1.767097966728281,0.3798521256931608,0.07123625278555479
18.544303797468356,28.534972887026086,28.93992606284658,0,0.4006764933197782,83.8948336414048,161.0637707948244,1.767097966728281,0.3798521256931608,0.07108290769030304
18.734177215189874,28.534972887026086,28.93992606284658,0,0.4006764933197782,83.8948336414048,161.0637707948244,1.767097966728281,0.3798521256931608,0.07101152370616734
18.924050632911396,28.534972887026086,28.93992606284658,0,0.4006764933197782,83.8948336414048,161.0637707948244,1.767097966728281,0.3798521256931608,0.07102911282270878
19.11392405063291,28.534972887026086,28.93992606284658,0,0.4006764933197782,83.8948336414048,161.0637707948244,1.767097966728281,0.3798521256931608,0.07114298649384257
19.303797468354432,28.534972887026086,28.93992606284658,0,0.4006764933197782,83.8948336414048,161.0637707948244,1.767097966728281,0.3798521256931608,0.07136084327111757
19.49367088607595,28.534972887026086,28.93992606284658,0,0.4006764933197782,83.8948336414048,161.0637707948244,1.767097966728281,0.3798521256931608,0.07169086553124158
19.68354430379747,28.534972887026086,28.93992606284658,0,0.4006764933197782,83.8948336414048,161.0637707948244,1.767097966728281,0.3798521256931608,0.0721418264214328
19.87341772151899,28.534972887026086,28.93992606284658,0,0.4006764933197782,83.8948336414048,161.0637707948244,1.767097966728281,0.3798521256931608,0.07272320837138774
20.063291139240505,28.534972887026086,28.93992606284658,0,0.4006764933197782,83.8948336414048,161.0637707948244,1.767097966728281,0.3798521256931608,0.07344521192065016
20.253164556962027,28.534972887026086,28.93992606284658,0,0.4006764933197782,83.8948336414048,161.0637707948244,1.767097966728281,0.3798521256931608,0.07431156872607712
20.443037974683545,28.534972887026086,28.93992606284658,0,0.4006764933197782,83.8948336414048,161.0637707948244,1.767097966728281,0.3798521256931608,0.07531508305290856
20.632911392405063,28.534972887026086,28.93992606284658,0,0.4006764933197782,83.8948336414048,161.0637707948244,1.767097966728281,0.3798521256931608,0.07644767982020191
20.822784810126585,28.534972887026086,28.93992606284658,0,0.4006764933197782,83.8948336414048,161.0637707948244,1.767097966728281,0.3798521256931608,0.07770120240143687
21.0126582278481,28.534972887026086,28.93992606284658,0,0.4006764933197782,83.8948336414048,161.0637707948244,1.767097966728281,0.3798521256931608,0.0790672480084399
21.20253164556962,28.534972887026086,28.93992606284658,0,0.4006764933197782,83.8948336414048,161.0637707948244,1.767097966728281,0.3798521256931608,0.08053701404711146
21.39240506329114,28.534972887026086,28.93992606284658,0,0.4006764933197782,83.8948336414048,161.0637707948244,1.767097966728281,0.3798521256931608,0.08210115549816446
21.582278481012658,28.534972887026086,28.93992606284658,0,0.4006764933197782,83.8948336414048,161.0637707948244,1.767097966728281,0.3798521256931608,0.08374965387433846
21.77215189873418,28.534972887026086,28.93992606284658,0,0.4006764933197782,83.8948336414048,161.0637707948244,1.767097966728281,0.3798521256931608,0.08547169875207973
21.962025316455698,28.534972887026086,28.93992606284658,0,0.4006764933197782,83.8948336414048,161.0637707948244,1.767097966728281,0.3798521256931608,0.08725558326625567
22.151898734177216,28.534972887026086,28.93992606284658,0,0.4006764933197782,83.8948336414048,161.0637707948244,1.767097966728281,0.3798521256931608,0.08908861528527881
22.341772151898734,28.534972887026086,28.93992606284658,0,0.4006764933197782,83.8948336414048,161.0637707948244,1.767097966728281,0.3798521256931608,0.09095704624437835
22.531645569620252,28.534972887026086,28.93992606284658,0,0.4006764933197782,83.8948336414048,161.0637707948244,1.767097966728281,0.3798521256931608,0.09284601979991136
22.721518987341774,28.534972887026086,28.93992606284658,0,0.4006764933197782,83.8948336414048,161.0637707948244,1.767097966728281,0.3798521256931608,0.09473954257148919
22.911392405063292,28.534972887026086,28.93992606284658,0,0.4006764933197782,83.8948336414048,161.0637707948244,1.767097966728281,0.3798521256931608,0.09662047925667229
23.10126582278481,28.534972887026086,28.93992606284658,0,0.4006764933197782,83.8948336414048,161.0637707948244,1.767097966728281,0.3798521256931608,0.09847057433259883
23.291139240506332,28.534972887026086,28.93992606284658,0,0.4006764933197782,83.8948336414048,161.0637707948244,1.767097966728281,0.3798521256931608,0.10027050240018236
23.481012658227847,28.534972887026086,28.93992606284658,0,0.4006764933197782,83.8948336414048,161.0637707948244,1.767097966728281,0.3798521256931608,0.1019999489822912
23.67088607594937,28.534972887026086,28.93992606284658,0,0.4006764933197782,83.8948336414048,161.0637707948244,1.767097966728281,0.3798521256931608,0.10363772326298207
23.860759493670887,28.534972887026086,28.93992606284658,0,0.4006764933197782,83.8948336414048,161.0637707948244,1.767097966728281,0.3798521256931608,0.10516190385788672
24.050632911392405,28.534972887026086,28.93992606284658,0,0.4006764933197782,83.8948336414048,161.0637707948244,1.767097966728281,0.3798521256931608,0.10655001824483279
24.240506329113927,28.534972887026086,28.93992606284658,0,0.4006764933197782,83.8948336414048,161.0637707948244,1.767097966728281,0.3798521256931608,0.1077792559672432
24.430379746835442,28.534972887026086,28.93992606284658,0,0.4006764933197782,83.8948336414048,161.0637707948244,1.767097966728281,0.3798521256931608,0.10882671515774642
24.620253164556964,28.534972887026086,28.93992606284658,0,0.4006764933197782,83.8948336414048,161.0637707948244,1.767097966728281,0.3798521256931608,0.10967178070184751
24.810126582278482,28.534972887026086,28.93992606284658,0,0.4006764933197782,83.8948336414048,161.0637707948244,1.767097966728281,0.3798521256931608,0.11032212848143512
25.0,28.534972887026086,28.93992606284658,0,0.4006764933197782,83.8948336414048,161.0637707948244,1.767097966728281,0.3798521256931608,0.11080628186906488
10.0,28.69983780270145,28.93992606284658,0,0.4006764933197782,83.8948336414048,161.0637707948244,1.767097966728281,0.3798521256931608,0.06083043447662072
10.189873417721518,28.69983780270145,28.93992606284658,0,0.4006764933197782,83.8948336414048,161.0637707948244,1.767097966728281,0.3798521256931608,0.06083043447662072
10.379746835443038,28.69983780270145,28.93992606284658,0,0.4006764933197782,83.8948336414048,161.0637707948244,1.767097966728281,0.3798521256931608,0.06083043447662072
10.569620253164556,28.69983780270145,28.93992606284658,0,0.4006764933197782,83.8948336414048,161.0637707948244,1.767097966728281,0.3798521256931608,0.06083043447662072
10.759493670886076,28.69983780270145,28.93992606284658,0,0.4006764933197782,83.8948336414048,161.0637707948244,1.767097966728281,0.3798521256931608,0.06083043447662072
10.949367088607595,28.69983780270145,28.93992606284658,0,0.4006764933197782,83.8948336414048,161.0637707948244,1.767097966728281,0.3798521256931608,0.06083043447662072
11.139240506329115,28.69983780270145,28.93992606284658,0,0.4006764933197782,83.8948336414048,161.0637707948244,1.767097966728281,0.3798521256931608,0.06252899299513535
11.329113924050633,28.69983780270145,28.93992606284658,0,0.4006764933197782,83.8948336414048,161.0637707948244,1.767097966728281,0.3798521256931608,0.06474763233756287
11.518987341772153,28.69983780270145,28.93992606284658,0,0.4006764933197782,83.8948336414048,161.0637707948244,1.767097966728281,0.3798521256931608,0.06684466046485961
11.708860759493671,28.69983780270145,28.93992606284658,0,0.4006764933197782,83.8948336414048,161.0637707948244,1.767097966728281,0.3798521256931608,0.06881153206229264
11.89873417721519,28.69983780270145,28.93992606284658,0,0.4006764933197782,83.8948336414048,161.0637707948244,1.767097966728281,0.3798521256931608,0.07064119352828625
12.08860759493671,28.69983780270145,28.93992606284658,0,0.4006764933197782,83.8948336414048,161.0637707948244,1.767097966728281,0.3798521256931608,0.07232809728186693
12.278481012658228,28.69983780270145,28.93992606284658,0,0.4006764933197782,83.8948336414048,161.0637707948244,1.767097966728281,0.3798521256931608,0.07386819200503235
12.468354430379748,28.69983780270145,28.93992606284658,0,0.4006764933197782,83.8948336414048,161.0637707948244,1.767097966728281,0.3798521256931608,0.07525889132888751
12.658227848101266,28.69983780270145,28.93992606284658,0,0.4006764933197782,83.8948336414048,161.0637707948244,1.767097966728281,0.3798521256931608,0.07649902366754999
12.848101265822784,28.69983780270145,28.93992606284658,0,0.4006764933197782,83.8948336414048,161.0637707948244,1.767097966728281,0.3798521256931608,0.07758876599331367
13.037974683544304,28.69983780270145,28.93992606284658,0,0.4006764933197782,83.8948336414048,161.0637707948244,1.767097966728281,0.3798521256931608,0.07852956434753879
13.227848101265824,28.69983780270145,28.93992606284658,0,0.4006764933197782,83.8948336414048,161.0637707948244,1.767097966728281,0.3798521256931608,0.0793240438116399
13.417721518987342,28.69983780270145,28.93992606284658,0,0.4006764933197782,83.8948336414048,161.0637707948244,1.767097966728281,0.3798521256931608,0.07997591053773458
13.60759493670886,28.69983780270145,28.93992606284658,0,0.4006764933197782,83.8948336414048,161.0637707948244,1.767097966728281,0.3798521256931608,0.08048984827384323
13.79746835443038,28.69983780270145,28.93992606284658,0,0.4006764933197782,83.8948336414048,161.0637707948244,1.767097966728281,0.3798521256931608,0.08087141162681742
13.987341772151899,28.69983780270145,28.93992606284658,0,0.4006764933197782,83.8948336414048,161.0637707948244,1.767097966728281,0.3798521256931608,0.08112691809803818
14.177215189873419,28.69983780270145,28.93992606284658,0,0.4006764933197782,83.8948336414048,161.0637707948244,1.767097966728281,0.3798521256931608,0.08126334071095878
14.367088607594937,28.69983780270145,28.93992606284658,0,0.4006764933197782,83.8948336414048,161.0637707948244,1.767097966728281,0.3798521256931608,0.08128820283238677
14.556962025316455,28.69983780270145,28.93992606284658,0,0.4006764933197782,83.8948336414048,161.0637707948244,1.767097966728281,0.3798521256931608,0.08120947657596142
14.746835443037975,28.69983780270145,28.93992606284658,0,0.4006764933197782,83.8948336414048,161.0637707948244,1.767097966728281,0.3798521256931608,0.08103548597019451
14.936708860759495,28.69983780270145,28.93992606284658,0,0.4006764933197782,83.8948336414048,161.0637707948244,1.767097966728281,0.3798521256931608,0.08077481587720677
15.126582278481013,28.69983780270145,28.93992606284658,0,0.4006764933197782,83.8948336414048,161.0637707948244,1.767097966728281,0.3798521256931608,0.08043622746363072
15.316455696202532,28.69983780270145,28.93992606284658,0,0.4006764933197782,83.8948336414048,161.0637707948244,1.767097966728281,0.3798521256931608,0.08002858085319128
15.50632911392405,28.69983780270145,28.93992606284658,0,0.4006764933197782,83.8948336414048,161.0637707948244,1.767097966728281,0.3798521256931608,0.07956076543846857
15.69620253164557,28.69983780270145,28.93992606284658,0,0.4006764933197782,83.8948336414048,161.0637707948244,1.767097966728281,0.3798521256931608,0.07904183020061407
15.88607594936709,28.69983780270145,28.93992606284658,0,0.4006764933197782,83.8948336414048,161.0637707948244,1.767097966728281,0.3798521256931608,0.07848142377924922
16.075949367088608,28.69983780270145,28.93992606284658,0,0.4006764933197782,83.8948336414048,161.0637707948244,1.767097966728281,0.3798521256931608,0.07788919379911395
16.265822784810126,28.69983780270145,28.93992606284658,0,0.4006764933197782,83.8948336414048,161.0637707948244,1.767097966728281,0.3798521256931608,0.07727458782451889
16.455696202531648,28.69983780270145,28.93992606284658,0,0.4006764933197782,83.8948336414048,161.0637707948244,1.767097966728281,0.3798521256931608,0.07664682357594502
16.645569620253166,28.69983780270145,28.93992606284658,0,0.4006764933197782,83.8948336414048,161.0637707948244,1.767097966728281,0.3798521256931608,0.07601486912212656
16.835443037974684,28.69983780270145,28.93992606284658,0,0.4006764933197782,83.8948336414048,161.0637707948244,1.767097966728281,0.3798521256931608,0.07538743273069634
17.025316455696203,28.69983780270145,28.93992606284658,0,0.4006764933197782,83.8948336414048,161.0637707948244,1.767097966728281,0.3798521256931608,0.07477296201971291
17.21518987341772,28.69983780270145,28.93992606284658,0,0.4006764933197782,83.8948336414048,161.0637707948244,1.767097966728281,0.3798521256931608,0.07417965203338525
17.405063291139243,28.69983780270145,28.93992606284658,0,0.4006764933197782,83.8948336414048,161.0637707948244,1.767097966728281,0.3798521256931608,0.07361546186770553
17.59493670886076,28.69983780270145,28.93992606284658,0,0.4006764933197782,83.8948336414048,161.0637707948244,1.767097966728281,0.3798521256931608,0.07308813949507877
17.78481012658228,28.69983780270145,28.93992606284658,0,0.4006764933197782,83.8948336414048,161.0637707948244,1.767097966728281,0.3798521256931608,0.0726052544809072
17.974683544303797,28.69983780270145,28.93992606284658,0,0.4006764933197782,83.8948336414048,161.0637707948244,1.767097966728281,0.3798521256931608,0.07217423834894061
18.164556962025316,28.69983780270145,28.93992606284658,0,0.4006764933197782,83.8948336414048,161.0637707948244,1.767097966728281,0.3798521256931608,0.07180243243562764
18.354430379746837,28.69983780270145,28.93992606284658,0,0.4006764933197782,83.8948336414048,161.0637707948244,1.767097966728281,0.3798521256931608,0.07149714317636259
18.544303797468356,28.69983780270145,28.93992606284658,0,0.4006764933197782,83.8948336414048,161.0637707948244,1.767097966728281,0.3798521256931608,0.07126570488828138
18.734177215189874,28.69983780270145,28.93992606284658,0,0.4006764933197782,83.8948336414048,161.0637707948244,1.767097966728281,0.3798521256931608,0.0711155502552813
18.924050632911396,28.69983780270145,28.93992606284658,0,0.4006764933197782,83.8948336414048,161.0637707948244,1.767097966728281,0.3798521256931608,0.07105428888160925
19.11392405063291,28.69983780270145,28.93992606284658,0,0.4006764933197782,83.8948336414048,161.0637707948244,1.767097966728281,0.3798521256931608,0.07108979446153413
19.303797468354432,28.69983780270145,28.93992606284658,0,0.4006764933197782,83.8948336414048,161.0637707948244,1.767097966728281,0.3798521256931608,0.07123030131542477
19.49367088607595,28.69983780270145,28.93992606284658,0,0.4006764933197782,83.8948336414048,161.0637707948244,1.767097966728281,0.3798521256931608,0.07148451126858825
19.68354430379747,28.69983780270145,28.93992606284658,0,0.4006764933197782,83.8948336414048,161.0637707948244,1.767097966728281,0.3798521256931608,0.071861712100375
19.87341772151899,28.69983780270145,28.93992606284658,0,0.4006764933197782,83.8948336414048,161.0637707948244,1.767097966728281,0.3798521256931608,0.07237190906946993
20.063291139240505,28.69983780270145,28.93992606284658,0,0.4006764933197782,83.8948336414048,161.0637707948244,1.767097966728281,0.3798521256931608,0.07302584240462284
20.253164556962027,28.69983780270145,28.93992606284658,0,0.4006764933197782,83.8948336414048,161.0637707948244,1.767097966728281,0.3798521256931608,0.07382746042721298
20.443037974683545,28.69983780270145,28.93992606284658,0,0.4006764933197782,83.8948336414048,161.0637707948244,1.767097966728281,0.3798521256931608,0.07476928389221187
20.632911392405063,28.69983780270145,28.93992606284658,0,0.4006764933197782,83.8948336414048,161.0637707948244,1.767097966728281,0.3798521256931608,0.0758429733893225
20.822784810126585,28.69983780270145,28.93992606284658,0,0.4006764933197782,83.8948336414048,161.0637707948244,1.767097966728281,0.3798521256931608,0.07704016764651726
21.0126582278481,28.69983780270145,28.93992606284658,0,0.4006764933197782,83.8948336414048,161.0637707948244,1.767097966728281,0.3798521256931608,0.07835231135437809
21.20253164556962,28.69983780270145,28.93992606284658,0,0.4006764933197782,83.8948336414048,161.0637707948244,1.767097966728281,0.3798521256931608,0.079770494683801
21.39240506329114,28.69983780270145,28.93992606284658,0,0.4006764933197782,83.8948336414048,161.0637707948244,1.767097966728281,0.3798521256931608,0.08128530436987878
21.582278481012658,28.69983780270145,28.93992606284658,0,0.4006764933197782,83.8948336414048,161.0637707948244,1.767097966728281,0.3798521256931608,0.08288668676951497
21.77215189873418,28.69983780270145,28.93992606284658,0,0.4006764933197782,83.8948336414048,161.0637707948244,1.767097966728281,0.3798521256931608,0.08456382378087189
21.962025316455698,28.69983780270145,28.93992606284658,0,0.4006764933197782,83.8948336414048,161.0637707948244,1.767097966728281,0.3798521256931608,0.08630502293543987
22.151898734177216,28.69983780270145,28.93992606284658,0,0.4006764933197782,83.8948336414048,161.0637707948244,1.767097966728281,0.3798521256931608,0.08809762333281941
22.341772151898734,28.69983780270145,28.93992606284658,0,0.4006764933197782,83.8948336414048,161.0637707948244,1.767097966728281,0.3798521256931608,0.08992791937758572
22.531645569620252,28.69983780270145,28.93992606284658,0,0.4006764933197782,83.8948336414048,161.0637707948244,1.767097966728281,0.3798521256931608,0.09178110448987975
22.721518987341774,28.69983780270145,28.93992606284658,0,0.4006764933197782,83.8948336414048,161.0637707948244,1.767097966728281,0.3798521256931608,0.0936412370901582
22.911392405063292,28.69983780270145,28.93992606284658,0,0.4006764933197782,83.8948336414048,161.0637707948244,1.767097966728281,0.3798521256931608,0.09549123119864648
23.10126582278481,28.69983780270145,28.93992606284658,0,0.4006764933197782,83.8948336414048,161.0637707948244,1.767097966728281,0.3798521256931608,0.0973128739382892
23.291139240506332,28.69983780270145,28.93992606284658,0,0.4006764933197782,83.8948336414048,161.0637707948244,1.767097966728281,0.3798521256931608,0.09908687208574761
23.481012658227847,28.69983780270145,28.93992606284658,0,0.4006764933197782,83.8948336414048,161.0637707948244,1.767097966728281,0.3798521256931608,0.10079292958037404
23.67088607594937,28.69983780270145,28.93992606284658,0,0.4006764933197782,83.8948336414048,161.0637707948244,1.767097966728281,0.3798521256931608,0.10240985758093961
23.860759493670887,28.69983780270145,28.93992606284658,0,0.4006764933197782,83.8948336414048,161.0637707948244,1.767097966728281,0.3798521256931608,0.10391571826125875
24.050632911392405,28.69983780270145,28.93992606284658,0,0.4006764933197782,83.8948336414048,161.0637707948244,1.767097966728281,0.3798521256931608,0.10528800306716588
24.240506329113927,28.69983780270145,28.93992606284658,0,0.4006764933197782,83.8948336414048,161.0637707948244,1.767097966728281,0.3798521256931608,0.10650384562708007
24.430379746835442,28.69983780270145,28.93992606284658,0,0.4006764933197782,83.8948336414048,161.0637707948244,1.767097966728281,0.3798521256931608,0.10754026892387328
24.620253164556964,28.69983780270145,28.93992606284658,0,0.4006764933197782,83.8948336414048,161.0637707948244,1.767097966728281,0.3798521256931608,0.10837655707466448
24.810126582278482,28.69983780270145,28.93992606284658,0,0.4006764933197782,83.8948336414048,161.0637707948244,1.767097966728281,0.3798521256931608,0.10902016473333634
25.0,28.69983780270145,28.93992606284658,0,0.4006764933197782,83.8948336414048,161.0637707948244,1.767097966728281,0.3798521256931608,0.10949930762796999
10.0,28.86470271837681,28.93992606284658,0,0.4006764933197782,83.8948336414048,161.0637707948244,1.767097966728281,0.3798521256931608,0.06260287343036076
10.189873417721518,28.86470271837681,28.93992606284658,0,0.4006764933197782,83.8948336414048,161.0637707948244,1.767097966728281,0.3798521256931608,0.06260287343036076
10.379746835443038,28.86470271837681,28.93992606284658,0,0.4006764933197782,83.8948336414048,161.0637707948244,1.767097966728281,0.3798521256931608,0.06260287343036076
10.569620253164556,28.86470271837681,28.93992606284658,0,0.4006764933197782,83.8948336414048,161.0637707948244,1.767097966728281,0.3798521256931608,0.06260287343036076
10.759493670886076,28.86470271837681,28.93992606284658,0,0.4006764933197782,83.8948336414048,161.0637707948244,1.767097966728281,0.3798521256931608,0.06260287343036076
10.949367088607595,28.86470271837681,28.93992606284658,0,0.4006764933197782,83.8948336414048,161.0637707948244,1.767097966728281,0.3798521256931608,0.06260287343036076
11.139240506329115,28.86470271837681,28.93992606284658,0,0.4006764933197782,83.8948336414048,161.0637707948244,1.767097966728281,0.3798521256931608,0.06407836453307769
11.329113924050633,28.86470271837681,28.93992606284658,0,0.4006764933197782,83.8948336414048,161.0637707948244,1.767097966728281,0.3798521256931608,0.06601175208607478
11.518987341772153,28.86470271837681,28.93992606284658,0,0.4006764933197782,83.8948336414048,161.0637707948244,1.767097966728281,0.3798521256931608,0.06784808176602465
11.708860759493671,28.86470271837681,28.93992606284658,0,0.4006764933197782,83.8948336414048,161.0637707948244,1.767097966728281,0.3798521256931608,0.06958120470682684
11.89873417721519,28.86470271837681,28.93992606284658,0,0.4006764933197782,83.8948336414048,161.0637707948244,1.767097966728281,0.3798521256931608,0.07120583124892774
12.08860759493671,28.86470271837681,28.93992606284658,0,0.4006764933197782,83.8948336414048,161.0637707948244,1.767097966728281,0.3798521256931608,0.07271754494179934
12.278481012658228,28.86470271837681,28.93992606284658,0,0.4006764933197782,83.8948336414048,161.0637707948244,1.767097966728281,0.3798521256931608,0.07411280564911674
12.468354430379748,28.86470271837681,28.93992606284658,0,0.4006764933197782,83.8948336414048,161.0637707948244,1.767097966728281,0.3798521256931608,0.0753889425959108
12.658227848101266,28.86470271837681,28.93992606284658,0,0.4006764933197782,83.8948336414048,161.0637707948244,1.767097966728281,0.3798521256931608,0.07654413828436757
12.848101265822784,28.86470271837681,28.93992606284658,0,0.4006764933197782,83.8948336414048,161.0637707948244,1.767097966728281,0.3798521256931608,0.07757740426041743
13.037974683544304,28.86470271837681,28.93992606284658,0,0.4006764933197782,83.8948336414048,161.0637707948244,1.767097966728281,0.3798521256931608,0.07848854974066999
13.227848101265824,28.86470271837681,28.93992606284658,0,0.4006764933197782,83.8948336414048,161.0637707948244,1.767097966728281,0.3798521256931608,0.07927814411278045
13.417721518987342,28.86470271837681,28.93992606284658,0,0.4006764933197782,83.8948336414048,161.0637707948244,1.767097966728281,0.3798521256931608,0.07994747430610413
13.60759493670886,28.86470271837681,28.93992606284658,0,0.4006764933197782,83.8948336414048,161.0637707948244,1.767097966728281,0.3798521256931608,0.0804984979974825
13.79746835443038,28.86470271837681,28.93992606284658,0,0.4006764933197782,83.8948336414048,161.0637707948244,1.767097966728281,0.3798521256931608,0.08093379357283818
13.987341772151899,28.86470271837681,28.93992606284658,0,0.4006764933197782,83.8948336414048,161.0637707948244,1.767097966728281,0.3798521256931608,0.08125650771216483
14.177215189873419,28.86470271837681,28.93992606284658,0,0.4006764933197782,83.8948336414048,161.0637707948244,1.767097966728281,0.3798521256931608,0.08147030140625978
14.367088607594937,28.86470271837681,28.93992606284658,0,0.4006764933197782,83.8948336414048,161.0637707948244,1.767097966728281,0.3798521256931608,0.08157929515045557
14.556962025316455,28.86470271837681,28.93992606284658,0,0.4006764933197782,83.8948336414048,161.0637707948244,1.767097966728281,0.3798521256931608,0.08158801399556068
14.746835443037975,28.86470271837681,28.93992606284658,0,0.4006764933197782,83.8948336414048,161.0637707948244,1.767097966728281,0.3798521256931608,0.08150133307064986
14.936708860759495,28.86470271837681,28.93992606284658,0,0.4006764933197782,83.8948336414048,161.0637707948244,1.767097966728281,0.3798521256931608,0.08132442412737662
15.126582278481013,28.86470271837681,28.93992606284658,0,0.4006764933197782,83.8948336414048,161.0637707948244,1.767097966728281,0.3798521256931608,0.08106270359194986
15.316455696202532,28.86470271837681,28.93992606284658,0,0.4006764933197782,83.8948336414048,161.0637707948244,1.767097966728281,0.3798521256931608,0.08072178254934748
15.50632911392405,28.86470271837681,28.93992606284658,0,0.4006764933197782,83.8948336414048,161.0637707948244,1.767097966728281,0.3798521256931608,0.08030741905651687
15.69620253164557,28.86470271837681,28.93992606284658,0,0.4006764933197782,83.8948336414048,161.0637707948244,1.767097966728281,0.3798521256931608,0.07982640129931697
15.88607594936709,28.86470271837681,28.93992606284658,0,0.4006764933197782,83.8948336414048,161.0637707948244,1.767097966728281,0.3798521256931608,0.07928889353246936
16.075949367088608,28.86470271837681,28.93992606284658,0,0.4006764933197782,83.8948336414048,161.0637707948244,1.767097966728281,0.3798521256931608,0.07870571107320785
16.265822784810126,28.86470271837681,28.93992606284658,0,0.4006764933197782,83.8948336414048,161.0637707948244,1.767097966728281,0.3798521256931608,0.07808749155752429
16.455696202531648,28.86470271837681,28.93992606284658,0,0.4006764933197782,83.8948336414048,161.0637707948244,1.767097966728281,0.3798521256931608,0.07744464661452774
16.645569620253166,28.86470271837681,28.93992606284658,0,0.4006764933197782,83.8948336414048,161.0637707948244,1.767097966728281,0.3798521256931608,0.07678732590696777
16.835443037974684,28.86470271837681,28.93992606284658,0,0.4006764933197782,83.8948336414048,161.0637707948244,1.767097966728281,0.3798521256931608,0.07612539322629056
17.025316455696203,28.86470271837681,28.93992606284658,0,0.4006764933197782,83.8948336414048,161.0637707948244,1.767097966728281,0.3798521256931608,0.07546841424778394
17.21518987341772,28.86470271837681,28.93992606284658,0,0.4006764933197782,83.8948336414048,161.0637707948244,1.767097966728281,0.3798521256931608,0.07482565549755188
17.405063291139243,28.86470271837681,28.93992606284658,0,0.4006764933197782,83.8948336414048,161.0637707948244,1.767097966728281,0.3798521256931608,0.07420609405795212
17.59493670886076,28.86470271837681,28.93992606284658,0,0.4006764933197782,83.8948336414048,161.0637707948244,1.767097966728281,0.3798521256931608,0.07361843754126564
17.78481012658228,28.86470271837681,28.93992606284658,0,0.4006764933197782,83.8948336414048,161.0637707948244,1.767097966728281,0.3798521256931608,0.0730711538921792
17.974683544303797,28.86470271837681,28.93992606284658,0,0.4006764933197782,83.8948336414048,161.0637707948244,1.767097966728281,0.3798521256931608,0.07257251063744775
18.164556962025316,28.86470271837681,28.93992606284658,0,0.4006764933197782,83.8948336414048,161.0637707948244,1.767097966728281,0.3798521256931608,0.07213062328519963
18.354430379746837,28.86470271837681,28.93992606284658,0,0.4006764933197782,83.8948336414048,161.0637707948244,1.767097966728281,0.3798521256931608,0.071753512686176
18.544303797468356,28.86470271837681,28.93992606284658,0,0.4006764933197782,83.8948336414048,161.0637707948244,1.767097966728281,0.3798521256931608,0.07144917130427918
18.734177215189874,28.86470271837681,28.93992606284658,0,0.4006764933197782,83.8948336414048,161.0637707948244,1.767097966728281,0.3798521256931608,0.07122563850408713
18.924050632911396,28.86470271837681,28.93992606284658,0,0.4006764933197782,83.8948336414048,161.0637707948244,1.767097966728281,0.3798521256931608,0.07109108514861691
19.11392405063291,28.86470271837681,28.93992606284658,0,0.4006764933197782,83.8948336414048,161.0637707948244,1.767097966728281,0.3798521256931608,0.07105390801234797
19.303797468354432,28.86470271837681,28.93992606284658,0,0.4006764933197782,83.8948336414048,161.0637707948244,1.767097966728281,0.3798521256931608,0.07112283475348408
19.49367088607595,28.86470271837681,28.93992606284658,0,0.4006764933197782,83.8948336414048,161.0637707948244,1.767097966728281,0.3798521256931608,0.0713070404574415
19.68354430379747,28.86470271837681,28.93992606284658,0,0.4006764933197782,83.8948336414048,161.0637707948244,1.767097966728281,0.3798521256931608,0.07161627706282438
19.87341772151899,28.86470271837681,28.93992606284658,0,0.4006764933197782,83.8948336414048,161.0637707948244,1.767097966728281,0.3798521256931608,0.07206101731443719
20.063291139240505,28.86470271837681,28.93992606284658,0,0.4006764933197782,83.8948336414048,161.0637707948244,1.767097966728281,0.3798521256931608,0.07265248073462283
20.253164556962027,28.86470271837681,28.93992606284658,0,0.4006764933197782,83.8948336414048,161.0637707948244,1.767097966728281,0.3798521256931608,0.07339479472469998
20.443037974683545,28.86470271837681,28.93992606284658,0,0.4006764933197782,83.8948336414048,161.0637707948244,1.767097966728281,0.3798521256931608,0.07428019929445946
20.632911392405063,28.86470271837681,28.93992606284658,0,0.4006764933197782,83.8948336414048,161.0637707948244,1.767097966728281,0.3798521256931608,0.07530009455341953
20.822784810126585,28.86470271837681,28.93992606284658,0,0.4006764933197782,83.8948336414048,161.0637707948244,1.767097966728281,0.3798521256931608,0.07644591597389444
21.0126582278481,28.86470271837681,28.93992606284658,0,0.4006764933197782,83.8948336414048,161.0637707948244,1.767097966728281,0.3798521256931608,0.07770895490261914
21.20253164556962,28.86470271837681,28.93992606284658,0,0.4006764933197782,83.8948336414048,161.0637707948244,1.767097966728281,0.3798521256931608,0.07908019150208179
21.39240506329114,28.86470271837681,28.93992606284658,0,0.4006764933197782,83.8948336414048,161.0637707948244,1.767097966728281,0.3798521256931608,0.08055013981491078
21.582278481012658,28.86470271837681,28.93992606284658,0,0.4006764933197782,83.8948336414048,161.0637707948244,1.767097966728281,0.3798521256931608,0.08210870521492628
21.77215189873418,28.86470271837681,28.93992606284658,0,0.4006764933197782,83.8948336414048,161.0637707948244,1.767097966728281,0.3798521256931608,0.08374505502193
21.962025316455698,28.86470271837681,28.93992606284658,0,0.4006764933197782,83.8948336414048,161.0637707948244,1.767097966728281,0.3798521256931608,0.08544750351089907
22.151898734177216,28.86470271837681,28.93992606284658,0,0.4006764933197782,83.8948336414048,161.0637707948244,1.767097966728281,0.3798521256931608,0.08720341293479685
22.341772151898734,28.86470271837681,28.93992606284658,0,0.4006764933197782,83.8948336414048,161.0637707948244,1.767097966728281,0.3798521256931608,0.0889991124971526
22.531645569620252,28.86470271837681,28.93992606284658,0,0.4006764933197782,83.8948336414048,161.0637707948244,1.767097966728281,0.3798521256931608,0.09081983744879353
22.721518987341774,28.86470271837681,28.93992606284658,0,0.4006764933197782,83.8948336414048,161.0637707948244,1.767097966728281,0.3798521256931608,0.09264969063578256
22.911392405063292,28.86470271837681,28.93992606284658,0,0.4006764933197782,83.8948336414048,161.0637707948244,1.767097966728281,0.3798521256931608,0.09447162888705105
23.10126582278481,28.86470271837681,28.93992606284658,0,0.4006764933197782,83.8948336414048,161.0637707948244,1.767097966728281,0.3798521256931608,0.09626747659657653
23.291139240506332,28.86470271837681,28.93992606284658,0,0.4006764933197782,83.8948336414048,161.0637707948244,1.767097966728281,0.3798521256931608,0.09801796872499254
23.481012658227847,28.86470271837681,28.93992606284658,0,0.4006764933197782,83.8948336414048,161.0637707948244,1.767097966728281,0.3798521256931608,0.09970282522064486
23.67088607594937,28.86470271837681,28.93992606284658,0,0.4006764933197782,83.8948336414048,161.0637707948244,1.767097966728281,0.3798521256931608,0.10130085854468221
23.860759493670887,28.86470271837681,28.93992606284658,0,0.4006764933197782,83.8948336414048,161.0637707948244,1.767097966728281,0.3798521256931608,0.1027901155853653
24.050632911392405,28.86470271837681,28.93992606284658,0,0.4006764933197782,83.8948336414048,161.0637707948244,1.767097966728281,0.3798521256931608,0.10414805477166585
24.240506329113927,28.86470271837681,28.93992606284658,0,0.4006764933197782,83.8948336414048,161.0637707948244,1.767097966728281,0.3798521256931608,0.10535175865386603
24.430379746835442,28.86470271837681,28.93992606284658,0,0.4006764933197782,83.8948336414048,161.0637707948244,1.767097966728281,0.3798521256931608,0.1063781816167504
24.620253164556964,28.86470271837681,28.93992606284658,0,0.4006764933197782,83.8948336414048,161.0637707948244,1.767097966728281,0.3798521256931608,0.10720651589311635
24.810126582278482,28.86470271837681,28.93992606284658,0,0.4006764933197782,83.8948336414048,161.0637707948244,1.767097966728281,0.3798521256931608,0.10784401554681076
25.0,28.86470271837681,28.93992606284658,0,0.4006764933197782,83.8948336414048,161.0637707948244,1.767097966728281,0.3798521256931608,0.10831861770212697
10.0,29.029567634052174,28.93992606284658,0,0.4006764933197782,83.8948336414048,161.0637707948244,1.767097966728281,0.3798521256931608,0.06425504096475865
10.189873417721518,29.029567634052174,28.93992606284658,0,0.4006764933197782,83.8948336414048,161.0637707948244,1.767097966728281,0.3798521256931608,0.06425504096475865
10.379746835443038,29.029567634052174,28.93992606284658,0,0.4006764933197782,83.8948336414048,161.0637707948244,1.767097966728281,0.3798521256931608,0.06425504096475865
10.569620253164556,29.029567634052174,28.93992606284658,0,0.4006764933197782,83.8948336414048,161.0637707948244,1.767097966728281,0.3798521256931608,0.06425504096475865
10.759493670886076,29.029567634052174,28.93992606284658,0,0.4006764933197782,83.8948336414048,161.0637707948244,1.767097966728281,0.3798521256931608,0.06425504096475865
10.949367088607595,29.029567634052174,28.93992606284658,0,0.4006764933197782,83.8948336414048,161.0637707948244,1.767097966728281,0.3798521256931608,0.06425504096475865
11.139240506329115,29.029567634052174,28.93992606284658,0,0.4006764933197782,83.8948336414048,161.0637707948244,1.767097966728281,0.3798521256931608,0.06551653832989437
11.329113924050633,29.029567634052174,28.93992606284658,0,0.4006764933197782,83.8948336414048,161.0637707948244,1.767097966728281,0.3798521256931608,0.06717911966726553
11.518987341772153,29.029567634052174,28.93992606284658,0,0.4006764933197782,83.8948336414048,161.0637707948244,1.767097966728281,0.3798521256931608,0.06877056259557614
11.708860759493671,29.029567634052174,28.93992606284658,0,0.4006764933197782,83.8948336414048,161.0637707948244,1.767097966728281,0.3798521256931608,0.0702861282506033
11.89873417721519,29.029567634052174,28.93992606284658,0,0.4006764933197782,83.8948336414048,161.0637707948244,1.767097966728281,0.3798521256931608,0.07172146259762435
12.08860759493671,29.029567634052174,28.93992606284658,0,0.4006764933197782,83.8948336414048,161.0637707948244,1.767097966728281,0.3798521256931608,0.07307261379747086
12.278481012658228,29.029567634052174,28.93992606284658,0,0.4006764933197782,83.8948336414048,161.0637707948244,1.767097966728281,0.3798521256931608,0.07433604586892655
12.468354430379748,29.029567634052174,28.93992606284658,0,0.4006764933197782,83.8948336414048,161.0637707948244,1.767097966728281,0.3798521256931608,0.07550864873565571
12.658227848101266,29.029567634052174,28.93992606284658,0,0.4006764933197782,83.8948336414048,161.0637707948244,1.767097966728281,0.3798521256931608,0.07658774478039124
12.848101265822784,29.029567634052174,28.93992606284658,0,0.4006764933197782,83.8948336414048,161.0637707948244,1.767097966728281,0.3798521256931608,0.07757109205785113
13.037974683544304,29.029567634052174,28.93992606284658,0,0.4006764933197782,83.8948336414048,161.0637707948244,1.767097966728281,0.3798521256931608,0.0784568843409614
13.227848101265824,29.029567634052174,28.93992606284658,0,0.4006764933197782,83.8948336414048,161.0637707948244,1.767097966728281,0.3798521256931608,0.07924374819283171
13.417721518987342,29.029567634052174,28.93992606284658,0,0.4006764933197782,83.8948336414048,161.0637707948244,1.767097966728281,0.3798521256931608,0.07993073726995006
13.60759493670886,29.029567634052174,28.93992606284658,0,0.4006764933197782,83.8948336414048,161.0637707948244,1.767097966728281,0.3798521256931608,0.08051732407074386
13.79746835443038,29.029567634052174,28.93992606284658,0,0.4006764933197782,83.8948336414048,161.0637707948244,1.767097966728281,0.3798521256931608,0.08100338934855217
13.987341772151899,29.029567634052174,28.93992606284658,0,0.4006764933197782,83.8948336414048,161.0637707948244,1.767097966728281,0.3798521256931608,0.08138920940966599
14.177215189873419,29.029567634052174,28.93992606284658,0,0.4006764933197782,83.8948336414048,161.0637707948244,1.767097966728281,0.3798521256931608,0.08167544151600113
14.367088607594937,29.029567634052174,28.93992606284658,0,0.4006764933197782,83.8948336414048,161.0637707948244,1.767097966728281,0.3798521256931608,0.08186310760864415
14.556962025316455,29.029567634052174,28.93992606284658,0,0.4006764933197782,83.8948336414048,161.0637707948244,1.767097966728281,0.3798521256931608,0.08195357656344848
14.746835443037975,29.029567634052174,28.93992606284658,0,0.4006764933197782,83.8948336414048,161.0637707948244,1.767097966728281,0.3798521256931608,0.08194854518345773
14.936708860759495,29.029567634052174,28.93992606284658,0,0.4006764933197782,83.8948336414048,161.0637707948244,1.767097966728281,0.3798521256931608,0.08185001812558443
15.126582278481013,29.029567634052174,28.93992606284658,0,0.4006764933197782,83.8948336414048,161.0637707948244,1.767097966728281,0.3798521256931608,0.08166028695095691
15.316455696202532,29.029567634052174,28.93992606284658,0,0.4006764933197782,83.8948336414048,161.0637707948244,1.767097966728281,0.3798521256931608,0.0813819084799482
15.50632911392405,29.029567634052174,28.93992606284658,0,0.4006764933197782,83.8948336414048,161.0637707948244,1.767097966728281,0.3798521256931608,0.08101768267883773
15.69620253164557,29.029567634052174,28.93992606284658,0,0.4006764933197782,83.8948336414048,161.0637707948244,1.767097966728281,0.3798521256931608,0.08057224687868439
15.88607594936709,29.029567634052174,28.93992606284658,0,0.4006764933197782,83.8948336414048,161.0637707948244,1.767097966728281,0.3798521256931608,0.08005621596596227
16.075949367088608,29.029567634052174,28.93992606284658,0,0.4006764933197782,83.8948336414048,161.0637707948244,1.767097966728281,0.3798521256931608,0.07948147991666947
16.265822784810126,29.029567634052174,28.93992606284658,0,0.4006764933197782,83.8948336414048,161.0637707948244,1.767097966728281,0.3798521256931608,0.07885978477011689
16.455696202531648,29.029567634052174,28.93992606284658,0,0.4006764933197782,83.8948336414048,161.0637707948244,1.767097966728281,0.3798521256931608,0.07820266439707892
16.645569620253166,29.029567634052174,28.93992606284658,0,0.4006764933197782,83.8948336414048,161.0637707948244,1.767097966728281,0.3798521256931608,0.0775213870303835
16.835443037974684,29.029567634052174,28.93992606284658,0,0.4006764933197782,83.8948336414048,161.0637707948244,1.767097966728281,0.3798521256931608,0.07682691628798452
17.025316455696203,29.029567634052174,28.93992606284658,0,0.4006764933197782,83.8948336414048,161.0637707948244,1.767097966728281,0.3798521256931608,0.07612988628497691
17.21518987341772,29.029567634052174,28.93992606284658,0,0.4006764933197782,83.8948336414048,161.0637707948244,1.767097966728281,0.3798521256931608,0.07544059033426828
17.405063291139243,29.029567634052174,28.93992606284658,0,0.4006764933197782,83.8948336414048,161.0637707948244,1.767097966728281,0.3798521256931608,0.07476898267556173
17.59493670886076,29.029567634052174,28.93992606284658,0,0.4006764933197782,83.8948336414048,161.0637707948244,1.767097966728281,0.3798521256931608,0.07412469264852005
17.78481012658228,29.029567634052174,28.93992606284658,0,0.4006764933197782,83.8948336414048,161.0637707948244,1.767097966728281,0.3798521256931608,0.07351705073781083
17.974683544303797,29.029567634052174,28.93992606284658,0,0.4006764933197782,83.8948336414048,161.0637707948244,1.767097966728281,0.3798521256931608,0.07295512596439908
18.164556962025316,29.029567634052174,28.93992606284658,0,0.4006764933197782,83.8948336414048,161.0637707948244,1.767097966728281,0.3798521256931608,0.07244777417801052
18.354430379746837,29.029567634052174,28.93992606284658,0,0.4006764933197782,83.8948336414048,161.0637707948244,1.767097966728281,0.3798521256931608,0.07200369691928911
18.544303797468356,29.029567634052174,28.93992606284658,0,0.4006764933197782,83.8948336414048,161.0637707948244,1.767097966728281,0.3798521256931608,0.07163151066601207
18.734177215189874,29.029567634052174,28.93992606284658,0,0.4006764933197782,83.8948336414048,161.0637707948244,1.767097966728281,0.3798521256931608,0.07133982645539422
18.924050632911396,29.029567634052174,28.93992606284658,0,0.4006764933197782,83.8948336414048,161.0637707948244,1.767097966728281,0.3798521256931608,0.07113734008389419
19.11392405063291,29.029567634052174,28.93992606284658,0,0.4006764933197782,83.8948336414048,161.0637707948244,1.767097966728281,0.3798521256931608,0.0710329333275504
19.303797468354432,29.029567634052174,28.93992606284658,0,0.4006764933197782,83.8948336414048,161.0637707948244,1.767097966728281,0.3798521256931608,0.07103578690082825
19.49367088607595,29.029567634052174,28.93992606284658,0,0.4006764933197782,83.8948336414048,161.0637707948244,1.767097966728281,0.3798521256931608,0.07115550618211315
19.68354430379747,29.029567634052174,28.93992606284658,0,0.4006764933197782,83.8948336414048,161.0637707948244,1.767097966728281,0.3798521256931608,0.07140226108188917
19.87341772151899,29.029567634052174,28.93992606284658,0,0.4006764933197782,83.8948336414048,161.0637707948244,1.767097966728281,0.3798521256931608,0.07178694181858858
20.063291139240505,29.029567634052174,28.93992606284658,0,0.4006764933197782,83.8948336414048,161.0637707948244,1.767097966728281,0.3798521256931608,0.0723211931287649
20.253164556962027,29.029567634052174,28.93992606284658,0,0.4006764933197782,83.8948336414048,161.0637707948244,1.767097966728281,0.3798521256931608,0.0730092894230841
20.443037974683545,29.029567634052174,28.93992606284658,0,0.4006764933197782,83.8948336414048,161.0637707948244,1.767097966728281,0.3798521256931608,0.07384319580616665
20.632911392405063,29.029567634052174,28.93992606284658,0,0.4006764933197782,83.8948336414048,161.0637707948244,1.767097966728281,0.3798521256931608,0.07481405835861095
20.822784810126585,29.029567634052174,28.93992606284658,0,0.4006764933197782,83.8948336414048,161.0637707948244,1.767097966728281,0.3798521256931608,0.07591311306644914
21.0126582278481,29.029567634052174,28.93992606284658,0,0.4006764933197782,83.8948336414048,161.0637707948244,1.767097966728281,0.3798521256931608,0.07713149930066725
21.20253164556962,29.029567634052174,28.93992606284658,0,0.4006764933197782,83.8948336414048,161.0637707948244,1.767097966728281,0.3798521256931608,0.07846008646686357
21.39240506329114,29.029567634052174,28.93992606284658,0,0.4006764933197782,83.8948336414048,161.0637707948244,1.767097966728281,0.3798521256931608,0.07988931334167959
21.582278481012658,29.029567634052174,28.93992606284658,0,0.4006764933197782,83.8948336414048,161.0637707948244,1.767097966728281,0.3798521256931608,0.08140904021729509
21.77215189873418,29.029567634052174,28.93992606284658,0,0.4006764933197782,83.8948336414048,161.0637707948244,1.767097966728281,0.3798521256931608,0.08300841452041038
21.962025316455698,29.029567634052174,28.93992606284658,0,0.4006764933197782,83.8948336414048,161.0637707948244,1.767097966728281,0.3798521256931608,0.0846757510553337
22.151898734177216,29.029567634052174,28.93992606284658,0,0.4006764933197782,83.8948336414048,161.0637707948244,1.767097966728281,0.3798521256931608,0.08639842843722455
22.341772151898734,29.029567634052174,28.93992606284658,0,0.4006764933197782,83.8948336414048,161.0637707948244,1.767097966728281,0.3798521256931608,0.0881628036248228
22.531645569620252,29.029567634052174,28.93992606284658,0,0.4006764933197782,83.8948336414048,161.0637707948244,1.767097966728281,0.3798521256931608,0.08995414672491148
22.721518987341774,29.029567634052174,28.93992606284658,0,0.4006764933197782,83.8948336414048,161.0637707948244,1.767097966728281,0.3798521256931608,0.09175659841619802
22.911392405063292,29.029567634052174,28.93992606284658,0,0.4006764933197782,83.8948336414048,161.0637707948244,1.767097966728281,0.3798521256931608,0.09355315242211723
23.10126582278481,29.029567634052174,28.93992606284658,0,0.4006764933197782,83.8948336414048,161.0637707948244,1.767097966728281,0.3798521256931608,0.09532566544588174
23.291139240506332,29.029567634052174,28.93992606284658,0,0.4006764933197782,83.8948336414048,161.0637707948244,1.767097966728281,0.3798521256931608,0.09705489686503443
23.481012658227847,29.029567634052174,28.93992606284658,0,0.4006764933197782,83.8948336414048,161.0637707948244,1.767097966728281,0.3798521256931608,0.09872058026764056
23.67088607594937,29.029567634052174,28.93992606284658,0,0.4006764933197782,83.8948336414048,161.0637707948244,1.767097966728281,0.3798521256931608,0.10030152860188297
23.860759493670887,29.029567634052174,28.93992606284658,0,0.4006764933197782,83.8948336414048,161.0637707948244,1.767097966728281,0.3798521256931608,0.10177577431138489
24.050632911392405,29.029567634052174,28.93992606284658,0,0.4006764933197782,83.8948336414048,161.0637707948244,1.767097966728281,0.3798521256931608,0.10312074534810207
24.240506329113927,29.029567634052174,28.93992606284658,0,0.4006764933197782,83.8948336414048,161.0637707948244,1.767097966728281,0.3798521256931608,0.10431347740153596
24.430379746835442,29.029567634052174,28.93992606284658,0,0.4006764933197782,83.8948336414048,161.0637707948244,1.767097966728281,0.3798521256931608,0.10533086206495808
24.620253164556964,29.029567634052174,28.93992606284658,0,0.4006764933197782,83.8948336414048,161.0637707948244,1.767097966728281,0.3798521256931608,0.10615200767380238
24.810126582278482,29.029567634052174,28.93992606284658,0,0.4006764933197782,83.8948336414048,161.0637707948244,1.767097966728281,0.3798521256931608,0.10678398673714667
25.0,29.029567634052174,28.93992606284658,0,0.4006764933197782,83.8948336414048,161.0637707948244,1.767097966728281,0.3798521256931608,0.10725448471916535
10.0,29.194432549727537,28.93992606284658,0,0.4006764933197782,83.8948336414048,161.0637707948244,1.767097966728281,0.3798521256931608,0.06578059690032634
10.189873417721518,29.194432549727537,28.93992606284658,0,0.4006764933197782,83.8948336414048,161.0637707948244,1.767097966728281,0.3798521256931608,0.06578059690032634
10.379746835443038,29.194432549727537,28.93992606284658,0,0.4006764933197782,83.8948336414048,161.0637707948244,1.767097966728281,0.3798521256931608,0.06578059690032634
10.569620253164556,29.194432549727537,28.93992606284658,0,0.4006764933197782,83.8948336414048,161.0637707948244,1.767097966728281,0.3798521256931608,0.06578059690032634
10.759493670886076,29.194432549727537,28.93992606284658,0,0.4006764933197782,83.8948336414048,161.0637707948244,1.767097966728281,0.3798521256931608,0.06578059690032634
10.949367088607595,29.194432549727537,28.93992606284658,0,0.4006764933197782,83.8948336414048,161.0637707948244,1.767097966728281,0.3798521256931608,0.06578059690032634
11.139240506329115,29.194432549727537,28.93992606284658,0,0.4006764933197782,83.8948336414048,161.0637707948244,1.767097966728281,0.3798521256931608,0.06683910265705645
11.329113924050633,29.194432549727537,28.93992606284658,0,0.4006764933197782,83.8948336414048,161.0637707948244,1.767097966728281,0.3798521256931608,0.06824718125945854
11.518987341772153,29.194432549727537,28.93992606284658,0,0.4006764933197782,83.8948336414048,161.0637707948244,1.767097966728281,0.3798521256931608,0.06961067393456452
11.708860759493671,29.194432549727537,28.93992606284658,0,0.4006764933197782,83.8948336414048,161.0637707948244,1.767097966728281,0.3798521256931608,0.07092543415994285
11.89873417721519,29.194432549727537,28.93992606284658,0,0.4006764933197782,83.8948336414048,161.0637707948244,1.767097966728281,0.3798521256931608,0.07218737144389964
12.08860759493671,29.194432549727537,28.93992606284658,0,0.4006764933197782,83.8948336414048,161.0637707948244,1.767097966728281,0.3798521256931608,0.07339246961907137
12.278481012658228,29.194432549727537,28.93992606284658,0,0.4006764933197782,83.8948336414048,161.0637707948244,1.767097966728281,0.3798521256931608,0.07453680512168175
12.468354430379748,29.194432549727537,28.93992606284658,0,0.4006764933197782,83.8948336414048,161.0637707948244,1.767097966728281,0.3798521256931608,0.07561656516427846
12.658227848101266,29.194432549727537,28.93992606284658,0,0.4006764933197782,83.8948336414048,161.0637707948244,1.767097966728281,0.3798521256931608,0.07662806571181346
12.848101265822784,29.194432549727537,28.93992606284658,0,0.4006764933197782,83.8948336414048,161.0637707948244,1.767097966728281,0.3798521256931608,0.07756776917332857
13.037974683544304,29.194432549727537,28.93992606284658,0,0.4006764933197782,83.8948336414048,161.0637707948244,1.767097966728281,0.3798521256931608,0.07843230172411424
13.227848101265824,29.194432549727537,28.93992606284658,0,0.4006764933197782,83.8948336414048,161.0637707948244,1.767097966728281,0.3798521256931608,0.07921847017592194
13.417721518987342,29.194432549727537,28.93992606284658,0,0.4006764933197782,83.8948336414048,161.0637707948244,1.767097966728281,0.3798521256931608,0.07992327831552172
13.60759493670886,29.194432549727537,28.93992606284658,0,0.4006764933197782,83.8948336414048,161.0637707948244,1.767097966728281,0.3798521256931608,0.08054394263448743
13.79746835443038,29.194432549727537,28.93992606284658,0,0.4006764933197782,83.8948336414048,161.0637707948244,1.767097966728281,0.3798521256931608,0.08107790737552521
13.987341772151899,29.194432549727537,28.93992606284658,0,0.4006764933197782,83.8948336414048,161.0637707948244,1.767097966728281,0.3798521256931608,0.08152285882280305
14.177215189873419,29.194432549727537,28.93992606284658,0,0.4006764933197782,83.8948336414048,161.0637707948244,1.767097966728281,0.3798521256931608,0.08187673876561755
14.367088607594937,29.194432549727537,28.93992606284658,0,0.4006764933197782,83.8948336414048,161.0637707948244,1.767097966728281,0.3798521256931608,0.08213775706625395
14.556962025316455,29.194432549727537,28.93992606284658,0,0.4006764933197782,83.8948336414048,161.0637707948244,1.767097966728281,0.3798521256931608,0.08230440326411294
14.746835443037975,29.194432549727537,28.93992606284658,0,0.4006764933197782,83.8948336414048,161.0637707948244,1.767097966728281,0.3798521256931608,0.08237545714907488
14.936708860759495,29.194432549727537,28.93992606284658,0,0.4006764933197782,83.8948336414048,161.0637707948244,1.767097966728281,0.3798521256931608,0.08234999823771834
15.126582278481013,29.194432549727537,28.93992606284658,0,0.4006764933197782,83.8948336414048,161.0637707948244,1.767097966728281,0.3798521256931608,0.08222741408647799
15.316455696202532,29.194432549727537,28.93992606284658,0,0.4006764933197782,83.8948336414048,161.0637707948244,1.767097966728281,0.3798521256931608,0.08200740737620833
15.50632911392405,29.194432549727537,28.93992606284658,0,0.4006764933197782,83.8948336414048,161.0637707948244,1.767097966728281,0.3798521256931608,0.08169000177916357
15.69620253164557,29.194432549727537,28.93992606284658,0,0.4006764933197782,83.8948336414048,161.0637707948244,1.767097966728281,0.3798521256931608,0.08127780358454302
15.88607594936709,29.194432549727537,28.93992606284658,0,0.4006764933197782,83.8948336414048,161.0637707948244,1.767097966728281,0.3798521256931608,0.0807818211413306
16.075949367088608,29.194432549727537,28.93992606284658,0,0.4006764933197782,83.8948336414048,161.0637707948244,1.767097966728281,0.3798521256931608,0.08021493059908642
16.265822784810126,29.194432549727537,28.93992606284658,0,0.4006764933197782,83.8948336414048,161.0637707948244,1.767097966728281,0.3798521256931608,0.07958990656147344
16.455696202531648,29.194432549727537,28.93992606284658,0,0.4006764933197782,83.8948336414048,161.0637707948244,1.767097966728281,0.3798521256931608,0.07891933313581917
16.645569620253166,29.194432549727537,28.93992606284658,0,0.4006764933197782,83.8948336414048,161.0637707948244,1.767097966728281,0.3798521256931608,0.07821553209887568
16.835443037974684,29.194432549727537,28.93992606284658,0,0.4006764933197782,83.8948336414048,161.0637707948244,1.767097966728281,0.3798521256931608,0.07749050798458021
17.025316455696203,29.194432549727537,28.93992606284658,0,0.4006764933197782,83.8948336414048,161.0637707948244,1.767097966728281,0.3798521256931608,0.0767559097080812
17.21518987341772,29.194432549727537,28.93992606284658,0,0.4006764933197782,83.8948336414048,161.0637707948244,1.767097966728281,0.3798521256931608,0.07602300819381248
17.405063291139243,29.194432549727537,28.93992606284658,0,0.4006764933197782,83.8948336414048,161.0637707948244,1.767097966728281,0.3798521256931608,0.07530268937406474
17.59493670886076,29.194432549727537,28.93992606284658,0,0.4006764933197782,83.8948336414048,161.0637707948244,1.767097966728281,0.3798521256931608,0.0746054618679643
17.78481012658228,29.194432549727537,28.93992606284658,0,0.4006764933197782,83.8948336414048,161.0637707948244,1.767097966728281,0.3798521256931608,0.07394147863841792
17.974683544303797,29.194432549727537,28.93992606284658,0,0.4006764933197782,83.8948336414048,161.0637707948244,1.767097966728281,0.3798521256931608,0.07332057195552824
18.164556962025316,29.194432549727537,28.93992606284658,0,0.4006764933197782,83.8948336414048,161.0637707948244,1.767097966728281,0.3798521256931608,0.07275230106809372
18.354430379746837,29.194432549727537,28.93992606284658,0,0.4006764933197782,83.8948336414048,161.0637707948244,1.767097966728281,0.3798521256931608,0.0722460120989323
18.544303797468356,29.194432549727537,28.93992606284658,0,0.4006764933197782,83.8948336414048,161.0637707948244,1.767097966728281,0.3798521256931608,0.07181090983376856
18.734177215189874,29.194432549727537,28.93992606284658,0,0.4006764933197782,83.8948336414048,161.0637707948244,1.767097966728281,0.3798521256931608,0.07145614126648157
18.924050632911396,29.194432549727537,28.93992606284658,0,0.4006764933197782,83.8948336414048,161.0637707948244,1.767097966728281,0.3798521256931608,0.07119089099518058
19.11392405063291,29.194432549727537,28.93992606284658,0,0.4006764933197782,83.8948336414048,161.0637707948244,1.767097966728281,0.3798521256931608,0.07102448883406848
19.303797468354432,29.194432549727537,28.93992606284658,0,0.4006764933197782,83.8948336414048,161.0637707948244,1.767097966728281,0.3798521256931608,0.07096653031632967
19.49367088607595,29.194432549727537,28.93992606284658,0,0.4006764933197782,83.8948336414048,161.0637707948244,1.767097966728281,0.3798521256931608,0.07102701111519671
19.68354430379747,29.194432549727537,28.93992606284658,0,0.4006764933197782,83.8948336414048,161.0637707948244,1.767097966728281,0.3798521256931608,0.07121647680671431
19.87341772151899,29.194432549727537,28.93992606284658,0,0.4006764933197782,83.8948336414048,161.0637707948244,1.767097966728281,0.3798521256931608,0.07154618984227346
20.063291139240505,29.194432549727537,28.93992606284658,0,0.4006764933197782,83.8948336414048,161.0637707948244,1.767097966728281,0.3798521256931608,0.07202817170146646
20.253164556962027,29.194432549727537,28.93992606284658,0,0.4006764933197782,83.8948336414048,161.0637707948244,1.767097966728281,0.3798521256931608,0.0726668165770645
20.443037974683545,29.194432549727537,28.93992606284658,0,0.4006764933197782,83.8948336414048,161.0637707948244,1.767097966728281,0.3798521256931608,0.07345382314907968
20.632911392405063,29.194432549727537,28.93992606284658,0,0.4006764933197782,83.8948336414048,161.0637707948244,1.767097966728281,0.3798521256931608,0.07438009214681453
20.822784810126585,29.194432549727537,28.93992606284658,0,0.4006764933197782,83.8948336414048,161.0637707948244,1.767097966728281,0.3798521256931608,0.07543666587874429
21.0126582278481,29.194432549727537,28.93992606284658,0,0.4006764933197782,83.8948336414048,161.0637707948244,1.767097966728281,0.3798521256931608,0.07661453499201047
21.20253164556962,29.194432549727537,28.93992606284658,0,0.4006764933197782,83.8948336414048,161.0637707948244,1.767097966728281,0.3798521256931608,0.07790445913670724
21.39240506329114,29.194432549727537,28.93992606284658,0,0.4006764933197782,83.8948336414048,161.0637707948244,1.767097966728281,0.3798521256931608,0.07929680087931384
21.582278481012658,29.194432549727537,28.93992606284658,0,0.4006764933197782,83.8948336414048,161.0637707948244,1.767097966728281,0.3798521256931608,0.08078137284734926
21.77215189873418,29.194432549727537,28.93992606284658,0,0.4006764933197782,83.8948336414048,161.0637707948244,1.767097966728281,0.3798521256931608,0.08234729866276451
21.962025316455698,29.194432549727537,28.93992606284658,0,0.4006764933197782,83.8948336414048,161.0637707948244,1.767097966728281,0.3798521256931608,0.083982888732962
22.151898734177216,29.194432549727537,28.93992606284658,0,0.4006764933197782,83.8948336414048,161.0637707948244,1.767097966728281,0.3798521256931608,0.08567553241123106
22.341772151898734,29.194432549727537,28.93992606284658,0,0.4006764933197782,83.8948336414048,161.0637707948244,1.767097966728281,0.3798521256931608,0.08741160840659769
22.531645569620252,29.194432549727537,28.93992606284658,0,0.4006764933197782,83.8948336414048,161.0637707948244,1.767097966728281,0.3798521256931608,0.0891764156093548
22.721518987341774,29.194432549727537,28.93992606284658,0,0.4006764933197782,83.8948336414048,161.0637707948244,1.767097966728281,0.3798521256931608,0.09095412669554274
22.911392405063292,29.194432549727537,28.93992606284658,0,0.4006764933197782,83.8948336414048,161.0637707948244,1.767097966728281,0.3798521256931608,0.09272776697481835
23.10126582278481,29.194432549727537,28.93992606284658,0,0.4006764933197782,83.8948336414048,161.0637707948244,1.767097966728281,0.3798521256931608,0.09447922094665341
23.291139240506332,29.194432549727537,28.93992606284658,0,0.4006764933197782,83.8948336414048,161.0637707948244,1.767097966728281,0.3798521256931608,0.09618926892713348
23.481012658227847,29.194432549727537,28.93992606284658,0,0.4006764933197782,83.8948336414048,161.0637707948244,1.767097966728281,0.3798521256931608,0.09783765590310008
23.67088607594937,29.194432549727537,28.93992606284658,0,0.4006764933197782,83.8948336414048,161.0637707948244,1.767097966728281,0.3798521256931608,0.09940319446525563
23.860759493670887,29.194432549727537,28.93992606284658,0,0.4006764933197782,83.8948336414048,161.0637707948244,1.767097966728281,0.3798521256931608,0.10086390327292846
24.050632911392405,29.194432549727537,28.93992606284658,0,0.4006764933197782,83.8948336414048,161.0637707948244,1.767097966728281,0.3798521256931608,0.10219718201827345
24.240506329113927,29.194432549727537,28.93992606284658,0,0.4006764933197782,83.8948336414048,161.0637707948244,1.767097966728281,0.3798521256931608,0.10338002329510633
24.430379746835442,29.194432549727537,28.93992606284658,0,0.4006764933197782,83.8948336414048,161.0637707948244,1.767097966728281,0.3798521256931608,0.10438926114512942
24.620253164556964,29.194432549727537,28.93992606284658,0,0.4006764933197782,83.8948336414048,161.0637707948244,1.767097966728281,0.3798521256931608,0.10520392727837777
24.810126582278482,29.194432549727537,28.93992606284658,0,0.4006764933197782,83.8948336414048,161.0637707948244,1.767097966728281,0.3798521256931608,0.10583093021310938
25.0,29.194432549727537,28.93992606284658,0,0.4006764933197782,83.8948336414048,161.0637707948244,1.767097966728281,0.3798521256931608,0.10629772869174457
10.0,29.359297465402896,28.93992606284658,0,0.4006764933197782,83.8948336414048,161.0637707948244,1.767097966728281,0.3798521256931608,0.06717437210985855
10.189873417721518,29.359297465402896,28.93992606284658,0,0.4006764933197782,83.8948336414048,161.0637707948244,1.767097966728281,0.3798521256931608,0.06717437210985855
10.379746835443038,29.359297465402896,28.93992606284658,0,0.4006764933197782,83.8948336414048,161.0637707948244,1.767097966728281,0.3798521256931608,0.06717437210985855
10.569620253164556,29.359297465402896,28.93992606284658,0,0.4006764933197782,83.8948336414048,161.0637707948244,1.767097966728281,0.3798521256931608,0.06717437210985855
10.759493670886076,29.359297465402896,28.93992606284658,0,0.4006764933197782,83.8948336414048,161.0637707948244,1.767097966728281,0.3798521256931608,0.06717437210985855
10.949367088607595,29.359297465402896,28.93992606284658,0,0.4006764933197782,83.8948336414048,161.0637707948244,1.767097966728281,0.3798521256931608,0.06717437210985855
11.139240506329115,29.359297465402896,28.93992606284658,0,0.4006764933197782,83.8948336414048,161.0637707948244,1.767097966728281,0.3798521256931608,0.06804255261087432
11.329113924050633,29.359297465402896,28.93992606284658,0,0.4006764933197782,83.8948336414048,161.0637707948244,1.767097966728281,0.3798521256931608,0.06921398932703719
11.518987341772153,29.359297465402896,28.93992606284658,0,0.4006764933197782,83.8948336414048,161.0637707948244,1.767097966728281,0.3798521256931608,0.07036736355744204
11.708860759493671,29.359297465402896,28.93992606284658,0,0.4006764933197782,83.8948336414048,161.0637707948244,1.767097966728281,0.3798521256931608,0.07149846708126227
11.89873417721519,29.359297465402896,28.93992606284658,0,0.4006764933197782,83.8948336414048,161.0637707948244,1.767097966728281,0.3798521256931608,0.07260294713500895
12.08860759493671,29.359297465402896,28.93992606284658,0,0.4006764933197782,83.8948336414048,161.0637707948244,1.767097966728281,0.3798521256931608,0.07367631976490494
12.278481012658228,29.359297465402896,28.93992606284658,0,0.4006764933197782,83.8948336414048,161.0637707948244,1.767097966728281,0.3798521256931608,0.07471398511817241
12.468354430379748,29.359297465402896,28.93992606284658,0,0.4006764933197782,83.8948336414048,161.0637707948244,1.767097966728281,0.3798521256931608,0.07571124468605807
12.658227848101266,29.359297465402896,28.93992606284658,0,0.4006764933197782,83.8948336414048,161.0637707948244,1.767097966728281,0.3798521256931608,0.07666332049551328
12.848101265822784,29.359297465402896,28.93992606284658,0,0.4006764933197782,83.8948336414048,161.0637707948244,1.767097966728281,0.3798521256931608,0.07756537622968228
13.037974683544304,29.359297465402896,28.93992606284658,0,0.4006764933197782,83.8948336414048,161.0637707948244,1.767097966728281,0.3798521256931608,0.07841254023979768
13.227848101265824,29.359297465402896,28.93992606284658,0,0.4006764933197782,83.8948336414048,161.0637707948244,1.767097966728281,0.3798521256931608,0.07919993039287128
13.417721518987342,29.359297465402896,28.93992606284658,0,0.4006764933197782,83.8948336414048,161.0637707948244,1.767097966728281,0.3798521256931608,0.07992268068073098
13.60759493670886,29.359297465402896,28.93992606284658,0,0.4006764933197782,83.8948336414048,161.0637707948244,1.767097966728281,0.3798521256931608,0.08057596949655942
13.79746835443038,29.359297465402896,28.93992606284658,0,0.4006764933197782,83.8948336414048,161.0637707948244,1.767097966728281,0.3798521256931608,0.08115504946518588
13.987341772151899,29.359297465402896,28.93992606284658,0,0.4006764933197782,83.8948336414048,161.0637707948244,1.767097966728281,0.3798521256931608,0.08165527869294546
14.177215189873419,29.359297465402896,28.93992606284658,0,0.4006764933197782,83.8948336414048,161.0637707948244,1.767097966728281,0.3798521256931608,0.08207215328198354
14.367088607594937,29.359297465402896,28.93992606284658,0,0.4006764933197782,83.8948336414048,161.0637707948244,1.767097966728281,0.3798521256931608,0.08240134093240285
14.556962025316455,29.359297465402896,28.93992606284658,0,0.4006764933197782,83.8948336414048,161.0637707948244,1.767097966728281,0.3798521256931608,0.08263871543360864
14.746835443037975,29.359297465402896,28.93992606284658,0,0.4006764933197782,83.8948336414048,161.0637707948244,1.767097966728281,0.3798521256931608,0.082780391823566
14.936708860759495,29.359297465402896,28.93992606284658,0,0.4006764933197782,83.8948336414048,161.0637707948244,1.767097966728281,0.3798521256931608,0.08282276197145814
15.126582278481013,29.359297465402896,28.93992606284658,0,0.4006764933197782,83.8948336414048,161.0637707948244,1.767097966728281,0.3798521256931608,0.08276253031539926
15.316455696202532,29.359297465402896,28.93992606284658,0,0.4006764933197782,83.8948336414048,161.0637707948244,1.767097966728281,0.3798521256931608,0.0825967494625137
15.50632911392405,29.359297465402896,28.93992606284658,0,0.4006764933197782,83.8948336414048,161.0637707948244,1.767097966728281,0.3798521256931608,0.0823228554300131
15.69620253164557,29.359297465402896,28.93992606284658,0,0.4006764933197782,83.8948336414048,161.0637707948244,1.767097966728281,0.3798521256931608,0.08194155152474675
15.88607594936709,29.359297465402896,28.93992606284658,0,0.4006764933197782,83.8948336414048,161.0637707948244,1.767097966728281,0.3798521256931608,0.08146418944832093
16.075949367088608,29.359297465402896,28.93992606284658,0,0.4006764933197782,83.8948336414048,161.0637707948244,1.767097966728281,0.3798521256931608,0.08090454732946921
16.265822784810126,29.359297465402896,28.93992606284658,0,0.4006764933197782,83.8948336414048,161.0637707948244,1.767097966728281,0.3798521256931608,0.08027635035285954
16.455696202531648,29.359297465402896,28.93992606284658,0,0.4006764933197782,83.8948336414048,161.0637707948244,1.767097966728281,0.3798521256931608,0.07959316076283206
16.645569620253166,29.359297465402896,28.93992606284658,0,0.4006764933197782,83.8948336414048,161.0637707948244,1.767097966728281,0.3798521256931608,0.07886828725738908
16.835443037974684,29.359297465402896,28.93992606284658,0,0.4006764933197782,83.8948336414048,161.0637707948244,1.767097966728281,0.3798521256931608,0.0781147136840404
17.025316455696203,29.359297465402896,28.93992606284658,0,0.4006764933197782,83.8948336414048,161.0637707948244,1.767097966728281,0.3798521256931608,0.07734504669408596
17.21518987341772,29.359297465402896,28.93992606284658,0,0.4006764933197782,83.8948336414048,161.0637707948244,1.767097966728281,0.3798521256931608,0.07657148181044547
17.405063291139243,29.359297465402896,28.93992606284658,0,0.4006764933197782,83.8948336414048,161.0637707948244,1.767097966728281,0.3798521256931608,0.07580578721647385
17.59493670886076,29.359297465402896,28.93992606284658,0,0.4006764933197782,83.8948336414048,161.0637707948244,1.767097966728281,0.3798521256931608,0.07505930447919758
17.78481012658228,29.359297465402896,28.93992606284658,0,0.4006764933197782,83.8948336414048,161.0637707948244,1.767097966728281,0.3798521256931608,0.07434296537951844
17.974683544303797,29.359297465402896,28.93992606284658,0,0.4006764933197782,83.8948336414048,161.0637707948244,1.767097966728281,0.3798521256931608,0.07366732403323616
18.164556962025316,29.359297465402896,28.93992606284658,0,0.4006764933197782,83.8948336414048,161.0637707948244,1.767097966728281,0.3798521256931608,0.07304260354895721
18.354430379746837,29.359297465402896,28.93992606284658,0,0.4006764933197782,83.8948336414048,161.0637707948244,1.767097966728281,0.3798521256931608,0.07247875658064769
18.544303797468356,29.359297465402896,28.93992606284658,0,0.4006764933197782,83.8948336414048,161.0637707948244,1.767097966728281,0.3798521256931608,0.07198553929227505
18.734177215189874,29.359297465402896,28.93992606284658,0,0.4006764933197782,83.8948336414048,161.0637707948244,1.767097966728281,0.3798521256931608,0.07157259845841007
18.924050632911396,29.359297465402896,28.93992606284658,0,0.4006764933197782,83.8948336414048,161.0637707948244,1.767097966728281,0.3798521256931608,0.0712495716769913
19.11392405063291,29.359297465402896,28.93992606284658,0,0.4006764933197782,83.8948336414048,161.0637707948244,1.767097966728281,0.3798521256931608,0.07102620096853507
19.303797468354432,29.359297465402896,28.93992606284658,0,0.4006764933197782,83.8948336414048,161.0637707948244,1.767097966728281,0.3798521256931608,0.07091246038062216
19.49367088607595,29.359297465402896,28.93992606284658,0,0.4006764933197782,83.8948336414048,161.0637707948244,1.767097966728281,0.3798521256931608,0.07091869860929877
19.68354430379747,29.359297465402896,28.93992606284658,0,0.4006764933197782,83.8948336414048,161.0637707948244,1.767097966728281,0.3798521256931608,0.07105579809305013
19.87341772151899,29.359297465402896,28.93992606284658,0,0.4006764933197782,83.8948336414048,161.0637707948244,1.767097966728281,0.3798521256931608,0.07133535253441231
20.063291139240505,29.359297465402896,28.93992606284658,0,0.4006764933197782,83.8948336414048,161.0637707948244,1.767097966728281,0.3798521256931608,0.07176971665030801
20.253164556962027,29.359297465402896,28.93992606284658,0,0.4006764933197782,83.8948336414048,161.0637707948244,1.767097966728281,0.3798521256931608,0.07236338142580553
20.443037974683545,29.359297465402896,28.93992606284658,0,0.4006764933197782,83.8948336414048,161.0637707948244,1.767097966728281,0.3798521256931608,0.07310778984511238
20.632911392405063,29.359297465402896,28.93992606284658,0,0.4006764933197782,83.8948336414048,161.0637707948244,1.767097966728281,0.3798521256931608,0.07399360785327279
20.822784810126585,29.359297465402896,28.93992606284658,0,0.4006764933197782,83.8948336414048,161.0637707948244,1.767097966728281,0.3798521256931608,0.07501169162624877
21.0126582278481,29.359297465402896,28.93992606284658,0,0.4006764933197782,83.8948336414048,161.0637707948244,1.767097966728281,0.3798521256931608,0.07615288795111394
21.20253164556962,29.359297465402896,28.93992606284658,0,0.4006764933197782,83.8948336414048,161.0637707948244,1.767097966728281,0.3798521256931608,0.0774078492309766
21.39240506329114,29.359297465402896,28.93992606284658,0,0.4006764933197782,83.8948336414048,161.0637707948244,1.767097966728281,0.3798521256931608,0.07876686229261423
21.582278481012658,29.359297465402896,28.93992606284658,0,0.4006764933197782,83.8948336414048,161.0637707948244,1.767097966728281,0.3798521256931608,0.08021969084410777
21.77215189873418,29.359297465402896,28.93992606284658,0,0.4006764933197782,83.8948336414048,161.0637707948244,1.767097966728281,0.3798521256931608,0.08175543203401907
21.962025316455698,29.359297465402896,28.93992606284658,0,0.4006764933197782,83.8948336414048,161.0637707948244,1.767097966728281,0.3798521256931608,0.08336238810170546
22.151898734177216,29.359297465402896,28.93992606284658,0,0.4006764933197782,83.8948336414048,161.0637707948244,1.767097966728281,0.3798521256931608,0.08502795457622239
22.341772151898734,29.359297465402896,28.93992606284658,0,0.4006764933197782,83.8948336414048,161.0637707948244,1.767097966728281,0.3798521256931608,0.08673852687294495
22.531645569620252,29.359297465402896,28.93992606284658,0,0.4006764933197782,83.8948336414048,161.0637707948244,1.767097966728281,0.3798521256931608,0.08847942744526724
22.721518987341774,29.359297465402896,28.93992606284658,0,0.4006764933197782,83.8948336414048,161.0637707948244,1.767097966728281,0.3798521256931608,0.09023485586602184
22.911392405063292,29.359297465402896,28.93992606284658,0,0.4006764933197782,83.8948336414048,161.0637707948244,1.767097966728281,0.3798521256931608,0.09198786433269229
23.10126582278481,29.359297465402896,28.93992606284658,0,0.4006764933197782,83.8948336414048,161.0637707948244,1.767097966728281,0.3798521256931608,0.09372036110679245
23.291139240506332,29.359297465402896,28.93992606284658,0,0.4006764933197782,83.8948336414048,161.0637707948244,1.767097966728281,0.3798521256931608,0.09541314430792124
23.481012658227847,29.359297465402896,28.93992606284658,0,0.4006764933197782,83.8948336414048,161.0637707948244,1.767097966728281,0.3798521256931608,0.09704596828677756
23.67088607594937,29.359297465402896,28.93992606284658,0,0.4006764933197782,83.8948336414048,161.0637707948244,1.767097966728281,0.3798521256931608,0.09859764450160913
23.860759493670887,29.359297465402896,28.93992606284658,0,0.4006764933197782,83.8948336414048,161.0637707948244,1.767097966728281,0.3798521256931608,0.10004617842459741
24.050632911392405,29.359297465402896,28.93992606284658,0,0.4006764933197782,83.8948336414048,161.0637707948244,1.767097966728281,0.3798521256931608,0.10136894351608113
24.240506329113927,29.359297465402896,28.93992606284658,0,0.4006764933197782,83.8948336414048,161.0637707948244,1.767097966728281,0.3798521256931608,0.10254289273361643
24.430379746835442,29.359297465402896,28.93992606284658,0,0.4006764933197782,83.8948336414048,161.0637707948244,1.767097966728281,0.3798521256931608,0.10354480739745046
24.620253164556964,29.359297465402896,28.93992606284658,0,0.4006764933197782,83.8948336414048,161.0637707948244,1.767097966728281,0.3798521256931608,0.10435364930959648
24.810126582278482,29.359297465402896,28.93992606284658,0,0.4006764933197782,83.8948336414048,161.0637707948244,1.767097966728281,0.3798521256931608,0.10497617920675151
25.0,29.359297465402896,28.93992606284658,0,0.4006764933197782,83.8948336414048,161.0637707948244,1.767097966728281,0.3798521256931608,0.10543965212502193
10.0,29.52416238107826,28.93992606284658,0,0.4006764933197782,83.8948336414048,161.0637707948244,1.767097966728281,0.3798521256931608,0.06843237259452765
10.189873417721518,29.52416238107826,28.93992606284658,0,0.4006764933197782,83.8948336414048,161.0637707948244,1.767097966728281,0.3798521256931608,0.06843237259452765
10.379746835443038,29.52416238107826,28.93992606284658,0,0.4006764933197782,83.8948336414048,161.0637707948244,1.767097966728281,0.3798521256931608,0.06843237259452765
10.569620253164556,29.52416238107826,28.93992606284658,0,0.4006764933197782,83.8948336414048,161.0637707948244,1.767097966728281,0.3798521256931608,0.06843237259452765
10.759493670886076,29.52416238107826,28.93992606284658,0,0.4006764933197782,83.8948336414048,161.0637707948244,1.767097966728281,0.3798521256931608,0.06843237259452765
10.949367088607595,29.52416238107826,28.93992606284658,0,0.4006764933197782,83.8948336414048,161.0637707948244,1.767097966728281,0.3798521256931608,0.06843237259452765
11.139240506329115,29.52416238107826,28.93992606284658,0,0.4006764933197782,83.8948336414048,161.0637707948244,1.767097966728281,0.3798521256931608,0.06912428428030407
11.329113924050633,29.52416238107826,28.93992606284658,0,0.4006764933197782,83.8948336414048,161.0637707948244,1.767097966728281,0.3798521256931608,0.07007819342822277
11.518987341772153,29.52416238107826,28.93992606284658,0,0.4006764933197782,83.8948336414048,161.0637707948244,1.767097966728281,0.3798521256931608,0.0710399492084896
11.708860759493671,29.52416238107826,28.93992606284658,0,0.4006764933197782,83.8948336414048,161.0637707948244,1.767097966728281,0.3798521256931608,0.07200478197765213
11.89873417721519,29.52416238107826,28.93992606284658,0,0.4006764933197782,83.8948336414048,161.0637707948244,1.767097966728281,0.3798521256931608,0.07296768499881877
12.08860759493671,29.52416238107826,28.93992606284658,0,0.4006764933197782,83.8948336414048,161.0637707948244,1.767097966728281,0.3798521256931608,0.07392341560092586
12.278481012658228,29.52416238107826,28.93992606284658,0,0.4006764933197782,83.8948336414048,161.0637707948244,1.767097966728281,0.3798521256931608,0.07486649966826889
12.468354430379748,29.52416238107826,28.93992606284658,0,0.4006764933197782,83.8948336414048,161.0637707948244,1.767097966728281,0.3798521256931608,0.0757912396541298
12.658227848101266,29.52416238107826,28.93992606284658,0,0.4006764933197782,83.8948336414048,161.0637707948244,1.767097966728281,0.3798521256931608,0.0766917262981844
12.848101265822784,29.52416238107826,28.93992606284658,0,0.4006764933197782,83.8948336414048,161.0637707948244,1.767097966728281,0.3798521256931608,0.07756185420838281
13.037974683544304,29.52416238107826,28.93992606284658,0,0.4006764933197782,83.8948336414048,161.0637707948244,1.767097966728281,0.3798521256931608,0.07839534144414152
13.227848101265824,29.52416238107826,28.93992606284658,0,0.4006764933197782,83.8948336414048,161.0637707948244,1.767097966728281,0.3798521256931608,0.07918575320908187
13.417721518987342,29.52416238107826,28.93992606284658,0,0.4006764933197782,83.8948336414048,161.0637707948244,1.767097966728281,0.3798521256931608,0.0799265297282185
13.60759493670886,29.52416238107826,28.93992606284658,0,0.4006764933197782,83.8948336414048,161.0637707948244,1.767097966728281,0.3798521256931608,0.08061101834662987
13.79746835443038,29.52416238107826,28.93992606284658,0,0.4006764933197782,83.8948336414048,161.0637707948244,1.767097966728281,0.3798521256931608,0.08123250984433901
13.987341772151899,29.52416238107826,28.93992606284658,0,0.4006764933197782,83.8948336414048,161.0637707948244,1.767097966728281,0.3798521256931608,0.08178427891554285
14.177215189873419,29.52416238107826,28.93992606284658,0,0.4006764933197782,83.8948336414048,161.0637707948244,1.767097966728281,0.3798521256931608,0.08225962870962776
14.367088607594937,29.52416238107826,28.93992606284658,0,0.4006764933197782,83.8948336414048,161.0637707948244,1.767097966728281,0.3798521256931608,0.08265193927666482
14.556962025316455,29.52416238107826,28.93992606284658,0,0.4006764933197782,83.8948336414048,161.0637707948244,1.767097966728281,0.3798521256931608,0.08295471970145626
14.746835443037975,29.52416238107826,28.93992606284658,0,0.4006764933197782,83.8948336414048,161.0637707948244,1.767097966728281,0.3798521256931608,0.08316166364772411
14.936708860759495,29.52416238107826,28.93992606284658,0,0.4006764933197782,83.8948336414048,161.0637707948244,1.767097966728281,0.3798521256931608,0.08326670796779952
15.126582278481013,29.52416238107826,28.93992606284658,0,0.4006764933197782,83.8948336414048,161.0637707948244,1.767097966728281,0.3798521256931608,0.08326409396323299
15.316455696202532,29.52416238107826,28.93992606284658,0,0.4006764933197782,83.8948336414048,161.0637707948244,1.767097966728281,0.3798521256931608,0.08314843080821598
15.50632911392405,29.52416238107826,28.93992606284658,0,0.4006764933197782,83.8948336414048,161.0637707948244,1.767097966728281,0.3798521256931608,0.08291476068514789
15.69620253164557,29.52416238107826,28.93992606284658,0,0.4006764933197782,83.8948336414048,161.0637707948244,1.767097966728281,0.3798521256931608,0.08256201864082009
15.88607594936709,29.52416238107826,28.93992606284658,0,0.4006764933197782,83.8948336414048,161.0637707948244,1.767097966728281,0.3798521256931608,0.08210185595169855
16.075949367088608,29.52416238107826,28.93992606284658,0,0.4006764933197782,83.8948336414048,161.0637707948244,1.767097966728281,0.3798521256931608,0.0815488725777025
16.265822784810126,29.52416238107826,28.93992606284658,0,0.4006764933197782,83.8948336414048,161.0637707948244,1.767097966728281,0.3798521256931608,0.08091766818771376
16.455696202531648,29.52416238107826,28.93992606284658,0,0.4006764933197782,83.8948336414048,161.0637707948244,1.767097966728281,0.3798521256931608,0.0802227112125265
16.645569620253166,29.52416238107826,28.93992606284658,0,0.4006764933197782,83.8948336414048,161.0637707948244,1.767097966728281,0.3798521256931608,0.07947822945428729
16.835443037974684,29.52416238107826,28.93992606284658,0,0.4006764933197782,83.8948336414048,161.0637707948244,1.767097966728281,0.3798521256931608,0.07869812229466057
17.025316455696203,29.52416238107826,28.93992606284658,0,0.4006764933197782,83.8948336414048,161.0637707948244,1.767097966728281,0.3798521256931608,0.07789589422172032
17.21518987341772,29.52416238107826,28.93992606284658,0,0.4006764933197782,83.8948336414048,161.0637707948244,1.767097966728281,0.3798521256931608,0.07708460913538583
17.405063291139243,29.52416238107826,28.93992606284658,0,0.4006764933197782,83.8948336414048,161.0637707948244,1.767097966728281,0.3798521256931608,0.07627686469358615
17.59493670886076,29.52416238107826,28.93992606284658,0,0.4006764933197782,83.8948336414048,161.0637707948244,1.767097966728281,0.3798521256931608,0.07548478582632963
17.78481012658228,29.52416238107826,28.93992606284658,0,0.4006764933197782,83.8948336414048,161.0637707948244,1.767097966728281,0.3798521256931608,0.0747200364720648
17.974683544303797,29.52416238107826,28.93992606284658,0,0.4006764933197782,83.8948336414048,161.0637707948244,1.767097966728281,0.3798521256931608,0.07399384857924067
18.164556962025316,29.52416238107826,28.93992606284658,0,0.4006764933197782,83.8948336414048,161.0637707948244,1.767097966728281,0.3798521256931608,0.07331706746443267
18.354430379746837,29.52416238107826,28.93992606284658,0,0.4006764933197782,83.8948336414048,161.0637707948244,1.767097966728281,0.3798521256931608,0.07270021272508682
18.544303797468356,29.52416238107826,28.93992606284658,0,0.4006764933197782,83.8948336414048,161.0637707948244,1.767097966728281,0.3798521256931608,0.07215355406804837
18.734177215189874,29.52416238107826,28.93992606284658,0,0.4006764933197782,83.8948336414048,161.0637707948244,1.767097966728281,0.3798521256931608,0.07168720163287384
18.924050632911396,29.52416238107826,28.93992606284658,0,0.4006764933197782,83.8948336414048,161.0637707948244,1.767097966728281,0.3798521256931608,0.07131121066021165
19.11392405063291,29.52416238107826,28.93992606284658,0,0.4006764933197782,83.8948336414048,161.0637707948244,1.767097966728281,0.3798521256931608,0.0710357006796873
19.303797468354432,29.52416238107826,28.93992606284658,0,0.4006764933197782,83.8948336414048,161.0637707948244,1.767097966728281,0.3798521256931608,0.07087098976918273
19.49367088607595,29.52416238107826,28.93992606284658,0,0.4006764933197782,83.8948336414048,161.0637707948244,1.767097966728281,0.3798521256931608,0.07082774486976545
19.68354430379747,29.52416238107826,28.93992606284658,0,0.4006764933197782,83.8948336414048,161.0637707948244,1.767097966728281,0.3798521256931608,0.07091714963086758
19.87341772151899,29.52416238107826,28.93992606284658,0,0.4006764933197782,83.8948336414048,161.0637707948244,1.767097966728281,0.3798521256931608,0.07115109181314061
20.063291139240505,29.52416238107826,28.93992606284658,0,0.4006764933197782,83.8948336414048,161.0637707948244,1.767097966728281,0.3798521256931608,0.07154222024785344
20.253164556962027,29.52416238107826,28.93992606284658,0,0.4006764933197782,83.8948336414048,161.0637707948244,1.767097966728281,0.3798521256931608,0.07209510341265306
20.443037974683545,29.52416238107826,28.93992606284658,0,0.4006764933197782,83.8948336414048,161.0637707948244,1.767097966728281,0.3798521256931608,0.07280094121798897
20.632911392405063,29.52416238107826,28.93992606284658,0,0.4006764933197782,83.8948336414048,161.0637707948244,1.767097966728281,0.3798521256931608,0.07365017697822718
20.822784810126585,29.52416238107826,28.93992606284658,0,0.4006764933197782,83.8948336414048,161.0637707948244,1.767097966728281,0.3798521256931608,0.07463348974761368
21.0126582278481,29.52416238107826,28.93992606284658,0,0.4006764933197782,83.8948336414048,161.0637707948244,1.767097966728281,0.3798521256931608,0.07574158868734773
21.20253164556962,29.52416238107826,28.93992606284658,0,0.4006764933197782,83.8948336414048,161.0637707948244,1.767097966728281,0.3798521256931608,0.07696502275459925
21.39240506329114,29.52416238107826,28.93992606284658,0,0.4006764933197782,83.8948336414048,161.0637707948244,1.767097966728281,0.3798521256931608,0.07829400473230314
21.582278481012658,29.52416238107826,28.93992606284658,0,0.4006764933197782,83.8948336414048,161.0637707948244,1.767097966728281,0.3798521256931608,0.0797182493178164
21.77215189873418,29.52416238107826,28.93992606284658,0,0.4006764933197782,83.8948336414048,161.0637707948244,1.767097966728281,0.3798521256931608,0.08122682561998064
21.962025316455698,29.52416238107826,28.93992606284658,0,0.4006764933197782,83.8948336414048,161.0637707948244,1.767097966728281,0.3798521256931608,0.08280802497727566
22.151898734177216,29.52416238107826,28.93992606284658,0,0.4006764933197782,83.8948336414048,161.0637707948244,1.767097966728281,0.3798521256931608,0.08444924550100705
22.341772151898734,29.52416238107826,28.93992606284658,0,0.4006764933197782,83.8948336414048,161.0637707948244,1.767097966728281,0.3798521256931608,0.08613689516110198
22.531645569620252,29.52416238107826,28.93992606284658,0,0.4006764933197782,83.8948336414048,161.0637707948244,1.767097966728281,0.3798521256931608,0.08785631556083268
22.721518987341774,29.52416238107826,28.93992606284658,0,0.4006764933197782,83.8948336414048,161.0637707948244,1.767097966728281,0.3798521256931608,0.08959172878302989
22.911392405063292,29.52416238107826,28.93992606284658,0,0.4006764933197782,83.8948336414048,161.0637707948244,1.767097966728281,0.3798521256931608,0.09132620982689033
23.10126582278481,29.52416238107826,28.93992606284658,0,0.4006764933197782,83.8948336414048,161.0637707948244,1.767097966728281,0.3798521256931608,0.09304168718561885
23.291139240506332,29.52416238107826,28.93992606284658,0,0.4006764933197782,83.8948336414048,161.0637707948244,1.767097966728281,0.3798521256931608,0.09471897403741912
23.481012658227847,29.52416238107826,28.93992606284658,0,0.4006764933197782,83.8948336414048,161.0637707948244,1.767097966728281,0.3798521256931608,0.0963378323350357
23.67088607594937,29.52416238107826,28.93992606284658,0,0.4006764933197782,83.8948336414048,161.0637707948244,1.767097966728281,0.3798521256931608,0.09787707178450618
23.860759493670887,29.52416238107826,28.93992606284658,0,0.4006764933197782,83.8948336414048,161.0637707948244,1.767097966728281,0.3798521256931608,0.09931468530706976
24.050632911392405,29.52416238107826,28.93992606284658,0,0.4006764933197782,83.8948336414048,161.0637707948244,1.767097966728281,0.3798521256931608,0.10062802208658175
24.240506329113927,29.52416238107826,28.93992606284658,0,0.4006764933197782,83.8948336414048,161.0637707948244,1.767097966728281,0.3798521256931608,0.10179399872651661
24.430379746835442,29.52416238107826,28.93992606284658,0,0.4006764933197782,83.8948336414048,161.0637707948244,1.767097966728281,0.3798521256931608,0.1027893483836304
24.620253164556964,29.52416238107826,28.93992606284658,0,0.4006764933197782,83.8948336414048,161.0637707948244,1.767097966728281,0.3798521256931608,0.10359296925582955
24.810126582278482,29.52416238107826,28.93992606284658,0,0.4006764933197782,83.8948336414048,161.0637707948244,1.767097966728281,0.3798521256931608,0.10421148925599347
25.0,29.52416238107826,28.93992606284658,0,0.4006764933197782,83.8948336414048,161.0637707948244,1.767097966728281,0.3798521256931608,0.10467198087990656
10.0,29.689027296753622,28.93992606284658,0,0.4006764933197782,83.8948336414048,161.0637707948244,1.767097966728281,0.3798521256931608,0.06955176773923945
10.189873417721518,29.689027296753622,28.93992606284658,0,0.4006764933197782,83.8948336414048,161.0637707948244,1.767097966728281,0.3798521256931608,0.06955176773923945
10.379746835443038,29.689027296753622,28.93992606284658,0,0.4006764933197782,83.8948336414048,161.0637707948244,1.767097966728281,0.3798521256931608,0.06955176773923945
10.569620253164556,29.689027296753622,28.93992606284658,0,0.4006764933197782,83.8948336414048,161.0637707948244,1.767097966728281,0.3798521256931608,0.06955176773923945
10.759493670886076,29.689027296753622,28.93992606284658,0,0.4006764933197782,83.8948336414048,161.0637707948244,1.767097966728281,0.3798521256931608,0.06955176773923945
10.949367088607595,29.689027296753622,28.93992606284658,0,0.4006764933197782,83.8948336414048,161.0637707948244,1.767097966728281,0.3798521256931608,0.06955176773923945
11.139240506329115,29.689027296753622,28.93992606284658,0,0.4006764933197782,83.8948336414048,161.0637707948244,1.767097966728281,0.3798521256931608,0.070082578978905
11.329113924050633,29.689027296753622,28.93992606284658,0,0.4006764933197782,83.8948336414048,161.0637707948244,1.767097966728281,0.3798521256931608,0.07083902609121313
11.518987341772153,29.689027296753622,28.93992606284658,0,0.4006764933197782,83.8948336414048,161.0637707948244,1.767097966728281,0.3798521256931608,0.0716281095290843
11.708860759493671,29.689027296753622,28.93992606284658,0,0.4006764933197782,83.8948336414048,161.0637707948244,1.767097966728281,0.3798521256931608,0.07244414033613705
11.89873417721519,29.689027296753622,28.93992606284658,0,0.4006764933197782,83.8948336414048,161.0637707948244,1.767097966728281,0.3798521256931608,0.07328118651980853
12.08860759493671,29.689027296753622,28.93992606284658,0,0.4006764933197782,83.8948336414048,161.0637707948244,1.767097966728281,0.3798521256931608,0.07413305487057888
12.278481012658228,29.689027296753622,28.93992606284658,0,0.4006764933197782,83.8948336414048,161.0637707948244,1.767097966728281,0.3798521256931608,0.07499327763778547
12.468354430379748,29.689027296753622,28.93992606284658,0,0.4006764933197782,83.8948336414048,161.0637707948244,1.767097966728281,0.3798521256931608,0.0758551043778542
12.658227848101266,29.689027296753622,28.93992606284658,0,0.4006764933197782,83.8948336414048,161.0637707948244,1.767097966728281,0.3798521256931608,0.076711499304527
12.848101265822784,29.689027296753622,28.93992606284658,0,0.4006764933197782,83.8948336414048,161.0637707948244,1.767097966728281,0.3798521256931608,0.07755514447374139
13.037974683544304,29.689027296753622,28.93992606284658,0,0.4006764933197782,83.8948336414048,161.0637707948244,1.767097966728281,0.3798521256931608,0.07837844912784936
13.227848101265824,29.689027296753622,28.93992606284658,0,0.4006764933197782,83.8948336414048,161.0637707948244,1.767097966728281,0.3798521256931608,0.07917356550460251
13.417721518987342,29.689027296753622,28.93992606284658,0,0.4006764933197782,83.8948336414048,161.0637707948244,1.767097966728281,0.3798521256931608,0.07993241138557813
13.60759493670886,29.689027296753622,28.93992606284658,0,0.4006764933197782,83.8948336414048,161.0637707948244,1.767097966728281,0.3798521256931608,0.08064669961641087
13.79746835443038,29.689027296753622,28.93992606284658,0,0.4006764933197782,83.8948336414048,161.0637707948244,1.767097966728281,0.3798521256931608,0.08130797477736577
13.987341772151899,29.689027296753622,28.93992606284658,0,0.4006764933197782,83.8948336414048,161.0637707948244,1.767097966728281,0.3798521256931608,0.08190765711751748
14.177215189873419,29.689027296753622,28.93992606284658,0,0.4006764933197782,83.8948336414048,161.0637707948244,1.767097966728281,0.3798521256931608,0.08243709378928599
14.367088607594937,29.689027296753622,28.93992606284658,0,0.4006764933197782,83.8948336414048,161.0637707948244,1.767097966728281,0.3798521256931608,0.08288761733251966
14.556962025316455,29.689027296753622,28.93992606284658,0,0.4006764933197782,83.8948336414048,161.0637707948244,1.767097966728281,0.3798521256931608,0.08325061125893911
14.746835443037975,29.689027296753622,28.93992606284658,0,0.4006764933197782,83.8948336414048,161.0637707948244,1.767097966728281,0.3798521256931608,0.08351758247877802
14.936708860759495,29.689027296753622,28.93992606284658,0,0.4006764933197782,83.8948336414048,161.0637707948244,1.767097966728281,0.3798521256931608,0.08368024019207322
15.126582278481013,29.689027296753622,28.93992606284658,0,0.4006764933197782,83.8948336414048,161.0637707948244,1.767097966728281,0.3798521256931608,0.083730580737466
15.316455696202532,29.689027296753622,28.93992606284658,0,0.4006764933197782,83.8948336414048,161.0637707948244,1.767097966728281,0.3798521256931608,0.0836609777517561
15.50632911392405,29.689027296753622,28.93992606284658,0,0.4006764933197782,83.8948336414048,161.0637707948244,1.767097966728281,0.3798521256931608,0.08346427697519346
15.69620253164557,29.689027296753622,28.93992606284658,0,0.4006764933197782,83.8948336414048,161.0637707948244,1.767097966728281,0.3798521256931608,0.0831377850438575
15.88607594936709,29.689027296753622,28.93992606284658,0,0.4006764933197782,83.8948336414048,161.0637707948244,1.767097966728281,0.3798521256931608,0.08269341466733907
16.075949367088608,29.689027296753622,28.93992606284658,0,0.4006764933197782,83.8948336414048,161.0637707948244,1.767097966728281,0.3798521256931608,0.08214651130591444
16.265822784810126,29.689027296753622,28.93992606284658,0,0.4006764933197782,83.8948336414048,161.0637707948244,1.767097966728281,0.3798521256931608,0.08151247493849749
16.455696202531648,29.689027296753622,28.93992606284658,0,0.4006764933197782,83.8948336414048,161.0637707948244,1.767097966728281,0.3798521256931608,0.08080660862282778
16.645569620253166,29.689027296753622,28.93992606284658,0,0.4006764933197782,83.8948336414048,161.0637707948244,1.767097966728281,0.3798521256931608,0.08004399064992568
16.835443037974684,29.689027296753622,28.93992606284658,0,0.4006764933197782,83.8948336414048,161.0637707948244,1.767097966728281,0.3798521256931608,0.07923937048469201
17.025316455696203,29.689027296753622,28.93992606284658,0,0.4006764933197782,83.8948336414048,161.0637707948244,1.767097966728281,0.3798521256931608,0.07840708829310028
17.21518987341772,29.689027296753622,28.93992606284658,0,0.4006764933197782,83.8948336414048,161.0637707948244,1.767097966728281,0.3798521256931608,0.07756101753540588
17.405063291139243,29.689027296753622,28.93992606284658,0,0.4006764933197782,83.8948336414048,161.0637707948244,1.767097966728281,0.3798521256931608,0.07671452985496222
17.59493670886076,29.689027296753622,28.93992606284658,0,0.4006764933197782,83.8948336414048,161.0637707948244,1.767097966728281,0.3798521256931608,0.07588048131391582
17.78481012658228,29.689027296753622,28.93992606284658,0,0.4006764933197782,83.8948336414048,161.0637707948244,1.767097966728281,0.3798521256931608,0.0750712189200314
17.974683544303797,29.689027296753622,28.93992606284658,0,0.4006764933197782,83.8948336414048,161.0637707948244,1.767097966728281,0.3798521256931608,0.07429860635232868
18.164556962025316,29.689027296753622,28.93992606284658,0,0.4006764933197782,83.8948336414048,161.0637707948244,1.767097966728281,0.3798521256931608,0.07357406782568955
18.354430379746837,29.689027296753622,28.93992606284658,0,0.4006764933197782,83.8948336414048,161.0637707948244,1.767097966728281,0.3798521256931608,0.07290864913416256
18.544303797468356,29.689027296753622,28.93992606284658,0,0.4006764933197782,83.8948336414048,161.0637707948244,1.767097966728281,0.3798521256931608,0.07231309507725185
18.734177215189874,29.689027296753622,28.93992606284658,0,0.4006764933197782,83.8948336414048,161.0637707948244,1.767097966728281,0.3798521256931608,0.07179794270088369
18.924050632911396,29.689027296753622,28.93992606284658,0,0.4006764933197782,83.8948336414048,161.0637707948244,1.767097966728281,0.3798521256931608,0.07137363007321851
19.11392405063291,29.689027296753622,28.93992606284658,0,0.4006764933197782,83.8948336414048,161.0637707948244,1.767097966728281,0.3798521256931608,0.0710506206640687
19.303797468354432,29.689027296753622,28.93992606284658,0,0.4006764933197782,83.8948336414048,161.0637707948244,1.767097966728281,0.3798521256931608,0.07083954380535405
19.49367088607595,29.689027296753622,28.93992606284658,0,0.4006764933197782,83.8948336414048,161.0637707948244,1.767097966728281,0.3798521256931608,0.07075135218027077
19.68354430379747,29.689027296753622,28.93992606284658,0,0.4006764933197782,83.8948336414048,161.0637707948244,1.767097966728281,0.3798521256931608,0.07079749782369185
19.87341772151899,29.689027296753622,28.93992606284658,0,0.4006764933197782,83.8948336414048,161.0637707948244,1.767097966728281,0.3798521256931608,0.07099012872055009
20.063291139240505,29.689027296753622,28.93992606284658,0,0.4006764933197782,83.8948336414048,161.0637707948244,1.767097966728281,0.3798521256931608,0.0713421525488119
20.253164556962027,29.689027296753622,28.93992606284658,0,0.4006764933197782,83.8948336414048,161.0637707948244,1.767097966728281,0.3798521256931608,0.07185819917493327
20.443037974683545,29.689027296753622,28.93992606284658,0,0.4006764933197782,83.8948336414048,161.0637707948244,1.767097966728281,0.3798521256931608,0.07252923962908903
20.632911392405063,29.689027296753622,28.93992606284658,0,0.4006764933197782,83.8948336414048,161.0637707948244,1.767097966728281,0.3798521256931608,0.07334550806223755
20.822784810126585,29.689027296753622,28.93992606284658,0,0.4006764933197782,83.8948336414048,161.0637707948244,1.767097966728281,0.3798521256931608,0.07429751664134517
21.0126582278481,29.689027296753622,28.93992606284658,0,0.4006764933197782,83.8948336414048,161.0637707948244,1.767097966728281,0.3798521256931608,0.07537584429149072
21.20253164556962,29.689027296753622,28.93992606284658,0,0.4006764933197782,83.8948336414048,161.0637707948244,1.767097966728281,0.3798521256931608,0.07657094142738254
21.39240506329114,29.689027296753622,28.93992606284658,0,0.4006764933197782,83.8948336414048,161.0637707948244,1.767097966728281,0.3798521256931608,0.07787294954231978
21.582278481012658,29.689027296753622,28.93992606284658,0,0.4006764933197782,83.8948336414048,161.0637707948244,1.767097966728281,0.3798521256931608,0.0792715352500416
21.77215189873418,29.689027296753622,28.93992606284658,0,0.4006764933197782,83.8948336414048,161.0637707948244,1.767097966728281,0.3798521256931608,0.08075573903187873
21.962025316455698,29.689027296753622,28.93992606284658,0,0.4006764933197782,83.8948336414048,161.0637707948244,1.767097966728281,0.3798521256931608,0.08231383952818468
22.151898734177216,29.689027296753622,28.93992606284658,0,0.4006764933197782,83.8948336414048,161.0637707948244,1.767097966728281,0.3798521256931608,0.08393323472607749
22.341772151898734,29.689027296753622,28.93992606284658,0,0.4006764933197782,83.8948336414048,161.0637707948244,1.767097966728281,0.3798521256931608,0.08560034182954894
22.531645569620252,29.689027296753622,28.93992606284658,0,0.4006764933197782,83.8948336414048,161.0637707948244,1.767097966728281,0.3798521256931608,0.08730051794578933
22.721518987341774,29.689027296753622,28.93992606284658,0,0.4006764933197782,83.8948336414048,161.0637707948244,1.767097966728281,0.3798521256931608,0.08901800397542628
22.911392405063292,29.689027296753622,28.93992606284658,0,0.4006764933197782,83.8948336414048,161.0637707948244,1.767097966728281,0.3798521256931608,0.09073589424681164
23.10126582278481,29.689027296753622,28.93992606284658,0,0.4006764933197782,83.8948336414048,161.0637707948244,1.767097966728281,0.3798521256931608,0.09243613447948734
23.291139240506332,29.689027296753622,28.93992606284658,0,0.4006764933197782,83.8948336414048,161.0637707948244,1.767097966728281,0.3798521256931608,0.09409955059560399
23.481012658227847,29.689027296753622,28.93992606284658,0,0.4006764933197782,83.8948336414048,161.0637707948244,1.767097966728281,0.3798521256931608,0.0957059107192219
23.67088607594937,29.689027296753622,28.93992606284658,0,0.4006764933197782,83.8948336414048,161.0637707948244,1.767097966728281,0.3798521256931608,0.09723402241400904
23.860759493670887,29.689027296753622,28.93992606284658,0,0.4006764933197782,83.8948336414048,161.0637707948244,1.767097966728281,0.3798521256931608,0.09866186681460155
24.050632911392405,29.689027296753622,28.93992606284658,0,0.4006764933197782,83.8948336414048,161.0637707948244,1.767097966728281,0.3798521256931608,0.09996677081285175
24.240506329113927,29.689027296753622,28.93992606284658,0,0.4006764933197782,83.8948336414048,161.0637707948244,1.767097966728281,0.3798521256931608,0.10112561787549319
24.430379746835442,29.689027296753622,28.93992606284658,0,0.4006764933197782,83.8948336414048,161.0637707948244,1.767097966728281,0.3798521256931608,0.10211509740233986
24.620253164556964,29.689027296753622,28.93992606284658,0,0.4006764933197782,83.8948336414048,161.0637707948244,1.767097966728281,0.3798521256931608,0.1029140500016194
24.810126582278482,29.689027296753622,28.93992606284658,0,0.4006764933197782,83.8948336414048,161.0637707948244,1.767097966728281,0.3798521256931608,0.10352898455954603
25.0,29.689027296753622,28.93992606284658,0,0.4006764933197782,83.8948336414048,161.0637707948244,1.767097966728281,0.3798521256931608,0.10398681041319638
10.0,29.853892212428985,28.93992606284658,0,0.4006764933197782,83.8948336414048,161.0637707948244,1.767097966728281,0.3798521256931608,0.07053086427151523
10.189873417721518,29.853892212428985,28.93992606284658,0,0.4006764933197782,83.8948336414048,161.0637707948244,1.767097966728281,0.3798521256931608,0.07053086427151523
10.379746835443038,29.853892212428985,28.93992606284658,0,0.4006764933197782,83.8948336414048,161.0637707948244,1.767097966728281,0.3798521256931608,0.07053086427151523
10.569620253164556,29.853892212428985,28.93992606284658,0,0.4006764933197782,83.8948336414048,161.0637707948244,1.767097966728281,0.3798521256931608,0.07053086427151523
10.759493670886076,29.853892212428985,28.93992606284658,0,0.4006764933197782,83.8948336414048,161.0637707948244,1.767097966728281,0.3798521256931608,0.07053086427151523
10.949367088607595,29.853892212428985,28.93992606284658,0,0.4006764933197782,83.8948336414048,161.0637707948244,1.767097966728281,0.3798521256931608,0.07053086427151523
11.139240506329115,29.853892212428985,28.93992606284658,0,0.4006764933197782,83.8948336414048,161.0637707948244,1.767097966728281,0.3798521256931608,0.07091657855041467
11.329113924050633,29.853892212428985,28.93992606284658,0,0.4006764933197782,83.8948336414048,161.0637707948244,1.767097966728281,0.3798521256931608,0.07149628426829707
11.518987341772153,29.853892212428985,28.93992606284658,0,0.4006764933197782,83.8948336414048,161.0637707948244,1.767097966728281,0.3798521256931608,0.07213187295144674
11.708860759493671,29.853892212428985,28.93992606284658,0,0.4006764933197782,83.8948336414048,161.0637707948244,1.767097966728281,0.3798521256931608,0.07281650551378055
11.89873417721519,29.853892212428985,28.93992606284658,0,0.4006764933197782,83.8948336414048,161.0637707948244,1.767097966728281,0.3798521256931608,0.07354315919678528
12.08860759493671,29.853892212428985,28.93992606284658,0,0.4006764933197782,83.8948336414048,161.0637707948244,1.767097966728281,0.3798521256931608,0.07430458400792227
12.278481012658228,29.853892212428985,28.93992606284658,0,0.4006764933197782,83.8948336414048,161.0637707948244,1.767097966728281,0.3798521256931608,0.07509326601076223
12.468354430379748,29.853892212428985,28.93992606284658,0,0.4006764933197782,83.8948336414048,161.0637707948244,1.767097966728281,0.3798521256931608,0.07590139777489067
12.658227848101266,29.853892212428985,28.93992606284658,0,0.4006764933197782,83.8948336414048,161.0637707948244,1.767097966728281,0.3798521256931608,0.07672085636458664
12.848101265822784,29.853892212428985,28.93992606284658,0,0.4006764933197782,83.8948336414048,161.0637707948244,1.767097966728281,0.3798521256931608,0.07754318929764277
13.037974683544304,29.853892212428985,28.93992606284658,0,0.4006764933197782,83.8948336414048,161.0637707948244,1.767097966728281,0.3798521256931608,0.07835960893871802
13.227848101265824,29.853892212428985,28.93992606284658,0,0.4006764933197782,83.8948336414048,161.0637707948244,1.767097966728281,0.3798521256931608,0.07916099580467054
13.417721518987342,29.853892212428985,28.93992606284658,0,0.4006764933197782,83.8948336414048,161.0637707948244,1.767097966728281,0.3798521256931608,0.07993791125175972
13.60759493670886,29.853892212428985,28.93992606284658,0,0.4006764933197782,83.8948336414048,161.0637707948244,1.767097966728281,0.3798521256931608,0.08068061998598598
13.79746835443038,29.853892212428985,28.93992606284658,0,0.4006764933197782,83.8948336414048,161.0637707948244,1.767097966728281,0.3798521256931608,0.0813791227878357
13.987341772151899,29.853892212428985,28.93992606284658,0,0.4006764933197782,83.8948336414048,161.0637707948244,1.767097966728281,0.3798521256931608,0.08202319977117371
14.177215189873419,29.853892212428985,28.93992606284658,0,0.4006764933197782,83.8948336414048,161.0637707948244,1.767097966728281,0.3798521256931608,0.08260246440300059
14.367088607594937,29.853892212428985,28.93992606284658,0,0.4006764933197782,83.8948336414048,161.0637707948244,1.767097966728281,0.3798521256931608,0.08310642839644573
14.556962025316455,29.853892212428985,28.93992606284658,0,0.4006764933197782,83.8948336414048,161.0637707948244,1.767097966728281,0.3798521256931608,0.08352457745395328
14.746835443037975,29.853892212428985,28.93992606284658,0,0.4006764933197782,83.8948336414048,161.0637707948244,1.767097966728281,0.3798521256931608,0.08384645768146685
14.936708860759495,29.853892212428985,28.93992606284658,0,0.4006764933197782,83.8948336414048,161.0637707948244,1.767097966728281,0.3798521256931608,0.08406177231787988
15.126582278481013,29.853892212428985,28.93992606284658,0,0.4006764933197782,83.8948336414048,161.0637707948244,1.767097966728281,0.3798521256931608,0.08416048822739981
15.316455696202532,29.853892212428985,28.93992606284658,0,0.4006764933197782,83.8948336414048,161.0637707948244,1.767097966728281,0.3798521256931608,0.08413295138613897
15.50632911392405,29.853892212428985,28.93992606284658,0,0.4006764933197782,83.8948336414048,161.0637707948244,1.767097966728281,0.3798521256931608,0.0839700105047554
15.69620253164557,29.853892212428985,28.93992606284658,0,0.4006764933197782,83.8948336414048,161.0637707948244,1.767097966728281,0.3798521256931608,0.0836674873030179
15.88607594936709,29.853892212428985,28.93992606284658,0,0.4006764933197782,83.8948336414048,161.0637707948244,1.767097966728281,0.3798521256931608,0.0832375227561354
16.075949367088608,29.853892212428985,28.93992606284658,0,0.4006764933197782,83.8948336414048,161.0637707948244,1.767097966728281,0.3798521256931608,0.08269613509857779
16.265822784810126,29.853892212428985,28.93992606284658,0,0.4006764933197782,83.8948336414048,161.0637707948244,1.767097966728281,0.3798521256931608,0.0820594524091415
16.455696202531648,29.853892212428985,28.93992606284658,0,0.4006764933197782,83.8948336414048,161.0637707948244,1.767097966728281,0.3798521256931608,0.08134354144374152
16.645569620253166,29.853892212428985,28.93992606284658,0,0.4006764933197782,83.8948336414048,161.0637707948244,1.767097966728281,0.3798521256931608,0.08056426195720626
16.835443037974684,29.853892212428985,28.93992606284658,0,0.4006764933197782,83.8948336414048,161.0637707948244,1.767097966728281,0.3798521256931608,0.07973714686863399
17.025316455696203,29.853892212428985,28.93992606284658,0,0.4006764933197782,83.8948336414048,161.0637707948244,1.767097966728281,0.3798521256931608,0.07887730816385548
17.21518987341772,29.853892212428985,28.93992606284658,0,0.4006764933197782,83.8948336414048,161.0637707948244,1.767097966728281,0.3798521256931608,0.07799936804608286
17.405063291139243,29.853892212428985,28.93992606284658,0,0.4006764933197782,83.8948336414048,161.0637707948244,1.767097966728281,0.3798521256931608,0.07711741454290555
17.59493670886076,29.853892212428985,28.93992606284658,0,0.4006764933197782,83.8948336414048,161.0637707948244,1.767097966728281,0.3798521256931608,0.07624498055505896
17.78481012658228,29.853892212428985,28.93992606284658,0,0.4006764933197782,83.8948336414048,161.0637707948244,1.767097966728281,0.3798521256931608,0.07539504518982854
17.974683544303797,29.853892212428985,28.93992606284658,0,0.4006764933197782,83.8948336414048,161.0637707948244,1.767097966728281,0.3798521256931608,0.074580056158842
18.164556962025316,29.853892212428985,28.93992606284658,0,0.4006764933197782,83.8948336414048,161.0637707948244,1.767097966728281,0.3798521256931608,0.07381197203491727
18.354430379746837,29.853892212428985,28.93992606284658,0,0.4006764933197782,83.8948336414048,161.0637707948244,1.767097966728281,0.3798521256931608,0.07310232325348849
18.544303797468356,29.853892212428985,28.93992606284658,0,0.4006764933197782,83.8948336414048,161.0637707948244,1.767097966728281,0.3798521256931608,0.07246229090845537
18.734177215189874,29.853892212428985,28.93992606284658,0,0.4006764933197782,83.8948336414048,161.0637707948244,1.767097966728281,0.3798521256931608,0.07190280262758966
18.924050632911396,29.853892212428985,28.93992606284658,0,0.4006764933197782,83.8948336414048,161.0637707948244,1.767097966728281,0.3798521256931608,0.07143464511660497
19.11392405063291,29.853892212428985,28.93992606284658,0,0.4006764933197782,83.8948336414048,161.0637707948244,1.767097966728281,0.3798521256931608,0.07106859333220632
19.303797468354432,29.853892212428985,28.93992606284658,0,0.4006764933197782,83.8948336414048,161.0637707948244,1.767097966728281,0.3798521256931608,0.07081555668248433
19.49367088607595,29.853892212428985,28.93992606284658,0,0.4006764933197782,83.8948336414048,161.0637707948244,1.767097966728281,0.3798521256931608,0.07068674315909204
19.68354430379747,29.853892212428985,28.93992606284658,0,0.4006764933197782,83.8948336414048,161.0637707948244,1.767097966728281,0.3798521256931608,0.07069384288274827
19.87341772151899,29.853892212428985,28.93992606284658,0,0.4006764933197782,83.8948336414048,161.0637707948244,1.767097966728281,0.3798521256931608,0.07084923319674293
20.063291139240505,29.853892212428985,28.93992606284658,0,0.4006764933197782,83.8948336414048,161.0637707948244,1.767097966728281,0.3798521256931608,0.07116604873725238
20.253164556962027,29.853892212428985,28.93992606284658,0,0.4006764933197782,83.8948336414048,161.0637707948244,1.767097966728281,0.3798521256931608,0.07164896740606716
20.443037974683545,29.853892212428985,28.93992606284658,0,0.4006764933197782,83.8948336414048,161.0637707948244,1.767097966728281,0.3798521256931608,0.07228874682587194
20.632911392405063,29.853892212428985,28.93992606284658,0,0.4006764933197782,83.8948336414048,161.0637707948244,1.767097966728281,0.3798521256931608,0.07307542651886975
20.822784810126585,29.853892212428985,28.93992606284658,0,0.4006764933197782,83.8948336414048,161.0637707948244,1.767097966728281,0.3798521256931608,0.07399936300569109
21.0126582278481,29.853892212428985,28.93992606284658,0,0.4006764933197782,83.8948336414048,161.0637707948244,1.767097966728281,0.3798521256931608,0.0750510133290153
21.20253164556962,29.853892212428985,28.93992606284658,0,0.4006764933197782,83.8948336414048,161.0637707948244,1.767097966728281,0.3798521256931608,0.07622073519827897
21.39240506329114,29.853892212428985,28.93992606284658,0,0.4006764933197782,83.8948336414048,161.0637707948244,1.767097966728281,0.3798521256931608,0.07749860248197425
21.582278481012658,29.853892212428985,28.93992606284658,0,0.4006764933197782,83.8948336414048,161.0637707948244,1.767097966728281,0.3798521256931608,0.07887423552775355
21.77215189873418,29.853892212428985,28.93992606284658,0,0.4006764933197782,83.8948336414048,161.0637707948244,1.767097966728281,0.3798521256931608,0.08033664647121233
21.962025316455698,29.853892212428985,28.93992606284658,0,0.4006764933197782,83.8948336414048,161.0637707948244,1.767097966728281,0.3798521256931608,0.08187410030251305
22.151898734177216,29.853892212428985,28.93992606284658,0,0.4006764933197782,83.8948336414048,161.0637707948244,1.767097966728281,0.3798521256931608,0.08347399299321354
22.341772151898734,29.853892212428985,28.93992606284658,0,0.4006764933197782,83.8948336414048,161.0637707948244,1.767097966728281,0.3798521256931608,0.08512274843848722
22.531645569620252,29.853892212428985,28.93992606284658,0,0.4006764933197782,83.8948336414048,161.0637707948244,1.767097966728281,0.3798521256931608,0.0868057363352895
22.721518987341774,29.853892212428985,28.93992606284658,0,0.4006764933197782,83.8948336414048,161.0637707948244,1.767097966728281,0.3798521256931608,0.08850721338708119
22.911392405063292,29.853892212428985,28.93992606284658,0,0.4006764933197782,83.8948336414048,161.0637707948244,1.767097966728281,0.3798521256931608,0.09021029039283956
23.10126582278481,29.853892212428985,28.93992606284658,0,0.4006764933197782,83.8948336414048,161.0637707948244,1.767097966728281,0.3798521256931608,0.09189692783590214
23.291139240506332,29.853892212428985,28.93992606284658,0,0.4006764933197782,83.8948336414048,161.0637707948244,1.767097966728281,0.3798521256931608,0.09354796253240627
23.481012658227847,29.853892212428985,28.93992606284658,0,0.4006764933197782,83.8948336414048,161.0637707948244,1.767097966728281,0.3798521256931608,0.0951431677281925
23.67088607594937,29.853892212428985,28.93992606284658,0,0.4006764933197782,83.8948336414048,161.0637707948244,1.767097966728281,0.3798521256931608,0.09666134874854375
23.860759493670887,29.853892212428985,28.93992606284658,0,0.4006764933197782,83.8948336414048,161.0637707948244,1.767097966728281,0.3798521256931608,0.09808047591147287
24.050632911392405,29.853892212428985,28.93992606284658,0,0.4006764933197782,83.8948336414048,161.0637707948244,1.767097966728281,0.3798521256931608,0.09937785591926439
24.240506329113927,29.853892212428985,28.93992606284658,0,0.4006764933197782,83.8948336414048,161.0637707948244,1.767097966728281,0.3798521256931608,0.10053034235264685
24.430379746835442,29.853892212428985,28.93992606284658,0,0.4006764933197782,83.8948336414048,161.0637707948244,1.767097966728281,0.3798521256931608,0.10151458521531376
24.620253164556964,29.853892212428985,28.93992606284658,0,0.4006764933197782,83.8948336414048,161.0637707948244,1.767097966728281,0.3798521256931608,0.10230937335942529
24.810126582278482,29.853892212428985,28.93992606284658,0,0.4006764933197782,83.8948336414048,161.0637707948244,1.767097966728281,0.3798521256931608,0.10292110936086712
25.0,29.853892212428985,28.93992606284658,0,0.4006764933197782,83.8948336414048,161.0637707948244,1.767097966728281,0.3798521256931608,0.10337655705245492
10.0,30.018757128104344,28.93992606284658,0,0.4006764933197782,83.8948336414048,161.0637707948244,1.767097966728281,0.3798521256931608,0.07136906755477429
10.189873417721518,30.018757128104344,28.93992606284658,0,0.4006764933197782,83.8948336414048,161.0637707948244,1.767097966728281,0.3798521256931608,0.07136906755477429
10.379746835443038,30.018757128104344,28.93992606284658,0,0.4006764933197782,83.8948336414048,161.0637707948244,1.767097966728281,0.3798521256931608,0.07136906755477429
10.569620253164556,30.018757128104344,28.93992606284658,0,0.4006764933197782,83.8948336414048,161.0637707948244,1.767097966728281,0.3798521256931608,0.07136906755477429
10.759493670886076,30.018757128104344,28.93992606284658,0,0.4006764933197782,83.8948336414048,161.0637707948244,1.767097966728281,0.3798521256931608,0.07136906755477429
10.949367088607595,30.018757128104344,28.93992606284658,0,0.4006764933197782,83.8948336414048,161.0637707948244,1.767097966728281,0.3798521256931608,0.07136906755477429
11.139240506329115,30.018757128104344,28.93992606284658,0,0.4006764933197782,83.8948336414048,161.0637707948244,1.767097966728281,0.3798521256931608,0.0716262527988612
11.329113924050633,30.018757128104344,28.93992606284658,0,0.4006764933197782,83.8948336414048,161.0637707948244,1.767097966728281,0.3798521256931608,0.07205030688642686
11.518987341772153,30.018757128104344,28.93992606284658,0,0.4006764933197782,83.8948336414048,161.0637707948244,1.767097966728281,0.3798521256931608,0.0725516047761516
11.708860759493671,30.018757128104344,28.93992606284658,0,0.4006764933197782,83.8948336414048,161.0637707948244,1.767097966728281,0.3798521256931608,0.07312203729168422
11.89873417721519,30.018757128104344,28.93992606284658,0,0.4006764933197782,83.8948336414048,161.0637707948244,1.767097966728281,0.3798521256931608,0.07375341609152071
12.08860759493671,30.018757128104344,28.93992606284658,0,0.4006764933197782,83.8948336414048,161.0637707948244,1.767097966728281,0.3798521256931608,0.07443740038692757
12.278481012658228,30.018757128104344,28.93992606284658,0,0.4006764933197782,83.8948336414048,161.0637707948244,1.767097966728281,0.3798521256931608,0.0751654330504718
12.468354430379748,30.018757128104344,28.93992606284658,0,0.4006764933197782,83.8948336414048,161.0637707948244,1.767097966728281,0.3798521256931608,0.07592868626507104
12.658227848101266,30.018757128104344,28.93992606284658,0,0.4006764933197782,83.8948336414048,161.0637707948244,1.767097966728281,0.3798521256931608,0.07671801701962253
12.848101265822784,30.018757128104344,28.93992606284658,0,0.4006764933197782,83.8948336414048,161.0637707948244,1.767097966728281,0.3798521256931608,0.07752393288449895
13.037974683544304,30.018757128104344,28.93992606284658,0,0.4006764933197782,83.8948336414048,161.0637707948244,1.767097966728281,0.3798521256931608,0.0783365685977504
13.227848101265824,30.018757128104344,28.93992606284658,0,0.4006764933197782,83.8948336414048,161.0637707948244,1.767097966728281,0.3798521256931608,0.07914567405976423
13.417721518987342,30.018757128104344,28.93992606284658,0,0.4006764933197782,83.8948336414048,161.0637707948244,1.767097966728281,0.3798521256931608,0.07994061436942267
13.60759493670886,30.018757128104344,28.93992606284658,0,0.4006764933197782,83.8948336414048,161.0637707948244,1.767097966728281,0.3798521256931608,0.08071038253748583
13.79746835443038,30.018757128104344,28.93992606284658,0,0.4006764933197782,83.8948336414048,161.0637707948244,1.767097966728281,0.3798521256931608,0.08144362548228545
13.987341772151899,30.018757128104344,28.93992606284658,0,0.4006764933197782,83.8948336414048,161.0637707948244,1.767097966728281,0.3798521256931608,0.08212868384825253
14.177215189873419,30.018757128104344,28.93992606284658,0,0.4006764933197782,83.8948336414048,161.0637707948244,1.767097966728281,0.3798521256931608,0.08275364608906348
14.367088607594937,30.018757128104344,28.93992606284658,0,0.4006764933197782,83.8948336414048,161.0637707948244,1.767097966728281,0.3798521256931608,0.08330641712425528
14.556962025316455,30.018757128104344,28.93992606284658,0,0.4006764933197782,83.8948336414048,161.0637707948244,1.767097966728281,0.3798521256931608,0.08377480171122464
14.746835443037975,30.018757128104344,28.93992606284658,0,0.4006764933197782,83.8948336414048,161.0637707948244,1.767097966728281,0.3798521256931608,0.0841466024739757
14.936708860759495,30.018757128104344,28.93992606284658,0,0.4006764933197782,83.8948336414048,161.0637707948244,1.767097966728281,0.3798521256931608,0.08440973229625952
15.126582278481013,30.018757128104344,28.93992606284658,0,0.4006764933197782,83.8948336414048,161.0637707948244,1.767097966728281,0.3798521256931608,0.08455234052036409
15.316455696202532,30.018757128104344,28.93992606284658,0,0.4006764933197782,83.8948336414048,161.0637707948244,1.767097966728281,0.3798521256931608,0.08456295209423485
15.50632911392405,30.018757128104344,28.93992606284658,0,0.4006764933197782,83.8948336414048,161.0637707948244,1.767097966728281,0.3798521256931608,0.08443061863911745
15.69620253164557,30.018757128104344,28.93992606284658,0,0.4006764933197782,83.8948336414048,161.0637707948244,1.767097966728281,0.3798521256931608,0.08414982267492743
15.88607594936709,30.018757128104344,28.93992606284658,0,0.4006764933197782,83.8948336414048,161.0637707948244,1.767097966728281,0.3798521256931608,0.08373290462446664
16.075949367088608,30.018757128104344,28.93992606284658,0,0.4006764933197782,83.8948336414048,161.0637707948244,1.767097966728281,0.3798521256931608,0.08319648618039219
16.265822784810126,30.018757128104344,28.93992606284658,0,0.4006764933197782,83.8948336414048,161.0637707948244,1.767097966728281,0.3798521256931608,0.08255735332217443
16.455696202531648,30.018757128104344,28.93992606284658,0,0.4006764933197782,83.8948336414048,161.0637707948244,1.767097966728281,0.3798521256931608,0.08183226644213396
16.645569620253166,30.018757128104344,28.93992606284658,0,0.4006764933197782,83.8948336414048,161.0637707948244,1.767097966728281,0.3798521256931608,0.08103779770256328
16.835443037974684,30.018757128104344,28.93992606284658,0,0.4006764933197782,83.8948336414048,161.0637707948244,1.767097966728281,0.3798521256931608,0.0801901961483163
17.025316455696203,30.018757128104344,28.93992606284658,0,0.4006764933197782,83.8948336414048,161.0637707948244,1.767097966728281,0.3798521256931608,0.07930528056980658
17.21518987341772,30.018757128104344,28.93992606284658,0,0.4006764933197782,83.8948336414048,161.0637707948244,1.767097966728281,0.3798521256931608,0.07839835966819998
17.405063291139243,30.018757128104344,28.93992606284658,0,0.4006764933197782,83.8948336414048,161.0637707948244,1.767097966728281,0.3798521256931608,0.07748417871898175
17.59493670886076,30.018757128104344,28.93992606284658,0,0.4006764933197782,83.8948336414048,161.0637707948244,1.767097966728281,0.3798521256931608,0.07657689166293644
17.78481012658228,30.018757128104344,28.93992606284658,0,0.4006764933197782,83.8948336414048,161.0637707948244,1.767097966728281,0.3798521256931608,0.07569005737513303
17.974683544303797,30.018757128104344,28.93992606284658,0,0.4006764933197782,83.8948336414048,161.0637707948244,1.767097966728281,0.3798521256931608,0.0748366587722318
18.164556962025316,30.018757128104344,28.93992606284658,0,0.4006764933197782,83.8948336414048,161.0637707948244,1.767097966728281,0.3798521256931608,0.07402914341486848
18.354430379746837,30.018757128104344,28.93992606284658,0,0.4006764933197782,83.8948336414048,161.0637707948244,1.767097966728281,0.3798521256931608,0.07327948434287058
18.544303797468356,30.018757128104344,28.93992606284658,0,0.4006764933197782,83.8948336414048,161.0637707948244,1.767097966728281,0.3798521256931608,0.07259926004383387
18.734177215189874,30.018757128104344,28.93992606284658,0,0.4006764933197782,83.8948336414048,161.0637707948244,1.767097966728281,0.3798521256931608,0.07199975269724206
18.924050632911396,30.018757128104344,28.93992606284658,0,0.4006764933197782,83.8948336414048,161.0637707948244,1.767097966728281,0.3798521256931608,0.07149206415411233
19.11392405063291,30.018757128104344,28.93992606284658,0,0.4006764933197782,83.8948336414048,161.0637707948244,1.767097966728281,0.3798521256931608,0.07108724950412854
19.303797468354432,30.018757128104344,28.93992606284658,0,0.4006764933197782,83.8948336414048,161.0637707948244,1.767097966728281,0.3798521256931608,0.07079646854757561
19.49367088607595,30.018757128104344,28.93992606284658,0,0.4006764933197782,83.8948336414048,161.0637707948244,1.767097966728281,0.3798521256931608,0.07063115602901507
19.68354430379747,30.018757128104344,28.93992606284658,0,0.4006764933197782,83.8948336414048,161.0637707948244,1.767097966728281,0.3798521256931608,0.07060321210639109
19.87341772151899,30.018757128104344,28.93992606284658,0,0.4006764933197782,83.8948336414048,161.0637707948244,1.767097966728281,0.3798521256931608,0.07072521522836879
20.063291139240505,30.018757128104344,28.93992606284658,0,0.4006764933197782,83.8948336414048,161.0637707948244,1.767097966728281,0.3798521256931608,0.07101049805135833
20.253164556962027,30.018757128104344,28.93992606284658,0,0.4006764933197782,83.8948336414048,161.0637707948244,1.767097966728281,0.3798521256931608,0.07146377550802276
20.443037974683545,30.018757128104344,28.93992606284658,0,0.4006764933197782,83.8948336414048,161.0637707948244,1.767097966728281,0.3798521256931608,0.07207560830014761
20.632911392405063,30.018757128104344,28.93992606284658,0,0.4006764933197782,83.8948336414048,161.0637707948244,1.767097966728281,0.3798521256931608,0.07283585670046222
20.822784810126585,30.018757128104344,28.93992606284658,0,0.4006764933197782,83.8948336414048,161.0637707948244,1.767097966728281,0.3798521256931608,0.07373473363560411
21.0126582278481,30.018757128104344,28.93992606284658,0,0.4006764933197782,83.8948336414048,161.0637707948244,1.767097966728281,0.3798521256931608,0.07476258341235341
21.20253164556962,30.018757128104344,28.93992606284658,0,0.4006764933197782,83.8948336414048,161.0637707948244,1.767097966728281,0.3798521256931608,0.07590967765573675
21.39240506329114,30.018757128104344,28.93992606284658,0,0.4006764933197782,83.8948336414048,161.0637707948244,1.767097966728281,0.3798521256931608,0.07716602705404023
21.582278481012658,30.018757128104344,28.93992606284658,0,0.4006764933197782,83.8948336414048,161.0637707948244,1.767097966728281,0.3798521256931608,0.07852120828375878
21.77215189873418,30.018757128104344,28.93992606284658,0,0.4006764933197782,83.8948336414048,161.0637707948244,1.767097966728281,0.3798521256931608,0.07996420619003072
21.962025316455698,30.018757128104344,28.93992606284658,0,0.4006764933197782,83.8948336414048,161.0637707948244,1.767097966728281,0.3798521256931608,0.08148327192633742
22.151898734177216,30.018757128104344,28.93992606284658,0,0.4006764933197782,83.8948336414048,161.0637707948244,1.767097966728281,0.3798521256931608,0.08306579830893178
22.341772151898734,30.018757128104344,28.93992606284658,0,0.4006764933197782,83.8948336414048,161.0637707948244,1.767097966728281,0.3798521256931608,0.08469821411149259
22.531645569620252,30.018757128104344,28.93992606284658,0,0.4006764933197782,83.8948336414048,161.0637707948244,1.767097966728281,0.3798521256931608,0.0863658994069284
22.721518987341774,30.018757128104344,28.93992606284658,0,0.4006764933197782,83.8948336414048,161.0637707948244,1.767097966728281,0.3798521256931608,0.08805312434813752
22.911392405063292,30.018757128104344,28.93992606284658,0,0.4006764933197782,83.8948336414048,161.0637707948244,1.767097966728281,0.3798521256931608,0.08974301396009988
23.10126582278481,30.018757128104344,28.93992606284658,0,0.4006764933197782,83.8948336414048,161.0637707948244,1.767097966728281,0.3798521256931608,0.09141754158523784
23.291139240506332,30.018757128104344,28.93992606284658,0,0.4006764933197782,83.8948336414048,161.0637707948244,1.767097966728281,0.3798521256931608,0.09305755357796554
23.481012658227847,30.018757128104344,28.93992606284658,0,0.4006764933197782,83.8948336414048,161.0637707948244,1.767097966728281,0.3798521256931608,0.09464282768082417
23.67088607594937,30.018757128104344,28.93992606284658,0,0.4006764933197782,83.8948336414048,161.0637707948244,1.767097966728281,0.3798521256931608,0.0961521672347674
23.860759493670887,30.018757128104344,28.93992606284658,0,0.4006764933197782,83.8948336414048,161.0637707948244,1.767097966728281,0.3798521256931608,0.09756353298414511
24.050632911392405,30.018757128104344,28.93992606284658,0,0.4006764933197782,83.8948336414048,161.0637707948244,1.767097966728281,0.3798521256931608,0.09885421373935255
24.240506329113927,30.018757128104344,28.93992606284658,0,0.4006764933197782,83.8948336414048,161.0637707948244,1.767097966728281,0.3798521256931608,0.10000103656488595
24.430379746835442,30.018757128104344,28.93992606284658,0,0.4006764933197782,83.8948336414048,161.0637707948244,1.767097966728281,0.3798521256931608,0.10098061647567987
24.620253164556964,30.018757128104344,28.93992606284658,0,0.4006764933197782,83.8948336414048,161.0637707948244,1.767097966728281,0.3798521256931608,0.10177169631559417
24.810126582278482,30.018757128104344,28.93992606284658,0,0.4006764933197782,83.8948336414048,161.0637707948244,1.767097966728281,0.3798521256931608,0.1023805840553624
25.0,30.018757128104344,28.93992606284658,0,0.4006764933197782,83.8948336414048,161.0637707948244,1.767097966728281,0.3798521256931608,0.1028339140007226
10.0,30.183622043779707,28.93992606284658,0,0.4006764933197782,83.8948336414048,161.0637707948244,1.767097966728281,0.3798521256931608,0.07206683190028436
10.189873417721518,30.183622043779707,28.93992606284658,0,0.4006764933197782,83.8948336414048,161.0637707948244,1.767097966728281,0.3798521256931608,0.07206683190028436
10.379746835443038,30.183622043779707,28.93992606284658,0,0.4006764933197782,83.8948336414048,161.0637707948244,1.767097966728281,0.3798521256931608,0.07206683190028436
10.569620253164556,30.183622043779707,28.93992606284658,0,0.4006764933197782,83.8948336414048,161.0637707948244,1.767097966728281,0.3798521256931608,0.07206683190028436
10.759493670886076,30.183622043779707,28.93992606284658,0,0.4006764933197782,83.8948336414048,161.0637707948244,1.767097966728281,0.3798521256931608,0.07206683190028436
10.949367088607595,30.183622043779707,28.93992606284658,0,0.4006764933197782,83.8948336414048,161.0637707948244,1.767097966728281,0.3798521256931608,0.07206683190028436
11.139240506329115,30.183622043779707,28.93992606284658,0,0.4006764933197782,83.8948336414048,161.0637707948244,1.767097966728281,0.3798521256931608,0.07221236010920233
11.329113924050633,30.183622043779707,28.93992606284658,0,0.4006764933197782,83.8948336414048,161.0637707948244,1.767097966728281,0.3798521256931608,0.07250194901248974
11.518987341772153,30.183622043779707,28.93992606284658,0,0.4006764933197782,83.8948336414048,161.0637707948244,1.767097966728281,0.3798521256931608,0.07288799264965942
11.708860759493671,30.183622043779707,28.93992606284658,0,0.4006764933197782,83.8948336414048,161.0637707948244,1.767097966728281,0.3798521256931608,0.07336108570619765
11.89873417721519,30.183622043779707,28.93992606284658,0,0.4006764933197782,83.8948336414048,161.0637707948244,1.767097966728281,0.3798521256931608,0.07391187507804162
12.08860759493671,30.183622043779707,28.93992606284658,0,0.4006764933197782,83.8948336414048,161.0637707948244,1.767097966728281,0.3798521256931608,0.0745309544997701
12.278481012658228,30.183622043779707,28.93992606284658,0,0.4006764933197782,83.8948336414048,161.0637707948244,1.767097966728281,0.3798521256931608,0.07520877155169332
12.468354430379748,30.183622043779707,28.93992606284658,0,0.4006764933197782,83.8948336414048,161.0637707948244,1.767097966728281,0.3798521256931608,0.07593554690212267
12.658227848101266,30.183622043779707,28.93992606284658,0,0.4006764933197782,83.8948336414048,161.0637707948244,1.767097966728281,0.3798521256931608,0.07670120590501406
12.848101265822784,30.183622043779707,28.93992606284658,0,0.4006764933197782,83.8948336414048,161.0637707948244,1.767097966728281,0.3798521256931608,0.07749532289570242
13.037974683544304,30.183622043779707,28.93992606284658,0,0.4006764933197782,83.8948336414048,161.0637707948244,1.767097966728281,0.3798521256931608,0.07830707870809354
13.227848101265824,30.183622043779707,28.93992606284658,0,0.4006764933197782,83.8948336414048,161.0637707948244,1.767097966728281,0.3798521256931608,0.07912523207453477
13.417721518987342,30.183622043779707,28.93992606284658,0,0.4006764933197782,83.8948336414048,161.0637707948244,1.767097966728281,0.3798521256931608,0.07993810566335982
13.60759493670886,30.183622043779707,28.93992606284658,0,0.4006764933197782,83.8948336414048,161.0637707948244,1.767097966728281,0.3798521256931608,0.08073358755743223
13.79746835443038,30.183622043779707,28.93992606284658,0,0.4006764933197782,83.8948336414048,161.0637707948244,1.767097966728281,0.3798521256931608,0.08149914897862347
13.987341772151899,30.183622043779707,28.93992606284658,0,0.4006764933197782,83.8948336414048,161.0637707948244,1.767097966728281,0.3798521256931608,0.08222187901701303
14.177215189873419,30.183622043779707,28.93992606284658,0,0.4006764933197782,83.8948336414048,161.0637707948244,1.767097966728281,0.3798521256931608,0.082888537028976
14.367088607594937,30.183622043779707,28.93992606284658,0,0.4006764933197782,83.8948336414048,161.0637707948244,1.767097966728281,0.3798521256931608,0.08348562322492004
14.556962025316455,30.183622043779707,28.93992606284658,0,0.4006764933197782,83.8948336414048,161.0637707948244,1.767097966728281,0.3798521256931608,0.0839994677752861
14.746835443037975,30.183622043779707,28.93992606284658,0,0.4006764933197782,83.8948336414048,161.0637707948244,1.767097966728281,0.3798521256931608,0.08441633852288821
14.936708860759495,30.183622043779707,28.93992606284658,0,0.4006764933197782,83.8948336414048,161.0637707948244,1.767097966728281,0.3798521256931608,0.0847225671012903
15.126582278481013,30.183622043779707,28.93992606284658,0,0.4006764933197782,83.8948336414048,161.0637707948244,1.767097966728281,0.3798521256931608,0.08490469292334167
15.316455696202532,30.183622043779707,28.93992606284658,0,0.4006764933197782,83.8948336414048,161.0637707948244,1.767097966728281,0.3798521256931608,0.08494962412187722
15.50632911392405,30.183622043779707,28.93992606284658,0,0.4006764933197782,83.8948336414048,161.0637707948244,1.767097966728281,0.3798521256931608,0.08484481426836406
15.69620253164557,30.183622043779707,28.93992606284658,0,0.4006764933197782,83.8948336414048,161.0637707948244,1.767097966728281,0.3798521256931608,0.08458355326229623
15.88607594936709,30.183622043779707,28.93992606284658,0,0.4006764933197782,83.8948336414048,161.0637707948244,1.767097966728281,0.3798521256931608,0.08417835592011214
16.075949367088608,30.183622043779707,28.93992606284658,0,0.4006764933197782,83.8948336414048,161.0637707948244,1.767097966728281,0.3798521256931608,0.0836463813112234
16.265822784810126,30.183622043779707,28.93992606284658,0,0.4006764933197782,83.8948336414048,161.0637707948244,1.767097966728281,0.3798521256931608,0.08300500517984465
16.455696202531648,30.183622043779707,28.93992606284658,0,0.4006764933197782,83.8948336414048,161.0637707948244,1.767097966728281,0.3798521256931608,0.08227161259175314
16.645569620253166,30.183622043779707,28.93992606284658,0,0.4006764933197782,83.8948336414048,161.0637707948244,1.767097966728281,0.3798521256931608,0.08146341939590988
16.835443037974684,30.183622043779707,28.93992606284658,0,0.4006764933197782,83.8948336414048,161.0637707948244,1.767097966728281,0.3798521256931608,0.08059732319680103
17.025316455696203,30.183622043779707,28.93992606284658,0,0.4006764933197782,83.8948336414048,161.0637707948244,1.767097966728281,0.3798521256931608,0.07968978393795761
17.21518987341772,30.183622043779707,28.93992606284658,0,0.4006764933197782,83.8948336414048,161.0637707948244,1.767097966728281,0.3798521256931608,0.07875673369525805
17.405063291139243,30.183622043779707,28.93992606284658,0,0.4006764933197782,83.8948336414048,161.0637707948244,1.767097966728281,0.3798521256931608,0.07781351487185187
17.59493670886076,30.183622043779707,28.93992606284658,0,0.4006764933197782,83.8948336414048,161.0637707948244,1.767097966728281,0.3798521256931608,0.07687484567601639
17.78481012658228,30.183622043779707,28.93992606284658,0,0.4006764933197782,83.8948336414048,161.0637707948244,1.767097966728281,0.3798521256931608,0.07595481154951424
17.974683544303797,30.183622043779707,28.93992606284658,0,0.4006764933197782,83.8948336414048,161.0637707948244,1.767097966728281,0.3798521256931608,0.07506688109666632
18.164556962025316,30.183622043779707,28.93992606284658,0,0.4006764933197782,83.8948336414048,161.0637707948244,1.767097966728281,0.3798521256931608,0.07422394504206128
18.354430379746837,30.183622043779707,28.93992606284658,0,0.4006764933197782,83.8948336414048,161.0637707948244,1.767097966728281,0.3798521256931608,0.07343837681528391
18.544303797468356,30.183622043779707,28.93992606284658,0,0.4006764933197782,83.8948336414048,161.0637707948244,1.767097966728281,0.3798521256931608,0.07272211352127994
18.734177215189874,30.183622043779707,28.93992606284658,0,0.4006764933197782,83.8948336414048,161.0637707948244,1.767097966728281,0.3798521256931608,0.0720867563016925
18.924050632911396,30.183622043779707,28.93992606284658,0,0.4006764933197782,83.8948336414048,161.0637707948244,1.767097966728281,0.3798521256931608,0.07154368942251564
19.11392405063291,30.183622043779707,28.93992606284658,0,0.4006764933197782,83.8948336414048,161.0637707948244,1.767097966728281,0.3798521256931608,0.07110421783427233
19.303797468354432,30.183622043779707,28.93992606284658,0,0.4006764933197782,83.8948336414048,161.0637707948244,1.767097966728281,0.3798521256931608,0.0707797234413923
19.49367088607595,30.183622043779707,28.93992606284658,0,0.4006764933197782,83.8948336414048,161.0637707948244,1.767097966728281,0.3798521256931608,0.07058184088809683
19.68354430379747,30.183622043779707,28.93992606284658,0,0.4006764933197782,83.8948336414048,161.0637707948244,1.767097966728281,0.3798521256931608,0.07052265432164036
19.87341772151899,30.183622043779707,28.93992606284658,0,0.4006764933197782,83.8948336414048,161.0637707948244,1.767097966728281,0.3798521256931608,0.0706149173355343
20.063291139240505,30.183622043779707,28.93992606284658,0,0.4006764933197782,83.8948336414048,161.0637707948244,1.767097966728281,0.3798521256931608,0.07087213423454966
20.253164556962027,30.183622043779707,28.93992606284658,0,0.4006764933197782,83.8948336414048,161.0637707948244,1.767097966728281,0.3798521256931608,0.07129904796621889
20.443037974683545,30.183622043779707,28.93992606284658,0,0.4006764933197782,83.8948336414048,161.0637707948244,1.767097966728281,0.3798521256931608,0.07188603957038846
20.632911392405063,30.183622043779707,28.93992606284658,0,0.4006764933197782,83.8948336414048,161.0637707948244,1.767097966728281,0.3798521256931608,0.07262280609249751
20.822784810126585,30.183622043779707,28.93992606284658,0,0.4006764933197782,83.8948336414048,161.0637707948244,1.767097966728281,0.3798521256931608,0.07349942955331387
21.0126582278481,30.183622043779707,28.93992606284658,0,0.4006764933197782,83.8948336414048,161.0637707948244,1.767097966728281,0.3798521256931608,0.07450615130975087
21.20253164556962,30.183622043779707,28.93992606284658,0,0.4006764933197782,83.8948336414048,161.0637707948244,1.767097966728281,0.3798521256931608,0.0756331641733017
21.39240506329114,30.183622043779707,28.93992606284658,0,0.4006764933197782,83.8948336414048,161.0637707948244,1.767097966728281,0.3798521256931608,0.07687042076030416
21.582278481012658,30.183622043779707,28.93992606284658,0,0.4006764933197782,83.8948336414048,161.0637707948244,1.767097966728281,0.3798521256931608,0.07820745734844964
21.77215189873418,30.183622043779707,28.93992606284658,0,0.4006764933197782,83.8948336414048,161.0637707948244,1.767097966728281,0.3798521256931608,0.07963323323641622
21.962025316455698,30.183622043779707,28.93992606284658,0,0.4006764933197782,83.8948336414048,161.0637707948244,1.767097966728281,0.3798521256931608,0.08113598624990828
22.151898734177216,30.183622043779707,28.93992606284658,0,0.4006764933197782,83.8948336414048,161.0637707948244,1.767097966728281,0.3798521256931608,0.08270310560584279
22.341772151898734,30.183622043779707,28.93992606284658,0,0.4006764933197782,83.8948336414048,161.0637707948244,1.767097966728281,0.3798521256931608,0.0843210238320843
22.531645569620252,30.183622043779707,28.93992606284658,0,0.4006764933197782,83.8948336414048,161.0637707948244,1.767097966728281,0.3798521256931608,0.08597512983610316
22.721518987341774,30.183622043779707,28.93992606284658,0,0.4006764933197782,83.8948336414048,161.0637707948244,1.767097966728281,0.3798521256931608,0.08764970551427174
22.911392405063292,30.183622043779707,28.93992606284658,0,0.4006764933197782,83.8948336414048,161.0637707948244,1.767097966728281,0.3798521256931608,0.0893278884862687
23.10126582278481,30.183622043779707,28.93992606284658,0,0.4006764933197782,83.8948336414048,161.0637707948244,1.767097966728281,0.3798521256931608,0.0909916636193299
23.291139240506332,30.183622043779707,28.93992606284658,0,0.4006764933197782,83.8948336414048,161.0637707948244,1.767097966728281,0.3798521256931608,0.09262188596997012
23.481012658227847,30.183622043779707,28.93992606284658,0,0.4006764933197782,83.8948336414048,161.0637707948244,1.767097966728281,0.3798521256931608,0.09419833761406199
23.67088607594937,30.183622043779707,28.93992606284658,0,0.4006764933197782,83.8948336414048,161.0637707948244,1.767097966728281,0.3798521256931608,0.09569982056068474
23.860759493670887,30.183622043779707,28.93992606284658,0,0.4006764933197782,83.8948336414048,161.0637707948244,1.767097966728281,0.3798521256931608,0.09710428755477962
24.050632911392405,30.183622043779707,28.93992606284658,0,0.4006764933197782,83.8948336414048,161.0637707948244,1.767097966728281,0.3798521256931608,0.0983890120748322
24.240506329113927,30.183622043779707,28.93992606284658,0,0.4006764933197782,83.8948336414048,161.0637707948244,1.767097966728281,0.3798521256931608,0.09953079823231868
24.430379746835442,30.183622043779707,28.93992606284658,0,0.4006764933197782,83.8948336414048,161.0637707948244,1.767097966728281,0.3798521256931608,0.10050623058756843
24.620253164556964,30.183622043779707,28.93992606284658,0,0.4006764933197782,83.8948336414048,161.0637707948244,1.767097966728281,0.3798521256931608,0.10129401172073478
24.810126582278482,30.183622043779707,28.93992606284658,0,0.4006764933197782,83.8948336414048,161.0637707948244,1.767097966728281,0.3798521256931608,0.10190036575188552
25.0,30.183622043779707,28.93992606284658,0,0.4006764933197782,83.8948336414048,161.0637707948244,1.767097966728281,0.3798521256931608,0.10235181180279083
10.0,30.34848695945507,28.93992606284658,0,0.4006764933197782,83.8948336414048,161.0637707948244,1.767097966728281,0.3798521256931608,0.07262560159045926
10.189873417721518,30.34848695945507,28.93992606284658,0,0.4006764933197782,83.8948336414048,161.0637707948244,1.767097966728281,0.3798521256931608,0.07262560159045926
10.379746835443038,30.34848695945507,28.93992606284658,0,0.4006764933197782,83.8948336414048,161.0637707948244,1.767097966728281,0.3798521256931608,0.07262560159045926
10.569620253164556,30.34848695945507,28.93992606284658,0,0.4006764933197782,83.8948336414048,161.0637707948244,1.767097966728281,0.3798521256931608,0.07262560159045926
10.759493670886076,30.34848695945507,28.93992606284658,0,0.4006764933197782,83.8948336414048,161.0637707948244,1.767097966728281,0.3798521256931608,0.07262560159045926
10.949367088607595,30.34848695945507,28.93992606284658,0,0.4006764933197782,83.8948336414048,161.0637707948244,1.767097966728281,0.3798521256931608,0.07262560159045926
11.139240506329115,30.34848695945507,28.93992606284658,0,0.4006764933197782,83.8948336414048,161.0637707948244,1.767097966728281,0.3798521256931608,0.07267640231741411
11.329113924050633,30.34848695945507,28.93992606284658,0,0.4006764933197782,83.8948336414048,161.0637707948244,1.767097966728281,0.3798521256931608,0.07285255314366536
11.518987341772153,30.34848695945507,28.93992606284658,0,0.4006764933197782,83.8948336414048,161.0637707948244,1.767097966728281,0.3798521256931608,0.073142030654799
11.708860759493671,30.34848695945507,28.93992606284658,0,0.4006764933197782,83.8948336414048,161.0637707948244,1.767097966728281,0.3798521256931608,0.0735341842263553
11.89873417721519,30.34848695945507,28.93992606284658,0,0.4006764933197782,83.8948336414048,161.0637707948244,1.767097966728281,0.3798521256931608,0.07401855780273583
12.08860759493671,30.34848695945507,28.93992606284658,0,0.4006764933197782,83.8948336414048,161.0637707948244,1.767097966728281,0.3798521256931608,0.07458475205682832
12.278481012658228,30.34848695945507,28.93992606284658,0,0.4006764933197782,83.8948336414048,161.0637707948244,1.767097966728281,0.3798521256931608,0.07522230217599742
12.468354430379748,30.34848695945507,28.93992606284658,0,0.4006764933197782,83.8948336414048,161.0637707948244,1.767097966728281,0.3798521256931608,0.07592057073813198
12.658227848101266,30.34848695945507,28.93992606284658,0,0.4006764933197782,83.8948336414048,161.0637707948244,1.767097966728281,0.3798521256931608,0.07666865552765564
12.848101265822784,30.34848695945507,28.93992606284658,0,0.4006764933197782,83.8948336414048,161.0637707948244,1.767097966728281,0.3798521256931608,0.07745531247215019
13.037974683544304,30.34848695945507,28.93992606284658,0,0.4006764933197782,83.8948336414048,161.0637707948244,1.767097966728281,0.3798521256931608,0.07826889415573063
13.227848101265824,30.34848695945507,28.93992606284658,0,0.4006764933197782,83.8948336414048,161.0637707948244,1.767097966728281,0.3798521256931608,0.07909730458491036
13.417721518987342,30.34848695945507,28.93992606284658,0,0.4006764933197782,83.8948336414048,161.0637707948244,1.767097966728281,0.3798521256931608,0.07992797104503728
13.60759493670886,30.34848695945507,28.93992606284658,0,0.4006764933197782,83.8948336414048,161.0637707948244,1.767097966728281,0.3798521256931608,0.08074783398879237
13.79746835443038,30.34848695945507,28.93992606284658,0,0.4006764933197782,83.8948336414048,161.0637707948244,1.767097966728281,0.3798521256931608,0.08154335594096494
13.987341772151899,30.34848695945507,28.93992606284658,0,0.4006764933197782,83.8948336414048,161.0637707948244,1.767097966728281,0.3798521256931608,0.08230055038417604
14.177215189873419,30.34848695945507,28.93992606284658,0,0.4006764933197782,83.8948336414048,161.0637707948244,1.767097966728281,0.3798521256931608,0.08300503150722585
14.367088607594937,30.34848695945507,28.93992606284658,0,0.4006764933197782,83.8948336414048,161.0637707948244,1.767097966728281,0.3798521256931608,0.08364208555058374
14.556962025316455,30.34848695945507,28.93992606284658,0,0.4006764933197782,83.8948336414048,161.0637707948244,1.767097966728281,0.3798521256931608,0.08419676427203224
14.746835443037975,30.34848695945507,28.93992606284658,0,0.4006764933197782,83.8948336414048,161.0637707948244,1.767097966728281,0.3798521256931608,0.08465400077988472
14.936708860759495,30.34848695945507,28.93992606284658,0,0.4006764933197782,83.8948336414048,161.0637707948244,1.767097966728281,0.3798521256931608,0.08499874764213931
15.126582278481013,30.34848695945507,28.93992606284658,0,0.4006764933197782,83.8948336414048,161.0637707948244,1.767097966728281,0.3798521256931608,0.08521613677819263
15.316455696202532,30.34848695945507,28.93992606284658,0,0.4006764933197782,83.8948336414048,161.0637707948244,1.767097966728281,0.3798521256931608,0.0852916601761588
15.50632911392405,30.34848695945507,28.93992606284658,0,0.4006764933197782,83.8948336414048,161.0637707948244,1.767097966728281,0.3798521256931608,0.08521137013651027
15.69620253164557,30.34848695945507,28.93992606284658,0,0.4006764933197782,83.8948336414048,161.0637707948244,1.767097966728281,0.3798521256931608,0.08496751009001022
15.88607594936709,30.34848695945507,28.93992606284658,0,0.4006764933197782,83.8948336414048,161.0637707948244,1.767097966728281,0.3798521256931608,0.08457274741260574
16.075949367088608,30.34848695945507,28.93992606284658,0,0.4006764933197782,83.8948336414048,161.0637707948244,1.767097966728281,0.3798521256931608,0.08404471554755913
16.265822784810126,30.34848695945507,28.93992606284658,0,0.4006764933197782,83.8948336414048,161.0637707948244,1.767097966728281,0.3798521256931608,0.08340131398876102
16.455696202531648,30.34848695945507,28.93992606284658,0,0.4006764933197782,83.8948336414048,161.0637707948244,1.767097966728281,0.3798521256931608,0.08266048483766905
16.645569620253166,30.34848695945507,28.93992606284658,0,0.4006764933197782,83.8948336414048,161.0637707948244,1.767097966728281,0.3798521256931608,0.08184001959811542
16.835443037974684,30.34848695945507,28.93992606284658,0,0.4006764933197782,83.8948336414048,161.0637707948244,1.767097966728281,0.3798521256931608,0.08095739707301894
17.025316455696203,30.34848695945507,28.93992606284658,0,0.4006764933197782,83.8948336414048,161.0637707948244,1.767097966728281,0.3798521256931608,0.08002965256926277
17.21518987341772,30.34848695945507,28.93992606284658,0,0.4006764933197782,83.8948336414048,161.0637707948244,1.767097966728281,0.3798521256931608,0.07907327805952395
17.405063291139243,30.34848695945507,28.93992606284658,0,0.4006764933197782,83.8948336414048,161.0637707948244,1.767097966728281,0.3798521256931608,0.07810415249439581
17.59493670886076,30.34848695945507,28.93992606284658,0,0.4006764933197782,83.8948336414048,161.0637707948244,1.767097966728281,0.3798521256931608,0.07713750110617434
17.78481012658228,30.34848695945507,28.93992606284658,0,0.4006764933197782,83.8948336414048,161.0637707948244,1.767097966728281,0.3798521256931608,0.07618788229797402
17.974683544303797,30.34848695945507,28.93992606284658,0,0.4006764933197782,83.8948336414048,161.0637707948244,1.767097966728281,0.3798521256931608,0.07526920056823289
18.164556962025316,30.34848695945507,28.93992606284658,0,0.4006764933197782,83.8948336414048,161.0637707948244,1.767097966728281,0.3798521256931608,0.07439474387989367
18.354430379746837,30.34848695945507,28.93992606284658,0,0.4006764933197782,83.8948336414048,161.0637707948244,1.767097966728281,0.3798521256931608,0.07357724394326534
18.544303797468356,30.34848695945507,28.93992606284658,0,0.4006764933197782,83.8948336414048,161.0637707948244,1.767097966728281,0.3798521256931608,0.07282895803858035
18.734177215189874,30.34848695945507,28.93992606284658,0,0.4006764933197782,83.8948336414048,161.0637707948244,1.767097966728281,0.3798521256931608,0.07216177125492604
18.924050632911396,30.34848695945507,28.93992606284658,0,0.4006764933197782,83.8948336414048,161.0637707948244,1.767097966728281,0.3798521256931608,0.07158731836294083
19.11392405063291,30.34848695945507,28.93992606284658,0,0.4006764933197782,83.8948336414048,161.0637707948244,1.767097966728281,0.3798521256931608,0.07111712496649913
19.303797468354432,30.34848695945507,28.93992606284658,0,0.4006764933197782,83.8948336414048,161.0637707948244,1.767097966728281,0.3798521256931608,0.07076276809189326
19.49367088607595,30.34848695945507,28.93992606284658,0,0.4006764933197782,83.8948336414048,161.0637707948244,1.767097966728281,0.3798521256931608,0.0705360569719816
19.68354430379747,30.34848695945507,28.93992606284658,0,0.4006764933197782,83.8948336414048,161.0637707948244,1.767097966728281,0.3798521256931608,0.07044923546998554
19.87341772151899,30.34848695945507,28.93992606284658,0,0.4006764933197782,83.8948336414048,161.0637707948244,1.767097966728281,0.3798521256931608,0.07051520836847278
20.063291139240505,30.34848695945507,28.93992606284658,0,0.4006764933197782,83.8948336414048,161.0637707948244,1.767097966728281,0.3798521256931608,0.07074762747165086
20.253164556962027,30.34848695945507,28.93992606284658,0,0.4006764933197782,83.8948336414048,161.0637707948244,1.767097966728281,0.3798521256931608,0.07115125639137419
20.443037974683545,30.34848695945507,28.93992606284658,0,0.4006764933197782,83.8948336414048,161.0637707948244,1.767097966728281,0.3798521256931608,0.07171631431729214
20.632911392405063,30.34848695945507,28.93992606284658,0,0.4006764933197782,83.8948336414048,161.0637707948244,1.767097966728281,0.3798521256931608,0.07243235154977179
20.822784810126585,30.34848695945507,28.93992606284658,0,0.4006764933197782,83.8948336414048,161.0637707948244,1.767097966728281,0.3798521256931608,0.07328933236932986
21.0126582278481,30.34848695945507,28.93992606284658,0,0.4006764933197782,83.8948336414048,161.0637707948244,1.767097966728281,0.3798521256931608,0.07427740547119017
21.20253164556962,30.34848695945507,28.93992606284658,0,0.4006764933197782,83.8948336414048,161.0637707948244,1.767097966728281,0.3798521256931608,0.07538669265493217
21.39240506329114,30.34848695945507,28.93992606284658,0,0.4006764933197782,83.8948336414048,161.0637707948244,1.767097966728281,0.3798521256931608,0.0766070941336706
21.582278481012658,30.34848695945507,28.93992606284658,0,0.4006764933197782,83.8948336414048,161.0637707948244,1.767097966728281,0.3798521256931608,0.07792810964750424
21.77215189873418,30.34848695945507,28.93992606284658,0,0.4006764933197782,83.8948336414048,161.0637707948244,1.767097966728281,0.3798521256931608,0.07933867530644104
21.962025316455698,30.34848695945507,28.93992606284658,0,0.4006764933197782,83.8948336414048,161.0637707948244,1.767097966728281,0.3798521256931608,0.0808270167507726
22.151898734177216,30.34848695945507,28.93992606284658,0,0.4006764933197782,83.8948336414048,161.0637707948244,1.767097966728281,0.3798521256931608,0.08238051980042499
22.341772151898734,30.34848695945507,28.93992606284658,0,0.4006764933197782,83.8948336414048,161.0637707948244,1.767097966728281,0.3798521256931608,0.0839856202644996
22.531645569620252,30.34848695945507,28.93992606284658,0,0.4006764933197782,83.8948336414048,161.0637707948244,1.767097966728281,0.3798521256931608,0.08562771499125904
22.721518987341774,30.34848695945507,28.93992606284658,0,0.4006764933197782,83.8948336414048,161.0637707948244,1.767097966728281,0.3798521256931608,0.08729109654923141
22.911392405063292,30.34848695945507,28.93992606284658,0,0.4006764933197782,83.8948336414048,161.0637707948244,1.767097966728281,0.3798521256931608,0.08895891413382306
23.10126582278481,30.34848695945507,28.93992606284658,0,0.4006764933197782,83.8948336414048,161.0637707948244,1.767097966728281,0.3798521256931608,0.0906131633837434
23.291139240506332,30.34848695945507,28.93992606284658,0,0.4006764933197782,83.8948336414048,161.0637707948244,1.767097966728281,0.3798521256931608,0.0922347077624794
23.481012658227847,30.34848695945507,28.93992606284658,0,0.4006764933197782,83.8948336414048,161.0637707948244,1.767097966728281,0.3798521256931608,0.0938033340095065
23.67088607594937,30.34848695945507,28.93992606284658,0,0.4006764933197782,83.8948336414048,161.0637707948244,1.767097966728281,0.3798521256931608,0.09529784389444942
23.860759493670887,30.34848695945507,28.93992606284658,0,0.4006764933197782,83.8948336414048,161.0637707948244,1.767097966728281,0.3798521256931608,0.09669618411866687
24.050632911392405,30.34848695945507,28.93992606284658,0,0.4006764933197782,83.8948336414048,161.0637707948244,1.767097966728281,0.3798521256931608,0.09797561570891339
24.240506329113927,30.34848695945507,28.93992606284658,0,0.4006764933197782,83.8948336414048,161.0637707948244,1.767097966728281,0.3798521256931608,0.0991129236446222
24.430379746835442,30.34848695945507,28.93992606284658,0,0.4006764933197782,83.8948336414048,161.0637707948244,1.767097966728281,0.3798521256931608,0.10008466676191106
24.620253164556964,30.34848695945507,28.93992606284658,0,0.4006764933197782,83.8948336414048,161.0637707948244,1.767097966728281,0.3798521256931608,0.10086951319022991
24.810126582278482,30.34848695945507,28.93992606284658,0,0.4006764933197782,83.8948336414048,161.0637707948244,1.767097966728281,0.3798521256931608,0.10147361305493849
25.0,30.34848695945507,28.93992606284658,0,0.4006764933197782,83.8948336414048,161.0637707948244,1.767097966728281,0.3798521256931608,0.10192338303994729
10.0,30.513351875130432,28.93992606284658,0,0.4006764933197782,83.8948336414048,161.0637707948244,1.767097966728281,0.3798521256931608,0.07304774427783914
10.189873417721518,30.513351875130432,28.93992606284658,0,0.4006764933197782,83.8948336414048,161.0637707948244,1.767097966728281,0.3798521256931608,0.07304774427783914
10.379746835443038,30.513351875130432,28.93992606284658,0,0.4006764933197782,83.8948336414048,161.0637707948244,1.767097966728281,0.3798521256931608,0.07304774427783914
10.569620253164556,30.513351875130432,28.93992606284658,0,0.4006764933197782,83.8948336414048,161.0637707948244,1.767097966728281,0.3798521256931608,0.07304774427783914
10.759493670886076,30.513351875130432,28.93992606284658,0,0.4006764933197782,83.8948336414048,161.0637707948244,1.767097966728281,0.3798521256931608,0.07304774427783914
10.949367088607595,30.513351875130432,28.93992606284658,0,0.4006764933197782,83.8948336414048,161.0637707948244,1.767097966728281,0.3798521256931608,0.07304774427783914
11.139240506329115,30.513351875130432,28.93992606284658,0,0.4006764933197782,83.8948336414048,161.0637707948244,1.767097966728281,0.3798521256931608,0.07302057486391814
11.329113924050633,30.513351875130432,28.93992606284658,0,0.4006764933197782,83.8948336414048,161.0637707948244,1.767097966728281,0.3798521256931608,0.0731039181192362
11.518987341772153,30.513351875130432,28.93992606284658,0,0.4006764933197782,83.8948336414048,161.0637707948244,1.767097966728281,0.3798521256931608,0.0733150022219673
11.708860759493671,30.513351875130432,28.93992606284658,0,0.4006764933197782,83.8948336414048,161.0637707948244,1.767097966728281,0.3798521256931608,0.07364204234579436
11.89873417721519,30.513351875130432,28.93992606284658,0,0.4006764933197782,83.8948336414048,161.0637707948244,1.767097966728281,0.3798521256931608,0.07407358836579414
12.08860759493671,30.513351875130432,28.93992606284658,0,0.4006764933197782,83.8948336414048,161.0637707948244,1.767097966728281,0.3798521256931608,0.07459835600104452
12.278481012658228,30.513351875130432,28.93992606284658,0,0.4006764933197782,83.8948336414048,161.0637707948244,1.767097966728281,0.3798521256931608,0.07520507686097366
12.468354430379748,30.513351875130432,28.93992606284658,0,0.4006764933197782,83.8948336414048,161.0637707948244,1.767097966728281,0.3798521256931608,0.07588236641441552
12.658227848101266,30.513351875130432,28.93992606284658,0,0.4006764933197782,83.8948336414048,161.0637707948244,1.767097966728281,0.3798521256931608,0.07661860941405978
12.848101265822784,30.513351875130432,28.93992606284658,0,0.4006764933197782,83.8948336414048,161.0637707948244,1.767097966728281,0.3798521256931608,0.07740186275245865
13.037974683544304,30.513351875130432,28.93992606284658,0,0.4006764933197782,83.8948336414048,161.0637707948244,1.767097966728281,0.3798521256931608,0.07821977610021036
13.227848101265824,30.513351875130432,28.93992606284658,0,0.4006764933197782,83.8948336414048,161.0637707948244,1.767097966728281,0.3798521256931608,0.0790595309822233
13.417721518987342,30.513351875130432,28.93992606284658,0,0.4006764933197782,83.8948336414048,161.0637707948244,1.767097966728281,0.3798521256931608,0.07990779918283507
13.60759493670886,30.513351875130432,28.93992606284658,0,0.4006764933197782,83.8948336414048,161.0637707948244,1.767097966728281,0.3798521256931608,0.08075072153310939
13.79746835443038,30.513351875130432,28.93992606284658,0,0.4006764933197782,83.8948336414048,161.0637707948244,1.767097966728281,0.3798521256931608,0.081573908221714
13.987341772151899,30.513351875130432,28.93992606284658,0,0.4006764933197782,83.8948336414048,161.0637707948244,1.767097966728281,0.3798521256931608,0.08236246178225085
14.177215189873419,30.513351875130432,28.93992606284658,0,0.4006764933197782,83.8948336414048,161.0637707948244,1.767097966728281,0.3798521256931608,0.0831010238431213
14.367088607594937,30.513351875130432,28.93992606284658,0,0.4006764933197782,83.8948336414048,161.0637707948244,1.767097966728281,0.3798521256931608,0.08377384657977044
14.556962025316455,30.513351875130432,28.93992606284658,0,0.4006764933197782,83.8948336414048,161.0637707948244,1.767097966728281,0.3798521256931608,0.08436488958303653
14.746835443037975,30.513351875130432,28.93992606284658,0,0.4006764933197782,83.8948336414048,161.0637707948244,1.767097966728281,0.3798521256931608,0.08485794255145589
14.936708860759495,30.513351875130432,28.93992606284658,0,0.4006764933197782,83.8948336414048,161.0637707948244,1.767097966728281,0.3798521256931608,0.08523677383040211
15.126582278481013,30.513351875130432,28.93992606284658,0,0.4006764933197782,83.8948336414048,161.0637707948244,1.767097966728281,0.3798521256931608,0.08548530435779335
15.316455696202532,30.513351875130432,28.93992606284658,0,0.4006764933197782,83.8948336414048,161.0637707948244,1.767097966728281,0.3798521256931608,0.08558780603581478
15.50632911392405,30.513351875130432,28.93992606284658,0,0.4006764933197782,83.8948336414048,161.0637707948244,1.767097966728281,0.3798521256931608,0.08552912312296891
15.69620253164557,30.513351875130432,28.93992606284658,0,0.4006764933197782,83.8948336414048,161.0637707948244,1.767097966728281,0.3798521256931608,0.08530059708691469
15.88607594936709,30.513351875130432,28.93992606284658,0,0.4006764933197782,83.8948336414048,161.0637707948244,1.767097966728281,0.3798521256931608,0.08491502874711883
16.075949367088608,30.513351875130432,28.93992606284658,0,0.4006764933197782,83.8948336414048,161.0637707948244,1.767097966728281,0.3798521256931608,0.08439046586011584
16.265822784810126,30.513351875130432,28.93992606284658,0,0.4006764933197782,83.8948336414048,161.0637707948244,1.767097966728281,0.3798521256931608,0.08374526783775353
16.455696202531648,30.513351875130432,28.93992606284658,0,0.4006764933197782,83.8948336414048,161.0637707948244,1.767097966728281,0.3798521256931608,0.08299786772444981
16.645569620253166,30.513351875130432,28.93992606284658,0,0.4006764933197782,83.8948336414048,161.0637707948244,1.767097966728281,0.3798521256931608,0.08216656567463039
16.835443037974684,30.513351875130432,28.93992606284658,0,0.4006764933197782,83.8948336414048,161.0637707948244,1.767097966728281,0.3798521256931608,0.08126935495495667
17.025316455696203,30.513351875130432,28.93992606284658,0,0.4006764933197782,83.8948336414048,161.0637707948244,1.767097966728281,0.3798521256931608,0.08032378078032999
17.21518987341772,30.513351875130432,28.93992606284658,0,0.4006764933197782,83.8948336414048,161.0637707948244,1.767097966728281,0.3798521256931608,0.07934683168350501
17.405063291139243,30.513351875130432,28.93992606284658,0,0.4006764933197782,83.8948336414048,161.0637707948244,1.767097966728281,0.3798521256931608,0.0783548626173274
17.59493670886076,30.513351875130432,28.93992606284658,0,0.4006764933197782,83.8948336414048,161.0637707948244,1.767097966728281,0.3798521256931608,0.07736354859788497
17.78481012658228,30.513351875130432,28.93992606284658,0,0.4006764933197782,83.8948336414048,161.0637707948244,1.767097966728281,0.3798521256931608,0.07638786741721859
17.974683544303797,30.513351875130432,28.93992606284658,0,0.4006764933197782,83.8948336414048,161.0637707948244,1.767097966728281,0.3798521256931608,0.07544210978577452
18.164556962025316,30.513351875130432,28.93992606284658,0,0.4006764933197782,83.8948336414048,161.0637707948244,1.767097966728281,0.3798521256931608,0.07453991520629522
18.354430379746837,30.513351875130432,28.93992606284658,0,0.4006764933197782,83.8948336414048,161.0637707948244,1.767097966728281,0.3798521256931608,0.0736943319300002
18.544303797468356,30.513351875130432,28.93992606284658,0,0.4006764933197782,83.8948336414048,161.0637707948244,1.767097966728281,0.3798521256931608,0.07291789949928923
18.734177215189874,30.513351875130432,28.93992606284658,0,0.4006764933197782,83.8948336414048,161.0637707948244,1.767097966728281,0.3798521256931608,0.0722227526348994
18.924050632911396,30.513351875130432,28.93992606284658,0,0.4006764933197782,83.8948336414048,161.0637707948244,1.767097966728281,0.3798521256931608,0.07162074557543228
19.11392405063291,30.513351875130432,28.93992606284658,0,0.4006764933197782,83.8948336414048,161.0637707948244,1.767097966728281,0.3798521256931608,0.07112359642007428
19.303797468354432,30.513351875130432,28.93992606284658,0,0.4006764933197782,83.8948336414048,161.0637707948244,1.767097966728281,0.3798521256931608,0.07074305155908744
19.49367088607595,30.513351875130432,28.93992606284658,0,0.4006764933197782,83.8948336414048,161.0637707948244,1.767097966728281,0.3798521256931608,0.07049107090111538
19.68354430379747,30.513351875130432,28.93992606284658,0,0.4006764933197782,83.8948336414048,161.0637707948244,1.767097966728281,0.3798521256931608,0.07038003532396145
19.87341772151899,30.513351875130432,28.93992606284658,0,0.4006764933197782,83.8948336414048,161.0637707948244,1.767097966728281,0.3798521256931608,0.07042297859164894
20.063291139240505,30.513351875130432,28.93992606284658,0,0.4006764933197782,83.8948336414048,161.0637707948244,1.767097966728281,0.3798521256931608,0.07063367777725213
20.253164556962027,30.513351875130432,28.93992606284658,0,0.4006764933197782,83.8948336414048,161.0637707948244,1.767097966728281,0.3798521256931608,0.07101691118356487
20.443037974683545,30.513351875130432,28.93992606284658,0,0.4006764933197782,83.8948336414048,161.0637707948244,1.767097966728281,0.3798521256931608,0.0715627543149532
20.632911392405063,30.513351875130432,28.93992606284658,0,0.4006764933197782,83.8948336414048,161.0637707948244,1.767097966728281,0.3798521256931608,0.07226062750313487
20.822784810126585,30.513351875130432,28.93992606284658,0,0.4006764933197782,83.8948336414048,161.0637707948244,1.767097966728281,0.3798521256931608,0.07310039078870909
21.0126582278481,30.513351875130432,28.93992606284658,0,0.4006764933197782,83.8948336414048,161.0637707948244,1.767097966728281,0.3798521256931608,0.07407211087221773
21.20253164556962,30.513351875130432,28.93992606284658,0,0.4006764933197782,83.8948336414048,161.0637707948244,1.767097966728281,0.3798521256931608,0.0751658467671233
21.39240506329114,30.513351875130432,28.93992606284658,0,0.4006764933197782,83.8948336414048,161.0637707948244,1.767097966728281,0.3798521256931608,0.07637145242067202
21.582278481012658,30.513351875130432,28.93992606284658,0,0.4006764933197782,83.8948336414048,161.0637707948244,1.767097966728281,0.3798521256931608,0.07767839540687571
21.77215189873418,30.513351875130432,28.93992606284658,0,0.4006764933197782,83.8948336414048,161.0637707948244,1.767097966728281,0.3798521256931608,0.07907559155234624
21.962025316455698,30.513351875130432,28.93992606284658,0,0.4006764933197782,83.8948336414048,161.0637707948244,1.767097966728281,0.3798521256931608,0.08055125603305782
22.151898734177216,30.513351875130432,28.93992606284658,0,0.4006764933197782,83.8948336414048,161.0637707948244,1.767097966728281,0.3798521256931608,0.08209277207707227
22.341772151898734,30.513351875130432,28.93992606284658,0,0.4006764933197782,83.8948336414048,161.0637707948244,1.767097966728281,0.3798521256931608,0.08368657892040889
22.531645569620252,30.513351875130432,28.93992606284658,0,0.4006764933197782,83.8948336414048,161.0637707948244,1.767097966728281,0.3798521256931608,0.08531808108388322
22.721518987341774,30.513351875130432,28.93992606284658,0,0.4006764933197782,83.8948336414048,161.0637707948244,1.767097966728281,0.3798521256931608,0.08697158135988468
22.911392405063292,30.513351875130432,28.93992606284658,0,0.4006764933197782,83.8948336414048,161.0637707948244,1.767097966728281,0.3798521256931608,0.08863024011153973
23.10126582278481,30.513351875130432,28.93992606284658,0,0.4006764933197782,83.8948336414048,161.0637707948244,1.767097966728281,0.3798521256931608,0.0902760635852078
23.291139240506332,30.513351875130432,28.93992606284658,0,0.4006764933197782,83.8948336414048,161.0637707948244,1.767097966728281,0.3798521256931608,0.0918899239154103
23.481012658227847,30.513351875130432,28.93992606284658,0,0.4006764933197782,83.8948336414048,161.0637707948244,1.767097966728281,0.3798521256931608,0.09345161335629444
23.67088607594937,30.513351875130432,28.93992606284658,0,0.4006764933197782,83.8948336414048,161.0637707948244,1.767097966728281,0.3798521256931608,0.09493993500593227
23.860759493670887,30.513351875130432,28.93992606284658,0,0.4006764933197782,83.8948336414048,161.0637707948244,1.767097966728281,0.3798521256931608,0.09633283190254806
24.050632911392405,30.513351875130432,28.93992606284658,0,0.4006764933197782,83.8948336414048,161.0637707948244,1.767097966728281,0.3798521256931608,0.0976075558712102
24.240506329113927,30.513351875130432,28.93992606284658,0,0.4006764933197782,83.8948336414048,161.0637707948244,1.767097966728281,0.3798521256931608,0.0987408768932864
24.430379746835442,30.513351875130432,28.93992606284658,0,0.4006764933197782,83.8948336414048,161.0637707948244,1.767097966728281,0.3798521256931608,0.09970933306701077
24.620253164556964,30.513351875130432,28.93992606284658,0,0.4006764933197782,83.8948336414048,161.0637707948244,1.767097966728281,0.3798521256931608,0.10049156401409576
24.810126582278482,30.513351875130432,28.93992606284658,0,0.4006764933197782,83.8948336414048,161.0637707948244,1.767097966728281,0.3798521256931608,0.10109365486727563
25.0,30.513351875130432,28.93992606284658,0,0.4006764933197782,83.8948336414048,161.0637707948244,1.767097966728281,0.3798521256931608,0.10154193105326903
10.0,30.67821679080579,28.93992606284658,0,0.4006764933197782,83.8948336414048,161.0637707948244,1.767097966728281,0.3798521256931608,0.0733364783667476
10.189873417721518,30.67821679080579,28.93992606284658,0,0.4006764933197782,83.8948336414048,161.0637707948244,1.767097966728281,0.3798521256931608,0.0733364783667476
10.379746835443038,30.67821679080579,28.93992606284658,0,0.4006764933197782,83.8948336414048,161.0637707948244,1.767097966728281,0.3798521256931608,0.0733364783667476
10.569620253164556,30.67821679080579,28.93992606284658,0,0.4006764933197782,83.8948336414048,161.0637707948244,1.767097966728281,0.3798521256931608,0.0733364783667476
10.759493670886076,30.67821679080579,28.93992606284658,0,0.4006764933197782,83.8948336414048,161.0637707948244,1.767097966728281,0.3798521256931608,0.0733364783667476
10.949367088607595,30.67821679080579,28.93992606284658,0,0.4006764933197782,83.8948336414048,161.0637707948244,1.767097966728281,0.3798521256931608,0.0733364783667476
11.139240506329115,30.67821679080579,28.93992606284658,0,0.4006764933197782,83.8948336414048,161.0637707948244,1.767097966728281,0.3798521256931608,0.07324771322505365
11.329113924050633,30.67821679080579,28.93992606284658,0,0.4006764933197782,83.8948336414048,161.0637707948244,1.767097966728281,0.3798521256931608,0.07325826613129814
11.518987341772153,30.67821679080579,28.93992606284658,0,0.4006764933197782,83.8948336414048,161.0637707948244,1.767097966728281,0.3798521256931608,0.07340846206212194
11.708860759493671,30.67821679080579,28.93992606284658,0,0.4006764933197782,83.8948336414048,161.0637707948244,1.767097966728281,0.3798521256931608,0.07368553765625534
11.89873417721519,30.67821679080579,28.93992606284658,0,0.4006764933197782,83.8948336414048,161.0637707948244,1.767097966728281,0.3798521256931608,0.07407719173480605
12.08860759493671,30.67821679080579,28.93992606284658,0,0.4006764933197782,83.8948336414048,161.0637707948244,1.767097966728281,0.3798521256931608,0.07457138842921421
12.278481012658228,30.67821679080579,28.93992606284658,0,0.4006764933197782,83.8948336414048,161.0637707948244,1.767097966728281,0.3798521256931608,0.07515618229350204
12.468354430379748,30.67821679080579,28.93992606284658,0,0.4006764933197782,83.8948336414048,161.0637707948244,1.767097966728281,0.3798521256931608,0.07581956397113507
12.658227848101266,30.67821679080579,28.93992606284658,0,0.4006764933197782,83.8948336414048,161.0637707948244,1.767097966728281,0.3798521256931608,0.07654932562396968
12.848101265822784,30.67821679080579,28.93992606284658,0,0.4006764933197782,83.8948336414048,161.0637707948244,1.767097966728281,0.3798521256931608,0.07733294588323952
13.037974683544304,30.67821679080579,28.93992606284658,0,0.4006764933197782,83.8948336414048,161.0637707948244,1.767097966728281,0.3798521256931608,0.07815749455269537
13.227848101265824,30.67821679080579,28.93992606284658,0,0.4006764933197782,83.8948336414048,161.0637707948244,1.767097966728281,0.3798521256931608,0.07900955768234104
13.417721518987342,30.67821679080579,28.93992606284658,0,0.4006764933197782,83.8948336414048,161.0637707948244,1.767097966728281,0.3798521256931608,0.07987518393668501
13.60759493670886,30.67821679080579,28.93992606284658,0,0.4006764933197782,83.8948336414048,161.0637707948244,1.767097966728281,0.3798521256931608,0.08073985340201148
13.79746835443038,30.67821679080579,28.93992606284658,0,0.4006764933197782,83.8948336414048,161.0637707948244,1.767097966728281,0.3798521256931608,0.08158847011036814
13.987341772151899,30.67821679080579,28.93992606284658,0,0.4006764933197782,83.8948336414048,161.0637707948244,1.767097966728281,0.3798521256931608,0.08240537960114427
14.177215189873419,30.67821679080579,28.93992606284658,0,0.4006764933197782,83.8948336414048,161.0637707948244,1.767097966728281,0.3798521256931608,0.08317441279210383
14.367088607594937,30.67821679080579,28.93992606284658,0,0.4006764933197782,83.8948336414048,161.0637707948244,1.767097966728281,0.3798521256931608,0.08387895728893476
14.556962025316455,30.67821679080579,28.93992606284658,0,0.4006764933197782,83.8948336414048,161.0637707948244,1.767097966728281,0.3798521256931608,0.08450205702503248
14.746835443037975,30.67821679080579,28.93992606284658,0,0.4006764933197782,83.8948336414048,161.0637707948244,1.767097966728281,0.3798521256931608,0.0850265407913443
14.936708860759495,30.67821679080579,28.93992606284658,0,0.4006764933197782,83.8948336414048,161.0637707948244,1.767097966728281,0.3798521256931608,0.08543517979032968
15.126582278481013,30.67821679080579,28.93992606284658,0,0.4006764933197782,83.8948336414048,161.0637707948244,1.767097966728281,0.3798521256931608,0.08571087382952465
15.316455696202532,30.67821679080579,28.93992606284658,0,0.4006764933197782,83.8948336414048,161.0637707948244,1.767097966728281,0.3798521256931608,0.08583686516000616
15.50632911392405,30.67821679080579,28.93992606284658,0,0.4006764933197782,83.8948336414048,161.0637707948244,1.767097966728281,0.3798521256931608,0.08579697846339829
15.69620253164557,30.67821679080579,28.93992606284658,0,0.4006764933197782,83.8948336414048,161.0637707948244,1.767097966728281,0.3798521256931608,0.08558179496142884
15.88607594936709,30.67821679080579,28.93992606284658,0,0.4006764933197782,83.8948336414048,161.0637707948244,1.767097966728281,0.3798521256931608,0.08520423206101842
16.075949367088608,30.67821679080579,28.93992606284658,0,0.4006764933197782,83.8948336414048,161.0637707948244,1.767097966728281,0.3798521256931608,0.08468269459735919
16.265822784810126,30.67821679080579,28.93992606284658,0,0.4006764933197782,83.8948336414048,161.0637707948244,1.767097966728281,0.3798521256931608,0.08403594031880643
16.455696202531648,30.67821679080579,28.93992606284658,0,0.4006764933197782,83.8948336414048,161.0637707948244,1.767097966728281,0.3798521256931608,0.08328282887750338
16.645569620253166,30.67821679080579,28.93992606284658,0,0.4006764933197782,83.8948336414048,161.0637707948244,1.767097966728281,0.3798521256931608,0.0824421034238889
16.835443037974684,30.67821679080579,28.93992606284658,0,0.4006764933197782,83.8948336414048,161.0637707948244,1.767097966728281,0.3798521256931608,0.08153220597907736
17.025316455696203,30.67821679080579,28.93992606284658,0,0.4006764933197782,83.8948336414048,161.0637707948244,1.767097966728281,0.3798521256931608,0.08057112699090431
17.21518987341772,30.67821679080579,28.93992606284658,0,0.4006764933197782,83.8948336414048,161.0637707948244,1.767097966728281,0.3798521256931608,0.07957628882320462
17.405063291139243,30.67821679080579,28.93992606284658,0,0.4006764933197782,83.8948336414048,161.0637707948244,1.767097966728281,0.3798521256931608,0.07856446238569231
17.59493670886076,30.67821679080579,28.93992606284658,0,0.4006764933197782,83.8948336414048,161.0637707948244,1.767097966728281,0.3798521256931608,0.07755171568558505
17.78481012658228,30.67821679080579,28.93992606284658,0,0.4006764933197782,83.8948336414048,161.0637707948244,1.767097966728281,0.3798521256931608,0.07655339277314174
17.974683544303797,30.67821679080579,28.93992606284658,0,0.4006764933197782,83.8948336414048,161.0637707948244,1.767097966728281,0.3798521256931608,0.07558412136182233
18.164556962025316,30.67821679080579,28.93992606284658,0,0.4006764933197782,83.8948336414048,161.0637707948244,1.767097966728281,0.3798521256931608,0.07465784732878915
18.354430379746837,30.67821679080579,28.93992606284658,0,0.4006764933197782,83.8948336414048,161.0637707948244,1.767097966728281,0.3798521256931608,0.07378789434054682
18.544303797468356,30.67821679080579,28.93992606284658,0,0.4006764933197782,83.8948336414048,161.0637707948244,1.767097966728281,0.3798521256931608,0.07298704699815743
18.734177215189874,30.67821679080579,28.93992606284658,0,0.4006764933197782,83.8948336414048,161.0637707948244,1.767097966728281,0.3798521256931608,0.0722676561524423
18.924050632911396,30.67821679080579,28.93992606284658,0,0.4006764933197782,83.8948336414048,161.0637707948244,1.767097966728281,0.3798521256931608,0.07164176539751449
19.11392405063291,30.67821679080579,28.93992606284658,0,0.4006764933197782,83.8948336414048,161.0637707948244,1.767097966728281,0.3798521256931608,0.0711212582071119
19.303797468354432,30.67821679080579,28.93992606284658,0,0.4006764933197782,83.8948336414048,161.0637707948244,1.767097966728281,0.3798521256931608,0.07071802573002804
19.49367088607595,30.67821679080579,28.93992606284658,0,0.4006764933197782,83.8948336414048,161.0637707948244,1.767097966728281,0.3798521256931608,0.07044415590804248
19.68354430379747,30.67821679080579,28.93992606284658,0,0.4006764933197782,83.8948336414048,161.0637707948244,1.767097966728281,0.3798521256931608,0.07031214532435887
19.87341772151899,30.67821679080579,28.93992606284658,0,0.4006764933197782,83.8948336414048,161.0637707948244,1.767097966728281,0.3798521256931608,0.07033513603809215
20.063291139240505,30.67821679080579,28.93992606284658,0,0.4006764933197782,83.8948336414048,161.0637707948244,1.767097966728281,0.3798521256931608,0.07052700981045804
20.253164556962027,30.67821679080579,28.93992606284658,0,0.4006764933197782,83.8948336414048,161.0637707948244,1.767097966728281,0.3798521256931608,0.07089255478287919
20.443037974683545,30.67821679080579,28.93992606284658,0,0.4006764933197782,83.8948336414048,161.0637707948244,1.767097966728281,0.3798521256931608,0.07142172111130664
20.632911392405063,30.67821679080579,28.93992606284658,0,0.4006764933197782,83.8948336414048,161.0637707948244,1.767097966728281,0.3798521256931608,0.07210381607909545
20.822784810126585,30.67821679080579,28.93992606284658,0,0.4006764933197782,83.8948336414048,161.0637707948244,1.767097966728281,0.3798521256931608,0.07292860919314943
21.0126582278481,30.67821679080579,28.93992606284658,0,0.4006764933197782,83.8948336414048,161.0637707948244,1.767097966728281,0.3798521256931608,0.07388609609441854
21.20253164556962,30.67821679080579,28.93992606284658,0,0.4006764933197782,83.8948336414048,161.0637707948244,1.767097966728281,0.3798521256931608,0.07496628156491947
21.39240506329114,30.67821679080579,28.93992606284658,0,0.4006764933197782,83.8948336414048,161.0637707948244,1.767097966728281,0.3798521256931608,0.07615897981019365
21.582278481012658,30.67821679080579,28.93992606284658,0,0.4006764933197782,83.8948336414048,161.0637707948244,1.767097966728281,0.3798521256931608,0.07745363105018556
21.77215189873418,30.67821679080579,28.93992606284658,0,0.4006764933197782,83.8948336414048,161.0637707948244,1.767097966728281,0.3798521256931608,0.07883913422211265
21.962025316455698,30.67821679080579,28.93992606284658,0,0.4006764933197782,83.8948336414048,161.0637707948244,1.767097966728281,0.3798521256931608,0.08030369628901986
22.151898734177216,30.67821679080579,28.93992606284658,0,0.4006764933197782,83.8948336414048,161.0637707948244,1.767097966728281,0.3798521256931608,0.08183469925642346
22.341772151898734,30.67821679080579,28.93992606284658,0,0.4006764933197782,83.8948336414048,161.0637707948244,1.767097966728281,0.3798521256931608,0.08341858652251165
22.531645569620252,30.67821679080579,28.93992606284658,0,0.4006764933197782,83.8948336414048,161.0637707948244,1.767097966728281,0.3798521256931608,0.08504077061818428
22.721518987341774,30.67821679080579,28.93992606284658,0,0.4006764933197782,83.8948336414048,161.0637707948244,1.767097966728281,0.3798521256931608,0.08668556472376533
22.911392405063292,30.67821679080579,28.93992606284658,0,0.4006764933197782,83.8948336414048,161.0637707948244,1.767097966728281,0.3798521256931608,0.08833614057128095
23.10126582278481,30.67821679080579,28.93992606284658,0,0.4006764933197782,83.8948336414048,161.0637707948244,1.767097966728281,0.3798521256931608,0.08997451544726709
23.291139240506332,30.67821679080579,28.93992606284658,0,0.4006764933197782,83.8948336414048,161.0637707948244,1.767097966728281,0.3798521256931608,0.09158157099560466
23.481012658227847,30.67821679080579,28.93992606284658,0,0.4006764933197782,83.8948336414048,161.0637707948244,1.767097966728281,0.3798521256931608,0.09313710637983136
23.67088607594937,30.67821679080579,28.93992606284658,0,0.4006764933197782,83.8948336414048,161.0637707948244,1.767097966728281,0.3798521256931608,0.09461992809988097
23.860759493670887,30.67821679080579,28.93992606284658,0,0.4006764933197782,83.8948336414048,161.0637707948244,1.767097966728281,0.3798521256931608,0.09600797837244252
24.050632911392405,30.67821679080579,28.93992606284658,0,0.4006764933197782,83.8948336414048,161.0637707948244,1.767097966728281,0.3798521256931608,0.09727850348302129
24.240506329113927,30.67821679080579,28.93992606284658,0,0.4006764933197782,83.8948336414048,161.0637707948244,1.767097966728281,0.3798521256931608,0.0984082629089062
24.430379746835442,30.67821679080579,28.93992606284658,0,0.4006764933197782,83.8948336414048,161.0637707948244,1.767097966728281,0.3798521256931608,0.09937377930355215
24.620253164556964,30.67821679080579,28.93992606284658,0,0.4006764933197782,83.8948336414048,161.0637707948244,1.767097966728281,0.3798521256931608,0.10015366990630761
24.810126582278482,30.67821679080579,28.93992606284658,0,0.4006764933197782,83.8948336414048,161.0637707948244,1.767097966728281,0.3798521256931608,0.10075396304339897
25.0,30.67821679080579,28.93992606284658,0,0.4006764933197782,83.8948336414048,161.0637707948244,1.767097966728281,0.3798521256931608,0.10120090252623674
10.0,30.843081706481154,28.93992606284658,0,0.4006764933197782,83.8948336414048,161.0637707948244,1.767097966728281,0.3798521256931608,0.07349579590530157
10.189873417721518,30.843081706481154,28.93992606284658,0,0.4006764933197782,83.8948336414048,161.0637707948244,1.767097966728281,0.3798521256931608,0.07349579590530157
10.379746835443038,30.843081706481154,28.93992606284658,0,0.4006764933197782,83.8948336414048,161.0637707948244,1.767097966728281,0.3798521256931608,0.07349579590530157
10.569620253164556,30.843081706481154,28.93992606284658,0,0.4006764933197782,83.8948336414048,161.0637707948244,1.767097966728281,0.3798521256931608,0.07349579590530157
10.759493670886076,30.843081706481154,28.93992606284658,0,0.4006764933197782,83.8948336414048,161.0637707948244,1.767097966728281,0.3798521256931608,0.07349579590530157
10.949367088607595,30.843081706481154,28.93992606284658,0,0.4006764933197782,83.8948336414048,161.0637707948244,1.767097966728281,0.3798521256931608,0.07349579590530157
11.139240506329115,30.843081706481154,28.93992606284658,0,0.4006764933197782,83.8948336414048,161.0637707948244,1.767097966728281,0.3798521256931608,0.07336123656738504
11.329113924050633,30.843081706481154,28.93992606284658,0,0.4006764933197782,83.8948336414048,161.0637707948244,1.767097966728281,0.3798521256931608,0.07331820828917454
11.518987341772153,30.843081706481154,28.93992606284658,0,0.4006764933197782,83.8948336414048,161.0637707948244,1.767097966728281,0.3798521256931608,0.0734242173147876
11.708860759493671,30.843081706481154,28.93992606284658,0,0.4006764933197782,83.8948336414048,161.0637707948244,1.767097966728281,0.3798521256931608,0.07366570746829051
11.89873417721519,30.843081706481154,28.93992606284658,0,0.4006764933197782,83.8948336414048,161.0637707948244,1.767097966728281,0.3798521256931608,0.07402969190155828
12.08860759493671,30.843081706481154,28.93992606284658,0,0.4006764933197782,83.8948336414048,161.0637707948244,1.767097966728281,0.3798521256931608,0.07450353241270509
12.278481012658228,30.843081706481154,28.93992606284658,0,0.4006764933197782,83.8948336414048,161.0637707948244,1.767097966728281,0.3798521256931608,0.0750747434363191
12.468354430379748,30.843081706481154,28.93992606284658,0,0.4006764933197782,83.8948336414048,161.0637707948244,1.767097966728281,0.3798521256931608,0.07573081886659135
12.658227848101266,30.843081706481154,28.93992606284658,0,0.4006764933197782,83.8948336414048,161.0637707948244,1.767097966728281,0.3798521256931608,0.07645908062269724
12.848101265822784,30.843081706481154,28.93992606284658,0,0.4006764933197782,83.8948336414048,161.0637707948244,1.767097966728281,0.3798521256931608,0.0772465485163072
13.037974683544304,30.843081706481154,28.93992606284658,0,0.4006764933197782,83.8948336414048,161.0637707948244,1.767097966728281,0.3798521256931608,0.07807983153727095
13.227848101265824,30.843081706481154,28.93992606284658,0,0.4006764933197782,83.8948336414048,161.0637707948244,1.767097966728281,0.3798521256931608,0.07894504113654596
13.417721518987342,30.843081706481154,28.93992606284658,0,0.4006764933197782,83.8948336414048,161.0637707948244,1.767097966728281,0.3798521256931608,0.0798277274545233
13.60759493670886,30.843081706481154,28.93992606284658,0,0.4006764933197782,83.8948336414048,161.0637707948244,1.767097966728281,0.3798521256931608,0.08071283971594995
13.79746835443038,30.843081706481154,28.93992606284658,0,0.4006764933197782,83.8948336414048,161.0637707948244,1.767097966728281,0.3798521256931608,0.0815847121868432
13.987341772151899,30.843081706481154,28.93992606284658,0,0.4006764933197782,83.8948336414048,161.0637707948244,1.767097966728281,0.3798521256931608,0.08242707716106584
14.177215189873419,30.843081706481154,28.93992606284658,0,0.4006764933197782,83.8948336414048,161.0637707948244,1.767097966728281,0.3798521256931608,0.08322310641194959
14.367088607594937,30.843081706481154,28.93992606284658,0,0.4006764933197782,83.8948336414048,161.0637707948244,1.767097966728281,0.3798521256931608,0.08395548240548405
14.556962025316455,30.843081706481154,28.93992606284658,0,0.4006764933197782,83.8948336414048,161.0637707948244,1.767097966728281,0.3798521256931608,0.08460650032510167
14.746835443037975,30.843081706481154,28.93992606284658,0,0.4006764933197782,83.8948336414048,161.0637707948244,1.767097966728281,0.3798521256931608,0.08515820160383439
14.936708860759495,30.843081706481154,28.93992606284658,0,0.4006764933197782,83.8948336414048,161.0637707948244,1.767097966728281,0.3798521256931608,0.08559253919828436
15.126582278481013,30.843081706481154,28.93992606284658,0,0.4006764933197782,83.8948336414048,161.0637707948244,1.767097966728281,0.3798521256931608,0.0858915742716415
15.316455696202532,30.843081706481154,28.93992606284658,0,0.4006764933197782,83.8948336414048,161.0637707948244,1.767097966728281,0.3798521256931608,0.08603770328126316
15.50632911392405,30.843081706481154,28.93992606284658,0,0.4006764933197782,83.8948336414048,161.0637707948244,1.767097966728281,0.3798521256931608,0.08601391389669079
15.69620253164557,30.843081706481154,28.93992606284658,0,0.4006764933197782,83.8948336414048,161.0637707948244,1.767097966728281,0.3798521256931608,0.08581016495904675
15.88607594936709,30.843081706481154,28.93992606284658,0,0.4006764933197782,83.8948336414048,161.0637707948244,1.767097966728281,0.3798521256931608,0.08543947545229087
16.075949367088608,30.843081706481154,28.93992606284658,0,0.4006764933197782,83.8948336414048,161.0637707948244,1.767097966728281,0.3798521256931608,0.0849205527848105
16.265822784810126,30.843081706481154,28.93992606284658,0,0.4006764933197782,83.8948336414048,161.0637707948244,1.767097966728281,0.3798521256931608,0.08427249378103507
16.455696202531648,30.843081706481154,28.93992606284658,0,0.4006764933197782,83.8948336414048,161.0637707948244,1.767097966728281,0.3798521256931608,0.08351452232709612
16.645569620253166,30.843081706481154,28.93992606284658,0,0.4006764933197782,83.8948336414048,161.0637707948244,1.767097966728281,0.3798521256931608,0.08266576056912465
16.835443037974684,30.843081706481154,28.93992606284658,0,0.4006764933197782,83.8948336414048,161.0637707948244,1.767097966728281,0.3798521256931608,0.08174503497353584
17.025316455696203,30.843081706481154,28.93992606284658,0,0.4006764933197782,83.8948336414048,161.0637707948244,1.767097966728281,0.3798521256931608,0.08077071774366504
17.21518987341772,30.843081706481154,28.93992606284658,0,0.4006764933197782,83.8948336414048,161.0637707948244,1.767097966728281,0.3798521256931608,0.0797606033889658
17.405063291139243,30.843081706481154,28.93992606284658,0,0.4006764933197782,83.8948336414048,161.0637707948244,1.767097966728281,0.3798521256931608,0.07873181966384231
17.59493670886076,30.843081706481154,28.93992606284658,0,0.4006764933197782,83.8948336414048,161.0637707948244,1.767097966728281,0.3798521256931608,0.07770077163521522
17.78481012658228,30.843081706481154,28.93992606284658,0,0.4006764933197782,83.8948336414048,161.0637707948244,1.767097966728281,0.3798521256931608,0.07668311730261727
17.974683544303797,30.843081706481154,28.93992606284658,0,0.4006764933197782,83.8948336414048,161.0637707948244,1.767097966728281,0.3798521256931608,0.07569377298244274
18.164556962025316,30.843081706481154,28.93992606284658,0,0.4006764933197782,83.8948336414048,161.0637707948244,1.767097966728281,0.3798521256931608,0.0747469465779786
18.354430379746837,30.843081706481154,28.93992606284658,0,0.4006764933197782,83.8948336414048,161.0637707948244,1.767097966728281,0.3798521256931608,0.0738561968866654
18.544303797468356,30.843081706481154,28.93992606284658,0,0.4006764933197782,83.8948336414048,161.0637707948244,1.767097966728281,0.3798521256931608,0.07303451724199886
18.734177215189874,30.843081706481154,28.93992606284658,0,0.4006764933197782,83.8948336414048,161.0637707948244,1.767097966728281,0.3798521256931608,0.07229444204514827
18.924050632911396,30.843081706481154,28.93992606284658,0,0.4006764933197782,83.8948336414048,161.0637707948244,1.767097966728281,0.3798521256931608,0.07164817510602883
19.11392405063291,30.843081706481154,28.93992606284658,0,0.4006764933197782,83.8948336414048,161.0637707948244,1.767097966728281,0.3798521256931608,0.07110773918108756
19.303797468354432,30.843081706481154,28.93992606284658,0,0.4006764933197782,83.8948336414048,161.0637707948244,1.767097966728281,0.3798521256931608,0.07068514666258914
19.49367088607595,30.843081706481154,28.93992606284658,0,0.4006764933197782,83.8948336414048,161.0637707948244,1.767097966728281,0.3798521256931608,0.07039259204100896
19.68354430379747,30.843081706481154,28.93992606284658,0,0.4006764933197782,83.8948336414048,161.0637707948244,1.767097966728281,0.3798521256931608,0.07024266753029403
19.87341772151899,30.843081706481154,28.93992606284658,0,0.4006764933197782,83.8948336414048,161.0637707948244,1.767097966728281,0.3798521256931608,0.07024860412067904
20.063291139240505,30.843081706481154,28.93992606284658,0,0.4006764933197782,83.8948336414048,161.0637707948244,1.767097966728281,0.3798521256931608,0.07042436909589882
20.253164556962027,30.843081706481154,28.93992606284658,0,0.4006764933197782,83.8948336414048,161.0637707948244,1.767097966728281,0.3798521256931608,0.07077475647862053
20.443037974683545,30.843081706481154,28.93992606284658,0,0.4006764933197782,83.8948336414048,161.0637707948244,1.767097966728281,0.3798521256931608,0.07128960942101871
20.632911392405063,30.843081706481154,28.93992606284658,0,0.4006764933197782,83.8948336414048,161.0637707948244,1.767097966728281,0.3798521256931608,0.0719581390860909
20.822784810126585,30.843081706481154,28.93992606284658,0,0.4006764933197782,83.8948336414048,161.0637707948244,1.767097966728281,0.3798521256931608,0.07277003824298282
21.0126582278481,30.843081706481154,28.93992606284658,0,0.4006764933197782,83.8948336414048,161.0637707948244,1.767097966728281,0.3798521256931608,0.07371524257676082
21.20253164556962,30.843081706481154,28.93992606284658,0,0.4006764933197782,83.8948336414048,161.0637707948244,1.767097966728281,0.3798521256931608,0.07478371143628042
21.39240506329114,30.843081706481154,28.93992606284658,0,0.4006764933197782,83.8948336414048,161.0637707948244,1.767097966728281,0.3798521256931608,0.0759652261234001
21.582278481012658,30.843081706481154,28.93992606284658,0,0.4006764933197782,83.8948336414048,161.0637707948244,1.767097966728281,0.3798521256931608,0.07724920469449513
21.77215189873418,30.843081706481154,28.93992606284658,0,0.4006764933197782,83.8948336414048,161.0637707948244,1.767097966728281,0.3798521256931608,0.0786245330279839
21.962025316455698,30.843081706481154,28.93992606284658,0,0.4006764933197782,83.8948336414048,161.0637707948244,1.767097966728281,0.3798521256931608,0.0800794126127202
22.151898734177216,30.843081706481154,28.93992606284658,0,0.4006764933197782,83.8948336414048,161.0637707948244,1.767097966728281,0.3798521256931608,0.08160122613094001
22.341772151898734,30.843081706481154,28.93992606284658,0,0.4006764933197782,83.8948336414048,161.0637707948244,1.767097966728281,0.3798521256931608,0.08317642244193617
22.531645569620252,30.843081706481154,28.93992606284658,0,0.4006764933197782,83.8948336414048,161.0637707948244,1.767097966728281,0.3798521256931608,0.08479042301221298
22.721518987341774,30.843081706481154,28.93992606284658,0,0.4006764933197782,83.8948336414048,161.0637707948244,1.767097966728281,0.3798521256931608,0.08642755217657622
22.911392405063292,30.843081706481154,28.93992606284658,0,0.4006764933197782,83.8948336414048,161.0637707948244,1.767097966728281,0.3798521256931608,0.08807099384409321
23.10126582278481,30.843081706481154,28.93992606284658,0,0.4006764933197782,83.8948336414048,161.0637707948244,1.767097966728281,0.3798521256931608,0.08970277737552912
23.291139240506332,30.843081706481154,28.93992606284658,0,0.4006764933197782,83.8948336414048,161.0637707948244,1.767097966728281,0.3798521256931608,0.09130379534896073
23.481012658227847,30.843081706481154,28.93992606284658,0,0.4006764933197782,83.8948336414048,161.0637707948244,1.767097966728281,0.3798521256931608,0.09285385579458343
23.67088607594937,30.843081706481154,28.93992606284658,0,0.4006764933197782,83.8948336414048,161.0637707948244,1.767097966728281,0.3798521256931608,0.09433177121816771
23.860759493670887,30.843081706481154,28.93992606284658,0,0.4006764933197782,83.8948336414048,161.0637707948244,1.767097966728281,0.3798521256931608,0.0957154863482007
24.050632911392405,30.843081706481154,28.93992606284658,0,0.4006764933197782,83.8948336414048,161.0637707948244,1.767097966728281,0.3798521256931608,0.09698224604025707
24.240506329113927,30.843081706481154,28.93992606284658,0,0.4006764933197782,83.8948336414048,161.0637707948244,1.767097966728281,0.3798521256931608,0.09810880416105726
24.430379746835442,30.843081706481154,28.93992606284658,0,0.4006764933197782,83.8948336414048,161.0637707948244,1.767097966728281,0.3798521256931608,0.09907167356193751
24.620253164556964,30.843081706481154,28.93992606284658,0,0.4006764933197782,83.8948336414048,161.0637707948244,1.767097966728281,0.3798521256931608,0.09984945545181897
24.810126582278482,30.843081706481154,28.93992606284658,0,0.4006764933197782,83.8948336414048,161.0637707948244,1.767097966728281,0.3798521256931608,0.10044812875243948
25.0,30.843081706481154,28.93992606284658,0,0.4006764933197782,83.8948336414048,161.0637707948244,1.767097966728281,0.3798521256931608,0.10089386378537205
10.0,31.007946622156517,28.93992606284658,0,0.4006764933197782,83.8948336414048,161.0637707948244,1.767097966728281,0.3798521256931608,0.07353038242022064
10.189873417721518,31.007946622156517,28.93992606284658,0,0.4006764933197782,83.8948336414048,161.0637707948244,1.767097966728281,0.3798521256931608,0.07353038242022064
10.379746835443038,31.007946622156517,28.93992606284658,0,0.4006764933197782,83.8948336414048,161.0637707948244,1.767097966728281,0.3798521256931608,0.07353038242022064
10.569620253164556,31.007946622156517,28.93992606284658,0,0.4006764933197782,83.8948336414048,161.0637707948244,1.767097966728281,0.3798521256931608,0.07353038242022064
10.759493670886076,31.007946622156517,28.93992606284658,0,0.4006764933197782,83.8948336414048,161.0637707948244,1.767097966728281,0.3798521256931608,0.07353038242022064
10.949367088607595,31.007946622156517,28.93992606284658,0,0.4006764933197782,83.8948336414048,161.0637707948244,1.767097966728281,0.3798521256931608,0.07353038242022064
11.139240506329115,31.007946622156517,28.93992606284658,0,0.4006764933197782,83.8948336414048,161.0637707948244,1.767097966728281,0.3798521256931608,0.07336508951196342
11.329113924050633,31.007946622156517,28.93992606284658,0,0.4006764933197782,83.8948336414048,161.0637707948244,1.767097966728281,0.3798521256931608,0.07328670916693723
11.518987341772153,31.007946622156517,28.93992606284658,0,0.4006764933197782,83.8948336414048,161.0637707948244,1.767097966728281,0.3798521256931608,0.07336430809554542
11.708860759493671,31.007946622156517,28.93992606284658,0,0.4006764933197782,83.8948336414048,161.0637707948244,1.767097966728281,0.3798521256931608,0.07358374004308599
11.89873417721519,31.007946622156517,28.93992606284658,0,0.4006764933197782,83.8948336414048,161.0637707948244,1.767097966728281,0.3798521256931608,0.07393150979328973
12.08860759493671,31.007946622156517,28.93992606284658,0,0.4006764933197782,83.8948336414048,161.0637707948244,1.767097966728281,0.3798521256931608,0.07439453371004606
12.278481012658228,31.007946622156517,28.93992606284658,0,0.4006764933197782,83.8948336414048,161.0637707948244,1.767097966728281,0.3798521256931608,0.07495992709626612
12.468354430379748,31.007946622156517,28.93992606284658,0,0.4006764933197782,83.8948336414048,161.0637707948244,1.767097966728281,0.3798521256931608,0.07561481619564138
12.658227848101266,31.007946622156517,28.93992606284658,0,0.4006764933197782,83.8948336414048,161.0637707948244,1.767097966728281,0.3798521256931608,0.07634617350363891
12.848101265822784,31.007946622156517,28.93992606284658,0,0.4006764933197782,83.8948336414048,161.0637707948244,1.767097966728281,0.3798521256931608,0.07714067578590936
13.037974683544304,31.007946622156517,28.93992606284658,0,0.4006764933197782,83.8948336414048,161.0637707948244,1.767097966728281,0.3798521256931608,0.07798458482976227
13.227848101265824,31.007946622156517,28.93992606284658,0,0.4006764933197782,83.8948336414048,161.0637707948244,1.767097966728281,0.3798521256931608,0.07886365147926612
13.417721518987342,31.007946622156517,28.93992606284658,0,0.4006764933197782,83.8948336414048,161.0637707948244,1.767097966728281,0.3798521256931608,0.07976304392628121
13.60759493670886,31.007946622156517,28.93992606284658,0,0.4006764933197782,83.8948336414048,161.0637707948244,1.767097966728281,0.3798521256931608,0.08066730154618508
13.79746835443038,31.007946622156517,28.93992606284658,0,0.4006764933197782,83.8948336414048,161.0637707948244,1.767097966728281,0.3798521256931608,0.08156031577509078
13.987341772151899,31.007946622156517,28.93992606284658,0,0.4006764933197782,83.8948336414048,161.0637707948244,1.767097966728281,0.3798521256931608,0.08242533962155309
14.177215189873419,31.007946622156517,28.93992606284658,0,0.4006764933197782,83.8948336414048,161.0637707948244,1.767097966728281,0.3798521256931608,0.08324502738701778
14.367088607594937,31.007946622156517,28.93992606284658,0,0.4006764933197782,83.8948336414048,161.0637707948244,1.767097966728281,0.3798521256931608,0.08400150603322663
14.556962025316455,31.007946622156517,28.93992606284658,0,0.4006764933197782,83.8948336414048,161.0637707948244,1.767097966728281,0.3798521256931608,0.08467647938013038
14.746835443037975,31.007946622156517,28.93992606284658,0,0.4006764933197782,83.8948336414048,161.0637707948244,1.767097966728281,0.3798521256931608,0.08525136594434007
14.936708860759495,31.007946622156517,28.93992606284658,0,0.4006764933197782,83.8948336414048,161.0637707948244,1.767097966728281,0.3798521256931608,0.08570747073646327
15.126582278481013,31.007946622156517,28.93992606284658,0,0.4006764933197782,83.8948336414048,161.0637707948244,1.767097966728281,0.3798521256931608,0.08602619072713645
15.316455696202532,31.007946622156517,28.93992606284658,0,0.4006764933197782,83.8948336414048,161.0637707948244,1.767097966728281,0.3798521256931608,0.08618925296776193
15.50632911392405,31.007946622156517,28.93992606284658,0,0.4006764933197782,83.8948336414048,161.0637707948244,1.767097966728281,0.3798521256931608,0.08617898372455174
15.69620253164557,31.007946622156517,28.93992606284658,0,0.4006764933197782,83.8948336414048,161.0637707948244,1.767097966728281,0.3798521256931608,0.0859848524896562
15.88607594936709,31.007946622156517,28.93992606284658,0,0.4006764933197782,83.8948336414048,161.0637707948244,1.767097966728281,0.3798521256931608,0.08561996628902663
16.075949367088608,31.007946622156517,28.93992606284658,0,0.4006764933197782,83.8948336414048,161.0637707948244,1.767097966728281,0.3798521256931608,0.08510328325008357
16.265822784810126,31.007946622156517,28.93992606284658,0,0.4006764933197782,83.8948336414048,161.0637707948244,1.767097966728281,0.3798521256931608,0.08445418240776809
16.455696202531648,31.007946622156517,28.93992606284658,0,0.4006764933197782,83.8948336414048,161.0637707948244,1.767097966728281,0.3798521256931608,0.08369219166461657
16.645569620253166,31.007946622156517,28.93992606284658,0,0.4006764933197782,83.8948336414048,161.0637707948244,1.767097966728281,0.3798521256931608,0.08283675010221235
16.835443037974684,31.007946622156517,28.93992606284658,0,0.4006764933197782,83.8948336414048,161.0637707948244,1.767097966728281,0.3798521256931608,0.08190700607259169
17.025316455696203,31.007946622156517,28.93992606284658,0,0.4006764933197782,83.8948336414048,161.0637707948244,1.767097966728281,0.3798521256931608,0.08092165164254773
17.21518987341772,31.007946622156517,28.93992606284658,0,0.4006764933197782,83.8948336414048,161.0637707948244,1.767097966728281,0.3798521256931608,0.07989879322917151
17.405063291139243,31.007946622156517,28.93992606284658,0,0.4006764933197782,83.8948336414048,161.0637707948244,1.767097966728281,0.3798521256931608,0.07885585765366887
17.59493670886076,31.007946622156517,28.93992606284658,0,0.4006764933197782,83.8948336414048,161.0637707948244,1.767097966728281,0.3798521256931608,0.07780953235484019
17.78481012658228,31.007946622156517,28.93992606284658,0,0.4006764933197782,83.8948336414048,161.0637707948244,1.767097966728281,0.3798521256931608,0.0767757381452904
17.974683544303797,31.007946622156517,28.93992606284658,0,0.4006764933197782,83.8948336414048,161.0637707948244,1.767097966728281,0.3798521256931608,0.07576963266310446
18.164556962025316,31.007946622156517,28.93992606284658,0,0.4006764933197782,83.8948336414048,161.0637707948244,1.767097966728281,0.3798521256931608,0.07480564256850449
18.354430379746837,31.007946622156517,28.93992606284658,0,0.4006764933197782,83.8948336414048,161.0637707948244,1.767097966728281,0.3798521256931608,0.07389752255657141
18.544303797468356,31.007946622156517,28.93992606284658,0,0.4006764933197782,83.8948336414048,161.0637707948244,1.767097966728281,0.3798521256931608,0.07305843939966129
18.734177215189874,31.007946622156517,28.93992606284658,0,0.4006764933197782,83.8948336414048,161.0637707948244,1.767097966728281,0.3798521256931608,0.07230107949205626
18.924050632911396,31.007946622156517,28.93992606284658,0,0.4006764933197782,83.8948336414048,161.0637707948244,1.767097966728281,0.3798521256931608,0.07163777873965023
19.11392405063291,31.007946622156517,28.93992606284658,0,0.4006764933197782,83.8948336414048,161.0637707948244,1.767097966728281,0.3798521256931608,0.0710806741146272
19.303797468354432,31.007946622156517,28.93992606284658,0,0.4006764933197782,83.8948336414048,161.0637707948244,1.767097966728281,0.3798521256931608,0.07064187677597655
19.49367088607595,31.007946622156517,28.93992606284658,0,0.4006764933197782,83.8948336414048,161.0637707948244,1.767097966728281,0.3798521256931608,0.07033366734032048
19.68354430379747,31.007946622156517,28.93992606284658,0,0.4006764933197782,83.8948336414048,161.0637707948244,1.767097966728281,0.3798521256931608,0.07016871467577311
19.87341772151899,31.007946622156517,28.93992606284658,0,0.4006764933197782,83.8948336414048,161.0637707948244,1.767097966728281,0.3798521256931608,0.0701603204898646
20.063291139240505,31.007946622156517,28.93992606284658,0,0.4006764933197782,83.8948336414048,161.0637707948244,1.767097966728281,0.3798521256931608,0.07032251963520472
20.253164556962027,31.007946622156517,28.93992606284658,0,0.4006764933197782,83.8948336414048,161.0637707948244,1.767097966728281,0.3798521256931608,0.07066010875498456
20.443037974683545,31.007946622156517,28.93992606284658,0,0.4006764933197782,83.8948336414048,161.0637707948244,1.767097966728281,0.3798521256931608,0.07116284220172675
20.632911392405063,31.007946622156517,28.93992606284658,0,0.4006764933197782,83.8948336414048,161.0637707948244,1.767097966728281,0.3798521256931608,0.07181985183074997
20.822784810126585,31.007946622156517,28.93992606284658,0,0.4006764933197782,83.8948336414048,161.0637707948244,1.767097966728281,0.3798521256931608,0.07262076745447206
21.0126582278481,31.007946622156517,28.93992606284658,0,0.4006764933197782,83.8948336414048,161.0637707948244,1.767097966728281,0.3798521256931608,0.07355547598513976
21.20253164556962,31.007946622156517,28.93992606284658,0,0.4006764933197782,83.8948336414048,161.0637707948244,1.767097966728281,0.3798521256931608,0.07461390030408974
21.39240506329114,31.007946622156517,28.93992606284658,0,0.4006764933197782,83.8948336414048,161.0637707948244,1.767097966728281,0.3798521256931608,0.07578579589632432
21.582278481012658,31.007946622156517,28.93992606284658,0,0.4006764933197782,83.8948336414048,161.0637707948244,1.767097966728281,0.3798521256931608,0.07706056416843288
21.77215189873418,31.007946622156517,28.93992606284658,0,0.4006764933197782,83.8948336414048,161.0637707948244,1.767097966728281,0.3798521256931608,0.07842708216090875
21.962025316455698,31.007946622156517,28.93992606284658,0,0.4006764933197782,83.8948336414048,161.0637707948244,1.767097966728281,0.3798521256931608,0.07987354907635576
22.151898734177216,31.007946622156517,28.93992606284658,0,0.4006764933197782,83.8948336414048,161.0637707948244,1.767097966728281,0.3798521256931608,0.08138735067246546
22.341772151898734,31.007946622156517,28.93992606284658,0,0.4006764933197782,83.8948336414048,161.0637707948244,1.767097966728281,0.3798521256931608,0.08295494310908284
22.531645569620252,31.007946622156517,28.93992606284658,0,0.4006764933197782,83.8948336414048,161.0637707948244,1.767097966728281,0.3798521256931608,0.08456175828569196
22.721518987341774,31.007946622156517,28.93992606284658,0,0.4006764933197782,83.8948336414048,161.0637707948244,1.767097966728281,0.3798521256931608,0.08619213305127353
22.911392405063292,31.007946622156517,28.93992606284658,0,0.4006764933197782,83.8948336414048,161.0637707948244,1.767097966728281,0.3798521256931608,0.0878292649042953
23.10126582278481,31.007946622156517,28.93992606284658,0,0.4006764933197782,83.8948336414048,161.0637707948244,1.767097966728281,0.3798521256931608,0.08945519691891195
23.291139240506332,31.007946622156517,28.93992606284658,0,0.4006764933197782,83.8948336414048,161.0637707948244,1.767097966728281,0.3798521256931608,0.09105083462834826
23.481012658227847,31.007946622156517,28.93992606284658,0,0.4006764933197782,83.8948336414048,161.0637707948244,1.767097966728281,0.3798521256931608,0.09259599746453007
23.67088607594937,31.007946622156517,28.93992606284658,0,0.4006764933197782,83.8948336414048,161.0637707948244,1.767097966728281,0.3798521256931608,0.09406950709405675
23.860759493670887,31.007946622156517,28.93992606284658,0,0.4006764933197782,83.8948336414048,161.0637707948244,1.767097966728281,0.3798521256931608,0.09544931460741818
24.050632911392405,31.007946622156517,28.93992606284658,0,0.4006764933197782,83.8948336414048,161.0637707948244,1.767097966728281,0.3798521256931608,0.09671266801662769
24.240506329113927,31.007946622156517,28.93992606284658,0,0.4006764933197782,83.8948336414048,161.0637707948244,1.767097966728281,0.3798521256931608,0.09783632090353624
24.430379746835442,31.007946622156517,28.93992606284658,0,0.4006764933197782,83.8948336414048,161.0637707948244,1.767097966728281,0.3798521256931608,0.0987967823449868
24.620253164556964,31.007946622156517,28.93992606284658,0,0.4006764933197782,83.8948336414048,161.0637707948244,1.767097966728281,0.3798521256931608,0.09957264413455486
24.810126582278482,31.007946622156517,28.93992606284658,0,0.4006764933197782,83.8948336414048,161.0637707948244,1.767097966728281,0.3798521256931608,0.10016984243390795
25.0,31.007946622156517,28.93992606284658,0,0.4006764933197782,83.8948336414048,161.0637707948244,1.767097966728281,0.3798521256931608,0.10061448070253065
10.0,31.17281153783188,28.93992606284658,0,0.4006764933197782,83.8948336414048,161.0637707948244,1.767097966728281,0.3798521256931608,0.07344553502087275
10.189873417721518,31.17281153783188,28.93992606284658,0,0.4006764933197782,83.8948336414048,161.0637707948244,1.767097966728281,0.3798521256931608,0.07344553502087275
10.379746835443038,31.17281153783188,28.93992606284658,0,0.4006764933197782,83.8948336414048,161.0637707948244,1.767097966728281,0.3798521256931608,0.07344553502087275
10.569620253164556,31.17281153783188,28.93992606284658,0,0.4006764933197782,83.8948336414048,161.0637707948244,1.767097966728281,0.3798521256931608,0.07344553502087275
10.759493670886076,31.17281153783188,28.93992606284658,0,0.4006764933197782,83.8948336414048,161.0637707948244,1.767097966728281,0.3798521256931608,0.07344553502087275
10.949367088607595,31.17281153783188,28.93992606284658,0,0.4006764933197782,83.8948336414048,161.0637707948244,1.767097966728281,0.3798521256931608,0.07344553502087275
11.139240506329115,31.17281153783188,28.93992606284658,0,0.4006764933197782,83.8948336414048,161.0637707948244,1.767097966728281,0.3798521256931608,0.07326368283267069
11.329113924050633,31.17281153783188,28.93992606284658,0,0.4006764933197782,83.8948336414048,161.0637707948244,1.767097966728281,0.3798521256931608,0.07316705073612835
11.518987341772153,31.17281153783188,28.93992606284658,0,0.4006764933197782,83.8948336414048,161.0637707948244,1.767097966728281,0.3798521256931608,0.07323098761805595
11.708860759493671,31.17281153783188,28.93992606284658,0,0.4006764933197782,83.8948336414048,161.0637707948244,1.767097966728281,0.3798521256931608,0.07344096549736884
11.89873417721519,31.17281153783188,28.93992606284658,0,0.4006764933197782,83.8948336414048,161.0637707948244,1.767097966728281,0.3798521256931608,0.07378316094980605
12.08860759493671,31.17281153783188,28.93992606284658,0,0.4006764933197782,83.8948336414048,161.0637707948244,1.767097966728281,0.3798521256931608,0.07424420236377671
12.278481012658228,31.17281153783188,28.93992606284658,0,0.4006764933197782,83.8948336414048,161.0637707948244,1.767097966728281,0.3798521256931608,0.07481094552173273
12.468354430379748,31.17281153783188,28.93992606284658,0,0.4006764933197782,83.8948336414048,161.0637707948244,1.767097966728281,0.3798521256931608,0.07547027509511321
12.658227848101266,31.17281153783188,28.93992606284658,0,0.4006764933197782,83.8948336414048,161.0637707948244,1.767097966728281,0.3798521256931608,0.0762089305504812
12.848101265822784,31.17281153783188,28.93992606284658,0,0.4006764933197782,83.8948336414048,161.0637707948244,1.767097966728281,0.3798521256931608,0.07701335575702936
13.037974683544304,31.17281153783188,28.93992606284658,0,0.4006764933197782,83.8948336414048,161.0637707948244,1.767097966728281,0.3798521256931608,0.07786957226627503
13.227848101265824,31.17281153783188,28.93992606284658,0,0.4006764933197782,83.8948336414048,161.0637707948244,1.767097966728281,0.3798521256931608,0.078763076805719
13.417721518987342,31.17281153783188,28.93992606284658,0,0.4006764933197782,83.8948336414048,161.0637707948244,1.767097966728281,0.3798521256931608,0.07967876398903714
13.60759493670886,31.17281153783188,28.93992606284658,0,0.4006764933197782,83.8948336414048,161.0637707948244,1.767097966728281,0.3798521256931608,0.0806008755938039
13.79746835443038,31.17281153783188,28.93992606284658,0,0.4006764933197782,83.8948336414048,161.0637707948244,1.767097966728281,0.3798521256931608,0.08151297799041085
13.987341772151899,31.17281153783188,28.93992606284658,0,0.4006764933197782,83.8948336414048,161.0637707948244,1.767097966728281,0.3798521256931608,0.08239796941898074
14.177215189873419,31.17281153783188,28.93992606284658,0,0.4006764933197782,83.8948336414048,161.0637707948244,1.767097966728281,0.3798521256931608,0.08323811880124449
14.367088607594937,31.17281153783188,28.93992606284658,0,0.4006764933197782,83.8948336414048,161.0637707948244,1.767097966728281,0.3798521256931608,0.08401513763885972
14.556962025316455,31.17281153783188,28.93992606284658,0,0.4006764933197782,83.8948336414048,161.0637707948244,1.767097966728281,0.3798521256931608,0.08471028628701353
14.746835443037975,31.17281153783188,28.93992606284658,0,0.4006764933197782,83.8948336414048,161.0637707948244,1.767097966728281,0.3798521256931608,0.08530451550200333
14.936708860759495,31.17281153783188,28.93992606284658,0,0.4006764933197782,83.8948336414048,161.0637707948244,1.767097966728281,0.3798521256931608,0.08577864364459954
15.126582278481013,31.17281153783188,28.93992606284658,0,0.4006764933197782,83.8948336414048,161.0637707948244,1.767097966728281,0.3798521256931608,0.08611356927876944
15.316455696202532,31.17281153783188,28.93992606284658,0,0.4006764933197782,83.8948336414048,161.0637707948244,1.767097966728281,0.3798521256931608,0.08629051813952347
15.50632911392405,31.17281153783188,28.93992606284658,0,0.4006764933197782,83.8948336414048,161.0637707948244,1.767097966728281,0.3798521256931608,0.08629132276979959
15.69620253164557,31.17281153783188,28.93992606284658,0,0.4006764933197782,83.8948336414048,161.0637707948244,1.767097966728281,0.3798521256931608,0.08610509061248377
15.88607594936709,31.17281153783188,28.93992606284658,0,0.4006764933197782,83.8948336414048,161.0637707948244,1.767097966728281,0.3798521256931608,0.08574500434913757
16.075949367088608,31.17281153783188,28.93992606284658,0,0.4006764933197782,83.8948336414048,161.0637707948244,1.767097966728281,0.3798521256931608,0.08523022356363644
16.265822784810126,31.17281153783188,28.93992606284658,0,0.4006764933197782,83.8948336414048,161.0637707948244,1.767097966728281,0.3798521256931608,0.0845803551068548
16.455696202531648,31.17281153783188,28.93992606284658,0,0.4006764933197782,83.8948336414048,161.0637707948244,1.767097966728281,0.3798521256931608,0.08381517302069069
16.645569620253166,31.17281153783188,28.93992606284658,0,0.4006764933197782,83.8948336414048,161.0637707948244,1.767097966728281,0.3798521256931608,0.08295437346811085
16.835443037974684,31.17281153783188,28.93992606284658,0,0.4006764933197782,83.8948336414048,161.0637707948244,1.767097966728281,0.3798521256931608,0.08201736619947823
17.025316455696203,31.17281153783188,28.93992606284658,0,0.4006764933197782,83.8948336414048,161.0637707948244,1.767097966728281,0.3798521256931608,0.0810231031954751
17.21518987341772,31.17281153783188,28.93992606284658,0,0.4006764933197782,83.8948336414048,161.0637707948244,1.767097966728281,0.3798521256931608,0.07998994436151473
17.405063291139243,31.17281153783188,28.93992606284658,0,0.4006764933197782,83.8948336414048,161.0637707948244,1.767097966728281,0.3798521256931608,0.07893555951005427
17.59493670886076,31.17281153783188,28.93992606284658,0,0.4006764933197782,83.8948336414048,161.0637707948244,1.767097966728281,0.3798521256931608,0.07787686535812606
17.78481012658228,31.17281153783188,28.93992606284658,0,0.4006764933197782,83.8948336414048,161.0637707948244,1.767097966728281,0.3798521256931608,0.07682999588959903
17.974683544303797,31.17281153783188,28.93992606284658,0,0.4006764933197782,83.8948336414048,161.0637707948244,1.767097966728281,0.3798521256931608,0.07581030418589951
18.164556962025316,31.17281153783188,28.93992606284658,0,0.4006764933197782,83.8948336414048,161.0637707948244,1.767097966728281,0.3798521256931608,0.07483239371446217
18.354430379746837,31.17281153783188,28.93992606284658,0,0.4006764933197782,83.8948336414048,161.0637707948244,1.767097966728281,0.3798521256931608,0.07391017707863719
18.544303797468356,31.17281153783188,28.93992606284658,0,0.4006764933197782,83.8948336414048,161.0637707948244,1.767097966728281,0.3798521256931608,0.07305696037233278
18.734177215189874,31.17281153783188,28.93992606284658,0,0.4006764933197782,83.8948336414048,161.0637707948244,1.767097966728281,0.3798521256931608,0.07228555154247801
18.924050632911396,31.17281153783188,28.93992606284658,0,0.4006764933197782,83.8948336414048,161.0637707948244,1.767097966728281,0.3798521256931608,0.07160839153721567
19.11392405063291,31.17281153783188,28.93992606284658,0,0.4006764933197782,83.8948336414048,161.0637707948244,1.767097966728281,0.3798521256931608,0.07103770750285483
19.303797468354432,31.17281153783188,28.93992606284658,0,0.4006764933197782,83.8948336414048,161.0637707948244,1.767097966728281,0.3798521256931608,0.07058568788455992
19.49367088607595,31.17281153783188,28.93992606284658,0,0.4006764933197782,83.8948336414048,161.0637707948244,1.767097966728281,0.3798521256931608,0.07026467998333483
19.68354430379747,31.17281153783188,28.93992606284658,0,0.4006764933197782,83.8948336414048,161.0637707948244,1.767097966728281,0.3798521256931608,0.07008741132680013
19.87341772151899,31.17281153783188,28.93992606284658,0,0.4006764933197782,83.8948336414048,161.0637707948244,1.767097966728281,0.3798521256931608,0.07006723712898066
20.063291139240505,31.17281153783188,28.93992606284658,0,0.4006764933197782,83.8948336414048,161.0637707948244,1.767097966728281,0.3798521256931608,0.07021824289610014
20.253164556962027,31.17281153783188,28.93992606284658,0,0.4006764933197782,83.8948336414048,161.0637707948244,1.767097966728281,0.3798521256931608,0.07054522515557386
20.443037974683545,31.17281153783188,28.93992606284658,0,0.4006764933197782,83.8948336414048,161.0637707948244,1.767097966728281,0.3798521256931608,0.0710378673905116
20.632911392405063,31.17281153783188,28.93992606284658,0,0.4006764933197782,83.8948336414048,161.0637707948244,1.767097966728281,0.3798521256931608,0.07168523873504279
20.822784810126585,31.17281153783188,28.93992606284658,0,0.4006764933197782,83.8948336414048,161.0637707948244,1.767097966728281,0.3798521256931608,0.07247691971698067
21.0126582278481,31.17281153783188,28.93992606284658,0,0.4006764933197782,83.8948336414048,161.0637707948244,1.767097966728281,0.3798521256931608,0.07340275965820682
21.20253164556962,31.17281153783188,28.93992606284658,0,0.4006764933197782,83.8948336414048,161.0637707948244,1.767097966728281,0.3798521256931608,0.074452654037399
21.39240506329114,31.17281153783188,28.93992606284658,0,0.4006764933197782,83.8948336414048,161.0637707948244,1.767097966728281,0.3798521256931608,0.07561633980034477
21.582278481012658,31.17281153783188,28.93992606284658,0,0.4006764933197782,83.8948336414048,161.0637707948244,1.767097966728281,0.3798521256931608,0.07688320749179646
21.77215189873418,31.17281153783188,28.93992606284658,0,0.4006764933197782,83.8948336414048,161.0637707948244,1.767097966728281,0.3798521256931608,0.07824212988428073
21.962025316455698,31.17281153783188,28.93992606284658,0,0.4006764933197782,83.8948336414048,161.0637707948244,1.767097966728281,0.3798521256931608,0.07968130749733725
22.151898734177216,31.17281153783188,28.93992606284658,0,0.4006764933197782,83.8948336414048,161.0637707948244,1.767097966728281,0.3798521256931608,0.08118813203508761
22.341772151898734,31.17281153783188,28.93992606284658,0,0.4006764933197782,83.8948336414048,161.0637707948244,1.767097966728281,0.3798521256931608,0.0827490693170181
22.531645569620252,31.17281153783188,28.93992606284658,0,0.4006764933197782,83.8948336414048,161.0637707948244,1.767097966728281,0.3798521256931608,0.08434956373002991
22.721518987341774,31.17281153783188,28.93992606284658,0,0.4006764933197782,83.8948336414048,161.0637707948244,1.767097966728281,0.3798521256931608,0.08597396658116405
22.911392405063292,31.17281153783188,28.93992606284658,0,0.4006764933197782,83.8948336414048,161.0637707948244,1.767097966728281,0.3798521256931608,0.08760549097151778
23.10126582278481,31.17281153783188,28.93992606284658,0,0.4006764933197782,83.8948336414048,161.0637707948244,1.767097966728281,0.3798521256931608,0.0892261959349238
23.291139240506332,31.17281153783188,28.93992606284658,0,0.4006764933197782,83.8948336414048,161.0637707948244,1.767097966728281,0.3798521256931608,0.0908170025839266
23.481012658227847,31.17281153783188,28.93992606284658,0,0.4006764933197782,83.8948336414048,161.0637707948244,1.767097966728281,0.3798521256931608,0.09235774487691187
23.67088607594937,31.17281153783188,28.93992606284658,0,0.4006764933197782,83.8948336414048,161.0637707948244,1.767097966728281,0.3798521256931608,0.09382725736352696
23.860759493670887,31.17281153783188,28.93992606284658,0,0.4006764933197782,83.8948336414048,161.0637707948244,1.767097966728281,0.3798521256931608,0.09520350188346181
24.050632911392405,31.17281153783188,28.93992606284658,0,0.4006764933197782,83.8948336414048,161.0637707948244,1.767097966728281,0.3798521256931608,0.0964637346917945
24.240506329113927,31.17281153783188,28.93992606284658,0,0.4006764933197782,83.8948336414048,161.0637707948244,1.767097966728281,0.3798521256931608,0.09758471486977117
24.430379746835442,31.17281153783188,28.93992606284658,0,0.4006764933197782,83.8948336414048,161.0637707948244,1.767097966728281,0.3798521256931608,0.09854295416098217
24.620253164556964,31.17281153783188,28.93992606284658,0,0.4006764933197782,83.8948336414048,161.0637707948244,1.767097966728281,0.3798521256931608,0.09931704185153697
24.810126582278482,31.17281153783188,28.93992606284658,0,0.4006764933197782,83.8948336414048,161.0637707948244,1.767097966728281,0.3798521256931608,0.09991287725161217
25.0,31.17281153783188,28.93992606284658,0,0.4006764933197782,83.8948336414048,161.0637707948244,1.767097966728281,0.3798521256931608,0.10035650210426718
10.0,31.337676453507243,28.93992606284658,0,0.4006764933197782,83.8948336414048,161.0637707948244,1.767097966728281,0.3798521256931608,0.07324707998632896
10.189873417721518,31.337676453507243,28.93992606284658,0,0.4006764933197782,83.8948336414048,161.0637707948244,1.767097966728281,0.3798521256931608,0.07324707998632896
10.379746835443038,31.337676453507243,28.93992606284658,0,0.4006764933197782,83.8948336414048,161.0637707948244,1.767097966728281,0.3798521256931608,0.07324707998632896
10.569620253164556,31.337676453507243,28.93992606284658,0,0.4006764933197782,83.8948336414048,161.0637707948244,1.767097966728281,0.3798521256931608,0.07324707998632896
10.759493670886076,31.337676453507243,28.93992606284658,0,0.4006764933197782,83.8948336414048,161.0637707948244,1.767097966728281,0.3798521256931608,0.07324707998632896
10.949367088607595,31.337676453507243,28.93992606284658,0,0.4006764933197782,83.8948336414048,161.0637707948244,1.767097966728281,0.3798521256931608,0.07324707998632896
11.139240506329115,31.337676453507243,28.93992606284658,0,0.4006764933197782,83.8948336414048,161.0637707948244,1.767097966728281,0.3798521256931608,0.07306183384650951
11.329113924050633,31.337676453507243,28.93992606284658,0,0.4006764933197782,83.8948336414048,161.0637707948244,1.767097966728281,0.3798521256931608,0.0729627960572277
11.518987341772153,31.337676453507243,28.93992606284658,0,0.4006764933197782,83.8948336414048,161.0637707948244,1.767097966728281,0.3798521256931608,0.07302670205580741
11.708860759493671,31.337676453507243,28.93992606284658,0,0.4006764933197782,83.8948336414048,161.0637707948244,1.767097966728281,0.3798521256931608,0.0732388464412947
11.89873417721519,31.337676453507243,28.93992606284658,0,0.4006764933197782,83.8948336414048,161.0637707948244,1.767097966728281,0.3798521256931608,0.07358525297800107
12.08860759493671,31.337676453507243,28.93992606284658,0,0.4006764933197782,83.8948336414048,161.0637707948244,1.767097966728281,0.3798521256931608,0.07405241417390895
12.278481012658228,31.337676453507243,28.93992606284658,0,0.4006764933197782,83.8948336414048,161.0637707948244,1.767097966728281,0.3798521256931608,0.07462706001592953
12.468354430379748,31.337676453507243,28.93992606284658,0,0.4006764933197782,83.8948336414048,161.0637707948244,1.767097966728281,0.3798521256931608,0.07529595332245133
12.658227848101266,31.337676453507243,28.93992606284658,0,0.4006764933197782,83.8948336414048,161.0637707948244,1.767097966728281,0.3798521256931608,0.07604571012650897
12.848101265822784,31.337676453507243,28.93992606284658,0,0.4006764933197782,83.8948336414048,161.0637707948244,1.767097966728281,0.3798521256931608,0.07686264433350212
13.037974683544304,31.337676453507243,28.93992606284658,0,0.4006764933197782,83.8948336414048,161.0637707948244,1.767097966728281,0.3798521256931608,0.07773263661129894
13.227848101265824,31.337676453507243,28.93992606284658,0,0.4006764933197782,83.8948336414048,161.0637707948244,1.767097966728281,0.3798521256931608,0.0786410280701216
13.417721518987342,31.337676453507243,28.93992606284658,0,0.4006764933197782,83.8948336414048,161.0637707948244,1.767097966728281,0.3798521256931608,0.0795725397744608
13.60759493670886,31.337676453507243,28.93992606284658,0,0.4006764933197782,83.8948336414048,161.0637707948244,1.767097966728281,0.3798521256931608,0.08051121949695778
13.79746835443038,31.337676453507243,28.93992606284658,0,0.4006764933197782,83.8948336414048,161.0637707948244,1.767097966728281,0.3798521256931608,0.08144041737115716
13.987341772151899,31.337676453507243,28.93992606284658,0,0.4006764933197782,83.8948336414048,161.0637707948244,1.767097966728281,0.3798521256931608,0.08234279222217056
14.177215189873419,31.337676453507243,28.93992606284658,0,0.4006764933197782,83.8948336414048,161.0637707948244,1.767097966728281,0.3798521256931608,0.08320035034789876
14.367088607594937,31.337676453507243,28.93992606284658,0,0.4006764933197782,83.8948336414048,161.0637707948244,1.767097966728281,0.3798521256931608,0.0839945183856295
14.556962025316455,31.337676453507243,28.93992606284658,0,0.4006764933197782,83.8948336414048,161.0637707948244,1.767097966728281,0.3798521256931608,0.08470625162791132
14.746835443037975,31.337676453507243,28.93992606284658,0,0.4006764933197782,83.8948336414048,161.0637707948244,1.767097966728281,0.3798521256931608,0.08531617874723281
14.936708860759495,31.337676453507243,28.93992606284658,0,0.4006764933197782,83.8948336414048,161.0637707948244,1.767097966728281,0.3798521256931608,0.08580478335197968
15.126582278481013,31.337676453507243,28.93992606284658,0,0.4006764933197782,83.8948336414048,161.0637707948244,1.767097966728281,0.3798521256931608,0.08615262212798008
15.316455696202532,31.337676453507243,28.93992606284658,0,0.4006764933197782,83.8948336414048,161.0637707948244,1.767097966728281,0.3798521256931608,0.0863405785225057
15.50632911392405,31.337676453507243,28.93992606284658,0,0.4006764933197782,83.8948336414048,161.0637707948244,1.767097966728281,0.3798521256931608,0.08635015021917507
15.69620253164557,31.337676453507243,28.93992606284658,0,0.4006764933197782,83.8948336414048,161.0637707948244,1.767097966728281,0.3798521256931608,0.08617020336630554
15.88607594936709,31.337676453507243,28.93992606284658,0,0.4006764933197782,83.8948336414048,161.0637707948244,1.767097966728281,0.3798521256931608,0.08581398477944883
16.075949367088608,31.337676453507243,28.93992606284658,0,0.4006764933197782,83.8948336414048,161.0637707948244,1.767097966728281,0.3798521256931608,0.08530080878524936
16.265822784810126,31.337676453507243,28.93992606284658,0,0.4006764933197782,83.8948336414048,161.0637707948244,1.767097966728281,0.3798521256931608,0.08465045820435474
16.455696202531648,31.337676453507243,28.93992606284658,0,0.4006764933197782,83.8948336414048,161.0637707948244,1.767097966728281,0.3798521256931608,0.08388289785476234
16.645569620253166,31.337676453507243,28.93992606284658,0,0.4006764933197782,83.8948336414048,161.0637707948244,1.767097966728281,0.3798521256931608,0.08301802357842836
16.835443037974684,31.337676453507243,28.93992606284658,0,0.4006764933197782,83.8948336414048,161.0637707948244,1.767097966728281,0.3798521256931608,0.08207544840480706
17.025316455696203,31.337676453507243,28.93992606284658,0,0.4006764933197782,83.8948336414048,161.0637707948244,1.767097966728281,0.3798521256931608,0.08107432654704316
17.21518987341772,31.337676453507243,28.93992606284658,0,0.4006764933197782,83.8948336414048,161.0637707948244,1.767097966728281,0.3798521256931608,0.08003321513600364
17.405063291139243,31.337676453507243,28.93992606284658,0,0.4006764933197782,83.8948336414048,161.0637707948244,1.767097966728281,0.3798521256931608,0.07896997293668287
17.59493670886076,31.337676453507243,28.93992606284658,0,0.4006764933197782,83.8948336414048,161.0637707948244,1.767097966728281,0.3798521256931608,0.07790169476331231
17.78481012658228,31.337676453507243,28.93992606284658,0,0.4006764933197782,83.8948336414048,161.0637707948244,1.767097966728281,0.3798521256931608,0.07684467991578245
17.974683544303797,31.337676453507243,28.93992606284658,0,0.4006764933197782,83.8948336414048,161.0637707948244,1.767097966728281,0.3798521256931608,0.07581443270162044
18.164556962025316,31.337676453507243,28.93992606284658,0,0.4006764933197782,83.8948336414048,161.0637707948244,1.767097966728281,0.3798521256931608,0.0748256929840892
18.354430379746837,31.337676453507243,28.93992606284658,0,0.4006764933197782,83.8948336414048,161.0637707948244,1.767097966728281,0.3798521256931608,0.0738924947056122
18.544303797468356,31.337676453507243,28.93992606284658,0,0.4006764933197782,83.8948336414048,161.0637707948244,1.767097966728281,0.3798521256931608,0.07302825047277353
18.734177215189874,31.337676453507243,28.93992606284658,0,0.4006764933197782,83.8948336414048,161.0637707948244,1.767097966728281,0.3798521256931608,0.072245860549607
18.924050632911396,31.337676453507243,28.93992606284658,0,0.4006764933197782,83.8948336414048,161.0637707948244,1.767097966728281,0.3798521256931608,0.07155784498432968
19.11392405063291,31.337676453507243,28.93992606284658,0,0.4006764933197782,83.8948336414048,161.0637707948244,1.767097966728281,0.3798521256931608,0.0709764980861546
19.303797468354432,31.337676453507243,28.93992606284658,0,0.4006764933197782,83.8948336414048,161.0637707948244,1.767097966728281,0.3798521256931608,0.07051406506961559
19.49367088607595,31.337676453507243,28.93992606284658,0,0.4006764933197782,83.8948336414048,161.0637707948244,1.767097966728281,0.3798521256931608,0.07018294139259429
19.68354430379747,31.337676453507243,28.93992606284658,0,0.4006764933197782,83.8948336414048,161.0637707948244,1.767097966728281,0.3798521256931608,0.06999589613254459
19.87341772151899,31.337676453507243,28.93992606284658,0,0.4006764933197782,83.8948336414048,161.0637707948244,1.767097966728281,0.3798521256931608,0.06996632167867951
20.063291139240505,31.337676453507243,28.93992606284658,0,0.4006764933197782,83.8948336414048,161.0637707948244,1.767097966728281,0.3798521256931608,0.07010833816791102
20.253164556962027,31.337676453507243,28.93992606284658,0,0.4006764933197782,83.8948336414048,161.0637707948244,1.767097966728281,0.3798521256931608,0.0704267396520051
20.443037974683545,31.337676453507243,28.93992606284658,0,0.4006764933197782,83.8948336414048,161.0637707948244,1.767097966728281,0.3798521256931608,0.07091115628172037
20.632911392405063,31.337676453507243,28.93992606284658,0,0.4006764933197782,83.8948336414048,161.0637707948244,1.767097966728281,0.3798521256931608,0.07155061073084229
20.822784810126585,31.337676453507243,28.93992606284658,0,0.4006764933197782,83.8948336414048,161.0637707948244,1.767097966728281,0.3798521256931608,0.07233464772163775
21.0126582278481,31.337676453507243,28.93992606284658,0,0.4006764933197782,83.8948336414048,161.0637707948244,1.767097966728281,0.3798521256931608,0.07325309009601563
21.20253164556962,31.337676453507243,28.93992606284658,0,0.4006764933197782,83.8948336414048,161.0637707948244,1.767097966728281,0.3798521256931608,0.0742958150333085
21.39240506329114,31.337676453507243,28.93992606284658,0,0.4006764933197782,83.8948336414048,161.0637707948244,1.767097966728281,0.3798521256931608,0.07545254835689841
21.582278481012658,31.337676453507243,28.93992606284658,0,0.4006764933197782,83.8948336414048,161.0637707948244,1.767097966728281,0.3798521256931608,0.07671267576810384
21.77215189873418,31.337676453507243,28.93992606284658,0,0.4006764933197782,83.8948336414048,161.0637707948244,1.767097966728281,0.3798521256931608,0.07806507065384861
21.962025316455698,31.337676453507243,28.93992606284658,0,0.4006764933197782,83.8948336414048,161.0637707948244,1.767097966728281,0.3798521256931608,0.07949793883872523
22.151898734177216,31.337676453507243,28.93992606284658,0,0.4006764933197782,83.8948336414048,161.0637707948244,1.767097966728281,0.3798521256931608,0.08099868129205486
22.341772151898734,31.337676453507243,28.93992606284658,0,0.4006764933197782,83.8948336414048,161.0637707948244,1.767097966728281,0.3798521256931608,0.08255377635275443
22.531645569620252,31.337676453507243,28.93992606284658,0,0.4006764933197782,83.8948336414048,161.0637707948244,1.767097966728281,0.3798521256931608,0.084148683492904
22.721518987341774,31.337676453507243,28.93992606284658,0,0.4006764933197782,83.8948336414048,161.0637707948244,1.767097966728281,0.3798521256931608,0.08576777099690952
22.911392405063292,31.337676453507243,28.93992606284658,0,0.4006764933197782,83.8948336414048,161.0637707948244,1.767097966728281,0.3798521256931608,0.08739427017856334
23.10126582278481,31.337676453507243,28.93992606284658,0,0.4006764933197782,83.8948336414048,161.0637707948244,1.767097966728281,0.3798521256931608,0.0890102588852599
23.291139240506332,31.337676453507243,28.93992606284658,0,0.4006764933197782,83.8948336414048,161.0637707948244,1.767097966728281,0.3798521256931608,0.09059667704095985
23.481012658227847,31.337676453507243,28.93992606284658,0,0.4006764933197782,83.8948336414048,161.0637707948244,1.767097966728281,0.3798521256931608,0.09213337685354524
23.67088607594937,31.337676453507243,28.93992606284658,0,0.4006764933197782,83.8948336414048,161.0637707948244,1.767097966728281,0.3798521256931608,0.09359921005741276
23.860759493670887,31.337676453507243,28.93992606284658,0,0.4006764933197782,83.8948336414048,161.0637707948244,1.767097966728281,0.3798521256931608,0.09497215418110677
24.050632911392405,31.337676453507243,28.93992606284658,0,0.4006764933197782,83.8948336414048,161.0637707948244,1.767097966728281,0.3798521256931608,0.09622947932791301
24.240506329113927,31.337676453507243,28.93992606284658,0,0.4006764933197782,83.8948336414048,161.0637707948244,1.767097966728281,0.3798521256931608,0.09734795634189035
24.430379746835442,31.337676453507243,28.93992606284658,0,0.4006764933197782,83.8948336414048,161.0637707948244,1.767097966728281,0.3798521256931608,0.09830410651067113
24.620253164556964,31.337676453507243,28.93992606284658,0,0.4006764933197782,83.8948336414048,161.0637707948244,1.767097966728281,0.3798521256931608,0.09907652383688521
24.810126582278482,31.337676453507243,28.93992606284658,0,0.4006764933197782,83.8948336414048,161.0637707948244,1.767097966728281,0.3798521256931608,0.09967107596959546
25.0,31.337676453507243,28.93992606284658,0,0.4006764933197782,83.8948336414048,161.0637707948244,1.767097966728281,0.3798521256931608,0.10011374661220018
10.0,31.5025413691826,28.93992606284658,0,0.4006764933197782,83.8948336414048,161.0637707948244,1.767097966728281,0.3798521256931608,0.0729412909331227
10.189873417721518,31.5025413691826,28.93992606284658,0,0.4006764933197782,83.8948336414048,161.0637707948244,1.767097966728281,0.3798521256931608,0.0729412909331227
10.379746835443038,31.5025413691826,28.93992606284658,0,0.4006764933197782,83.8948336414048,161.0637707948244,1.767097966728281,0.3798521256931608,0.0729412909331227
10.569620253164556,31.5025413691826,28.93992606284658,0,0.4006764933197782,83.8948336414048,161.0637707948244,1.767097966728281,0.3798521256931608,0.0729412909331227
10.759493670886076,31.5025413691826,28.93992606284658,0,0.4006764933197782,83.8948336414048,161.0637707948244,1.767097966728281,0.3798521256931608,0.0729412909331227
10.949367088607595,31.5025413691826,28.93992606284658,0,0.4006764933197782,83.8948336414048,161.0637707948244,1.767097966728281,0.3798521256931608,0.0729412909331227
11.139240506329115,31.5025413691826,28.93992606284658,0,0.4006764933197782,83.8948336414048,161.0637707948244,1.767097966728281,0.3798521256931608,0.0727647071857329
11.329113924050633,31.5025413691826,28.93992606284658,0,0.4006764933197782,83.8948336414048,161.0637707948244,1.767097966728281,0.3798521256931608,0.07267775307418223
11.518987341772153,31.5025413691826,28.93992606284658,0,0.4006764933197782,83.8948336414048,161.0637707948244,1.767097966728281,0.3798521256931608,0.07275407029861
11.708860759493671,31.5025413691826,28.93992606284658,0,0.4006764933197782,83.8948336414048,161.0637707948244,1.767097966728281,0.3798521256931608,0.0729789684070189
11.89873417721519,31.5025413691826,28.93992606284658,0,0.4006764933197782,83.8948336414048,161.0637707948244,1.767097966728281,0.3798521256931608,0.07333848279544324
12.08860759493671,31.5025413691826,28.93992606284658,0,0.4006764933197782,83.8948336414048,161.0637707948244,1.767097966728281,0.3798521256931608,0.07381911204033939
12.278481012658228,31.5025413691826,28.93992606284658,0,0.4006764933197782,83.8948336414048,161.0637707948244,1.767097966728281,0.3798521256931608,0.07440758455173296
12.468354430379748,31.5025413691826,28.93992606284658,0,0.4006764933197782,83.8948336414048,161.0637707948244,1.767097966728281,0.3798521256931608,0.07509065199211075
12.658227848101266,31.5025413691826,28.93992606284658,0,0.4006764933197782,83.8948336414048,161.0637707948244,1.767097966728281,0.3798521256931608,0.07585490787615923
12.848101265822784,31.5025413691826,28.93992606284658,0,0.4006764933197782,83.8948336414048,161.0637707948244,1.767097966728281,0.3798521256931608,0.07668663061212412
13.037974683544304,31.5025413691826,28.93992606284658,0,0.4006764933197782,83.8948336414048,161.0637707948244,1.767097966728281,0.3798521256931608,0.07757165097249834
13.227848101265824,31.5025413691826,28.93992606284658,0,0.4006764933197782,83.8948336414048,161.0637707948244,1.767097966728281,0.3798521256931608,0.07849524459229558
13.417721518987342,31.5025413691826,28.93992606284658,0,0.4006764933197782,83.8948336414048,161.0637707948244,1.767097966728281,0.3798521256931608,0.07944205058677004
13.60759493670886,31.5025413691826,28.93992606284658,0,0.4006764933197782,83.8948336414048,161.0637707948244,1.767097966728281,0.3798521256931608,0.08039601775450764
13.79746835443038,31.5025413691826,28.93992606284658,0,0.4006764933197782,83.8948336414048,161.0637707948244,1.767097966728281,0.3798521256931608,0.08134038008248613
13.987341772151899,31.5025413691826,28.93992606284658,0,0.4006764933197782,83.8948336414048,161.0637707948244,1.767097966728281,0.3798521256931608,0.08225766339268771
14.177215189873419,31.5025413691826,28.93992606284658,0,0.4006764933197782,83.8948336414048,161.0637707948244,1.767097966728281,0.3798521256931608,0.0831297249612204
14.367088607594937,31.5025413691826,28.93992606284658,0,0.4006764933197782,83.8948336414048,161.0637707948244,1.767097966728281,0.3798521256931608,0.08393782779764343
14.556962025316455,31.5025413691826,28.93992606284658,0,0.4006764933197782,83.8948336414048,161.0637707948244,1.767097966728281,0.3798521256931608,0.08466275099256813
14.746835443037975,31.5025413691826,28.93992606284658,0,0.4006764933197782,83.8948336414048,161.0637707948244,1.767097966728281,0.3798521256931608,0.08528493712525546
14.936708860759495,31.5025413691826,28.93992606284658,0,0.4006764933197782,83.8948336414048,161.0637707948244,1.767097966728281,0.3798521256931608,0.08578467717071976
15.126582278481013,31.5025413691826,28.93992606284658,0,0.4006764933197782,83.8948336414048,161.0637707948244,1.767097966728281,0.3798521256931608,0.08614233265942084
15.316455696202532,31.5025413691826,28.93992606284658,0,0.4006764933197782,83.8948336414048,161.0637707948244,1.767097966728281,0.3798521256931608,0.08633859402395289
15.50632911392405,31.5025413691826,28.93992606284658,0,0.4006764933197782,83.8948336414048,161.0637707948244,1.767097966728281,0.3798521256931608,0.0863547733361015
15.69620253164557,31.5025413691826,28.93992606284658,0,0.4006764933197782,83.8948336414048,161.0637707948244,1.767097966728281,0.3798521256931608,0.0861796089324
15.88607594936709,31.5025413691826,28.93992606284658,0,0.4006764933197782,83.8948336414048,161.0637707948244,1.767097966728281,0.3798521256931608,0.08582640086323579
16.075949367088608,31.5025413691826,28.93992606284658,0,0.4006764933197782,83.8948336414048,161.0637707948244,1.767097966728281,0.3798521256931608,0.08531457400622698
16.265822784810126,31.5025413691826,28.93992606284658,0,0.4006764933197782,83.8948336414048,161.0637707948244,1.767097966728281,0.3798521256931608,0.08466403793177789
16.455696202531648,31.5025413691826,28.93992606284658,0,0.4006764933197782,83.8948336414048,161.0637707948244,1.767097966728281,0.3798521256931608,0.08389489554574582
16.645569620253166,31.5025413691826,28.93992606284658,0,0.4006764933197782,83.8948336414048,161.0637707948244,1.767097966728281,0.3798521256931608,0.08302718764256473
16.835443037974684,31.5025413691826,28.93992606284658,0,0.4006764933197782,83.8948336414048,161.0637707948244,1.767097966728281,0.3798521256931608,0.08208067504742117
17.025316455696203,31.5025413691826,28.93992606284658,0,0.4006764933197782,83.8948336414048,161.0637707948244,1.767097966728281,0.3798521256931608,0.08107465908638248
17.21518987341772,31.5025413691826,28.93992606284658,0,0.4006764933197782,83.8948336414048,161.0637707948244,1.767097966728281,0.3798521256931608,0.08002784031331045
17.405063291139243,31.5025413691826,28.93992606284658,0,0.4006764933197782,83.8948336414048,161.0637707948244,1.767097966728281,0.3798521256931608,0.0789582147445269
17.59493670886076,31.5025413691826,28.93992606284658,0,0.4006764933197782,83.8948336414048,161.0637707948244,1.767097966728281,0.3798521256931608,0.07788300630916851
17.78481012658228,31.5025413691826,28.93992606284658,0,0.4006764933197782,83.8948336414048,161.0637707948244,1.767097966728281,0.3798521256931608,0.07681863381712045
17.974683544303797,31.5025413691826,28.93992606284658,0,0.4006764933197782,83.8948336414048,161.0637707948244,1.767097966728281,0.3798521256931608,0.07578071047830262
18.164556962025316,31.5025413691826,28.93992606284658,0,0.4006764933197782,83.8948336414048,161.0637707948244,1.767097966728281,0.3798521256931608,0.07478407387628438
18.354430379746837,31.5025413691826,28.93992606284658,0,0.4006764933197782,83.8948336414048,161.0637707948244,1.767097966728281,0.3798521256931608,0.07384284430334513
18.544303797468356,31.5025413691826,28.93992606284658,0,0.4006764933197782,83.8948336414048,161.0637707948244,1.767097966728281,0.3798521256931608,0.07297050949919287
18.734177215189874,31.5025413691826,28.93992606284658,0,0.4006764933197782,83.8948336414048,161.0637707948244,1.767097966728281,0.3798521256931608,0.07218003409650318
18.924050632911396,31.5025413691826,28.93992606284658,0,0.4006764933197782,83.8948336414048,161.0637707948244,1.767097966728281,0.3798521256931608,0.07148399245764178
19.11392405063291,31.5025413691826,28.93992606284658,0,0.4006764933197782,83.8948336414048,161.0637707948244,1.767097966728281,0.3798521256931608,0.07089472408324973
19.303797468354432,31.5025413691826,28.93992606284658,0,0.4006764933197782,83.8948336414048,161.0637707948244,1.767097966728281,0.3798521256931608,0.07042451138091783
19.49367088607595,31.5025413691826,28.93992606284658,0,0.4006764933197782,83.8948336414048,161.0637707948244,1.767097966728281,0.3798521256931608,0.0700857802994351
19.68354430379747,31.5025413691826,28.93992606284658,0,0.4006764933197782,83.8948336414048,161.0637707948244,1.767097966728281,0.3798521256931608,0.06989132516256863
19.87341772151899,31.5025413691826,28.93992606284658,0,0.4006764933197782,83.8948336414048,161.0637707948244,1.767097966728281,0.3798521256931608,0.06985455998143551
20.063291139240505,31.5025413691826,28.93992606284658,0,0.4006764933197782,83.8948336414048,161.0637707948244,1.767097966728281,0.3798521256931608,0.06998962427256405
20.253164556962027,31.5025413691826,28.93992606284658,0,0.4006764933197782,83.8948336414048,161.0637707948244,1.767097966728281,0.3798521256931608,0.07030130750323209
20.443037974683545,31.5025413691826,28.93992606284658,0,0.4006764933197782,83.8948336414048,161.0637707948244,1.767097966728281,0.3798521256931608,0.0707792035297806
20.632911392405063,31.5025413691826,28.93992606284658,0,0.4006764933197782,83.8948336414048,161.0637707948244,1.767097966728281,0.3798521256931608,0.07141230441214173
20.822784810126585,31.5025413691826,28.93992606284658,0,0.4006764933197782,83.8948336414048,161.0637707948244,1.767097966728281,0.3798521256931608,0.07219013227804556
21.0126582278481,31.5025413691826,28.93992606284658,0,0.4006764933197782,83.8948336414048,161.0637707948244,1.767097966728281,0.3798521256931608,0.07310249446416683
21.20253164556962,31.5025413691826,28.93992606284658,0,0.4006764933197782,83.8948336414048,161.0637707948244,1.767097966728281,0.3798521256931608,0.07413925893822199
21.39240506329114,31.5025413691826,28.93992606284658,0,0.4006764933197782,83.8948336414048,161.0637707948244,1.767097966728281,0.3798521256931608,0.07529014791125614
21.582278481012658,31.5025413691826,28.93992606284658,0,0.4006764933197782,83.8948336414048,161.0637707948244,1.767097966728281,0.3798521256931608,0.076544548451126
21.77215189873418,31.5025413691826,28.93992606284658,0,0.4006764933197782,83.8948336414048,161.0637707948244,1.767097966728281,0.3798521256931608,0.07789133972122668
21.962025316455698,31.5025413691826,28.93992606284658,0,0.4006764933197782,83.8948336414048,161.0637707948244,1.767097966728281,0.3798521256931608,0.07931873719710883
22.151898734177216,31.5025413691826,28.93992606284658,0,0.4006764933197782,83.8948336414048,161.0637707948244,1.767097966728281,0.3798521256931608,0.0808141548577931
22.341772151898734,31.5025413691826,28.93992606284658,0,0.4006764933197782,83.8948336414048,161.0637707948244,1.767097966728281,0.3798521256931608,0.08236408690475368
22.531645569620252,31.5025413691826,28.93992606284658,0,0.4006764933197782,83.8948336414048,161.0637707948244,1.767097966728281,0.3798521256931608,0.08395401102339545
22.721518987341774,31.5025413691826,28.93992606284658,0,0.4006764933197782,83.8948336414048,161.0637707948244,1.767097966728281,0.3798521256931608,0.0855683155614458
22.911392405063292,31.5025413691826,28.93992606284658,0,0.4006764933197782,83.8948336414048,161.0637707948244,1.767097966728281,0.3798521256931608,0.08719025324747409
23.10126582278481,31.5025413691826,28.93992606284658,0,0.4006764933197782,83.8948336414048,161.0637707948244,1.767097966728281,0.3798521256931608,0.08880192420282035
23.291139240506332,31.5025413691826,28.93992606284658,0,0.4006764933197782,83.8948336414048,161.0637707948244,1.767097966728281,0.3798521256931608,0.0903842910052788
23.481012658227847,31.5025413691826,28.93992606284658,0,0.4006764933197782,83.8948336414048,161.0637707948244,1.767097966728281,0.3798521256931608,0.09191722843918707
23.67088607594937,31.5025413691826,28.93992606284658,0,0.4006764933197782,83.8948336414048,161.0637707948244,1.767097966728281,0.3798521256931608,0.093379610313414
23.860759493670887,31.5025413691826,28.93992606284658,0,0.4006764933197782,83.8948336414048,161.0637707948244,1.767097966728281,0.3798521256931608,0.09474943534861453
24.050632911392405,31.5025413691826,28.93992606284658,0,0.4006764933197782,83.8948336414048,161.0637707948244,1.767097966728281,0.3798521256931608,0.09600399363332729
24.240506329113927,31.5025413691826,28.93992606284658,0,0.4006764933197782,83.8948336414048,161.0637707948244,1.767097966728281,0.3798521256931608,0.09712007453224578
24.430379746835442,31.5025413691826,28.93992606284658,0,0.4006764933197782,83.8948336414048,161.0637707948244,1.767097966728281,0.3798521256931608,0.09807421620711451
24.620253164556964,31.5025413691826,28.93992606284658,0,0.4006764933197782,83.8948336414048,161.0637707948244,1.767097966728281,0.3798521256931608,0.0988450249346695
24.810126582278482,31.5025413691826,28.93992606284658,0,0.4006764933197782,83.8948336414048,161.0637707948244,1.767097966728281,0.3798521256931608,0.0994383411891429
25.0,31.5025413691826,28.93992606284658,0,0.4006764933197782,83.8948336414048,161.0637707948244,1.767097966728281,0.3798521256931608,0.09988009285348895
10.0,31.667406284857964,28.93992606284658,0,0.4006764933197782,83.8948336414048,161.0637707948244,1.767097966728281,0.3798521256931608,0.07253480854440075
10.189873417721518,31.667406284857964,28.93992606284658,0,0.4006764933197782,83.8948336414048,161.0637707948244,1.767097966728281,0.3798521256931608,0.07253480854440075
10.379746835443038,31.667406284857964,28.93992606284658,0,0.4006764933197782,83.8948336414048,161.0637707948244,1.767097966728281,0.3798521256931608,0.07253480854440075
10.569620253164556,31.667406284857964,28.93992606284658,0,0.4006764933197782,83.8948336414048,161.0637707948244,1.767097966728281,0.3798521256931608,0.07253480854440075
10.759493670886076,31.667406284857964,28.93992606284658,0,0.4006764933197782,83.8948336414048,161.0637707948244,1.767097966728281,0.3798521256931608,0.07253480854440075
10.949367088607595,31.667406284857964,28.93992606284658,0,0.4006764933197782,83.8948336414048,161.0637707948244,1.767097966728281,0.3798521256931608,0.07253480854440075
11.139240506329115,31.667406284857964,28.93992606284658,0,0.4006764933197782,83.8948336414048,161.0637707948244,1.767097966728281,0.3798521256931608,0.07237775657323642
11.329113924050633,31.667406284857964,28.93992606284658,0,0.4006764933197782,83.8948336414048,161.0637707948244,1.767097966728281,0.3798521256931608,0.07231593882679827
11.518987341772153,31.667406284857964,28.93992606284658,0,0.4006764933197782,83.8948336414048,161.0637707948244,1.767097966728281,0.3798521256931608,0.07241586374852185
11.708860759493671,31.667406284857964,28.93992606284658,0,0.4006764933197782,83.8948336414048,161.0637707948244,1.767097966728281,0.3798521256931608,0.0726630301233696
11.89873417721519,31.667406284857964,28.93992606284658,0,0.4006764933197782,83.8948336414048,161.0637707948244,1.767097966728281,0.3798521256931608,0.07304363367478865
12.08860759493671,31.667406284857964,28.93992606284658,0,0.4006764933197782,83.8948336414048,161.0637707948244,1.767097966728281,0.3798521256931608,0.07354430716654338
12.278481012658228,31.667406284857964,28.93992606284658,0,0.4006764933197782,83.8948336414048,161.0637707948244,1.767097966728281,0.3798521256931608,0.0741518893729598
12.468354430379748,31.667406284857964,28.93992606284658,0,0.4006764933197782,83.8948336414048,161.0637707948244,1.767097966728281,0.3798521256931608,0.07485322045242772
12.658227848101266,31.667406284857964,28.93992606284658,0,0.4006764933197782,83.8948336414048,161.0637707948244,1.767097966728281,0.3798521256931608,0.07563496222153221
12.848101265822784,31.667406284857964,28.93992606284658,0,0.4006764933197782,83.8948336414048,161.0637707948244,1.767097966728281,0.3798521256931608,0.07648344266610313
13.037974683544304,31.667406284857964,28.93992606284658,0,0.4006764933197782,83.8948336414048,161.0637707948244,1.767097966728281,0.3798521256931608,0.07738452474626555
13.227848101265824,31.667406284857964,28.93992606284658,0,0.4006764933197782,83.8948336414048,161.0637707948244,1.767097966728281,0.3798521256931608,0.07832350015731808
13.417721518987342,31.667406284857964,28.93992606284658,0,0.4006764933197782,83.8948336414048,161.0637707948244,1.767097966728281,0.3798521256931608,0.07928500919613135
13.60759493670886,31.667406284857964,28.93992606284658,0,0.4006764933197782,83.8948336414048,161.0637707948244,1.767097966728281,0.3798521256931608,0.08025298825089909
13.79746835443038,31.667406284857964,28.93992606284658,0,0.4006764933197782,83.8948336414048,161.0637707948244,1.767097966728281,0.3798521256931608,0.0812106466764125
13.987341772151899,31.667406284857964,28.93992606284658,0,0.4006764933197782,83.8948336414048,161.0637707948244,1.767097966728281,0.3798521256931608,0.08214047493311125
14.177215189873419,31.667406284857964,28.93992606284658,0,0.4006764933197782,83.8948336414048,161.0637707948244,1.767097966728281,0.3798521256931608,0.0830242858519459
14.367088607594937,31.667406284857964,28.93992606284658,0,0.4006764933197782,83.8948336414048,161.0637707948244,1.767097966728281,0.3798521256931608,0.0838432907355196
14.556962025316455,31.667406284857964,28.93992606284658,0,0.4006764933197782,83.8948336414048,161.0637707948244,1.767097966728281,0.3798521256931608,0.08457821171732204
14.746835443037975,31.667406284857964,28.93992606284658,0,0.4006764933197782,83.8948336414048,161.0637707948244,1.767097966728281,0.3798521256931608,0.08520943137483283
14.936708860759495,31.667406284857964,28.93992606284658,0,0.4006764933197782,83.8948336414048,161.0637707948244,1.767097966728281,0.3798521256931608,0.08571718002980311
15.126582278481013,31.667406284857964,28.93992606284658,0,0.4006764933197782,83.8948336414048,161.0637707948244,1.767097966728281,0.3798521256931608,0.08608176047185197
15.316455696202532,31.667406284857964,28.93992606284658,0,0.4006764933197782,83.8948336414048,161.0637707948244,1.767097966728281,0.3798521256931608,0.0862838090117157
15.50632911392405,31.667406284857964,28.93992606284658,0,0.4006764933197782,83.8948336414048,161.0637707948244,1.767097966728281,0.3798521256931608,0.08630459102846226
15.69620253164557,31.667406284857964,28.93992606284658,0,0.4006764933197782,83.8948336414048,161.0637707948244,1.767097966728281,0.3798521256931608,0.08613282261752851
15.88607594936709,31.667406284857964,28.93992606284658,0,0.4006764933197782,83.8948336414048,161.0637707948244,1.767097966728281,0.3798521256931608,0.08578184658519061
16.075949367088608,31.667406284857964,28.93992606284658,0,0.4006764933197782,83.8948336414048,161.0637707948244,1.767097966728281,0.3798521256931608,0.08527115667730278
16.265822784810126,31.667406284857964,28.93992606284658,0,0.4006764933197782,83.8948336414048,161.0637707948244,1.767097966728281,0.3798521256931608,0.08462074269703748
16.455696202531648,31.667406284857964,28.93992606284658,0,0.4006764933197782,83.8948336414048,161.0637707948244,1.767097966728281,0.3798521256931608,0.08385079577333675
16.645569620253166,31.667406284857964,28.93992606284658,0,0.4006764933197782,83.8948336414048,161.0637707948244,1.767097966728281,0.3798521256931608,0.08298144980480232
16.835443037974684,31.667406284857964,28.93992606284658,0,0.4006764933197782,83.8948336414048,161.0637707948244,1.767097966728281,0.3798521256931608,0.08203256080442109
17.025316455696203,31.667406284857964,28.93992606284658,0,0.4006764933197782,83.8948336414048,161.0637707948244,1.767097966728281,0.3798521256931608,0.08102352491506715
17.21518987341772,31.667406284857964,28.93992606284658,0,0.4006764933197782,83.8948336414048,161.0637707948244,1.767097966728281,0.3798521256931608,0.07997313504152494
17.405063291139243,31.667406284857964,28.93992606284658,0,0.4006764933197782,83.8948336414048,161.0637707948244,1.767097966728281,0.3798521256931608,0.07889947535448473
17.59493670886076,31.667406284857964,28.93992606284658,0,0.4006764933197782,83.8948336414048,161.0637707948244,1.767097966728281,0.3798521256931608,0.07781985236826176
17.78481012658228,31.667406284857964,28.93992606284658,0,0.4006764933197782,83.8948336414048,161.0637707948244,1.767097966728281,0.3798521256931608,0.07675076087910745
17.974683544303797,31.667406284857964,28.93992606284658,0,0.4006764933197782,83.8948336414048,161.0637707948244,1.767097966728281,0.3798521256931608,0.07570788277590136
18.164556962025316,31.667406284857964,28.93992606284658,0,0.4006764933197782,83.8948336414048,161.0637707948244,1.767097966728281,0.3798521256931608,0.07470611659915752
18.354430379746837,31.667406284857964,28.93992606284658,0,0.4006764933197782,83.8948336414048,161.0637707948244,1.767097966728281,0.3798521256931608,0.07375963572523972
18.544303797468356,31.667406284857964,28.93992606284658,0,0.4006764933197782,83.8948336414048,161.0637707948244,1.767097966728281,0.3798521256931608,0.07288197318642009
18.734177215189874,31.667406284857964,28.93992606284658,0,0.4006764933197782,83.8948336414048,161.0637707948244,1.767097966728281,0.3798521256931608,0.07208613139873211
18.924050632911396,31.667406284857964,28.93992606284658,0,0.4006764933197782,83.8948336414048,161.0637707948244,1.767097966728281,0.3798521256931608,0.0713847154527369
19.11392405063291,31.667406284857964,28.93992606284658,0,0.4006764933197782,83.8948336414048,161.0637707948244,1.767097966728281,0.3798521256931608,0.07079008912205459
19.303797468354432,31.667406284857964,28.93992606284658,0,0.4006764933197782,83.8948336414048,161.0637707948244,1.767097966728281,0.3798521256931608,0.0703145533568209
19.49367088607595,31.667406284857964,28.93992606284658,0,0.4006764933197782,83.8948336414048,161.0637707948244,1.767097966728281,0.3798521256931608,0.06997054775244466
19.68354430379747,31.667406284857964,28.93992606284658,0,0.4006764933197782,83.8948336414048,161.0637707948244,1.767097966728281,0.3798521256931608,0.0697708763196517
19.87341772151899,31.667406284857964,28.93992606284658,0,0.4006764933197782,83.8948336414048,161.0637707948244,1.767097966728281,0.3798521256931608,0.06972895983518615
20.063291139240505,31.667406284857964,28.93992606284658,0,0.4006764933197782,83.8948336414048,161.0637707948244,1.767097966728281,0.3798521256931608,0.0698589426191202
20.253164556962027,31.667406284857964,28.93992606284658,0,0.4006764933197782,83.8948336414048,161.0637707948244,1.767097966728281,0.3798521256931608,0.07016560759204912
20.443037974683545,31.667406284857964,28.93992606284658,0,0.4006764933197782,83.8948336414048,161.0637707948244,1.767097966728281,0.3798521256931608,0.07063852876144024
20.632911392405063,31.667406284857964,28.93992606284658,0,0.4006764933197782,83.8948336414048,161.0637707948244,1.767097966728281,0.3798521256931608,0.07126668292697126
20.822784810126585,31.667406284857964,28.93992606284658,0,0.4006764933197782,83.8948336414048,161.0637707948244,1.767097966728281,0.3798521256931608,0.0720395824984171
21.0126582278481,31.667406284857964,28.93992606284658,0,0.4006764933197782,83.8948336414048,161.0637707948244,1.767097966728281,0.3798521256931608,0.07294703009000213
21.20253164556962,31.667406284857964,28.93992606284658,0,0.4006764933197782,83.8948336414048,161.0637707948244,1.767097966728281,0.3798521256931608,0.07397889348210823
21.39240506329114,31.667406284857964,28.93992606284658,0,0.4006764933197782,83.8948336414048,161.0637707948244,1.767097966728281,0.3798521256931608,0.0751248988360604
21.582278481012658,31.667406284857964,28.93992606284658,0,0.4006764933197782,83.8948336414048,161.0637707948244,1.767097966728281,0.3798521256931608,0.07637444095323419
21.77215189873418,31.667406284857964,28.93992606284658,0,0.4006764933197782,83.8948336414048,161.0637707948244,1.767097966728281,0.3798521256931608,0.07771641018610044
21.962025316455698,31.667406284857964,28.93992606284658,0,0.4006764933197782,83.8948336414048,161.0637707948244,1.767097966728281,0.3798521256931608,0.07913903634046793
22.151898734177216,31.667406284857964,28.93992606284658,0,0.4006764933197782,83.8948336414048,161.0637707948244,1.767097966728281,0.3798521256931608,0.08062975055522208
22.341772151898734,31.667406284857964,28.93992606284658,0,0.4006764933197782,83.8948336414048,161.0637707948244,1.767097966728281,0.3798521256931608,0.08217506670477344
22.531645569620252,31.667406284857964,28.93992606284658,0,0.4006764933197782,83.8948336414048,161.0637707948244,1.767097966728281,0.3798521256931608,0.0837604843339882
22.721518987341774,31.667406284857964,28.93992606284658,0,0.4006764933197782,83.8948336414048,161.0637707948244,1.767097966728281,0.3798521256931608,0.08537041549758406
22.911392405063292,31.667406284857964,28.93992606284658,0,0.4006764933197782,83.8948336414048,161.0637707948244,1.767097966728281,0.3798521256931608,0.08698813812730789
23.10126582278481,31.667406284857964,28.93992606284658,0,0.4006764933197782,83.8948336414048,161.0637707948244,1.767097966728281,0.3798521256931608,0.0885957786826594
23.291139240506332,31.667406284857964,28.93992606284658,0,0.4006764933197782,83.8948336414048,161.0637707948244,1.767097966728281,0.3798521256931608,0.0901743268481456
23.481012658227847,31.667406284857964,28.93992606284658,0,0.4006764933197782,83.8948336414048,161.0637707948244,1.767097966728281,0.3798521256931608,0.0917036849181648
23.67088607594937,31.667406284857964,28.93992606284658,0,0.4006764933197782,83.8948336414048,161.0637707948244,1.767097966728281,0.3798521256931608,0.09316275425885753
23.860759493670887,31.667406284857964,28.93992606284658,0,0.4006764933197782,83.8948336414048,161.0637707948244,1.767097966728281,0.3798521256931608,0.0945295608569532
24.050632911392405,31.667406284857964,28.93992606284658,0,0.4006764933197782,83.8948336414048,161.0637707948244,1.767097966728281,0.3798521256931608,0.09578142146405767
24.240506329113927,31.667406284857964,28.93992606284658,0,0.4006764933197782,83.8948336414048,161.0637707948244,1.767097966728281,0.3798521256931608,0.09689515122804837
24.430379746835442,31.667406284857964,28.93992606284658,0,0.4006764933197782,83.8948336414048,161.0637707948244,1.767097966728281,0.3798521256931608,0.09784731297909402
24.620253164556964,31.667406284857964,28.93992606284658,0,0.4006764933197782,83.8948336414048,161.0637707948244,1.767097966728281,0.3798521256931608,0.0986165331714029
24.810126582278482,31.667406284857964,28.93992606284658,0,0.4006764933197782,83.8948336414048,161.0637707948244,1.767097966728281,0.3798521256931608,0.09920862889770324
25.0,31.667406284857964,28.93992606284658,0,0.4006764933197782,83.8948336414048,161.0637707948244,1.767097966728281,0.3798521256931608,0.09964947299231196
10.0,31.832271200533327,28.93992606284658,0,0.4006764933197782,83.8948336414048,161.0637707948244,1.767097966728281,0.3798521256931608,0.07203456272503753
10.189873417721518,31.832271200533327,28.93992606284658,0,0.4006764933197782,83.8948336414048,161.0637707948244,1.767097966728281,0.3798521256931608,0.07203456272503753
10.379746835443038,31.832271200533327,28.93992606284658,0,0.4006764933197782,83.8948336414048,161.0637707948244,1.767097966728281,0.3798521256931608,0.07203456272503753
10.569620253164556,31.832271200533327,28.93992606284658,0,0.4006764933197782,83.8948336414048,161.0637707948244,1.767097966728281,0.3798521256931608,0.07203456272503753
10.759493670886076,31.832271200533327,28.93992606284658,0,0.4006764933197782,83.8948336414048,161.0637707948244,1.767097966728281,0.3798521256931608,0.07203456272503753
10.949367088607595,31.832271200533327,28.93992606284658,0,0.4006764933197782,83.8948336414048,161.0637707948244,1.767097966728281,0.3798521256931608,0.07203456272503753
11.139240506329115,31.832271200533327,28.93992606284658,0,0.4006764933197782,83.8948336414048,161.0637707948244,1.767097966728281,0.3798521256931608,0.07190666815462682
11.329113924050633,31.832271200533327,28.93992606284658,0,0.4006764933197782,83.8948336414048,161.0637707948244,1.767097966728281,0.3798521256931608,0.07188154436636691
11.518987341772153,31.832271200533327,28.93992606284658,0,0.4006764933197782,83.8948336414048,161.0637707948244,1.767097966728281,0.3798521256931608,0.07201498628949571
11.708860759493671,31.832271200533327,28.93992606284658,0,0.4006764933197782,83.8948336414048,161.0637707948244,1.767097966728281,0.3798521256931608,0.07229283368971591
11.89873417721519,31.832271200533327,28.93992606284658,0,0.4006764933197782,83.8948336414048,161.0637707948244,1.767097966728281,0.3798521256931608,0.07270157210089136
12.08860759493671,31.832271200533327,28.93992606284658,0,0.4006764933197782,83.8948336414048,161.0637707948244,1.767097966728281,0.3798521256931608,0.07322808011692021
12.278481012658228,31.832271200533327,28.93992606284658,0,0.4006764933197782,83.8948336414048,161.0637707948244,1.767097966728281,0.3798521256931608,0.07385940456605018
12.468354430379748,31.832271200533327,28.93992606284658,0,0.4006764933197782,83.8948336414048,161.0637707948244,1.767097966728281,0.3798521256931608,0.07458256128387214
12.658227848101266,31.832271200533327,28.93992606284658,0,0.4006764933197782,83.8948336414048,161.0637707948244,1.767097966728281,0.3798521256931608,0.0753843601340019
12.848101265822784,31.832271200533327,28.93992606284658,0,0.4006764933197782,83.8948336414048,161.0637707948244,1.767097966728281,0.3798521256931608,0.07625125373814527
13.037974683544304,31.832271200533327,28.93992606284658,0,0.4006764933197782,83.8948336414048,161.0637707948244,1.767097966728281,0.3798521256931608,0.07716921007473738
13.227848101265824,31.832271200533327,28.93992606284658,0,0.4006764933197782,83.8948336414048,161.0637707948244,1.767097966728281,0.3798521256931608,0.07812360968928932
13.417721518987342,31.832271200533327,28.93992606284658,0,0.4006764933197782,83.8948336414048,161.0637707948244,1.767097966728281,0.3798521256931608,0.07909916872874068
13.60759493670886,31.832271200533327,28.93992606284658,0,0.4006764933197782,83.8948336414048,161.0637707948244,1.767097966728281,0.3798521256931608,0.08007988936334935
13.79746835443038,31.832271200533327,28.93992606284658,0,0.4006764933197782,83.8948336414048,161.0637707948244,1.767097966728281,0.3798521256931608,0.0810490393887312
13.987341772151899,31.832271200533327,28.93992606284658,0,0.4006764933197782,83.8948336414048,161.0637707948244,1.767097966728281,0.3798521256931608,0.08198916290298605
14.177215189873419,31.832271200533327,28.93992606284658,0,0.4006764933197782,83.8948336414048,161.0637707948244,1.767097966728281,0.3798521256931608,0.08288212392541994
14.367088607594937,31.832271200533327,28.93992606284658,0,0.4006764933197782,83.8948336414048,161.0637707948244,1.767097966728281,0.3798521256931608,0.08370918466111804
14.556962025316455,31.832271200533327,28.93992606284658,0,0.4006764933197782,83.8948336414048,161.0637707948244,1.767097966728281,0.3798521256931608,0.08445111981795994
14.746835443037975,31.832271200533327,28.93992606284658,0,0.4006764933197782,83.8948336414048,161.0637707948244,1.767097966728281,0.3798521256931608,0.08508836794933758
14.936708860759495,31.832271200533327,28.93992606284658,0,0.4006764933197782,83.8948336414048,161.0637707948244,1.767097966728281,0.3798521256931608,0.08560122022792223
15.126582278481013,31.832271200533327,28.93992606284658,0,0.4006764933197782,83.8948336414048,161.0637707948244,1.767097966728281,0.3798521256931608,0.08597004635513686
15.316455696202532,31.832271200533327,28.93992606284658,0,0.4006764933197782,83.8948336414048,161.0637707948244,1.767097966728281,0.3798521256931608,0.08617555647964109
15.50632911392405,31.832271200533327,28.93992606284658,0,0.4006764933197782,83.8948336414048,161.0637707948244,1.767097966728281,0.3798521256931608,0.08619909725611045
15.69620253164557,31.832271200533327,28.93992606284658,0,0.4006764933197782,83.8948336414048,161.0637707948244,1.767097966728281,0.3798521256931608,0.08602945964403377
15.88607594936709,31.832271200533327,28.93992606284658,0,0.4006764933197782,83.8948336414048,161.0637707948244,1.767097966728281,0.3798521256931608,0.0856800189827342
16.075949367088608,31.832271200533327,28.93992606284658,0,0.4006764933197782,83.8948336414048,161.0637707948244,1.767097966728281,0.3798521256931608,0.08517029871219753
16.265822784810126,31.832271200533327,28.93992606284658,0,0.4006764933197782,83.8948336414048,161.0637707948244,1.767097966728281,0.3798521256931608,0.08452032512927228
16.455696202531648,31.832271200533327,28.93992606284658,0,0.4006764933197782,83.8948336414048,161.0637707948244,1.767097966728281,0.3798521256931608,0.08375033067953962
16.645569620253166,31.832271200533327,28.93992606284658,0,0.4006764933197782,83.8948336414048,161.0637707948244,1.767097966728281,0.3798521256931608,0.08288049357564133
16.835443037974684,31.832271200533327,28.93992606284658,0,0.4006764933197782,83.8948336414048,161.0637707948244,1.767097966728281,0.3798521256931608,0.08193071549691512
17.025316455696203,31.832271200533327,28.93992606284658,0,0.4006764933197782,83.8948336414048,161.0637707948244,1.767097966728281,0.3798521256931608,0.08092043815961904
17.21518987341772,31.832271200533327,28.93992606284658,0,0.4006764933197782,83.8948336414048,161.0637707948244,1.767097966728281,0.3798521256931608,0.079868498713822
17.405063291139243,31.832271200533327,28.93992606284658,0,0.4006764933197782,83.8948336414048,161.0637707948244,1.767097966728281,0.3798521256931608,0.07879302322484065
17.59493670886076,31.832271200533327,28.93992606284658,0,0.4006764933197782,83.8948336414048,161.0637707948244,1.767097966728281,0.3798521256931608,0.07771135693670489
17.78481012658228,31.832271200533327,28.93992606284658,0,0.4006764933197782,83.8948336414048,161.0637707948244,1.767097966728281,0.3798521256931608,0.07664002959471335
17.974683544303797,31.832271200533327,28.93992606284658,0,0.4006764933197782,83.8948336414048,161.0637707948244,1.767097966728281,0.3798521256931608,0.0755947538247878
18.164556962025316,31.832271200533327,28.93992606284658,0,0.4006764933197782,83.8948336414048,161.0637707948244,1.767097966728281,0.3798521256931608,0.07459045442838759
18.354430379746837,31.832271200533327,28.93992606284658,0,0.4006764933197782,83.8948336414048,161.0637707948244,1.767097966728281,0.3798521256931608,0.07364132645082067
18.544303797468356,31.832271200533327,28.93992606284658,0,0.4006764933197782,83.8948336414048,161.0637707948244,1.767097966728281,0.3798521256931608,0.07276092001375463
18.734177215189874,31.832271200533327,28.93992606284658,0,0.4006764933197782,83.8948336414048,161.0637707948244,1.767097966728281,0.3798521256931608,0.07196225016433747
18.924050632911396,31.832271200533327,28.93992606284658,0,0.4006764933197782,83.8948336414048,161.0637707948244,1.767097966728281,0.3798521256931608,0.07125793037774321
19.11392405063291,31.832271200533327,28.93992606284658,0,0.4006764933197782,83.8948336414048,161.0637707948244,1.767097966728281,0.3798521256931608,0.07066032885180124
19.303797468354432,31.832271200533327,28.93992606284658,0,0.4006764933197782,83.8948336414048,161.0637707948244,1.767097966728281,0.3798521256931608,0.07018174734755252
19.49367088607595,31.832271200533327,28.93992606284658,0,0.4006764933197782,83.8948336414048,161.0637707948244,1.767097966728281,0.3798521256931608,0.06983462305639043
19.68354430379747,31.832271200533327,28.93992606284658,0,0.4006764933197782,83.8948336414048,161.0637707948244,1.767097966728281,0.3798521256931608,0.06963175481432525
19.87341772151899,31.832271200533327,28.93992606284658,0,0.4006764933197782,83.8948336414048,161.0637707948244,1.767097966728281,0.3798521256931608,0.06958655594225666
20.063291139240505,31.832271200533327,28.93992606284658,0,0.4006764933197782,83.8948336414048,161.0637707948244,1.767097966728281,0.3798521256931608,0.06971316158753722
20.253164556962027,31.832271200533327,28.93992606284658,0,0.4006764933197782,83.8948336414048,161.0637707948244,1.767097966728281,0.3798521256931608,0.07001634622358167
20.443037974683545,31.832271200533327,28.93992606284658,0,0.4006764933197782,83.8948336414048,161.0637707948244,1.767097966728281,0.3798521256931608,0.07048567978097638
20.632911392405063,31.832271200533327,28.93992606284658,0,0.4006764933197782,83.8948336414048,161.0637707948244,1.767097966728281,0.3798521256931608,0.07111013859098499
20.822784810126585,31.832271200533327,28.93992606284658,0,0.4006764933197782,83.8948336414048,161.0637707948244,1.767097966728281,0.3798521256931608,0.07187923782930122
21.0126582278481,31.832271200533327,28.93992606284658,0,0.4006764933197782,83.8948336414048,161.0637707948244,1.767097966728281,0.3798521256931608,0.07278278592902418
21.20253164556962,31.832271200533327,28.93992606284658,0,0.4006764933197782,83.8948336414048,161.0637707948244,1.767097966728281,0.3798521256931608,0.0738106594018636
21.39240506329114,31.832271200533327,28.93992606284658,0,0.4006764933197782,83.8948336414048,161.0637707948244,1.767097966728281,0.3798521256931608,0.07495259593860892
21.582278481012658,31.832271200533327,28.93992606284658,0,0.4006764933197782,83.8948336414048,161.0637707948244,1.767097966728281,0.3798521256931608,0.07619800456746359
21.77215189873418,31.832271200533327,28.93992606284658,0,0.4006764933197782,83.8948336414048,161.0637707948244,1.767097966728281,0.3798521256931608,0.07753579246702338
21.962025316455698,31.832271200533327,28.93992606284658,0,0.4006764933197782,83.8948336414048,161.0637707948244,1.767097966728281,0.3798521256931608,0.07895420876402345
22.151898734177216,31.832271200533327,28.93992606284658,0,0.4006764933197782,83.8948336414048,161.0637707948244,1.767097966728281,0.3798521256931608,0.08044070629464661
22.341772151898734,31.832271200533327,28.93992606284658,0,0.4006764933197782,83.8948336414048,161.0637707948244,1.767097966728281,0.3798521256931608,0.08198182286877251
22.531645569620252,31.832271200533327,28.93992606284658,0,0.4006764933197782,83.8948336414048,161.0637707948244,1.767097966728281,0.3798521256931608,0.08356308404278294
22.721518987341774,31.832271200533327,28.93992606284658,0,0.4006764933197782,83.8948336414048,161.0637707948244,1.767097966728281,0.3798521256931608,0.0851689297704949
22.911392405063292,31.832271200533327,28.93992606284658,0,0.4006764933197782,83.8948336414048,161.0637707948244,1.767097966728281,0.3798521256931608,0.08678266755487361
23.10126582278481,31.832271200533327,28.93992606284658,0,0.4006764933197782,83.8948336414048,161.0637707948244,1.767097966728281,0.3798521256931608,0.08838645485735482
23.291139240506332,31.832271200533327,28.93992606284658,0,0.4006764933197782,83.8948336414048,161.0637707948244,1.767097966728281,0.3798521256931608,0.0899613135304404
23.481012658227847,31.832271200533327,28.93992606284658,0,0.4006764933197782,83.8948336414048,161.0637707948244,1.767097966728281,0.3798521256931608,0.09148717891879884
23.67088607594937,31.832271200533327,28.93992606284658,0,0.4006764933197782,83.8948336414048,161.0637707948244,1.767097966728281,0.3798521256931608,0.09294298602347327
23.860759493670887,31.832271200533327,28.93992606284658,0,0.4006764933197782,83.8948336414048,161.0637707948244,1.767097966728281,0.3798521256931608,0.09430679474527646
24.050632911392405,31.832271200533327,28.93992606284658,0,0.4006764933197782,83.8948336414048,161.0637707948244,1.767097966728281,0.3798521256931608,0.095555955722146
24.240506329113927,31.832271200533327,28.93992606284658,0,0.4006764933197782,83.8948336414048,161.0637707948244,1.767097966728281,0.3798521256931608,0.0966673176581994
24.430379746835442,31.832271200533327,28.93992606284658,0,0.4006764933197782,83.8948336414048,161.0637707948244,1.767097966728281,0.3798521256931608,0.09761747631721578
24.620253164556964,31.832271200533327,28.93992606284658,0,0.4006764933197782,83.8948336414048,161.0637707948244,1.767097966728281,0.3798521256931608,0.09838508658735189
24.810126582278482,31.832271200533327,28.93992606284658,0,0.4006764933197782,83.8948336414048,161.0637707948244,1.767097966728281,0.3798521256931608,0.09897594528894549
25.0,31.832271200533327,28.93992606284658,0,0.4006764933197782,83.8948336414048,161.0637707948244,1.767097966728281,0.3798521256931608,0.09941586954159755
10.0,31.99713611620869,28.93992606284658,0,0.4006764933197782,83.8948336414048,161.0637707948244,1.767097966728281,0.3798521256931608,0.07144769793337066
10.189873417721518,31.99713611620869,28.93992606284658,0,0.4006764933197782,83.8948336414048,161.0637707948244,1.767097966728281,0.3798521256931608,0.07144769793337066
10.379746835443038,31.99713611620869,28.93992606284658,0,0.4006764933197782,83.8948336414048,161.0637707948244,1.767097966728281,0.3798521256931608,0.07144769793337066
10.569620253164556,31.99713611620869,28.93992606284658,0,0.4006764933197782,83.8948336414048,161.0637707948244,1.767097966728281,0.3798521256931608,0.07144769793337066
10.759493670886076,31.99713611620869,28.93992606284658,0,0.4006764933197782,83.8948336414048,161.0637707948244,1.767097966728281,0.3798521256931608,0.07144769793337066
10.949367088607595,31.99713611620869,28.93992606284658,0,0.4006764933197782,83.8948336414048,161.0637707948244,1.767097966728281,0.3798521256931608,0.07144769793337066
11.139240506329115,31.99713611620869,28.93992606284658,0,0.4006764933197782,83.8948336414048,161.0637707948244,1.767097966728281,0.3798521256931608,0.07135730587343664
11.329113924050633,31.99713611620869,28.93992606284658,0,0.4006764933197782,83.8948336414048,161.0637707948244,1.767097966728281,0.3798521256931608,0.07137890063072568
11.518987341772153,31.99713611620869,28.93992606284658,0,0.4006764933197782,83.8948336414048,161.0637707948244,1.767097966728281,0.3798521256931608,0.07155445455461781
11.708860759493671,31.99713611620869,28.93992606284658,0,0.4006764933197782,83.8948336414048,161.0637707948244,1.767097966728281,0.3798521256931608,0.07187027469973813
11.89873417721519,31.99713611620869,28.93992606284658,0,0.4006764933197782,83.8948336414048,161.0637707948244,1.767097966728281,0.3798521256931608,0.07231324445256804
12.08860759493671,31.99713611620869,28.93992606284658,0,0.4006764933197782,83.8948336414048,161.0637707948244,1.767097966728281,0.3798521256931608,0.07287058172020144
12.278481012658228,31.99713611620869,28.93992606284658,0,0.4006764933197782,83.8948336414048,161.0637707948244,1.767097966728281,0.3798521256931608,0.07352962358526619
12.468354430379748,31.99713611620869,28.93992606284658,0,0.4006764933197782,83.8948336414048,161.0637707948244,1.767097966728281,0.3798521256931608,0.07427763539766824
12.658227848101266,31.99713611620869,28.93992606284658,0,0.4006764933197782,83.8948336414048,161.0637707948244,1.767097966728281,0.3798521256931608,0.07510164315832636
12.848101265822784,31.99713611620869,28.93992606284658,0,0.4006764933197782,83.8948336414048,161.0637707948244,1.767097966728281,0.3798521256931608,0.07598828882014112
13.037974683544304,31.99713611620869,28.93992606284658,0,0.4006764933197782,83.8948336414048,161.0637707948244,1.767097966728281,0.3798521256931608,0.07692370879127597
13.227848101265824,31.99713611620869,28.93992606284658,0,0.4006764933197782,83.8948336414048,161.0637707948244,1.767097966728281,0.3798521256931608,0.07789343647635372
13.417721518987342,31.99713611620869,28.93992606284658,0,0.4006764933197782,83.8948336414048,161.0637707948244,1.767097966728281,0.3798521256931608,0.07888233013074537
13.60759493670886,31.99713611620869,28.93992606284658,0,0.4006764933197782,83.8948336414048,161.0637707948244,1.767097966728281,0.3798521256931608,0.07987452762830839
13.79746835443038,31.99713611620869,28.93992606284658,0,0.4006764933197782,83.8948336414048,161.0637707948244,1.767097966728281,0.3798521256931608,0.08085342994931399
13.987341772151899,31.99713611620869,28.93992606284658,0,0.4006764933197782,83.8948336414048,161.0637707948244,1.767097966728281,0.3798521256931608,0.08180171527832082
14.177215189873419,31.99713611620869,28.93992606284658,0,0.4006764933197782,83.8948336414048,161.0637707948244,1.767097966728281,0.3798521256931608,0.08270138555745518
14.367088607594937,31.99713611620869,28.93992606284658,0,0.4006764933197782,83.8948336414048,161.0637707948244,1.767097966728281,0.3798521256931608,0.08353384716600332
14.556962025316455,31.99713611620869,28.93992606284658,0,0.4006764933197782,83.8948336414048,161.0637707948244,1.767097966728281,0.3798521256931608,0.08428002709098836
14.746835443037975,31.99713611620869,28.93992606284658,0,0.4006764933197782,83.8948336414048,161.0637707948244,1.767097966728281,0.3798521256931608,0.08492052551534877
14.936708860759495,31.99713611620869,28.93992606284658,0,0.4006764933197782,83.8948336414048,161.0637707948244,1.767097966728281,0.3798521256931608,0.08543580518167698
15.126582278481013,31.99713611620869,28.93992606284658,0,0.4006764933197782,83.8948336414048,161.0637707948244,1.767097966728281,0.3798521256931608,0.08580641719204798
15.316455696202532,31.99713611620869,28.93992606284658,0,0.4006764933197782,83.8948336414048,161.0637707948244,1.767097966728281,0.3798521256931608,0.08601326208045797
15.50632911392405,31.99713611620869,28.93992606284658,0,0.4006764933197782,83.8948336414048,161.0637707948244,1.767097966728281,0.3798521256931608,0.08603788426243208
15.69620253164557,31.99713611620869,28.93992606284658,0,0.4006764933197782,83.8948336414048,161.0637707948244,1.767097966728281,0.3798521256931608,0.08586923773395179
15.88607594936709,31.99713611620869,28.93992606284658,0,0.4006764933197782,83.8948336414048,161.0637707948244,1.767097966728281,0.3798521256931608,0.08552072027247462
16.075949367088608,31.99713611620869,28.93992606284658,0,0.4006764933197782,83.8948336414048,161.0637707948244,1.767097966728281,0.3798521256931608,0.08501184835673545
16.265822784810126,31.99713611620869,28.93992606284658,0,0.4006764933197782,83.8948336414048,161.0637707948244,1.767097966728281,0.3798521256931608,0.08436264388766762
16.455696202531648,31.99713611620869,28.93992606284658,0,0.4006764933197782,83.8948336414048,161.0637707948244,1.767097966728281,0.3798521256931608,0.0835933367999385
16.645569620253166,31.99713611620869,28.93992606284658,0,0.4006764933197782,83.8948336414048,161.0637707948244,1.767097966728281,0.3798521256931608,0.08272410404559218
16.835443037974684,31.99713611620869,28.93992606284658,0,0.4006764933197782,83.8948336414048,161.0637707948244,1.767097966728281,0.3798521256931608,0.08177484671786571
17.025316455696203,31.99713611620869,28.93992606284658,0,0.4006764933197782,83.8948336414048,161.0637707948244,1.767097966728281,0.3798521256931608,0.08076500611282897
17.21518987341772,31.99713611620869,28.93992606284658,0,0.4006764933197782,83.8948336414048,161.0637707948244,1.767097966728281,0.3798521256931608,0.07971341868901986
17.405063291139243,31.99713611620869,28.93992606284658,0,0.4006764933197782,83.8948336414048,161.0637707948244,1.767097966728281,0.3798521256931608,0.0786382091833832
17.59493670886076,31.99713611620869,28.93992606284658,0,0.4006764933197782,83.8948336414048,161.0637707948244,1.767097966728281,0.3798521256931608,0.07755672057837923
17.78481012658228,31.99713611620869,28.93992606284658,0,0.4006764933197782,83.8948336414048,161.0637707948244,1.767097966728281,0.3798521256931608,0.0764854791923057
17.974683544303797,31.99713611620869,28.93992606284658,0,0.4006764933197782,83.8948336414048,161.0637707948244,1.767097966728281,0.3798521256931608,0.07544019288371372
18.164556962025316,31.99713611620869,28.93992606284658,0,0.4006764933197782,83.8948336414048,161.0637707948244,1.767097966728281,0.3798521256931608,0.07443578022064089
18.354430379746837,31.99713611620869,28.93992606284658,0,0.4006764933197782,83.8948336414048,161.0637707948244,1.767097966728281,0.3798521256931608,0.07348642846377254
18.544303797468356,31.99713611620869,28.93992606284658,0,0.4006764933197782,83.8948336414048,161.0637707948244,1.767097966728281,0.3798521256931608,0.07260567834540871
18.734177215189874,31.99713611620869,28.93992606284658,0,0.4006764933197782,83.8948336414048,161.0637707948244,1.767097966728281,0.3798521256931608,0.07180653388794359
18.924050632911396,31.99713611620869,28.93992606284658,0,0.4006764933197782,83.8948336414048,161.0637707948244,1.767097966728281,0.3798521256931608,0.07110159589055032
19.11392405063291,31.99713611620869,28.93992606284658,0,0.4006764933197782,83.8948336414048,161.0637707948244,1.767097966728281,0.3798521256931608,0.07050321821549976
19.303797468354432,31.99713611620869,28.93992606284658,0,0.4006764933197782,83.8948336414048,161.0637707948244,1.767097966728281,0.3798521256931608,0.07002368662188266
19.49367088607595,31.99713611620869,28.93992606284658,0,0.4006764933197782,83.8948336414048,161.0637707948244,1.767097966728281,0.3798521256931608,0.0696754206227079
19.68354430379747,31.99713611620869,28.93992606284658,0,0.4006764933197782,83.8948336414048,161.0637707948244,1.767097966728281,0.3798521256931608,0.06947119968285931
19.87341772151899,31.99713611620869,28.93992606284658,0,0.4006764933197782,83.8948336414048,161.0637707948244,1.767097966728281,0.3798521256931608,0.0694244160356237
20.063291139240505,31.99713611620869,28.93992606284658,0,0.4006764933197782,83.8948336414048,161.0637707948244,1.767097966728281,0.3798521256931608,0.06954918222367473
20.253164556962027,31.99713611620869,28.93992606284658,0,0.4006764933197782,83.8948336414048,161.0637707948244,1.767097966728281,0.3798521256931608,0.06985026236739891
20.443037974683545,31.99713611620869,28.93992606284658,0,0.4006764933197782,83.8948336414048,161.0637707948244,1.767097966728281,0.3798521256931608,0.07031723734931976
20.632911392405063,31.99713611620869,28.93992606284658,0,0.4006764933197782,83.8948336414048,161.0637707948244,1.767097966728281,0.3798521256931608,0.07093909720271417
20.822784810126585,31.99713611620869,28.93992606284658,0,0.4006764933197782,83.8948336414048,161.0637707948244,1.767097966728281,0.3798521256931608,0.07170537190973587
21.0126582278481,31.99713611620869,28.93992606284658,0,0.4006764933197782,83.8948336414048,161.0637707948244,1.767097966728281,0.3798521256931608,0.07260588597907784
21.20253164556962,31.99713611620869,28.93992606284658,0,0.4006764933197782,83.8948336414048,161.0637707948244,1.767097966728281,0.3798521256931608,0.07363053342990787
21.39240506329114,31.99713611620869,28.93992606284658,0,0.4006764933197782,83.8948336414048,161.0637707948244,1.767097966728281,0.3798521256931608,0.07476907104656758
21.582278481012658,31.99713611620869,28.93992606284658,0,0.4006764933197782,83.8948336414048,161.0637707948244,1.767097966728281,0.3798521256931608,0.07601092867651803
21.77215189873418,31.99713611620869,28.93992606284658,0,0.4006764933197782,83.8948336414048,161.0637707948244,1.767097966728281,0.3798521256931608,0.07734503616261498
21.962025316455698,31.99713611620869,28.93992606284658,0,0.4006764933197782,83.8948336414048,161.0637707948244,1.767097966728281,0.3798521256931608,0.07875966723454378
22.151898734177216,31.99713611620869,28.93992606284658,0,0.4006764933197782,83.8948336414048,161.0637707948244,1.767097966728281,0.3798521256931608,0.08024230133344798
22.341772151898734,31.99713611620869,28.93992606284658,0,0.4006764933197782,83.8948336414048,161.0637707948244,1.767097966728281,0.3798521256931608,0.08177950490498276
22.531645569620252,31.99713611620869,28.93992606284658,0,0.4006764933197782,83.8948336414048,161.0637707948244,1.767097966728281,0.3798521256931608,0.08335683416305162
22.721518987341774,31.99713611620869,28.93992606284658,0,0.4006764933197782,83.8948336414048,161.0637707948244,1.767097966728281,0.3798521256931608,0.08495876169135505
22.911392405063292,31.99713611620869,28.93992606284658,0,0.4006764933197782,83.8948336414048,161.0637707948244,1.767097966728281,0.3798521256931608,0.08656862950401441
23.10126582278481,31.99713611620869,28.93992606284658,0,0.4006764933197782,83.8948336414048,161.0637707948244,1.767097966728281,0.3798521256931608,0.08816863132183708
23.291139240506332,31.99713611620869,28.93992606284658,0,0.4006764933197782,83.8948336414048,161.0637707948244,1.767097966728281,0.3798521256931608,0.08973982683079369
23.481012658227847,31.99713611620869,28.93992606284658,0,0.4006764933197782,83.8948336414048,161.0637707948244,1.767097966728281,0.3798521256931608,0.09126219056993362
23.67088607594937,31.99713611620869,28.93992606284658,0,0.4006764933197782,83.8948336414048,161.0637707948244,1.767097966728281,0.3798521256931608,0.09271469784631346
23.860759493670887,31.99713611620869,28.93992606284658,0,0.4006764933197782,83.8948336414048,161.0637707948244,1.767097966728281,0.3798521256931608,0.0940754496966951
24.050632911392405,31.99713611620869,28.93992606284658,0,0.4006764933197782,83.8948336414048,161.0637707948244,1.767097966728281,0.3798521256931608,0.09532183841485999
24.240506329113927,31.99713611620869,28.93992606284658,0,0.4006764933197782,83.8948336414048,161.0637707948244,1.767097966728281,0.3798521256931608,0.09643075454632394
24.430379746835442,31.99713611620869,28.93992606284658,0,0.4006764933197782,83.8948336414048,161.0637707948244,1.767097966728281,0.3798521256931608,0.09737883552674735
24.620253164556964,31.99713611620869,28.93992606284658,0,0.4006764933197782,83.8948336414048,161.0637707948244,1.767097966728281,0.3798521256931608,0.0981447732907499
24.810126582278482,31.99713611620869,28.93992606284658,0,0.4006764933197782,83.8948336414048,161.0637707948244,1.767097966728281,0.3798521256931608,0.09873434681806738
25.0,31.99713611620869,28.93992606284658,0,0.4006764933197782,83.8948336414048,161.0637707948244,1.767097966728281,0.3798521256931608,0.09917331541915239
10.0,32.16200103188405,28.93992606284658,0,0.4006764933197782,83.8948336414048,161.0637707948244,1.767097966728281,0.3798521256931608,0.07078150232948496
10.189873417721518,32.16200103188405,28.93992606284658,0,0.4006764933197782,83.8948336414048,161.0637707948244,1.767097966728281,0.3798521256931608,0.07078150232948496
10.379746835443038,32.16200103188405,28.93992606284658,0,0.4006764933197782,83.8948336414048,161.0637707948244,1.767097966728281,0.3798521256931608,0.07078150232948496
10.569620253164556,32.16200103188405,28.93992606284658,0,0.4006764933197782,83.8948336414048,161.0637707948244,1.767097966728281,0.3798521256931608,0.07078150232948496
10.759493670886076,32.16200103188405,28.93992606284658,0,0.4006764933197782,83.8948336414048,161.0637707948244,1.767097966728281,0.3798521256931608,0.07078150232948496
10.949367088607595,32.16200103188405,28.93992606284658,0,0.4006764933197782,83.8948336414048,161.0637707948244,1.767097966728281,0.3798521256931608,0.07078150232948496
11.139240506329115,32.16200103188405,28.93992606284658,0,0.4006764933197782,83.8948336414048,161.0637707948244,1.767097966728281,0.3798521256931608,0.07073565931061974
11.329113924050633,32.16200103188405,28.93992606284658,0,0.4006764933197782,83.8948336414048,161.0637707948244,1.767097966728281,0.3798521256931608,0.07081244550629454
11.518987341772153,32.16200103188405,28.93992606284658,0,0.4006764933197782,83.8948336414048,161.0637707948244,1.767097966728281,0.3798521256931608,0.07103737860447851
11.708860759493671,32.16200103188405,28.93992606284658,0,0.4006764933197782,83.8948336414048,161.0637707948244,1.767097966728281,0.3798521256931608,0.07139733236341324
11.89873417721519,32.16200103188405,28.93992606284658,0,0.4006764933197782,83.8948336414048,161.0637707948244,1.767097966728281,0.3798521256931608,0.07187967352108789
12.08860759493671,32.16200103188405,28.93992606284658,0,0.4006764933197782,83.8948336414048,161.0637707948244,1.767097966728281,0.3798521256931608,0.07247203381143488
12.278481012658228,32.16200103188405,28.93992606284658,0,0.4006764933197782,83.8948336414048,161.0637707948244,1.767097966728281,0.3798521256931608,0.07316210671366294
12.468354430379748,32.16200103188405,28.93992606284658,0,0.4006764933197782,83.8948336414048,161.0637707948244,1.767097966728281,0.3798521256931608,0.07393746721185805
12.658227848101266,32.16200103188405,28.93992606284658,0,0.4006764933197782,83.8948336414048,161.0637707948244,1.767097966728281,0.3798521256931608,0.07478541366382088
12.848101265822784,32.16200103188405,28.93992606284658,0,0.4006764933197782,83.8948336414048,161.0637707948244,1.767097966728281,0.3798521256931608,0.07569283159288953
13.037974683544304,32.16200103188405,28.93992606284658,0,0.4006764933197782,83.8948336414048,161.0637707948244,1.767097966728281,0.3798521256931608,0.07664607982740966
13.227848101265824,32.16200103188405,28.93992606284658,0,0.4006764933197782,83.8948336414048,161.0637707948244,1.767097966728281,0.3798521256931608,0.07763089991980651
13.417721518987342,32.16200103188405,28.93992606284658,0,0.4006764933197782,83.8948336414048,161.0637707948244,1.767097966728281,0.3798521256931608,0.07863235017872135
13.60759493670886,32.16200103188405,28.93992606284658,0,0.4006764933197782,83.8948336414048,161.0637707948244,1.767097966728281,0.3798521256931608,0.07963476593969522
13.79746835443038,32.16200103188405,28.93992606284658,0,0.4006764933197782,83.8948336414048,161.0637707948244,1.767097966728281,0.3798521256931608,0.08062174787794762
13.987341772151899,32.16200103188405,28.93992606284658,0,0.4006764933197782,83.8948336414048,161.0637707948244,1.767097966728281,0.3798521256931608,0.0815761802263943
14.177215189873419,32.16200103188405,28.93992606284658,0,0.4006764933197782,83.8948336414048,161.0637707948244,1.767097966728281,0.3798521256931608,0.08248028069939246
14.367088607594937,32.16200103188405,28.93992606284658,0,0.4006764933197782,83.8948336414048,161.0637707948244,1.767097966728281,0.3798521256931608,0.08331568373507005
14.556962025316455,32.16200103188405,28.93992606284658,0,0.4006764933197782,83.8948336414048,161.0637707948244,1.767097966728281,0.3798521256931608,0.08406355835523767
14.746835443037975,32.16200103188405,28.93992606284658,0,0.4006764933197782,83.8948336414048,161.0637707948244,1.767097966728281,0.3798521256931608,0.0847047615018619
14.936708860759495,32.16200103188405,28.93992606284658,0,0.4006764933197782,83.8948336414048,161.0637707948244,1.767097966728281,0.3798521256931608,0.08522002714416924
15.126582278481013,32.16200103188405,28.93992606284658,0,0.4006764933197782,83.8948336414048,161.0637707948244,1.767097966728281,0.3798521256931608,0.08559019076257589
15.316455696202532,32.16200103188405,28.93992606284658,0,0.4006764933197782,83.8948336414048,161.0637707948244,1.767097966728281,0.3798521256931608,0.08579644800697372
15.50632911392405,32.16200103188405,28.93992606284658,0,0.4006764933197782,83.8948336414048,161.0637707948244,1.767097966728281,0.3798521256931608,0.0858206456139346
15.69620253164557,32.16200103188405,28.93992606284658,0,0.4006764933197782,83.8948336414048,161.0637707948244,1.767097966728281,0.3798521256931608,0.08565197947383842
15.88607594936709,32.16200103188405,28.93992606284658,0,0.4006764933197782,83.8948336414048,161.0637707948244,1.767097966728281,0.3798521256931608,0.08530385974054075
16.075949367088608,32.16200103188405,28.93992606284658,0,0.4006764933197782,83.8948336414048,161.0637707948244,1.767097966728281,0.3798521256931608,0.08479576181340494
16.265822784810126,32.16200103188405,28.93992606284658,0,0.4006764933197782,83.8948336414048,161.0637707948244,1.767097966728281,0.3798521256931608,0.08414766522440545
16.455696202531648,32.16200103188405,28.93992606284658,0,0.4006764933197782,83.8948336414048,161.0637707948244,1.767097966728281,0.3798521256931608,0.08337975675422192
16.645569620253166,32.16200103188405,28.93992606284658,0,0.4006764933197782,83.8948336414048,161.0637707948244,1.767097966728281,0.3798521256931608,0.08251216986957413
16.835443037974684,32.16200103188405,28.93992606284658,0,0.4006764933197782,83.8948336414048,161.0637707948244,1.767097966728281,0.3798521256931608,0.08156476224825043
17.025316455696203,32.16200103188405,28.93992606284658,0,0.4006764933197782,83.8948336414048,161.0637707948244,1.767097966728281,0.3798521256931608,0.08055693218780752
17.21518987341772,32.16200103188405,28.93992606284658,0,0.4006764933197782,83.8948336414048,161.0637707948244,1.767097966728281,0.3798521256931608,0.07950747385648833
17.405063291139243,32.16200103188405,28.93992606284658,0,0.4006764933197782,83.8948336414048,161.0637707948244,1.767097966728281,0.3798521256931608,0.07843447064322716
17.59493670886076,32.16200103188405,28.93992606284658,0,0.4006764933197782,83.8948336414048,161.0637707948244,1.767097966728281,0.3798521256931608,0.07735522530048004
17.78481012658228,32.16200103188405,28.93992606284658,0,0.4006764933197782,83.8948336414048,161.0637707948244,1.767097966728281,0.3798521256931608,0.07628622515123204
17.974683544303797,32.16200103188405,28.93992606284658,0,0.4006764933197782,83.8948336414048,161.0637707948244,1.767097966728281,0.3798521256931608,0.07524314035084477
18.164556962025316,32.16200103188405,28.93992606284658,0,0.4006764933197782,83.8948336414048,161.0637707948244,1.767097966728281,0.3798521256931608,0.07424085305473707
18.354430379746837,32.16200103188405,28.93992606284658,0,0.4006764933197782,83.8948336414048,161.0637707948244,1.767097966728281,0.3798521256931608,0.07329351534171094
18.544303797468356,32.16200103188405,28.93992606284658,0,0.4006764933197782,83.8948336414048,161.0637707948244,1.767097966728281,0.3798521256931608,0.07241463387581734
18.734177215189874,32.16200103188405,28.93992606284658,0,0.4006764933197782,83.8948336414048,161.0637707948244,1.767097966728281,0.3798521256931608,0.07161717955165373
18.924050632911396,32.16200103188405,28.93992606284658,0,0.4006764933197782,83.8948336414048,161.0637707948244,1.767097966728281,0.3798521256931608,0.07091372075295649
19.11392405063291,32.16200103188405,28.93992606284658,0,0.4006764933197782,83.8948336414048,161.0637707948244,1.767097966728281,0.3798521256931608,0.070316579356867
19.303797468354432,32.16200103188405,28.93992606284658,0,0.4006764933197782,83.8948336414048,161.0637707948244,1.767097966728281,0.3798521256931608,0.06983800923216398
19.49367088607595,32.16200103188405,28.93992606284658,0,0.4006764933197782,83.8948336414048,161.0637707948244,1.767097966728281,0.3798521256931608,0.06949039770734516
19.68354430379747,32.16200103188405,28.93992606284658,0,0.4006764933197782,83.8948336414048,161.0637707948244,1.767097966728281,0.3798521256931608,0.06928649132514518
19.87341772151899,32.16200103188405,28.93992606284658,0,0.4006764933197782,83.8948336414048,161.0637707948244,1.767097966728281,0.3798521256931608,0.06923964815939417
20.063291139240505,32.16200103188405,28.93992606284658,0,0.4006764933197782,83.8948336414048,161.0637707948244,1.767097966728281,0.3798521256931608,0.06936394522259975
20.253164556962027,32.16200103188405,28.93992606284658,0,0.4006764933197782,83.8948336414048,161.0637707948244,1.767097966728281,0.3798521256931608,0.06966413432023065
20.443037974683545,32.16200103188405,28.93992606284658,0,0.4006764933197782,83.8948336414048,161.0637707948244,1.767097966728281,0.3798521256931608,0.07012982151377102
20.632911392405063,32.16200103188405,28.93992606284658,0,0.4006764933197782,83.8948336414048,161.0637707948244,1.767097966728281,0.3798521256931608,0.07075002403665606
20.822784810126585,32.16200103188405,28.93992606284658,0,0.4006764933197782,83.8948336414048,161.0637707948244,1.767097966728281,0.3798521256931608,0.07151429823132356
21.0126582278481,32.16200103188405,28.93992606284658,0,0.4006764933197782,83.8948336414048,161.0637707948244,1.767097966728281,0.3798521256931608,0.07241249461697767
21.20253164556962,32.16200103188405,28.93992606284658,0,0.4006764933197782,83.8948336414048,161.0637707948244,1.767097966728281,0.3798521256931608,0.07343453332180054
21.39240506329114,32.16200103188405,28.93992606284658,0,0.4006764933197782,83.8948336414048,161.0637707948244,1.767097966728281,0.3798521256931608,0.07457019774494042
21.582278481012658,32.16200103188405,28.93992606284658,0,0.4006764933197782,83.8948336414048,161.0637707948244,1.767097966728281,0.3798521256931608,0.07580894522057773
21.77215189873418,32.16200103188405,28.93992606284658,0,0.4006764933197782,83.8948336414048,161.0637707948244,1.767097966728281,0.3798521256931608,0.07713973427405635
21.962025316455698,32.16200103188405,28.93992606284658,0,0.4006764933197782,83.8948336414048,161.0637707948244,1.767097966728281,0.3798521256931608,0.07855086879308669
22.151898734177216,32.16200103188405,28.93992606284658,0,0.4006764933197782,83.8948336414048,161.0637707948244,1.767097966728281,0.3798521256931608,0.08002986008569409
22.341772151898734,32.16200103188405,28.93992606284658,0,0.4006764933197782,83.8948336414048,161.0637707948244,1.767097966728281,0.3798521256931608,0.08156330835748488
22.531645569620252,32.16200103188405,28.93992606284658,0,0.4006764933197782,83.8948336414048,161.0637707948244,1.767097966728281,0.3798521256931608,0.08313680560777942
22.721518987341774,32.16200103188405,28.93992606284658,0,0.4006764933197782,83.8948336414048,161.0637707948244,1.767097966728281,0.3798521256931608,0.08473486230921785
22.911392405063292,32.16200103188405,28.93992606284658,0,0.4006764933197782,83.8948336414048,161.0637707948244,1.767097966728281,0.3798521256931608,0.08634086049000184
23.10126582278481,32.16200103188405,28.93992606284658,0,0.4006764933197782,83.8948336414048,161.0637707948244,1.767097966728281,0.3798521256931608,0.0879370359738557
23.291139240506332,32.16200103188405,28.93992606284658,0,0.4006764933197782,83.8948336414048,161.0637707948244,1.767097966728281,0.3798521256931608,0.08950449254354245
23.481012658227847,32.16200103188405,28.93992606284658,0,0.4006764933197782,83.8948336414048,161.0637707948244,1.767097966728281,0.3798521256931608,0.09102325067525616
23.67088607594937,32.16200103188405,28.93992606284658,0,0.4006764933197782,83.8948336414048,161.0637707948244,1.767097966728281,0.3798521256931608,0.09247233324235989
23.860759493670887,32.16200103188405,28.93992606284658,0,0.4006764933197782,83.8948336414048,161.0637707948244,1.767097966728281,0.3798521256931608,0.09382989020981196
24.050632911392405,32.16200103188405,28.93992606284658,0,0.4006764933197782,83.8948336414048,161.0637707948244,1.767097966728281,0.3798521256931608,0.09507336384020472
24.240506329113927,32.16200103188405,28.93992606284658,0,0.4006764933197782,83.8948336414048,161.0637707948244,1.767097966728281,0.3798521256931608,0.09617969531547228
24.430379746835442,32.16200103188405,28.93992606284658,0,0.4006764933197782,83.8948336414048,161.0637707948244,1.767097966728281,0.3798521256931608,0.09712557295268641
24.620253164556964,32.16200103188405,28.93992606284658,0,0.4006764933197782,83.8948336414048,161.0637707948244,1.767097966728281,0.3798521256931608,0.09788973470043864
24.810126582278482,32.16200103188405,28.93992606284658,0,0.4006764933197782,83.8948336414048,161.0637707948244,1.767097966728281,0.3798521256931608,0.09847794345790958
25.0,32.16200103188405,28.93992606284658,0,0.4006764933197782,83.8948336414048,161.0637707948244,1.767097966728281,0.3798521256931608,0.09891589721376198
10.0,32.32686594755941,28.93992606284658,0,0.4006764933197782,83.8948336414048,161.0637707948244,1.767097966728281,0.3798521256931608,0.07004334127308048
10.189873417721518,32.32686594755941,28.93992606284658,0,0.4006764933197782,83.8948336414048,161.0637707948244,1.767097966728281,0.3798521256931608,0.07004334127308048
10.379746835443038,32.32686594755941,28.93992606284658,0,0.4006764933197782,83.8948336414048,161.0637707948244,1.767097966728281,0.3798521256931608,0.07004334127308048
10.569620253164556,32.32686594755941,28.93992606284658,0,0.4006764933197782,83.8948336414048,161.0637707948244,1.767097966728281,0.3798521256931608,0.07004334127308048
10.759493670886076,32.32686594755941,28.93992606284658,0,0.4006764933197782,83.8948336414048,161.0637707948244,1.767097966728281,0.3798521256931608,0.07004334127308048
10.949367088607595,32.32686594755941,28.93992606284658,0,0.4006764933197782,83.8948336414048,161.0637707948244,1.767097966728281,0.3798521256931608,0.07004334127308048
11.139240506329115,32.32686594755941,28.93992606284658,0,0.4006764933197782,83.8948336414048,161.0637707948244,1.767097966728281,0.3798521256931608,0.07004779434608013
11.329113924050633,32.32686594755941,28.93992606284658,0,0.4006764933197782,83.8948336414048,161.0637707948244,1.767097966728281,0.3798521256931608,0.07018669227654652
11.518987341772153,32.32686594755941,28.93992606284658,0,0.4006764933197782,83.8948336414048,161.0637707948244,1.767097966728281,0.3798521256931608,0.07046694311995226
11.708860759493671,32.32686594755941,28.93992606284658,0,0.4006764933197782,83.8948336414048,161.0637707948244,1.767097966728281,0.3798521256931608,0.07087605967309601
11.89873417721519,32.32686594755941,28.93992606284658,0,0.4006764933197782,83.8948336414048,161.0637707948244,1.767097966728281,0.3798521256931608,0.07140195487756174
12.08860759493671,32.32686594755941,28.93992606284658,0,0.4006764933197782,83.8948336414048,161.0637707948244,1.767097966728281,0.3798521256931608,0.0720327298051741
12.278481012658228,32.32686594755941,28.93992606284658,0,0.4006764933197782,83.8948336414048,161.0637707948244,1.767097966728281,0.3798521256931608,0.07275648444126907
12.468354430379748,32.32686594755941,28.93992606284658,0,0.4006764933197782,83.8948336414048,161.0637707948244,1.767097966728281,0.3798521256931608,0.0735611498798925
12.658227848101266,32.32686594755941,28.93992606284658,0,0.4006764933197782,83.8948336414048,161.0637707948244,1.767097966728281,0.3798521256931608,0.07443434129415696
12.848101265822784,32.32686594755941,28.93992606284658,0,0.4006764933197782,83.8948336414048,161.0637707948244,1.767097966728281,0.3798521256931608,0.0753632316955331
13.037974683544304,32.32686594755941,28.93992606284658,0,0.4006764933197782,83.8948336414048,161.0637707948244,1.767097966728281,0.3798521256931608,0.07633444704992189
13.227848101265824,32.32686594755941,28.93992606284658,0,0.4006764933197782,83.8948336414048,161.0637707948244,1.767097966728281,0.3798521256931608,0.07733398377547293
13.417721518987342,32.32686594755941,28.93992606284658,0,0.4006764933197782,83.8948336414048,161.0637707948244,1.767097966728281,0.3798521256931608,0.07834715000459617
13.60759493670886,32.32686594755941,28.93992606284658,0,0.4006764933197782,83.8948336414048,161.0637707948244,1.767097966728281,0.3798521256931608,0.07935853224658172
13.79746835443038,32.32686594755941,28.93992606284658,0,0.4006764933197782,83.8948336414048,161.0637707948244,1.767097966728281,0.3798521256931608,0.08035198923320029
13.987341772151899,32.32686594755941,28.93992606284658,0,0.4006764933197782,83.8948336414048,161.0637707948244,1.767097966728281,0.3798521256931608,0.08131067476327347
14.177215189873419,32.32686594755941,28.93992606284658,0,0.4006764933197782,83.8948336414048,161.0637707948244,1.767097966728281,0.3798521256931608,0.08221709127990116
14.367088607594937,32.32686594755941,28.93992606284658,0,0.4006764933197782,83.8948336414048,161.0637707948244,1.767097966728281,0.3798521256931608,0.08305317571339824
14.556962025316455,32.32686594755941,28.93992606284658,0,0.4006764933197782,83.8948336414048,161.0637707948244,1.767097966728281,0.3798521256931608,0.08380041880297717
14.746835443037975,32.32686594755941,28.93992606284658,0,0.4006764933197782,83.8948336414048,161.0637707948244,1.767097966728281,0.3798521256931608,0.08444001867109444
14.936708860759495,32.32686594755941,28.93992606284658,0,0.4006764933197782,83.8948336414048,161.0637707948244,1.767097966728281,0.3798521256931608,0.08495306886750482
15.126582278481013,32.32686594755941,28.93992606284658,0,0.4006764933197782,83.8948336414048,161.0637707948244,1.767097966728281,0.3798521256931608,0.0853207804274058
15.316455696202532,32.32686594755941,28.93992606284658,0,0.4006764933197782,83.8948336414048,161.0637707948244,1.767097966728281,0.3798521256931608,0.08552473670174514
15.50632911392405,32.32686594755941,28.93992606284658,0,0.4006764933197782,83.8948336414048,161.0637707948244,1.767097966728281,0.3798521256931608,0.08554717903147413
15.69620253164557,32.32686594755941,28.93992606284658,0,0.4006764933197782,83.8948336414048,161.0637707948244,1.767097966728281,0.3798521256931608,0.08537761444684462
15.88607594936709,32.32686594755941,28.93992606284658,0,0.4006764933197782,83.8948336414048,161.0637707948244,1.767097966728281,0.3798521256931608,0.08502945538544754
16.075949367088608,32.32686594755941,28.93992606284658,0,0.4006764933197782,83.8948336414048,161.0637707948244,1.767097966728281,0.3798521256931608,0.08452210461122808
16.265822784810126,32.32686594755941,28.93992606284658,0,0.4006764933197782,83.8948336414048,161.0637707948244,1.767097966728281,0.3798521256931608,0.08387546429187581
16.455696202531648,32.32686594755941,28.93992606284658,0,0.4006764933197782,83.8948336414048,161.0637707948244,1.767097966728281,0.3798521256931608,0.08310964068546475
16.645569620253166,32.32686594755941,28.93992606284658,0,0.4006764933197782,83.8948336414048,161.0637707948244,1.767097966728281,0.3798521256931608,0.0822446850100167
16.835443037974684,32.32686594755941,28.93992606284658,0,0.4006764933197782,83.8948336414048,161.0637707948244,1.767097966728281,0.3798521256931608,0.0813003722476109
17.025316455696203,32.32686594755941,28.93992606284658,0,0.4006764933197782,83.8948336414048,161.0637707948244,1.767097966728281,0.3798521256931608,0.08029601866839936
17.21518987341772,32.32686594755941,28.93992606284658,0,0.4006764933197782,83.8948336414048,161.0637707948244,1.767097966728281,0.3798521256931608,0.07925033802636473
17.405063291139243,32.32686594755941,28.93992606284658,0,0.4006764933197782,83.8948336414048,161.0637707948244,1.767097966728281,0.3798521256931608,0.07818133568060004
17.59493670886076,32.32686594755941,28.93992606284658,0,0.4006764933197782,83.8948336414048,161.0637707948244,1.767097966728281,0.3798521256931608,0.07710623933608177
17.78481012658228,32.32686594755941,28.93992606284658,0,0.4006764933197782,83.8948336414048,161.0637707948244,1.767097966728281,0.3798521256931608,0.07604146467847829
17.974683544303797,32.32686594755941,28.93992606284658,0,0.4006764933197782,83.8948336414048,161.0637707948244,1.767097966728281,0.3798521256931608,0.07500261389937155
18.164556962025316,32.32686594755941,28.93992606284658,0,0.4006764933197782,83.8948336414048,161.0637707948244,1.767097966728281,0.3798521256931608,0.07400450497060711
18.354430379746837,32.32686594755941,28.93992606284658,0,0.4006764933197782,83.8948336414048,161.0637707948244,1.767097966728281,0.3798521256931608,0.07306122952672392
18.544303797468356,32.32686594755941,28.93992606284658,0,0.4006764933197782,83.8948336414048,161.0637707948244,1.767097966728281,0.3798521256931608,0.07218623734828324
18.734177215189874,32.32686594755941,28.93992606284658,0,0.4006764933197782,83.8948336414048,161.0637707948244,1.767097966728281,0.3798521256931608,0.07139244570101891
18.924050632911396,32.32686594755941,28.93992606284658,0,0.4006764933197782,83.8948336414048,161.0637707948244,1.767097966728281,0.3798521256931608,0.07069237217014895
19.11392405063291,32.32686594755941,28.93992606284658,0,0.4006764933197782,83.8948336414048,161.0637707948244,1.767097966728281,0.3798521256931608,0.07009829013047539
19.303797468354432,32.32686594755941,28.93992606284658,0,0.4006764933197782,83.8948336414048,161.0637707948244,1.767097966728281,0.3798521256931608,0.06962240660697135
19.49367088607595,32.32686594755941,28.93992606284658,0,0.4006764933197782,83.8948336414048,161.0637707948244,1.767097966728281,0.3798521256931608,0.06927706300570517
19.68354430379747,32.32686594755941,28.93992606284658,0,0.4006764933197782,83.8948336414048,161.0637707948244,1.767097966728281,0.3798521256931608,0.06907496003268691
19.87341772151899,32.32686594755941,28.93992606284658,0,0.4006764933197782,83.8948336414048,161.0637707948244,1.767097966728281,0.3798521256931608,0.06902940907408162
20.063291139240505,32.32686594755941,28.93992606284658,0,0.4006764933197782,83.8948336414048,161.0637707948244,1.767097966728281,0.3798521256931608,0.06915443917099352
20.253164556962027,32.32686594755941,28.93992606284658,0,0.4006764933197782,83.8948336414048,161.0637707948244,1.767097966728281,0.3798521256931608,0.06945478776014206
20.443037974683545,32.32686594755941,28.93992606284658,0,0.4006764933197782,83.8948336414048,161.0637707948244,1.767097966728281,0.3798521256931608,0.06992009945905026
20.632911392405063,32.32686594755941,28.93992606284658,0,0.4006764933197782,83.8948336414048,161.0637707948244,1.767097966728281,0.3798521256931608,0.07053943148467882
20.822784810126585,32.32686594755941,28.93992606284658,0,0.4006764933197782,83.8948336414048,161.0637707948244,1.767097966728281,0.3798521256931608,0.07130237757031785
21.0126582278481,32.32686594755941,28.93992606284658,0,0.4006764933197782,83.8948336414048,161.0637707948244,1.767097966728281,0.3798521256931608,0.07219882382718436
21.20253164556962,32.32686594755941,28.93992606284658,0,0.4006764933197782,83.8948336414048,161.0637707948244,1.767097966728281,0.3798521256931608,0.07321872489191135
21.39240506329114,32.32686594755941,28.93992606284658,0,0.4006764933197782,83.8948336414048,161.0637707948244,1.767097966728281,0.3798521256931608,0.0743518982327232
21.582278481012658,32.32686594755941,28.93992606284658,0,0.4006764933197782,83.8948336414048,161.0637707948244,1.767097966728281,0.3798521256931608,0.07558783539168856
21.77215189873418,32.32686594755941,28.93992606284658,0,0.4006764933197782,83.8948336414048,161.0637707948244,1.767097966728281,0.3798521256931608,0.07691552975602854
21.962025316455698,32.32686594755941,28.93992606284658,0,0.4006764933197782,83.8948336414048,161.0637707948244,1.767097966728281,0.3798521256931608,0.07832332118269356
22.151898734177216,32.32686594755941,28.93992606284658,0,0.4006764933197782,83.8948336414048,161.0637707948244,1.767097966728281,0.3798521256931608,0.07979875844759787
22.341772151898734,32.32686594755941,28.93992606284658,0,0.4006764933197782,83.8948336414048,161.0637707948244,1.767097966728281,0.3798521256931608,0.08132848105067861
22.531645569620252,32.32686594755941,28.93992606284658,0,0.4006764933197782,83.8948336414048,161.0637707948244,1.767097966728281,0.3798521256931608,0.08289812237410828
22.721518987341774,32.32686594755941,28.93992606284658,0,0.4006764933197782,83.8948336414048,161.0637707948244,1.767097966728281,0.3798521256931608,0.08449223655560475
22.911392405063292,32.32686594755941,28.93992606284658,0,0.4006764933197782,83.8948336414048,161.0637707948244,1.767097966728281,0.3798521256931608,0.08609425169320618
23.10126582278481,32.32686594755941,28.93992606284658,0,0.4006764933197782,83.8948336414048,161.0637707948244,1.767097966728281,0.3798521256931608,0.08768645213396542
23.291139240506332,32.32686594755941,28.93992606284658,0,0.4006764933197782,83.8948336414048,161.0637707948244,1.767097966728281,0.3798521256931608,0.08924999261019102
23.481012658227847,32.32686594755941,28.93992606284658,0,0.4006764933197782,83.8948336414048,161.0637707948244,1.767097966728281,0.3798521256931608,0.09076494686893441
23.67088607594937,32.32686594755941,28.93992606284658,0,0.4006764933197782,83.8948336414048,161.0637707948244,1.767097966728281,0.3798521256931608,0.0922103931922636
23.860759493670887,32.32686594755941,28.93992606284658,0,0.4006764933197782,83.8948336414048,161.0637707948244,1.767097966728281,0.3798521256931608,0.09356453882942058
24.050632911392405,32.32686594755941,28.93992606284658,0,0.4006764933197782,83.8948336414048,161.0637707948244,1.767097966728281,0.3798521256931608,0.09480488486213556
24.240506329113927,32.32686594755941,28.93992606284658,0,0.4006764933197782,83.8948336414048,161.0637707948244,1.767097966728281,0.3798521256931608,0.09590843240789665
24.430379746835442,32.32686594755941,28.93992606284658,0,0.4006764933197782,83.8948336414048,161.0637707948244,1.767097966728281,0.3798521256931608,0.09685193034049557
24.620253164556964,32.32686594755941,28.93992606284658,0,0.4006764933197782,83.8948336414048,161.0637707948244,1.767097966728281,0.3798521256931608,0.09761417194040535
24.810126582278482,32.32686594755941,28.93992606284658,0,0.4006764933197782,83.8948336414048,161.0637707948244,1.767097966728281,0.3798521256931608,0.09820090511936781
25.0,32.32686594755941,28.93992606284658,0,0.4006764933197782,83.8948336414048,161.0637707948244,1.767097966728281,0.3798521256931608,0.09863776162477708
10.0,32.49173086323478,28.93992606284658,0,0.4006764933197782,83.8948336414048,161.0637707948244,1.767097966728281,0.3798521256931608,0.06924059560146947
10.189873417721518,32.49173086323478,28.93992606284658,0,0.4006764933197782,83.8948336414048,161.0637707948244,1.767097966728281,0.3798521256931608,0.06924059560146947
10.379746835443038,32.49173086323478,28.93992606284658,0,0.4006764933197782,83.8948336414048,161.0637707948244,1.767097966728281,0.3798521256931608,0.06924059560146947
10.569620253164556,32.49173086323478,28.93992606284658,0,0.4006764933197782,83.8948336414048,161.0637707948244,1.767097966728281,0.3798521256931608,0.06924059560146947
10.759493670886076,32.49173086323478,28.93992606284658,0,0.4006764933197782,83.8948336414048,161.0637707948244,1.767097966728281,0.3798521256931608,0.06924059560146947
10.949367088607595,32.49173086323478,28.93992606284658,0,0.4006764933197782,83.8948336414048,161.0637707948244,1.767097966728281,0.3798521256931608,0.06924059560146947
11.139240506329115,32.49173086323478,28.93992606284658,0,0.4006764933197782,83.8948336414048,161.0637707948244,1.767097966728281,0.3798521256931608,0.06929980693881843
11.329113924050633,32.49173086323478,28.93992606284658,0,0.4006764933197782,83.8948336414048,161.0637707948244,1.767097966728281,0.3798521256931608,0.0695061996290092
11.518987341772153,32.49173086323478,28.93992606284658,0,0.4006764933197782,83.8948336414048,161.0637707948244,1.767097966728281,0.3798521256931608,0.0698463892025394
11.708860759493671,32.49173086323478,28.93992606284658,0,0.4006764933197782,83.8948336414048,161.0637707948244,1.767097966728281,0.3798521256931608,0.07030857365714596
11.89873417721519,32.49173086323478,28.93992606284658,0,0.4006764933197782,83.8948336414048,161.0637707948244,1.767097966728281,0.3798521256931608,0.07088125310151824
12.08860759493671,32.49173086323478,28.93992606284658,0,0.4006764933197782,83.8948336414048,161.0637707948244,1.767097966728281,0.3798521256931608,0.07155303509268086
12.278481012658228,32.49173086323478,28.93992606284658,0,0.4006764933197782,83.8948336414048,161.0637707948244,1.767097966728281,0.3798521256931608,0.07231246074111904
12.468354430379748,32.49173086323478,28.93992606284658,0,0.4006764933197782,83.8948336414048,161.0637707948244,1.767097966728281,0.3798521256931608,0.07314785054485784
12.658227848101266,32.49173086323478,28.93992606284658,0,0.4006764933197782,83.8948336414048,161.0637707948244,1.767097966728281,0.3798521256931608,0.07404716958427046
12.848101265822784,32.49173086323478,28.93992606284658,0,0.4006764933197782,83.8948336414048,161.0637707948244,1.767097966728281,0.3798521256931608,0.07499791229040735
13.037974683544304,32.49173086323478,28.93992606284658,0,0.4006764933197782,83.8948336414048,161.0637707948244,1.767097966728281,0.3798521256931608,0.0759870074921851
13.227848101265824,32.49173086323478,28.93992606284658,0,0.4006764933197782,83.8948336414048,161.0637707948244,1.767097966728281,0.3798521256931608,0.07700074485055257
13.417721518987342,32.49173086323478,28.93992606284658,0,0.4006764933197782,83.8948336414048,161.0637707948244,1.767097966728281,0.3798521256931608,0.07802472409774171
13.60759493670886,32.49173086323478,28.93992606284658,0,0.4006764933197782,83.8948336414048,161.0637707948244,1.767097966728281,0.3798521256931608,0.07904382871284532
13.79746835443038,32.49173086323478,28.93992606284658,0,0.4006764933197782,83.8948336414048,161.0637707948244,1.767097966728281,0.3798521256931608,0.0800422257768569
13.987341772151899,32.49173086323478,28.93992606284658,0,0.4006764933197782,83.8948336414048,161.0637707948244,1.767097966728281,0.3798521256931608,0.08100339375685746
14.177215189873419,32.49173086323478,28.93992606284658,0,0.4006764933197782,83.8948336414048,161.0637707948244,1.767097966728281,0.3798521256931608,0.0819101798669705
14.367088607594937,32.49173086323478,28.93992606284658,0,0.4006764933197782,83.8948336414048,161.0637707948244,1.767097966728281,0.3798521256931608,0.0827448884409379
14.556962025316455,32.49173086323478,28.93992606284658,0,0.4006764933197782,83.8948336414048,161.0637707948244,1.767097966728281,0.3798521256931608,0.083489401426905
14.746835443037975,32.49173086323478,28.93992606284658,0,0.4006764933197782,83.8948336414048,161.0637707948244,1.767097966728281,0.3798521256931608,0.08412533167972146
14.936708860759495,32.49173086323478,28.93992606284658,0,0.4006764933197782,83.8948336414048,161.0637707948244,1.767097966728281,0.3798521256931608,0.0846342091811912
15.126582278481013,32.49173086323478,28.93992606284658,0,0.4006764933197782,83.8948336414048,161.0637707948244,1.767097966728281,0.3798521256931608,0.08499769966621873
15.316455696202532,32.49173086323478,28.93992606284658,0,0.4006764933197782,83.8948336414048,161.0637707948244,1.767097966728281,0.3798521256931608,0.08519785437478906
15.50632911392405,32.49173086323478,28.93992606284658,0,0.4006764933197782,83.8948336414048,161.0637707948244,1.767097966728281,0.3798521256931608,0.08521738899640734
15.69620253164557,32.49173086323478,28.93992606284658,0,0.4006764933197782,83.8948336414048,161.0637707948244,1.767097966728281,0.3798521256931608,0.08504618111841462
15.88607594936709,32.49173086323478,28.93992606284658,0,0.4006764933197782,83.8948336414048,161.0637707948244,1.767097966728281,0.3798521256931608,0.08469763530210234
16.075949367088608,32.49173086323478,28.93992606284658,0,0.4006764933197782,83.8948336414048,161.0637707948244,1.767097966728281,0.3798521256931608,0.0841910527108195
16.265822784810126,32.49173086323478,28.93992606284658,0,0.4006764933197782,83.8948336414048,161.0637707948244,1.767097966728281,0.3798521256931608,0.08354622618431834
16.455696202531648,32.49173086323478,28.93992606284658,0,0.4006764933197782,83.8948336414048,161.0637707948244,1.767097966728281,0.3798521256931608,0.08278314743769934
16.645569620253166,32.49173086323478,28.93992606284658,0,0.4006764933197782,83.8948336414048,161.0637707948244,1.767097966728281,0.3798521256931608,0.0819217502267451
16.835443037974684,32.49173086323478,28.93992606284658,0,0.4006764933197782,83.8948336414048,161.0637707948244,1.767097966728281,0.3798521256931608,0.08098169120496276
17.025316455696203,32.49173086323478,28.93992606284658,0,0.4006764933197782,83.8948336414048,161.0637707948244,1.767097966728281,0.3798521256931608,0.079982169239342
17.21518987341772,32.49173086323478,28.93992606284658,0,0.4006764933197782,83.8948336414048,161.0637707948244,1.767097966728281,0.3798521256931608,0.07894178312558141
17.405063291139243,32.49173086323478,28.93992606284658,0,0.4006764933197782,83.8948336414048,161.0637707948244,1.767097966728281,0.3798521256931608,0.07787842695210279
17.59493670886076,32.49173086323478,28.93992606284658,0,0.4006764933197782,83.8948336414048,161.0637707948244,1.767097966728281,0.3798521256931608,0.07680922180830506
17.78481012658228,32.49173086323478,28.93992606284658,0,0.4006764933197782,83.8948336414048,161.0637707948244,1.767097966728281,0.3798521256931608,0.07575048211825246
17.974683544303797,32.49173086323478,28.93992606284658,0,0.4006764933197782,83.8948336414048,161.0637707948244,1.767097966728281,0.3798521256931608,0.07471771460712308
18.164556962025316,32.49173086323478,28.93992606284658,0,0.4006764933197782,83.8948336414048,161.0637707948244,1.767097966728281,0.3798521256931608,0.07372564777341467
18.354430379746837,32.49173086323478,28.93992606284658,0,0.4006764933197782,83.8948336414048,161.0637707948244,1.767097966728281,0.3798521256931608,0.07278828974240961
18.544303797468356,32.49173086323478,28.93992606284658,0,0.4006764933197782,83.8948336414048,161.0637707948244,1.767097966728281,0.3798521256931608,0.07191901251145288
18.734177215189874,32.49173086323478,28.93992606284658,0,0.4006764933197782,83.8948336414048,161.0637707948244,1.767097966728281,0.3798521256931608,0.07113066085973746
18.924050632911396,32.49173086323478,28.93992606284658,0,0.4006764933197782,83.8948336414048,161.0637707948244,1.767097966728281,0.3798521256931608,0.07043568457866918
19.11392405063291,32.49173086323478,28.93992606284658,0,0.4006764933197782,83.8948336414048,161.0637707948244,1.767097966728281,0.3798521256931608,0.06984629317804178
19.303797468354432,32.49173086323478,28.93992606284658,0,0.4006764933197782,83.8948336414048,161.0637707948244,1.767097966728281,0.3798521256931608,0.06937463283422277
19.49367088607595,32.49173086323478,28.93992606284658,0,0.4006764933197782,83.8948336414048,161.0637707948244,1.767097966728281,0.3798521256931608,0.06903298606765271
19.68354430379747,32.49173086323478,28.93992606284658,0,0.4006764933197782,83.8948336414048,161.0637707948244,1.767097966728281,0.3798521256931608,0.06883399546980364
19.87341772151899,32.49173086323478,28.93992606284658,0,0.4006764933197782,83.8948336414048,161.0637707948244,1.767097966728281,0.3798521256931608,0.06879091374989964
20.063291139240505,32.49173086323478,28.93992606284658,0,0.4006764933197782,83.8948336414048,161.0637707948244,1.767097966728281,0.3798521256931608,0.06891771001194397
20.253164556962027,32.49173086323478,28.93992606284658,0,0.4006764933197782,83.8948336414048,161.0637707948244,1.767097966728281,0.3798521256931608,0.06921910515543427
20.443037974683545,32.49173086323478,28.93992606284658,0,0.4006764933197782,83.8948336414048,161.0637707948244,1.767097966728281,0.3798521256931608,0.06968479484284137
20.632911392405063,32.49173086323478,28.93992606284658,0,0.4006764933197782,83.8948336414048,161.0637707948244,1.767097966728281,0.3798521256931608,0.07030388830870594
20.822784810126585,32.49173086323478,28.93992606284658,0,0.4006764933197782,83.8948336414048,161.0637707948244,1.767097966728281,0.3798521256931608,0.07106602715441165
21.0126582278481,32.49173086323478,28.93992606284658,0,0.4006764933197782,83.8948336414048,161.0637707948244,1.767097966728281,0.3798521256931608,0.07196114228486697
21.20253164556962,32.49173086323478,28.93992606284658,0,0.4006764933197782,83.8948336414048,161.0637707948244,1.767097966728281,0.3798521256931608,0.07297923101908331
21.39240506329114,32.49173086323478,28.93992606284658,0,0.4006764933197782,83.8948336414048,161.0637707948244,1.767097966728281,0.3798521256931608,0.07411015226073206
21.582278481012658,32.49173086323478,28.93992606284658,0,0.4006764933197782,83.8948336414048,161.0637707948244,1.767097966728281,0.3798521256931608,0.07534343851577234
21.77215189873418,32.49173086323478,28.93992606284658,0,0.4006764933197782,83.8948336414048,161.0637707948244,1.767097966728281,0.3798521256931608,0.07666812435666377
21.962025316455698,32.49173086323478,28.93992606284658,0,0.4006764933197782,83.8948336414048,161.0637707948244,1.767097966728281,0.3798521256931608,0.07807259166115614
22.151898734177216,32.49173086323478,28.93992606284658,0,0.4006764933197782,83.8948336414048,161.0637707948244,1.767097966728281,0.3798521256931608,0.07954443259851911
22.341772151898734,32.49173086323478,28.93992606284658,0,0.4006764933197782,83.8948336414048,161.0637707948244,1.767097966728281,0.3798521256931608,0.08107033189395055
22.531645569620252,32.49173086323478,28.93992606284658,0,0.4006764933197782,83.8948336414048,161.0637707948244,1.767097966728281,0.3798521256931608,0.0826359703666296
22.721518987341774,32.49173086323478,28.93992606284658,0,0.4006764933197782,83.8948336414048,161.0637707948244,1.767097966728281,0.3798521256931608,0.08422595210046449
22.911392405063292,32.49173086323478,28.93992606284658,0,0.4006764933197782,83.8948336414048,161.0637707948244,1.767097966728281,0.3798521256931608,0.08582375786042501
23.10126582278481,32.49173086323478,28.93992606284658,0,0.4006764933197782,83.8948336414048,161.0637707948244,1.767097966728281,0.3798521256931608,0.08741172750322132
23.291139240506332,32.49173086323478,28.93992606284658,0,0.4006764933197782,83.8948336414048,161.0637707948244,1.767097966728281,0.3798521256931608,0.0889710741424117
23.481012658227847,32.49173086323478,28.93992606284658,0,0.4006764933197782,83.8948336414048,161.0637707948244,1.767097966728281,0.3798521256931608,0.09048193271050511
23.67088607594937,32.49173086323478,28.93992606284658,0,0.4006764933197782,83.8948336414048,161.0637707948244,1.767097966728281,0.3798521256931608,0.09192344531308037
23.860759493670887,32.49173086323478,28.93992606284658,0,0.4006764933197782,83.8948336414048,161.0637707948244,1.767097966728281,0.3798521256931608,0.09327388539420531
24.050632911392405,32.49173086323478,28.93992606284658,0,0.4006764933197782,83.8948336414048,161.0637707948244,1.767097966728281,0.3798521256931608,0.09451082223330488
24.240506329113927,32.49173086323478,28.93992606284658,0,0.4006764933197782,83.8948336414048,161.0637707948244,1.767097966728281,0.3798521256931608,0.09561132667775388
24.430379746835442,32.49173086323478,28.93992606284658,0,0.4006764933197782,83.8948336414048,161.0637707948244,1.767097966728281,0.3798521256931608,0.09655221829038159
24.620253164556964,32.49173086323478,28.93992606284658,0,0.4006764933197782,83.8948336414048,161.0637707948244,1.767097966728281,0.3798521256931608,0.09731235534411929
24.810126582278482,32.49173086323478,28.93992606284658,0,0.4006764933197782,83.8948336414048,161.0637707948244,1.767097966728281,0.3798521256931608,0.09789747119403211
25.0,32.49173086323478,28.93992606284658,0,0.4006764933197782,83.8948336414048,161.0637707948244,1.767097966728281,0.3798521256931608,0.09833312503313467
10.0,32.65659577891014,28.93992606284658,0,0.4006764933197782,83.8948336414048,161.0637707948244,1.767097966728281,0.3798521256931608,0.06838060502058846
10.189873417721518,32.65659577891014,28.93992606284658,0,0.4006764933197782,83.8948336414048,161.0637707948244,1.767097966728281,0.3798521256931608,0.06838060502058846
10.379746835443038,32.65659577891014,28.93992606284658,0,0.4006764933197782,83.8948336414048,161.0637707948244,1.767097966728281,0.3798521256931608,0.06838060502058846
10.569620253164556,32.65659577891014,28.93992606284658,0,0.4006764933197782,83.8948336414048,161.0637707948244,1.767097966728281,0.3798521256931608,0.06838060502058846
10.759493670886076,32.65659577891014,28.93992606284658,0,0.4006764933197782,83.8948336414048,161.0637707948244,1.767097966728281,0.3798521256931608,0.06838060502058846
10.949367088607595,32.65659577891014,28.93992606284658,0,0.4006764933197782,83.8948336414048,161.0637707948244,1.767097966728281,0.3798521256931608,0.06838060502058846
11.139240506329115,32.65659577891014,28.93992606284658,0,0.4006764933197782,83.8948336414048,161.0637707948244,1.767097966728281,0.3798521256931608,0.06849778026359567
11.329113924050633,32.65659577891014,28.93992606284658,0,0.4006764933197782,83.8948336414048,161.0637707948244,1.767097966728281,0.3798521256931608,0.06877554336631926
11.518987341772153,32.65659577891014,28.93992606284658,0,0.4006764933197782,83.8948336414048,161.0637707948244,1.767097966728281,0.3798521256931608,0.06917899686543524
11.708860759493671,32.65659577891014,28.93992606284658,0,0.4006764933197782,83.8948336414048,161.0637707948244,1.767097966728281,0.3798521256931608,0.06969704576209619
11.89873417721519,32.65659577891014,28.93992606284658,0,0.4006764933197782,83.8948336414048,161.0637707948244,1.767097966728281,0.3798521256931608,0.07031879788308165
12.08860759493671,32.65659577891014,28.93992606284658,0,0.4006764933197782,83.8948336414048,161.0637707948244,1.767097966728281,0.3798521256931608,0.07103338725615976
12.278481012658228,32.65659577891014,28.93992606284658,0,0.4006764933197782,83.8948336414048,161.0637707948244,1.767097966728281,0.3798521256931608,0.07182981622304312
12.468354430379748,32.65659577891014,28.93992606284658,0,0.4006764933197782,83.8948336414048,161.0637707948244,1.767097966728281,0.3798521256931608,0.0726968155904426
12.658227848101266,32.65659577891014,28.93992606284658,0,0.4006764933197782,83.8948336414048,161.0637707948244,1.767097966728281,0.3798521256931608,0.07362272270967606
12.848101265822784,32.65659577891014,28.93992606284658,0,0.4006764933197782,83.8948336414048,161.0637707948244,1.767097966728281,0.3798521256931608,0.07459537788486957
13.037974683544304,32.65659577891014,28.93992606284658,0,0.4006764933197782,83.8948336414048,161.0637707948244,1.767097966728281,0.3798521256931608,0.0756020399389851
13.227848101265824,32.65659577891014,28.93992606284658,0,0.4006764933197782,83.8948336414048,161.0637707948244,1.767097966728281,0.3798521256931608,0.07662932211383208
13.417721518987342,32.65659577891014,28.93992606284658,0,0.4006764933197782,83.8948336414048,161.0637707948244,1.767097966728281,0.3798521256931608,0.07766314974145942
13.60759493670886,32.65659577891014,28.93992606284658,0,0.4006764933197782,83.8948336414048,161.0637707948244,1.767097966728281,0.3798521256931608,0.0786887412958323
13.79746835443038,32.65659577891014,28.93992606284658,0,0.4006764933197782,83.8948336414048,161.0637707948244,1.767097966728281,0.3798521256931608,0.07969061451121448
13.987341772151899,32.65659577891014,28.93992606284658,0,0.4006764933197782,83.8948336414048,161.0637707948244,1.767097966728281,0.3798521256931608,0.08065261923343361
14.177215189873419,32.65659577891014,28.93992606284658,0,0.4006764933197782,83.8948336414048,161.0637707948244,1.767097966728281,0.3798521256931608,0.0815579985492918
14.367088607594937,32.65659577891014,28.93992606284658,0,0.4006764933197782,83.8948336414048,161.0637707948244,1.767097966728281,0.3798521256931608,0.08238947951603076
14.556962025316455,32.65659577891014,28.93992606284658,0,0.4006764933197782,83.8948336414048,161.0637707948244,1.767097966728281,0.3798521256931608,0.08312939448651073
14.746835443037975,32.65659577891014,28.93992606284658,0,0.4006764933197782,83.8948336414048,161.0637707948244,1.767097966728281,0.3798521256931608,0.08375983359721333
14.936708860759495,32.65659577891014,28.93992606284658,0,0.4006764933197782,83.8948336414048,161.0637707948244,1.767097966728281,0.3798521256931608,0.08426282845687944
15.126582278481013,32.65659577891014,28.93992606284658,0,0.4006764933197782,83.8948336414048,161.0637707948244,1.767097966728281,0.3798521256931608,0.08462056644547751
15.316455696202532,32.65659577891014,28.93992606284658,0,0.4006764933197782,83.8948336414048,161.0637707948244,1.767097966728281,0.3798521256931608,0.08481563430831511
15.50632911392405,32.65659577891014,28.93992606284658,0,0.4006764933197782,83.8948336414048,161.0637707948244,1.767097966728281,0.3798521256931608,0.08483128911466363
15.69620253164557,32.65659577891014,28.93992606284658,0,0.4006764933197782,83.8948336414048,161.0637707948244,1.767097966728281,0.3798521256931608,0.08465782846187853
15.88607594936709,32.65659577891014,28.93992606284658,0,0.4006764933197782,83.8948336414048,161.0637707948244,1.767097966728281,0.3798521256931608,0.0843086387955556
16.075949367088608,32.65659577891014,28.93992606284658,0,0.4006764933197782,83.8948336414048,161.0637707948244,1.767097966728281,0.3798521256931608,0.08380289333456395
16.265822784810126,32.65659577891014,28.93992606284658,0,0.4006764933197782,83.8948336414048,161.0637707948244,1.767097966728281,0.3798521256931608,0.08316024670413402
16.455696202531648,32.65659577891014,28.93992606284658,0,0.4006764933197782,83.8948336414048,161.0637707948244,1.767097966728281,0.3798521256931608,0.0824005454613724
16.645569620253166,32.65659577891014,28.93992606284658,0,0.4006764933197782,83.8948336414048,161.0637707948244,1.767097966728281,0.3798521256931608,0.08154357430175305
16.835443037974684,32.65659577891014,28.93992606284658,0,0.4006764933197782,83.8948336414048,161.0637707948244,1.767097966728281,0.3798521256931608,0.08060883963597097
17.025316455696203,32.65659577891014,28.93992606284658,0,0.4006764933197782,83.8948336414048,161.0637707948244,1.767097966728281,0.3798521256931608,0.0796153912793391
17.21518987341772,32.65659577891014,28.93992606284658,0,0.4006764933197782,83.8948336414048,161.0637707948244,1.767097966728281,0.3798521256931608,0.07858168217978563
17.405063291139243,32.65659577891014,28.93992606284658,0,0.4006764933197782,83.8948336414048,161.0637707948244,1.767097966728281,0.3798521256931608,0.0775254654282522
17.59493670886076,32.65659577891014,28.93992606284658,0,0.4006764933197782,83.8948336414048,161.0637707948244,1.767097966728281,0.3798521256931608,0.07646372724958538
17.78481012658228,32.65659577891014,28.93992606284658,0,0.4006764933197782,83.8948336414048,161.0637707948244,1.767097966728281,0.3798521256931608,0.07541265426479823
17.974683544303797,32.65659577891014,28.93992606284658,0,0.4006764933197782,83.8948336414048,161.0637707948244,1.767097966728281,0.3798521256931608,0.07438763304751245
18.164556962025316,32.65659577891014,28.93992606284658,0,0.4006764933197782,83.8948336414048,161.0637707948244,1.767097966728281,0.3798521256931608,0.07340327986750225
18.354430379746837,32.65659577891014,28.93992606284658,0,0.4006764933197782,83.8948336414048,161.0637707948244,1.767097966728281,0.3798521256931608,0.07247349851975943
18.544303797468356,32.65659577891014,28.93992606284658,0,0.4006764933197782,83.8948336414048,161.0637707948244,1.767097966728281,0.3798521256931608,0.07161156427403143
18.734177215189874,32.65659577891014,28.93992606284658,0,0.4006764933197782,83.8948336414048,161.0637707948244,1.767097966728281,0.3798521256931608,0.07083023224191652
18.924050632911396,32.65659577891014,28.93992606284658,0,0.4006764933197782,83.8948336414048,161.0637707948244,1.767097966728281,0.3798521256931608,0.07014186884046648
19.11392405063291,32.65659577891014,28.93992606284658,0,0.4006764933197782,83.8948336414048,161.0637707948244,1.767097966728281,0.3798521256931608,0.06955860552752485
19.303797468354432,32.65659577891014,28.93992606284658,0,0.4006764933197782,83.8948336414048,161.0637707948244,1.767097966728281,0.3798521256931608,0.06909251459076432
19.49367088607595,32.65659577891014,28.93992606284658,0,0.4006764933197782,83.8948336414048,161.0637707948244,1.767097966728281,0.3798521256931608,0.06875580748806563
19.68354430379747,32.65659577891014,28.93992606284658,0,0.4006764933197782,83.8948336414048,161.0637707948244,1.767097966728281,0.3798521256931608,0.06856105706314733
19.87341772151899,32.65659577891014,28.93992606284658,0,0.4006764933197782,83.8948336414048,161.0637707948244,1.767097966728281,0.3798521256931608,0.06852144590288155
20.063291139240505,32.65659577891014,28.93992606284658,0,0.4006764933197782,83.8948336414048,161.0637707948244,1.767097966728281,0.3798521256931608,0.06865087168666513
20.253164556962027,32.65659577891014,28.93992606284658,0,0.4006764933197782,83.8948336414048,161.0637707948244,1.767097966728281,0.3798521256931608,0.06895403648253771
20.443037974683545,32.65659577891014,28.93992606284658,0,0.4006764933197782,83.8948336414048,161.0637707948244,1.767097966728281,0.3798521256931608,0.06942069856980211
20.632911392405063,32.65659577891014,28.93992606284658,0,0.4006764933197782,83.8948336414048,161.0637707948244,1.767097966728281,0.3798521256931608,0.07004003045832626
20.822784810126585,32.65659577891014,28.93992606284658,0,0.4006764933197782,83.8948336414048,161.0637707948244,1.767097966728281,0.3798521256931608,0.07080173151750756
21.0126582278481,32.65659577891014,28.93992606284658,0,0.4006764933197782,83.8948336414048,161.0637707948244,1.767097966728281,0.3798521256931608,0.07169578624624877
21.20253164556962,32.65659577891014,28.93992606284658,0,0.4006764933197782,83.8948336414048,161.0637707948244,1.767097966728281,0.3798521256931608,0.07271224257477486
21.39240506329114,32.65659577891014,28.93992606284658,0,0.4006764933197782,83.8948336414048,161.0637707948244,1.767097966728281,0.3798521256931608,0.07384100810267422
21.582278481012658,32.65659577891014,28.93992606284658,0,0.4006764933197782,83.8948336414048,161.0637707948244,1.767097966728281,0.3798521256931608,0.07507166307389568
21.77215189873418,32.65659577891014,28.93992606284658,0,0.4006764933197782,83.8948336414048,161.0637707948244,1.767097966728281,0.3798521256931608,0.07639328969772696
21.962025316455698,32.65659577891014,28.93992606284658,0,0.4006764933197782,83.8948336414048,161.0637707948244,1.767097966728281,0.3798521256931608,0.07779431814967015
22.151898734177216,32.65659577891014,28.93992606284658,0,0.4006764933197782,83.8948336414048,161.0637707948244,1.767097966728281,0.3798521256931608,0.07926239022793526
22.341772151898734,32.65659577891014,28.93992606284658,0,0.4006764933197782,83.8948336414048,161.0637707948244,1.767097966728281,0.3798521256931608,0.08078424219661134
22.531645569620252,32.65659577891014,28.93992606284658,0,0.4006764933197782,83.8948336414048,161.0637707948244,1.767097966728281,0.3798521256931608,0.082345608809287
22.721518987341774,32.65659577891014,28.93992606284658,0,0.4006764933197782,83.8948336414048,161.0637707948244,1.767097966728281,0.3798521256931608,0.08393115086898682
22.911392405063292,32.65659577891014,28.93992606284658,0,0.4006764933197782,83.8948336414048,161.0637707948244,1.767097966728281,0.3798521256931608,0.08552440893313891
23.10126582278481,32.65659577891014,28.93992606284658,0,0.4006764933197782,83.8948336414048,161.0637707948244,1.767097966728281,0.3798521256931608,0.08710778590766581
23.291139240506332,32.65659577891014,28.93992606284658,0,0.4006764933197782,83.8948336414048,161.0637707948244,1.767097966728281,0.3798521256931608,0.08866256128553054
23.481012658227847,32.65659577891014,28.93992606284658,0,0.4006764933197782,83.8948336414048,161.0637707948244,1.767097966728281,0.3798521256931608,0.09016893966786176
23.67088607594937,32.65659577891014,28.93992606284658,0,0.4006764933197782,83.8948336414048,161.0637707948244,1.767097966728281,0.3798521256931608,0.09160613595879713
23.860759493670887,32.65659577891014,28.93992606284658,0,0.4006764933197782,83.8948336414048,161.0637707948244,1.767097966728281,0.3798521256931608,0.09295249925020595
24.050632911392405,32.65659577891014,28.93992606284658,0,0.4006764933197782,83.8948336414048,161.0637707948244,1.767097966728281,0.3798521256931608,0.09418567691410859
24.240506329113927,32.65659577891014,28.93992606284658,0,0.4006764933197782,83.8948336414048,161.0637707948244,1.767097966728281,0.3798521256931608,0.09528281980551395
24.430379746835442,32.65659577891014,28.93992606284658,0,0.4006764933197782,83.8948336414048,161.0637707948244,1.767097966728281,0.3798521256931608,0.09622082875392514
24.620253164556964,32.65659577891014,28.93992606284658,0,0.4006764933197782,83.8948336414048,161.0637707948244,1.767097966728281,0.3798521256931608,0.09697863701750381
24.810126582278482,32.65659577891014,28.93992606284658,0,0.4006764933197782,83.8948336414048,161.0637707948244,1.767097966728281,0.3798521256931608,0.09756196316791524
25.0,32.65659577891014,28.93992606284658,0,0.4006764933197782,83.8948336414048,161.0637707948244,1.767097966728281,0.3798521256931608,0.09799628615269565
10.0,32.8214606945855,28.93992606284658,0,0.4006764933197782,83.8948336414048,161.0637707948244,1.767097966728281,0.3798521256931608,0.06747061684949038
10.189873417721518,32.8214606945855,28.93992606284658,0,0.4006764933197782,83.8948336414048,161.0637707948244,1.767097966728281,0.3798521256931608,0.06747061684949038
10.379746835443038,32.8214606945855,28.93992606284658,0,0.4006764933197782,83.8948336414048,161.0637707948244,1.767097966728281,0.3798521256931608,0.06747061684949038
10.569620253164556,32.8214606945855,28.93992606284658,0,0.4006764933197782,83.8948336414048,161.0637707948244,1.767097966728281,0.3798521256931608,0.06747061684949038
10.759493670886076,32.8214606945855,28.93992606284658,0,0.4006764933197782,83.8948336414048,161.0637707948244,1.767097966728281,0.3798521256931608,0.06747061684949038
10.949367088607595,32.8214606945855,28.93992606284658,0,0.4006764933197782,83.8948336414048,161.0637707948244,1.767097966728281,0.3798521256931608,0.06747061684949038
11.139240506329115,32.8214606945855,28.93992606284658,0,0.4006764933197782,83.8948336414048,161.0637707948244,1.767097966728281,0.3798521256931608,0.06764774538600066
11.329113924050633,32.8214606945855,28.93992606284658,0,0.4006764933197782,83.8948336414048,161.0637707948244,1.767097966728281,0.3798521256931608,0.06799928994114335
11.518987341772153,32.8214606945855,28.93992606284658,0,0.4006764933197782,83.8948336414048,161.0637707948244,1.767097966728281,0.3798521256931608,0.06846806828867436
11.708860759493671,32.8214606945855,28.93992606284658,0,0.4006764933197782,83.8948336414048,161.0637707948244,1.767097966728281,0.3798521256931608,0.06904369240189723
11.89873417721519,32.8214606945855,28.93992606284658,0,0.4006764933197782,83.8948336414048,161.0637707948244,1.767097966728281,0.3798521256931608,0.06971588001129297
12.08860759493671,32.8214606945855,28.93992606284658,0,0.4006764933197782,83.8948336414048,161.0637707948244,1.767097966728281,0.3798521256931608,0.07047429609331891
12.278481012658228,32.8214606945855,28.93992606284658,0,0.4006764933197782,83.8948336414048,161.0637707948244,1.767097966728281,0.3798521256931608,0.07130841114443894
12.468354430379748,32.8214606945855,28.93992606284658,0,0.4006764933197782,83.8948336414048,161.0637707948244,1.767097966728281,0.3798521256931608,0.07220737585776257
12.658227848101266,32.8214606945855,28.93992606284658,0,0.4006764933197782,83.8948336414048,161.0637707948244,1.767097966728281,0.3798521256931608,0.07315991233023547
12.848101265822784,32.8214606945855,28.93992606284658,0,0.4006764933197782,83.8948336414048,161.0637707948244,1.767097966728281,0.3798521256931608,0.07415422236735357
13.037974683544304,32.8214606945855,28.93992606284658,0,0.4006764933197782,83.8948336414048,161.0637707948244,1.767097966728281,0.3798521256931608,0.07517791381898135
13.227848101265824,32.8214606945855,28.93992606284658,0,0.4006764933197782,83.8948336414048,161.0637707948244,1.767097966728281,0.3798521256931608,0.07621794617156469
13.417721518987342,32.8214606945855,28.93992606284658,0,0.4006764933197782,83.8948336414048,161.0637707948244,1.767097966728281,0.3798521256931608,0.07726059683526701
13.60759493670886,32.8214606945855,28.93992606284658,0,0.4006764933197782,83.8948336414048,161.0637707948244,1.767097966728281,0.3798521256931608,0.07829144969530531
13.79746835443038,32.8214606945855,28.93992606284658,0,0.4006764933197782,83.8948336414048,161.0637707948244,1.767097966728281,0.3798521256931608,0.07929540754103673
13.987341772151899,32.8214606945855,28.93992606284658,0,0.4006764933197782,83.8948336414048,161.0637707948244,1.767097966728281,0.3798521256931608,0.08025672994071699
14.177215189873419,32.8214606945855,28.93992606284658,0,0.4006764933197782,83.8948336414048,161.0637707948244,1.767097966728281,0.3798521256931608,0.08115909799183672
14.367088607594937,32.8214606945855,28.93992606284658,0,0.4006764933197782,83.8948336414048,161.0637707948244,1.767097966728281,0.3798521256931608,0.08198570714511186
14.556962025316455,32.8214606945855,28.93992606284658,0,0.4006764933197782,83.8948336414048,161.0637707948244,1.767097966728281,0.3798521256931608,0.08271938897439898
14.746835443037975,32.8214606945855,28.93992606284658,0,0.4006764933197782,83.8948336414048,161.0637707948244,1.767097966728281,0.3798521256931608,0.08334276234577864
14.936708860759495,32.8214606945855,28.93992606284658,0,0.4006764933197782,83.8948336414048,161.0637707948244,1.767097966728281,0.3798521256931608,0.08383841392841106
15.126582278481013,32.8214606945855,28.93992606284658,0,0.4006764933197782,83.8948336414048,161.0637707948244,1.767097966728281,0.3798521256931608,0.08418910738941533
15.316455696202532,32.8214606945855,28.93992606284658,0,0.4006764933197782,83.8948336414048,161.0637707948244,1.767097966728281,0.3798521256931608,0.0843780199269352
15.50632911392405,32.8214606945855,28.93992606284658,0,0.4006764933197782,83.8948336414048,161.0637707948244,1.767097966728281,0.3798521256931608,0.08438900422149218
15.69620253164557,32.8214606945855,28.93992606284658,0,0.4006764933197782,83.8948336414048,161.0637707948244,1.767097966728281,0.3798521256931608,0.08421281731014733
15.88607594936709,32.8214606945855,28.93992606284658,0,0.4006764933197782,83.8948336414048,161.0637707948244,1.767097966728281,0.3798521256931608,0.08386281721315121
16.075949367088608,32.8214606945855,28.93992606284658,0,0.4006764933197782,83.8948336414048,161.0637707948244,1.767097966728281,0.3798521256931608,0.08335802551194882
16.265822784810126,32.8214606945855,28.93992606284658,0,0.4006764933197782,83.8948336414048,161.0637707948244,1.767097966728281,0.3798521256931608,0.08271793284323713
16.455696202531648,32.8214606945855,28.93992606284658,0,0.4006764933197782,83.8948336414048,161.0637707948244,1.767097966728281,0.3798521256931608,0.08196221343639963
16.645569620253166,32.8214606945855,28.93992606284658,0,0.4006764933197782,83.8948336414048,161.0637707948244,1.767097966728281,0.3798521256931608,0.08111047498704002
16.835443037974684,32.8214606945855,28.93992606284658,0,0.4006764933197782,83.8948336414048,161.0637707948244,1.767097966728281,0.3798521256931608,0.08018204551229142
17.025316455696203,32.8214606945855,28.93992606284658,0,0.4006764933197782,83.8948336414048,161.0637707948244,1.767097966728281,0.3798521256931608,0.07919579790008069
17.21518987341772,32.8214606945855,28.93992606284658,0,0.4006764933197782,83.8948336414048,161.0637707948244,1.767097966728281,0.3798521256931608,0.07817001206087626
17.405063291139243,32.8214606945855,28.93992606284658,0,0.4006764933197782,83.8948336414048,161.0637707948244,1.767097966728281,0.3798521256931608,0.0771222739194562
17.59493670886076,32.8214606945855,28.93992606284658,0,0.4006764933197782,83.8948336414048,161.0637707948244,1.767097966728281,0.3798521256931608,0.07606940994851073
17.78481012658228,32.8214606945855,28.93992606284658,0,0.4006764933197782,83.8948336414048,161.0637707948244,1.767097966728281,0.3798521256931608,0.07502745554724115
17.974683544303797,32.8214606945855,28.93992606284658,0,0.4006764933197782,83.8948336414048,161.0637707948244,1.767097966728281,0.3798521256931608,0.07401165530708172
18.164556962025316,32.8214606945855,28.93992606284658,0,0.4006764933197782,83.8948336414048,161.0637707948244,1.767097966728281,0.3798521256931608,0.0730364930821136
18.354430379746837,32.8214606945855,28.93992606284658,0,0.4006764933197782,83.8948336414048,161.0637707948244,1.767097966728281,0.3798521256931608,0.0721157497908021
18.544303797468356,32.8214606945855,28.93992606284658,0,0.4006764933197782,83.8948336414048,161.0637707948244,1.767097966728281,0.3798521256931608,0.07126258701394173
18.734177215189874,32.8214606945855,28.93992606284658,0,0.4006764933197782,83.8948336414048,161.0637707948244,1.767097966728281,0.3798521256931608,0.07048965471572276
18.924050632911396,32.8214606945855,28.93992606284658,0,0.4006764933197782,83.8948336414048,161.0637707948244,1.767097966728281,0.3798521256931608,0.06980922179481491
19.11392405063291,32.8214606945855,28.93992606284658,0,0.4006764933197782,83.8948336414048,161.0637707948244,1.767097966728281,0.3798521256931608,0.06923332866506401
19.303797468354432,32.8214606945855,28.93992606284658,0,0.4006764933197782,83.8948336414048,161.0637707948244,1.767097966728281,0.3798521256931608,0.06877396166698203
19.49367088607595,32.8214606945855,28.93992606284658,0,0.4006764933197782,83.8948336414048,161.0637707948244,1.767097966728281,0.3798521256931608,0.06844324982025816
19.68354430379747,32.8214606945855,28.93992606284658,0,0.4006764933197782,83.8948336414048,161.0637707948244,1.767097966728281,0.3798521256931608,0.06825368524581804
19.87341772151899,32.8214606945855,28.93992606284658,0,0.4006764933197782,83.8948336414048,161.0637707948244,1.767097966728281,0.3798521256931608,0.06821836951920913
20.063291139240505,32.8214606945855,28.93992606284658,0,0.4006764933197782,83.8948336414048,161.0637707948244,1.767097966728281,0.3798521256931608,0.06835111789773259
20.253164556962027,32.8214606945855,28.93992606284658,0,0.4006764933197782,83.8948336414048,161.0637707948244,1.767097966728281,0.3798521256931608,0.06865661119677215
20.443037974683545,32.8214606945855,28.93992606284658,0,0.4006764933197782,83.8948336414048,161.0637707948244,1.767097966728281,0.3798521256931608,0.06912468094724249
20.632911392405063,32.8214606945855,28.93992606284658,0,0.4006764933197782,83.8948336414048,161.0637707948244,1.767097966728281,0.3798521256931608,0.06974457339589078
20.822784810126585,32.8214606945855,28.93992606284658,0,0.4006764933197782,83.8948336414048,161.0637707948244,1.767097966728281,0.3798521256931608,0.07050605498441656
21.0126582278481,32.8214606945855,28.93992606284658,0,0.4006764933197782,83.8948336414048,161.0637707948244,1.767097966728281,0.3798521256931608,0.0713991721875748
21.20253164556962,32.8214606945855,28.93992606284658,0,0.4006764933197782,83.8948336414048,161.0637707948244,1.767097966728281,0.3798521256931608,0.0724140312144268
21.39240506329114,32.8214606945855,28.93992606284658,0,0.4006764933197782,83.8948336414048,161.0637707948244,1.767097966728281,0.3798521256931608,0.07354059549963456
21.582278481012658,32.8214606945855,28.93992606284658,0,0.4006764933197782,83.8948336414048,161.0637707948244,1.767097966728281,0.3798521256931608,0.07476849980241572
21.77215189873418,32.8214606945855,28.93992606284658,0,0.4006764933197782,83.8948336414048,161.0637707948244,1.767097966728281,0.3798521256931608,0.07608688053412432
21.962025316455698,32.8214606945855,28.93992606284658,0,0.4006764933197782,83.8948336414048,161.0637707948244,1.767097966728281,0.3798521256931608,0.07748422265597493
22.151898734177216,32.8214606945855,28.93992606284658,0,0.4006764933197782,83.8948336414048,161.0637707948244,1.767097966728281,0.3798521256931608,0.07894822412653481
22.341772151898734,32.8214606945855,28.93992606284658,0,0.4006764933197782,83.8948336414048,161.0637707948244,1.767097966728281,0.3798521256931608,0.08046567943084722
22.531645569620252,32.8214606945855,28.93992606284658,0,0.4006764933197782,83.8948336414048,161.0637707948244,1.767097966728281,0.3798521256931608,0.08202238418327075
22.721518987341774,32.8214606945855,28.93992606284658,0,0.4006764933197782,83.8948336414048,161.0637707948244,1.767097966728281,0.3798521256931608,0.08360306315633961
22.911392405063292,32.8214606945855,28.93992606284658,0,0.4006764933197782,83.8948336414048,161.0637707948244,1.767097966728281,0.3798521256931608,0.08519132433949551
23.10126582278481,32.8214606945855,28.93992606284658,0,0.4006764933197782,83.8948336414048,161.0637707948244,1.767097966728281,0.3798521256931608,0.0867696417661958
23.291139240506332,32.8214606945855,28.93992606284658,0,0.4006764933197782,83.8948336414048,161.0637707948244,1.767097966728281,0.3798521256931608,0.08831936985892475
23.481012658227847,32.8214606945855,28.93992606284658,0,0.4006764933197782,83.8948336414048,161.0637707948244,1.767097966728281,0.3798521256931608,0.0898207919246528
23.67088607594937,32.8214606945855,28.93992606284658,0,0.4006764933197782,83.8948336414048,161.0637707948244,1.767097966728281,0.3798521256931608,0.09125320518688239
23.860759493670887,32.8214606945855,28.93992606284658,0,0.4006764933197782,83.8948336414048,161.0637707948244,1.767097966728281,0.3798521256931608,0.0925950443662466
24.050632911392405,32.8214606945855,28.93992606284658,0,0.4006764933197782,83.8948336414048,161.0637707948244,1.767097966728281,0.3798521256931608,0.09382404532421583
24.240506329113927,32.8214606945855,28.93992606284658,0,0.4006764933197782,83.8948336414048,161.0637707948244,1.767097966728281,0.3798521256931608,0.09491744967027176
24.430379746835442,32.8214606945855,28.93992606284658,0,0.4006764933197782,83.8948336414048,161.0637707948244,1.767097966728281,0.3798521256931608,0.09585225050927967
24.620253164556964,32.8214606945855,28.93992606284658,0,0.4006764933197782,83.8948336414048,161.0637707948244,1.767097966728281,0.3798521256931608,0.09660746639678854
24.810126582278482,32.8214606945855,28.93992606284658,0,0.4006764933197782,83.8948336414048,161.0637707948244,1.767097966728281,0.3798521256931608,0.09718880024253693
25.0,32.8214606945855,28.93992606284658,0,0.4006764933197782,83.8948336414048,161.0637707948244,1.767097966728281,0.3798521256931608,0.09762164169818957
10.0,32.98632561026086,28.93992606284658,0,0.4006764933197782,83.8948336414048,161.0637707948244,1.767097966728281,0.3798521256931608,0.06651774027200812
10.189873417721518,32.98632561026086,28.93992606284658,0,0.4006764933197782,83.8948336414048,161.0637707948244,1.767097966728281,0.3798521256931608,0.06651774027200812
10.379746835443038,32.98632561026086,28.93992606284658,0,0.4006764933197782,83.8948336414048,161.0637707948244,1.767097966728281,0.3798521256931608,0.06651774027200812
10.569620253164556,32.98632561026086,28.93992606284658,0,0.4006764933197782,83.8948336414048,161.0637707948244,1.767097966728281,0.3798521256931608,0.06651774027200812
10.759493670886076,32.98632561026086,28.93992606284658,0,0.4006764933197782,83.8948336414048,161.0637707948244,1.767097966728281,0.3798521256931608,0.06651774027200812
10.949367088607595,32.98632561026086,28.93992606284658,0,0.4006764933197782,83.8948336414048,161.0637707948244,1.767097966728281,0.3798521256931608,0.06651774027200812
11.139240506329115,32.98632561026086,28.93992606284658,0,0.4006764933197782,83.8948336414048,161.0637707948244,1.767097966728281,0.3798521256931608,0.06675564560467877
11.329113924050633,32.98632561026086,28.93992606284658,0,0.4006764933197782,83.8948336414048,161.0637707948244,1.767097966728281,0.3798521256931608,0.06718197191000838
11.518987341772153,32.98632561026086,28.93992606284658,0,0.4006764933197782,83.8948336414048,161.0637707948244,1.767097966728281,0.3798521256931608,0.06771691190204984
11.708860759493671,32.98632561026086,28.93992606284658,0,0.4006764933197782,83.8948336414048,161.0637707948244,1.767097966728281,0.3798521256931608,0.06835076571029247
11.89873417721519,32.98632561026086,28.93992606284658,0,0.4006764933197782,83.8948336414048,161.0637707948244,1.767097966728281,0.3798521256931608,0.06907384726125176
12.08860759493671,32.98632561026086,28.93992606284658,0,0.4006764933197782,83.8948336414048,161.0637707948244,1.767097966728281,0.3798521256931608,0.06987634344587862
12.278481012658228,32.98632561026086,28.93992606284658,0,0.4006764933197782,83.8948336414048,161.0637707948244,1.767097966728281,0.3798521256931608,0.07074818825662464
12.468354430379748,32.98632561026086,28.93992606284658,0,0.4006764933197782,83.8948336414048,161.0637707948244,1.767097966728281,0.3798521256931608,0.07167895179521476
12.658227848101266,32.98632561026086,28.93992606284658,0,0.4006764933197782,83.8948336414048,161.0637707948244,1.767097966728281,0.3798521256931608,0.07265774448712546
12.848101265822784,32.98632561026086,28.93992606284658,0,0.4006764933197782,83.8948336414048,161.0637707948244,1.767097966728281,0.3798521256931608,0.07367313721045719
13.037974683544304,32.98632561026086,28.93992606284658,0,0.4006764933197782,83.8948336414048,161.0637707948244,1.767097966728281,0.3798521256931608,0.0747130983536475
13.227848101265824,32.98632561026086,28.93992606284658,0,0.4006764933197782,83.8948336414048,161.0637707948244,1.767097966728281,0.3798521256931608,0.07576494905546899
13.417721518987342,32.98632561026086,28.93992606284658,0,0.4006764933197782,83.8948336414048,161.0637707948244,1.767097966728281,0.3798521256931608,0.0768153380482999
13.60759493670886,32.98632561026086,28.93992606284658,0,0.4006764933197782,83.8948336414048,161.0637707948244,1.767097966728281,0.3798521256931608,0.07785023761790337
13.79746835443038,32.98632561026086,28.93992606284658,0,0.4006764933197782,83.8948336414048,161.0637707948244,1.767097966728281,0.3798521256931608,0.07885496220623762
13.987341772151899,32.98632561026086,28.93992606284658,0,0.4006764933197782,83.8948336414048,161.0637707948244,1.767097966728281,0.3798521256931608,0.07981421111513229
14.177215189873419,32.98632561026086,28.93992606284658,0,0.4006764933197782,83.8948336414048,161.0637707948244,1.767097966728281,0.3798521256931608,0.0807121366159089
14.367088607594937,32.98632561026086,28.93992606284658,0,0.4006764933197782,83.8948336414048,161.0637707948244,1.767097966728281,0.3798521256931608,0.08153243853218542
14.556962025316455,32.98632561026086,28.93992606284658,0,0.4006764933197782,83.8948336414048,161.0637707948244,1.767097966728281,0.3798521256931608,0.08225848604022756
14.746835443037975,32.98632561026086,28.93992606284658,0,0.4006764933197782,83.8948336414048,161.0637707948244,1.767097966728281,0.3798521256931608,0.08287346702425172
14.936708860759495,32.98632561026086,28.93992606284658,0,0.4006764933197782,83.8948336414048,161.0637707948244,1.767097966728281,0.3798521256931608,0.08336056483464616
15.126582278481013,32.98632561026086,28.93992606284658,0,0.4006764933197782,83.8948336414048,161.0637707948244,1.767097966728281,0.3798521256931608,0.08370316172703164
15.316455696202532,32.98632561026086,28.93992606284658,0,0.4006764933197782,83.8948336414048,161.0637707948244,1.767097966728281,0.3798521256931608,0.08388506761132447
15.50632911392405,32.98632561026086,28.93992606284658,0,0.4006764933197782,83.8948336414048,161.0637707948244,1.767097966728281,0.3798521256931608,0.08389077220945527
15.69620253164557,32.98632561026086,28.93992606284658,0,0.4006764933197782,83.8948336414048,161.0637707948244,1.767097966728281,0.3798521256931608,0.0837115214197189
15.88607594936709,32.98632561026086,28.93992606284658,0,0.4006764933197782,83.8948336414048,161.0637707948244,1.767097966728281,0.3798521256931608,0.08336063448383316
16.075949367088608,32.98632561026086,28.93992606284658,0,0.4006764933197782,83.8948336414048,161.0637707948244,1.767097966728281,0.3798521256931608,0.08285696033024793
16.265822784810126,32.98632561026086,28.93992606284658,0,0.4006764933197782,83.8948336414048,161.0637707948244,1.767097966728281,0.3798521256931608,0.08221980296999735
16.455696202531648,32.98632561026086,28.93992606284658,0,0.4006764933197782,83.8948336414048,161.0637707948244,1.767097966728281,0.3798521256931608,0.0814686406027149
16.645569620253166,32.98632561026086,28.93992606284658,0,0.4006764933197782,83.8948336414048,161.0637707948244,1.767097966728281,0.3798521256931608,0.08062287966383563
16.835443037974684,32.98632561026086,28.93992606284658,0,0.4006764933197782,83.8948336414048,161.0637707948244,1.767097966728281,0.3798521256931608,0.0797016454090307
17.025316455696203,32.98632561026086,28.93992606284658,0,0.4006764933197782,83.8948336414048,161.0637707948244,1.767097966728281,0.3798521256931608,0.07872360971414635
17.21518987341772,32.98632561026086,28.93992606284658,0,0.4006764933197782,83.8948336414048,161.0637707948244,1.767097966728281,0.3798521256931608,0.07770685597958756
17.405063291139243,32.98632561026086,28.93992606284658,0,0.4006764933197782,83.8948336414048,161.0637707948244,1.767097966728281,0.3798521256931608,0.07666878036999389
17.59493670886076,32.98632561026086,28.93992606284658,0,0.4006764933197782,83.8948336414048,161.0637707948244,1.767097966728281,0.3798521256931608,0.07562602809572912
17.78481012658228,32.98632561026086,28.93992606284658,0,0.4006764933197782,83.8948336414048,161.0637707948244,1.767097966728281,0.3798521256931608,0.07459446305381662
17.974683544303797,32.98632561026086,28.93992606284658,0,0.4006764933197782,83.8948336414048,161.0637707948244,1.767097966728281,0.3798521256931608,0.0735891688928825
18.164556962025316,32.98632561026086,28.93992606284658,0,0.4006764933197782,83.8948336414048,161.0637707948244,1.767097966728281,0.3798521256931608,0.07262447944813764
18.354430379746837,32.98632561026086,28.93992606284658,0,0.4006764933197782,83.8948336414048,161.0637707948244,1.767097966728281,0.3798521256931608,0.07171403650546691
18.544303797468356,32.98632561026086,28.93992606284658,0,0.4006764933197782,83.8948336414048,161.0637707948244,1.767097966728281,0.3798521256931608,0.07087087299383958
18.734177215189874,32.98632561026086,28.93992606284658,0,0.4006764933197782,83.8948336414048,161.0637707948244,1.767097966728281,0.3798521256931608,0.07010751996707928
18.924050632911396,32.98632561026086,28.93992606284658,0,0.4006764933197782,83.8948336414048,161.0637707948244,1.767097966728281,0.3798521256931608,0.0694361361137903
19.11392405063291,32.98632561026086,28.93992606284658,0,0.4006764933197782,83.8948336414048,161.0637707948244,1.767097966728281,0.3798521256931608,0.06886865902279656
19.303797468354432,32.98632561026086,28.93992606284658,0,0.4006764933197782,83.8948336414048,161.0637707948244,1.767097966728281,0.3798521256931608,0.06841697802710037
19.49367088607595,32.98632561026086,28.93992606284658,0,0.4006764933197782,83.8948336414048,161.0637707948244,1.767097966728281,0.3798521256931608,0.0680931291508226
19.68354430379747,32.98632561026086,28.93992606284658,0,0.4006764933197782,83.8948336414048,161.0637707948244,1.767097966728281,0.3798521256931608,0.06790951349274586
19.87341772151899,32.98632561026086,28.93992606284658,0,0.4006764933197782,83.8948336414048,161.0637707948244,1.767097966728281,0.3798521256931608,0.06787914130274462
20.063291139240505,32.98632561026086,28.93992606284658,0,0.4006764933197782,83.8948336414048,161.0637707948244,1.767097966728281,0.3798521256931608,0.06801573492733409
20.253164556962027,32.98632561026086,28.93992606284658,0,0.4006764933197782,83.8948336414048,161.0637707948244,1.767097966728281,0.3798521256931608,0.06832395138811677
20.443037974683545,32.98632561026086,28.93992606284658,0,0.4006764933197782,83.8948336414048,161.0637707948244,1.767097966728281,0.3798521256931608,0.06879370515337996
20.632911392405063,32.98632561026086,28.93992606284658,0,0.4006764933197782,83.8948336414048,161.0637707948244,1.767097966728281,0.3798521256931608,0.0694143258588571
20.822784810126585,32.98632561026086,28.93992606284658,0,0.4006764933197782,83.8948336414048,161.0637707948244,1.767097966728281,0.3798521256931608,0.07017565571417252
21.0126582278481,32.98632561026086,28.93992606284658,0,0.4006764933197782,83.8948336414048,161.0637707948244,1.767097966728281,0.3798521256931608,0.07106781112038454
21.20253164556962,32.98632561026086,28.93992606284658,0,0.4006764933197782,83.8948336414048,161.0637707948244,1.767097966728281,0.3798521256931608,0.07208096395879848
21.39240506329114,32.98632561026086,28.93992606284658,0,0.4006764933197782,83.8948336414048,161.0637707948244,1.767097966728281,0.3798521256931608,0.07320514050383403
21.582278481012658,32.98632561026086,28.93992606284658,0,0.4006764933197782,83.8948336414048,161.0637707948244,1.767097966728281,0.3798521256931608,0.07443003679703854
21.77215189873418,32.98632561026086,28.93992606284658,0,0.4006764933197782,83.8948336414048,161.0637707948244,1.767097966728281,0.3798521256931608,0.07574485011700215
21.962025316455698,32.98632561026086,28.93992606284658,0,0.4006764933197782,83.8948336414048,161.0637707948244,1.767097966728281,0.3798521256931608,0.07713812689553884
22.151898734177216,32.98632561026086,28.93992606284658,0,0.4006764933197782,83.8948336414048,161.0637707948244,1.767097966728281,0.3798521256931608,0.0785976280643429
22.341772151898734,32.98632561026086,28.93992606284658,0,0.4006764933197782,83.8948336414048,161.0637707948244,1.767097966728281,0.3798521256931608,0.08011021336501899
22.531645569620252,32.98632561026086,28.93992606284658,0,0.4006764933197782,83.8948336414048,161.0637707948244,1.767097966728281,0.3798521256931608,0.08166174661272738
22.721518987341774,32.98632561026086,28.93992606284658,0,0.4006764933197782,83.8948336414048,161.0637707948244,1.767097966728281,0.3798521256931608,0.08323702426171635
22.911392405063292,32.98632561026086,28.93992606284658,0,0.4006764933197782,83.8948336414048,161.0637707948244,1.767097966728281,0.3798521256931608,0.08481972987104094
23.10126582278481,32.98632561026086,28.93992606284658,0,0.4006764933197782,83.8948336414048,161.0637707948244,1.767097966728281,0.3798521256931608,0.08639241720253364
23.291139240506332,32.98632561026086,28.93992606284658,0,0.4006764933197782,83.8948336414048,161.0637707948244,1.767097966728281,0.3798521256931608,0.0879365246938207
23.481012658227847,32.98632561026086,28.93992606284658,0,0.4006764933197782,83.8948336414048,161.0637707948244,1.767097966728281,0.3798521256931608,0.08943242393240668
23.67088607594937,32.98632561026086,28.93992606284658,0,0.4006764933197782,83.8948336414048,161.0637707948244,1.767097966728281,0.3798521256931608,0.09085950451105838
23.860759493670887,32.98632561026086,28.93992606284658,0,0.4006764933197782,83.8948336414048,161.0637707948244,1.767097966728281,0.3798521256931608,0.09219629727145323
24.050632911392405,32.98632561026086,28.93992606284658,0,0.4006764933197782,83.8948336414048,161.0637707948244,1.767097966728281,0.3798521256931608,0.0934206374466789
24.240506329113927,32.98632561026086,28.93992606284658,0,0.4006764933197782,83.8948336414048,161.0637707948244,1.767097966728281,0.3798521256931608,0.0945098686000504
24.430379746835442,32.98632561026086,28.93992606284658,0,0.4006764933197782,83.8948336414048,161.0637707948244,1.767097966728281,0.3798521256931608,0.09544108753504255
24.620253164556964,32.98632561026086,28.93992606284658,0,0.4006764933197782,83.8948336414048,161.0637707948244,1.767097966728281,0.3798521256931608,0.09619340872136427
24.810126582278482,32.98632561026086,28.93992606284658,0,0.4006764933197782,83.8948336414048,161.0637707948244,1.767097966728281,0.3798521256931608,0.09677251788351214
25.0,32.98632561026086,28.93992606284658,0,0.4006764933197782,83.8948336414048,161.0637707948244,1.767097966728281,0.3798521256931608,0.09720370498993026
10.0,33.15119052593622,28.93992606284658,0,0.4006764933197782,83.8948336414048,161.0637707948244,1.767097966728281,0.3798521256931608,0.06552890616853242
10.189873417721518,33.15119052593622,28.93992606284658,0,0.4006764933197782,83.8948336414048,161.0637707948244,1.767097966728281,0.3798521256931608,0.06552890616853242
10.379746835443038,33.15119052593622,28.93992606284658,0,0.4006764933197782,83.8948336414048,161.0637707948244,1.767097966728281,0.3798521256931608,0.06552890616853242
10.569620253164556,33.15119052593622,28.93992606284658,0,0.4006764933197782,83.8948336414048,161.0637707948244,1.767097966728281,0.3798521256931608,0.06552890616853242
10.759493670886076,33.15119052593622,28.93992606284658,0,0.4006764933197782,83.8948336414048,161.0637707948244,1.767097966728281,0.3798521256931608,0.06552890616853242
10.949367088607595,33.15119052593622,28.93992606284658,0,0.4006764933197782,83.8948336414048,161.0637707948244,1.767097966728281,0.3798521256931608,0.06552890616853242
11.139240506329115,33.15119052593622,28.93992606284658,0,0.4006764933197782,83.8948336414048,161.0637707948244,1.767097966728281,0.3798521256931608,0.06582730453945596
11.329113924050633,33.15119052593622,28.93992606284658,0,0.4006764933197782,83.8948336414048,161.0637707948244,1.767097966728281,0.3798521256931608,0.06632806537731982
11.518987341772153,33.15119052593622,28.93992606284658,0,0.4006764933197782,83.8948336414048,161.0637707948244,1.767097966728281,0.3798521256931608,0.06692882735005028
11.708860759493671,33.15119052593622,28.93992606284658,0,0.4006764933197782,83.8948336414048,161.0637707948244,1.767097966728281,0.3798521256931608,0.06762054452987545
11.89873417721519,33.15119052593622,28.93992606284658,0,0.4006764933197782,83.8948336414048,161.0637707948244,1.767097966728281,0.3798521256931608,0.068394100192888
12.08860759493671,33.15119052593622,28.93992606284658,0,0.4006764933197782,83.8948336414048,161.0637707948244,1.767097966728281,0.3798521256931608,0.06924018282603288
12.278481012658228,33.15119052593622,28.93992606284658,0,0.4006764933197782,83.8948336414048,161.0637707948244,1.767097966728281,0.3798521256931608,0.07014917546485129
12.468354430379748,33.15119052593622,28.93992606284658,0,0.4006764933197782,83.8948336414048,161.0637707948244,1.767097966728281,0.3798521256931608,0.07111105850660632
12.658227848101266,33.15119052593622,28.93992606284658,0,0.4006764933197782,83.8948336414048,161.0637707948244,1.767097966728281,0.3798521256931608,0.07211532650842516
12.848101265822784,33.15119052593622,28.93992606284658,0,0.4006764933197782,83.8948336414048,161.0637707948244,1.767097966728281,0.3798521256931608,0.07315091978930457
13.037974683544304,33.15119052593622,28.93992606284658,0,0.4006764933197782,83.8948336414048,161.0637707948244,1.767097966728281,0.3798521256931608,0.0742061719060332
13.227848101265824,33.15119052593622,28.93992606284658,0,0.4006764933197782,83.8948336414048,161.0637707948244,1.767097966728281,0.3798521256931608,0.07526877426319413
13.417721518987342,33.15119052593622,28.93992606284658,0,0.4006764933197782,83.8948336414048,161.0637707948244,1.767097966728281,0.3798521256931608,0.07632575924279147
13.60759493670886,33.15119052593622,28.93992606284658,0,0.4006764933197782,83.8948336414048,161.0637707948244,1.767097966728281,0.3798521256931608,0.07736350329605718
13.79746835443038,33.15119052593622,28.93992606284658,0,0.4006764933197782,83.8948336414048,161.0637707948244,1.767097966728281,0.3798521256931608,0.07836775142541383
13.987341772151899,33.15119052593622,28.93992606284658,0,0.4006764933197782,83.8948336414048,161.0637707948244,1.767097966728281,0.3798521256931608,0.07932366439573027
14.177215189873419,33.15119052593622,28.93992606284658,0,0.4006764933197782,83.8948336414048,161.0637707948244,1.767097966728281,0.3798521256931608,0.08021588984932172
14.367088607594937,33.15119052593622,28.93992606284658,0,0.4006764933197782,83.8948336414048,161.0637707948244,1.767097966728281,0.3798521256931608,0.08102865825787585
14.556962025316455,33.15119052593622,28.93992606284658,0,0.4006764933197782,83.8948336414048,161.0637707948244,1.767097966728281,0.3798521256931608,0.08174590432697071
14.746835443037975,33.15119052593622,28.93992606284658,0,0.4006764933197782,83.8948336414048,161.0637707948244,1.767097966728281,0.3798521256931608,0.08235141407613855
14.936708860759495,33.15119052593622,28.93992606284658,0,0.4006764933197782,83.8948336414048,161.0637707948244,1.767097966728281,0.3798521256931608,0.08282899735113886
15.126582278481013,33.15119052593622,28.93992606284658,0,0.4006764933197782,83.8948336414048,161.0637707948244,1.767097966728281,0.3798521256931608,0.08316268498706617
15.316455696202532,33.15119052593622,28.93992606284658,0,0.4006764933197782,83.8948336414048,161.0637707948244,1.767097966728281,0.3798521256931608,0.08333694923290765
15.50632911392405,33.15119052593622,28.93992606284658,0,0.4006764933197782,83.8948336414048,161.0637707948244,1.767097966728281,0.3798521256931608,0.08333694556213621
15.69620253164557,33.15119052593622,28.93992606284658,0,0.4006764933197782,83.8948336414048,161.0637707948244,1.767097966728281,0.3798521256931608,0.08315442823328173
15.88607594936709,33.15119052593622,28.93992606284658,0,0.4006764933197782,83.8948336414048,161.0637707948244,1.767097966728281,0.3798521256931608,0.08280266735354849
16.075949367088608,33.15119052593622,28.93992606284658,0,0.4006764933197782,83.8948336414048,161.0637707948244,1.767097966728281,0.3798521256931608,0.08230032088099241
16.265822784810126,33.15119052593622,28.93992606284658,0,0.4006764933197782,83.8948336414048,161.0637707948244,1.767097966728281,0.3798521256931608,0.08166648671258829
16.455696202531648,33.15119052593622,28.93992606284658,0,0.4006764933197782,83.8948336414048,161.0637707948244,1.767097966728281,0.3798521256931608,0.08092042678845474
16.645569620253166,33.15119052593622,28.93992606284658,0,0.4006764933197782,83.8948336414048,161.0637707948244,1.767097966728281,0.3798521256931608,0.08008132570173596
16.835443037974684,33.15119052593622,28.93992606284658,0,0.4006764933197782,83.8948336414048,161.0637707948244,1.767097966728281,0.3798521256931608,0.07916808535640911
17.025316455696203,33.15119052593622,28.93992606284658,0,0.4006764933197782,83.8948336414048,161.0637707948244,1.767097966728281,0.3798521256931608,0.07819915631472932
17.21518987341772,33.15119052593622,28.93992606284658,0,0.4006764933197782,83.8948336414048,161.0637707948244,1.767097966728281,0.3798521256931608,0.07719240570233854
17.405063291139243,33.15119052593622,28.93992606284658,0,0.4006764933197782,83.8948336414048,161.0637707948244,1.767097966728281,0.3798521256931608,0.07616502089506581
17.59493670886076,33.15119052593622,28.93992606284658,0,0.4006764933197782,83.8948336414048,161.0637707948244,1.767097966728281,0.3798521256931608,0.07513344769953696
17.78481012658228,33.15119052593622,28.93992606284658,0,0.4006764933197782,83.8948336414048,161.0637707948244,1.767097966728281,0.3798521256931608,0.07411336136145283
17.974683544303797,33.15119052593622,28.93992606284658,0,0.4006764933197782,83.8948336414048,161.0637707948244,1.767097966728281,0.3798521256931608,0.07311966849095175
18.164556962025316,33.15119052593622,28.93992606284658,0,0.4006764933197782,83.8948336414048,161.0637707948244,1.767097966728281,0.3798521256931608,0.07216653788244912
18.354430379746837,33.15119052593622,28.93992606284658,0,0.4006764933197782,83.8948336414048,161.0637707948244,1.767097966728281,0.3798521256931608,0.07126745822365266
18.544303797468356,33.15119052593622,28.93992606284658,0,0.4006764933197782,83.8948336414048,161.0637707948244,1.767097966728281,0.3798521256931608,0.07043532083056178
18.734177215189874,33.15119052593622,28.93992606284658,0,0.4006764933197782,83.8948336414048,161.0637707948244,1.767097966728281,0.3798521256931608,0.06968252580678094
18.924050632911396,33.15119052593622,28.93992606284658,0,0.4006764933197782,83.8948336414048,161.0637707948244,1.767097966728281,0.3798521256931608,0.06902111040073008
19.11392405063291,33.15119052593622,28.93992606284658,0,0.4006764933197782,83.8948336414048,161.0637707948244,1.767097966728281,0.3798521256931608,0.06846289881828461
19.303797468354432,33.15119052593622,28.93992606284658,0,0.4006764933197782,83.8948336414048,161.0637707948244,1.767097966728281,0.3798521256931608,0.06801967333748772
19.49367088607595,33.15119052593622,28.93992606284658,0,0.4006764933197782,83.8948336414048,161.0637707948244,1.767097966728281,0.3798521256931608,0.0677033672650717
19.68354430379747,33.15119052593622,28.93992606284658,0,0.4006764933197782,83.8948336414048,161.0637707948244,1.767097966728281,0.3798521256931608,0.06752628107364737
19.87341772151899,33.15119052593622,28.93992606284658,0,0.4006764933197782,83.8948336414048,161.0637707948244,1.767097966728281,0.3798521256931608,0.06750132396945656
20.063291139240505,33.15119052593622,28.93992606284658,0,0.4006764933197782,83.8948336414048,161.0637707948244,1.767097966728281,0.3798521256931608,0.06764211543184162
20.253164556962027,33.15119052593622,28.93992606284658,0,0.4006764933197782,83.8948336414048,161.0637707948244,1.767097966728281,0.3798521256931608,0.0679532860411294
20.443037974683545,33.15119052593622,28.93992606284658,0,0.4006764933197782,83.8948336414048,161.0637707948244,1.767097966728281,0.3798521256931608,0.06842484193531165
20.632911392405063,33.15119052593622,28.93992606284658,0,0.4006764933197782,83.8948336414048,161.0637707948244,1.767097966728281,0.3798521256931608,0.069046204974687
20.822784810126585,33.15119052593622,28.93992606284658,0,0.4006764933197782,83.8948336414048,161.0637707948244,1.767097966728281,0.3798521256931608,0.0698073012155643
21.0126582278481,33.15119052593622,28.93992606284658,0,0.4006764933197782,83.8948336414048,161.0637707948244,1.767097966728281,0.3798521256931608,0.0706983244951119
21.20253164556962,33.15119052593622,28.93992606284658,0,0.4006764933197782,83.8948336414048,161.0637707948244,1.767097966728281,0.3798521256931608,0.07170951947581919
21.39240506329114,33.15119052593622,28.93992606284658,0,0.4006764933197782,83.8948336414048,161.0637707948244,1.767097966728281,0.3798521256931608,0.07283098213084292
21.582278481012658,33.15119052593622,28.93992606284658,0,0.4006764933197782,83.8948336414048,161.0637707948244,1.767097966728281,0.3798521256931608,0.0740524765287031
21.77215189873418,33.15119052593622,28.93992606284658,0,0.4006764933197782,83.8948336414048,161.0637707948244,1.767097966728281,0.3798521256931608,0.07536326756719207
21.962025316455698,33.15119052593622,28.93992606284658,0,0.4006764933197782,83.8948336414048,161.0637707948244,1.767097966728281,0.3798521256931608,0.07675197001648866
22.151898734177216,33.15119052593622,28.93992606284658,0,0.4006764933197782,83.8948336414048,161.0637707948244,1.767097966728281,0.3798521256931608,0.07820641486062485
22.341772151898734,33.15119052593622,28.93992606284658,0,0.4006764933197782,83.8948336414048,161.0637707948244,1.767097966728281,0.3798521256931608,0.07971353447120129
22.531645569620252,33.15119052593622,28.93992606284658,0,0.4006764933197782,83.8948336414048,161.0637707948244,1.767097966728281,0.3798521256931608,0.08125926860142946
22.721518987341774,33.15119052593622,28.93992606284658,0,0.4006764933197782,83.8948336414048,161.0637707948244,1.767097966728281,0.3798521256931608,0.08282849354418963
22.911392405063292,33.15119052593622,28.93992606284658,0,0.4006764933197782,83.8948336414048,161.0637707948244,1.767097966728281,0.3798521256931608,0.08440497704615209
23.10126582278481,33.15119052593622,28.93992606284658,0,0.4006764933197782,83.8948336414048,161.0637707948244,1.767097966728281,0.3798521256931608,0.08597136170280409
23.291139240506332,33.15119052593622,28.93992606284658,0,0.4006764933197782,83.8948336414048,161.0637707948244,1.767097966728281,0.3798521256931608,0.08750917956964208
23.481012658227847,33.15119052593622,28.93992606284658,0,0.4006764933197782,83.8948336414048,161.0637707948244,1.767097966728281,0.3798521256931608,0.08899890060826064
23.67088607594937,33.15119052593622,28.93992606284658,0,0.4006764933197782,83.8948336414048,161.0637707948244,1.767097966728281,0.3798521256931608,0.09042001734098425
23.860759493670887,33.15119052593622,28.93992606284658,0,0.4006764933197782,83.8948336414048,161.0637707948244,1.767097966728281,0.3798521256931608,0.09175116771541855
24.050632911392405,33.15119052593622,28.93992606284658,0,0.4006764933197782,83.8948336414048,161.0637707948244,1.767097966728281,0.3798521256931608,0.09297029768510899
24.240506329113927,33.15119052593622,28.93992606284658,0,0.4006764933197782,83.8948336414048,161.0637707948244,1.767097966728281,0.3798521256931608,0.09405486440055359
24.430379746835442,33.15119052593622,28.93992606284658,0,0.4006764933197782,83.8948336414048,161.0637707948244,1.767097966728281,0.3798521256931608,0.09498208018325258
24.620253164556964,33.15119052593622,28.93992606284658,0,0.4006764933197782,83.8948336414048,161.0637707948244,1.767097966728281,0.3798521256931608,0.09573116632210747
24.810126582278482,33.15119052593622,28.93992606284658,0,0.4006764933197782,83.8948336414048,161.0637707948244,1.767097966728281,0.3798521256931608,0.0963077891971218
25.0,33.15119052593622,28.93992606284658,0,0.4006764933197782,83.8948336414048,161.0637707948244,1.767097966728281,0.3798521256931608,0.09673712739579976
10.0,33.31605544161158,28.93992606284658,0,0.4006764933197782,83.8948336414048,161.0637707948244,1.767097966728281,0.3798521256931608,0.06451083252658023
10.189873417721518,33.31605544161158,28.93992606284658,0,0.4006764933197782,83.8948336414048,161.0637707948244,1.767097966728281,0.3798521256931608,0.06451083252658023
10.379746835443038,33.31605544161158,28.93992606284658,0,0.4006764933197782,83.8948336414048,161.0637707948244,1.767097966728281,0.3798521256931608,0.06451083252658023
10.569620253164556,33.31605544161158,28.93992606284658,0,0.4006764933197782,83.8948336414048,161.0637707948244,1.767097966728281,0.3798521256931608,0.06451083252658023
10.759493670886076,33.31605544161158,28.93992606284658,0,0.4006764933197782,83.8948336414048,161.0637707948244,1.767097966728281,0.3798521256931608,0.06451083252658023
10.949367088607595,33.31605544161158,28.93992606284658,0,0.4006764933197782,83.8948336414048,161.0637707948244,1.767097966728281,0.3798521256931608,0.06451083252658023
11.139240506329115,33.31605544161158,28.93992606284658,0,0.4006764933197782,83.8948336414048,161.0637707948244,1.767097966728281,0.3798521256931608,0.06486839799740306
11.329113924050633,33.31605544161158,28.93992606284658,0,0.4006764933197782,83.8948336414048,161.0637707948244,1.767097966728281,0.3798521256931608,0.065441969478203
11.518987341772153,33.31605544161158,28.93992606284658,0,0.4006764933197782,83.8948336414048,161.0637707948244,1.767097966728281,0.3798521256931608,0.06610709138384076
11.708860759493671,33.31605544161158,28.93992606284658,0,0.4006764933197782,83.8948336414048,161.0637707948244,1.767097966728281,0.3798521256931608,0.0668553256688843
11.89873417721519,33.31605544161158,28.93992606284658,0,0.4006764933197782,83.8948336414048,161.0637707948244,1.767097966728281,0.3798521256931608,0.06767808787431863
12.08860759493671,33.31605544161158,28.93992606284658,0,0.4006764933197782,83.8948336414048,161.0637707948244,1.767097966728281,0.3798521256931608,0.0685665388353362
12.278481012658228,33.31605544161158,28.93992606284658,0,0.4006764933197782,83.8948336414048,161.0637707948244,1.767097966728281,0.3798521256931608,0.06951148827961359
12.468354430379748,33.31605544161158,28.93992606284658,0,0.4006764933197782,83.8948336414048,161.0637707948244,1.767097966728281,0.3798521256931608,0.07050331066099762
12.658227848101266,33.31605544161158,28.93992606284658,0,0.4006764933197782,83.8948336414048,161.0637707948244,1.767097966728281,0.3798521256931608,0.07153187387544863
12.848101265822784,33.31605544161158,28.93992606284658,0,0.4006764933197782,83.8948336414048,161.0637707948244,1.767097966728281,0.3798521256931608,0.0725864817588292
13.037974683544304,33.31605544161158,28.93992606284658,0,0.4006764933197782,83.8948336414048,161.0637707948244,1.767097966728281,0.3798521256931608,0.07365583146708464
13.227848101265824,33.31605544161158,28.93992606284658,0,0.4006764933197782,83.8948336414048,161.0637707948244,1.767097966728281,0.3798521256931608,0.07472798698535163
13.417721518987342,33.31605544161158,28.93992606284658,0,0.4006764933197782,83.8948336414048,161.0637707948244,1.767097966728281,0.3798521256931608,0.07579037010005657
13.60759493670886,33.31605544161158,28.93992606284658,0,0.4006764933197782,83.8948336414048,161.0637707948244,1.767097966728281,0.3798521256931608,0.07682977019384021
13.79746835443038,33.31605544161158,28.93992606284658,0,0.4006764933197782,83.8948336414048,161.0637707948244,1.767097966728281,0.3798521256931608,0.077832374184272
13.987341772151899,33.31605544161158,28.93992606284658,0,0.4006764933197782,83.8948336414048,161.0637707948244,1.767097966728281,0.3798521256931608,0.07878381782167503
14.177215189873419,33.31605544161158,28.93992606284658,0,0.4006764933197782,83.8948336414048,161.0637707948244,1.767097966728281,0.3798521256931608,0.07966925938768434
14.367088607594937,33.31605544161158,28.93992606284658,0,0.4006764933197782,83.8948336414048,161.0637707948244,1.767097966728281,0.3798521256931608,0.08047347659406318
14.556962025316455,33.31605544161158,28.93992606284658,0,0.4006764933197782,83.8948336414048,161.0637707948244,1.767097966728281,0.3798521256931608,0.08118098717132247
14.746835443037975,33.31605544161158,28.93992606284658,0,0.4006764933197782,83.8948336414048,161.0637707948244,1.767097966728281,0.3798521256931608,0.08177619325997049
14.936708860759495,33.31605544161158,28.93992606284658,0,0.4006764933197782,83.8948336414048,161.0637707948244,1.767097966728281,0.3798521256931608,0.08224354927539594
15.126582278481013,33.31605544161158,28.93992606284658,0,0.4006764933197782,83.8948336414048,161.0637707948244,1.767097966728281,0.3798521256931608,0.08256775241219003
15.316455696202532,33.31605544161158,28.93992606284658,0,0.4006764933197782,83.8948336414048,161.0637707948244,1.767097966728281,0.3798521256931608,0.08273395438685084
15.50632911392405,33.31605544161158,28.93992606284658,0,0.4006764933197782,83.8948336414048,161.0637707948244,1.767097966728281,0.3798521256931608,0.08272799257602802
15.69620253164557,33.31605544161158,28.93992606284658,0,0.4006764933197782,83.8948336414048,161.0637707948244,1.767097966728281,0.3798521256931608,0.08254213932738395
15.88607594936709,33.31605544161158,28.93992606284658,0,0.4006764933197782,83.8948336414048,161.0637707948244,1.767097966728281,0.3798521256931608,0.08218960530597409
16.075949367088608,33.31605544161158,28.93992606284658,0,0.4006764933197782,83.8948336414048,161.0637707948244,1.767097966728281,0.3798521256931608,0.08168884189300678
16.265822784810126,33.31605544161158,28.93992606284658,0,0.4006764933197782,83.8948336414048,161.0637707948244,1.767097966728281,0.3798521256931608,0.08105872452991593
16.455696202531648,33.31605544161158,28.93992606284658,0,0.4006764933197782,83.8948336414048,161.0637707948244,1.767097966728281,0.3798521256931608,0.08031828212628488
16.645569620253166,33.31605544161158,28.93992606284658,0,0.4006764933197782,83.8948336414048,161.0637707948244,1.767097966728281,0.3798521256931608,0.07948646050660621
16.835443037974684,33.31605544161158,28.93992606284658,0,0.4006764933197782,83.8948336414048,161.0637707948244,1.767097966728281,0.3798521256931608,0.07858192138195275
17.025316455696203,33.31605544161158,28.93992606284658,0,0.4006764933197782,83.8948336414048,161.0637707948244,1.767097966728281,0.3798521256931608,0.07762287745022534
17.21518987341772,33.31605544161158,28.93992606284658,0,0.4006764933197782,83.8948336414048,161.0637707948244,1.767097966728281,0.3798521256931608,0.07662696347147084
17.405063291139243,33.31605544161158,28.93992606284658,0,0.4006764933197782,83.8948336414048,161.0637707948244,1.767097966728281,0.3798521256931608,0.07561114253559605
17.59493670886076,33.31605544161158,28.93992606284658,0,0.4006764933197782,83.8948336414048,161.0637707948244,1.767097966728281,0.3798521256931608,0.07459164624098621
17.78481012658228,33.31605544161158,28.93992606284658,0,0.4006764933197782,83.8948336414048,161.0637707948244,1.767097966728281,0.3798521256931608,0.07358394713541892
17.974683544303797,33.31605544161158,28.93992606284658,0,0.4006764933197782,83.8948336414048,161.0637707948244,1.767097966728281,0.3798521256931608,0.07260276153527698
18.164556962025316,33.31605544161158,28.93992606284658,0,0.4006764933197782,83.8948336414048,161.0637707948244,1.767097966728281,0.3798521256931608,0.07166208073383172
18.354430379746837,33.31605544161158,28.93992606284658,0,0.4006764933197782,83.8948336414048,161.0637707948244,1.767097966728281,0.3798521256931608,0.07077522863108274
18.544303797468356,33.31605544161158,28.93992606284658,0,0.4006764933197782,83.8948336414048,161.0637707948244,1.767097966728281,0.3798521256931608,0.06995494396174098
18.734177215189874,33.31605544161158,28.93992606284658,0,0.4006764933197782,83.8948336414048,161.0637707948244,1.767097966728281,0.3798521256931608,0.06921348555905323
18.924050632911396,33.31605544161158,28.93992606284658,0,0.4006764933197782,83.8948336414048,161.0637707948244,1.767097966728281,0.3798521256931608,0.06856275946466618
19.11392405063291,33.31605544161158,28.93992606284658,0,0.4006764933197782,83.8948336414048,161.0637707948244,1.767097966728281,0.3798521256931608,0.06801446717373674
19.303797468354432,33.31605544161158,28.93992606284658,0,0.4006764933197782,83.8948336414048,161.0637707948244,1.767097966728281,0.3798521256931608,0.06758027488658862
19.49367088607595,33.31605544161158,28.93992606284658,0,0.4006764933197782,83.8948336414048,161.0637707948244,1.767097966728281,0.3798521256931608,0.06727200432240404
19.68354430379747,33.31605544161158,28.93992606284658,0,0.4006764933197782,83.8948336414048,161.0637707948244,1.767097966728281,0.3798521256931608,0.0671018464388628
19.87341772151899,33.31605544161158,28.93992606284658,0,0.4006764933197782,83.8948336414048,161.0637707948244,1.767097966728281,0.3798521256931608,0.06708260030030956
20.063291139240505,33.31605544161158,28.93992606284658,0,0.4006764933197782,83.8948336414048,161.0637707948244,1.767097966728281,0.3798521256931608,0.06722777312082932
20.253164556962027,33.31605544161158,28.93992606284658,0,0.4006764933197782,83.8948336414048,161.0637707948244,1.767097966728281,0.3798521256931608,0.06754196630395959
20.443037974683545,33.31605544161158,28.93992606284658,0,0.4006764933197782,83.8948336414048,161.0637707948244,1.767097966728281,0.3798521256931608,0.06801528543872588
20.632911392405063,33.31605544161158,28.93992606284658,0,0.4006764933197782,83.8948336414048,161.0637707948244,1.767097966728281,0.3798521256931608,0.06863725262759698
20.822784810126585,33.31605544161158,28.93992606284658,0,0.4006764933197782,83.8948336414048,161.0637707948244,1.767097966728281,0.3798521256931608,0.06939788523166539
21.0126582278481,33.31605544161158,28.93992606284658,0,0.4006764933197782,83.8948336414048,161.0637707948244,1.767097966728281,0.3798521256931608,0.07028746158744388
21.20253164556962,33.31605544161158,28.93992606284658,0,0.4006764933197782,83.8948336414048,161.0637707948244,1.767097966728281,0.3798521256931608,0.071296305955217
21.39240506329114,33.31605544161158,28.93992606284658,0,0.4006764933197782,83.8948336414048,161.0637707948244,1.767097966728281,0.3798521256931608,0.07241459071049805
21.582278481012658,33.31605544161158,28.93992606284658,0,0.4006764933197782,83.8948336414048,161.0637707948244,1.767097966728281,0.3798521256931608,0.073632154659693
21.77215189873418,33.31605544161158,28.93992606284658,0,0.4006764933197782,83.8948336414048,161.0637707948244,1.767097966728281,0.3798521256931608,0.07493833714570054
21.962025316455698,33.31605544161158,28.93992606284658,0,0.4006764933197782,83.8948336414048,161.0637707948244,1.767097966728281,0.3798521256931608,0.07632182831343115
22.151898734177216,33.31605544161158,28.93992606284658,0,0.4006764933197782,83.8948336414048,161.0637707948244,1.767097966728281,0.3798521256931608,0.07777053652932195
22.341772151898734,33.31605544161158,28.93992606284658,0,0.4006764933197782,83.8948336414048,161.0637707948244,1.767097966728281,0.3798521256931608,0.07927147448947293
22.531645569620252,33.31605544161158,28.93992606284658,0,0.4006764933197782,83.8948336414048,161.0637707948244,1.767097966728281,0.3798521256931608,0.08081066600182374
22.721518987341774,33.31605544161158,28.93992606284658,0,0.4006764933197782,83.8948336414048,161.0637707948244,1.767097966728281,0.3798521256931608,0.08237307578084697
22.911392405063292,33.31605544161158,28.93992606284658,0,0.4006764933197782,83.8948336414048,161.0637707948244,1.767097966728281,0.3798521256931608,0.08394256483984222
23.10126582278481,33.31605544161158,28.93992606284658,0,0.4006764933197782,83.8948336414048,161.0637707948244,1.767097966728281,0.3798521256931608,0.08550187419772903
23.291139240506332,33.31605544161158,28.93992606284658,0,0.4006764933197782,83.8948336414048,161.0637707948244,1.767097966728281,0.3798521256931608,0.08703263962738282
23.481012658227847,33.31605544161158,28.93992606284658,0,0.4006764933197782,83.8948336414048,161.0637707948244,1.767097966728281,0.3798521256931608,0.08851544005636217
23.67088607594937,33.31605544161158,28.93992606284658,0,0.4006764933197782,83.8948336414048,161.0637707948244,1.767097966728281,0.3798521256931608,0.08992988198660776
23.860759493670887,33.31605544161158,28.93992606284658,0,0.4006764933197782,83.8948336414048,161.0637707948244,1.767097966728281,0.3798521256931608,0.09125472192856944
24.050632911392405,33.31605544161158,28.93992606284658,0,0.4006764933197782,83.8948336414048,161.0637707948244,1.767097966728281,0.3798521256931608,0.09246802835133575
24.240506329113927,33.31605544161158,28.93992606284658,0,0.4006764933197782,83.8948336414048,161.0637707948244,1.767097966728281,0.3798521256931608,0.093547384039712
24.430379746835442,33.31605544161158,28.93992606284658,0,0.4006764933197782,83.8948336414048,161.0637707948244,1.767097966728281,0.3798521256931608,0.09447012902882317
24.620253164556964,33.31605544161158,28.93992606284658,0,0.4006764933197782,83.8948336414048,161.0637707948244,1.767097966728281,0.3798521256931608,0.09521560260247357
24.810126582278482,33.31605544161158,28.93992606284658,0,0.4006764933197782,83.8948336414048,161.0637707948244,1.767097966728281,0.3798521256931608,0.09578944901216958
25.0,33.31605544161158,28.93992606284658,0,0.4006764933197782,83.8948336414048,161.0637707948244,1.767097966728281,0.3798521256931608,0.09621672248780526
10.0,33.48092035728695,28.93992606284658,0,0.4006764933197782,83.8948336414048,161.0637707948244,1.767097966728281,0.3798521256931608,0.0634699953613653
10.189873417721518,33.48092035728695,28.93992606284658,0,0.4006764933197782,83.8948336414048,161.0637707948244,1.767097966728281,0.3798521256931608,0.0634699953613653
10.379746835443038,33.48092035728695,28.93992606284658,0,0.4006764933197782,83.8948336414048,161.0637707948244,1.767097966728281,0.3798521256931608,0.0634699953613653
10.569620253164556,33.48092035728695,28.93992606284658,0,0.4006764933197782,83.8948336414048,161.0637707948244,1.767097966728281,0.3798521256931608,0.0634699953613653
10.759493670886076,33.48092035728695,28.93992606284658,0,0.4006764933197782,83.8948336414048,161.0637707948244,1.767097966728281,0.3798521256931608,0.0634699953613653
10.949367088607595,33.48092035728695,28.93992606284658,0,0.4006764933197782,83.8948336414048,161.0637707948244,1.767097966728281,0.3798521256931608,0.0634699953613653
11.139240506329115,33.48092035728695,28.93992606284658,0,0.4006764933197782,83.8948336414048,161.0637707948244,1.767097966728281,0.3798521256931608,0.06388442960572277
11.329113924050633,33.48092035728695,28.93992606284658,0,0.4006764933197782,83.8948336414048,161.0637707948244,1.767097966728281,0.3798521256931608,0.06452798792731479
11.518987341772153,33.48092035728695,28.93992606284658,0,0.4006764933197782,83.8948336414048,161.0637707948244,1.767097966728281,0.3798521256931608,0.06525494471629986
11.708860759493671,33.48092035728695,28.93992606284658,0,0.4006764933197782,83.8948336414048,161.0637707948244,1.767097966728281,0.3798521256931608,0.06605741545423466
11.89873417721519,33.48092035728695,28.93992606284658,0,0.4006764933197782,83.8948336414048,161.0637707948244,1.767097966728281,0.3798521256931608,0.06692730354286955
12.08860759493671,33.48092035728695,28.93992606284658,0,0.4006764933197782,83.8948336414048,161.0637707948244,1.767097966728281,0.3798521256931608,0.0678562063710051
12.278481012658228,33.48092035728695,28.93992606284658,0,0.4006764933197782,83.8948336414048,161.0637707948244,1.767097966728281,0.3798521256931608,0.06883533203657942
12.468354430379748,33.48092035728695,28.93992606284658,0,0.4006764933197782,83.8948336414048,161.0637707948244,1.767097966728281,0.3798521256931608,0.06985542722595127
12.658227848101266,33.48092035728695,28.93992606284658,0,0.4006764933197782,83.8948336414048,161.0637707948244,1.767097966728281,0.3798521256931608,0.0709067169986798
12.848101265822784,33.48092035728695,28.93992606284658,0,0.4006764933197782,83.8948336414048,161.0637707948244,1.767097966728281,0.3798521256931608,0.07197885742896944
13.037974683544304,33.48092035728695,28.93992606284658,0,0.4006764933197782,83.8948336414048,161.0637707948244,1.767097966728281,0.3798521256931608,0.07306090221153301
13.227848101265824,33.48092035728695,28.93992606284658,0,0.4006764933197782,83.8948336414048,161.0637707948244,1.767097966728281,0.3798521256931608,0.0741412844467792
13.417721518987342,33.48092035728695,28.93992606284658,0,0.4006764933197782,83.8948336414048,161.0637707948244,1.767097966728281,0.3798521256931608,0.07520781487469219
13.60759493670886,33.48092035728695,28.93992606284658,0,0.4006764933197782,83.8948336414048,161.0637707948244,1.767097966728281,0.3798521256931608,0.07624769782560058
13.79746835443038,33.48092035728695,28.93992606284658,0,0.4006764933197782,83.8948336414048,161.0637707948244,1.767097966728281,0.3798521256931608,0.077247566096768
13.987341772151899,33.48092035728695,28.93992606284658,0,0.4006764933197782,83.8948336414048,161.0637707948244,1.767097966728281,0.3798521256931608,0.07819353584467072
14.177215189873419,33.48092035728695,28.93992606284658,0,0.4006764933197782,83.8948336414048,161.0637707948244,1.767097966728281,0.3798521256931608,0.07907128240305451
14.367088607594937,33.48092035728695,28.93992606284658,0,0.4006764933197782,83.8948336414048,161.0637707948244,1.767097966728281,0.3798521256931608,0.07986613769632223
14.556962025316455,33.48092035728695,28.93992606284658,0,0.4006764933197782,83.8948336414048,161.0637707948244,1.767097966728281,0.3798521256931608,0.08056320961719803
14.746835443037975,33.48092035728695,28.93992606284658,0,0.4006764933197782,83.8948336414048,161.0637707948244,1.767097966728281,0.3798521256931608,0.08114752337813427
14.936708860759495,33.48092035728695,28.93992606284658,0,0.4006764933197782,83.8948336414048,161.0637707948244,1.767097966728281,0.3798521256931608,0.08160418442921853
15.126582278481013,33.48092035728695,28.93992606284658,0,0.4006764933197782,83.8948336414048,161.0637707948244,1.767097966728281,0.3798521256931608,0.0819185620630063
15.316455696202532,33.48092035728695,28.93992606284658,0,0.4006764933197782,83.8948336414048,161.0637707948244,1.767097966728281,0.3798521256931608,0.08207649230043644
15.50632911392405,33.48092035728695,28.93992606284658,0,0.4006764933197782,83.8948336414048,161.0637707948244,1.767097966728281,0.3798521256931608,0.08206449825316692
15.69620253164557,33.48092035728695,28.93992606284658,0,0.4006764933197782,83.8948336414048,161.0637707948244,1.767097966728281,0.3798521256931608,0.08187537053191098
15.88607594936709,33.48092035728695,28.93992606284658,0,0.4006764933197782,83.8948336414048,161.0637707948244,1.767097966728281,0.3798521256931608,0.08152225015816797
16.075949367088608,33.48092035728695,28.93992606284658,0,0.4006764933197782,83.8948336414048,161.0637707948244,1.767097966728281,0.3798521256931608,0.08102336904320755
16.265822784810126,33.48092035728695,28.93992606284658,0,0.4006764933197782,83.8948336414048,161.0637707948244,1.767097966728281,0.3798521256931608,0.08039736696174643
16.455696202531648,33.48092035728695,28.93992606284658,0,0.4006764933197782,83.8948336414048,161.0637707948244,1.767097966728281,0.3798521256931608,0.07966302644880378
16.645569620253166,33.48092035728695,28.93992606284658,0,0.4006764933197782,83.8948336414048,161.0637707948244,1.767097966728281,0.3798521256931608,0.07883904124649924
16.835443037974684,33.48092035728695,28.93992606284658,0,0.4006764933197782,83.8948336414048,161.0637707948244,1.767097966728281,0.3798521256931608,0.07794381972986628
17.025316455696203,33.48092035728695,28.93992606284658,0,0.4006764933197782,83.8948336414048,161.0637707948244,1.767097966728281,0.3798521256931608,0.07699532387692742
17.21518987341772,33.48092035728695,28.93992606284658,0,0.4006764933197782,83.8948336414048,161.0637707948244,1.767097966728281,0.3798521256931608,0.07601094360799461
17.405063291139243,33.48092035728695,28.93992606284658,0,0.4006764933197782,83.8948336414048,161.0637707948244,1.767097966728281,0.3798521256931608,0.07500740570518487
17.59493670886076,33.48092035728695,28.93992606284658,0,0.4006764933197782,83.8948336414048,161.0637707948244,1.767097966728281,0.3798521256931608,0.07400071603768608
17.78481012658228,33.48092035728695,28.93992606284658,0,0.4006764933197782,83.8948336414048,161.0637707948244,1.767097966728281,0.3798521256931608,0.07300613346258081
17.974683544303797,33.48092035728695,28.93992606284658,0,0.4006764933197782,83.8948336414048,161.0637707948244,1.767097966728281,0.3798521256931608,0.0720381735448664
18.164556962025316,33.48092035728695,28.93992606284658,0,0.4006764933197782,83.8948336414048,161.0637707948244,1.767097966728281,0.3798521256931608,0.07111064014196271
18.354430379746837,33.48092035728695,28.93992606284658,0,0.4006764933197782,83.8948336414048,161.0637707948244,1.767097966728281,0.3798521256931608,0.07023668292415904
18.544303797468356,33.48092035728695,28.93992606284658,0,0.4006764933197782,83.8948336414048,161.0637707948244,1.767097966728281,0.3798521256931608,0.06942887904849951
18.734177215189874,33.48092035728695,28.93992606284658,0,0.4006764933197782,83.8948336414048,161.0637707948244,1.767097966728281,0.3798521256931608,0.06869933746419046
18.924050632911396,33.48092035728695,28.93992606284658,0,0.4006764933197782,83.8948336414048,161.0637707948244,1.767097966728281,0.3798521256931608,0.06805982469718866
19.11392405063291,33.48092035728695,28.93992606284658,0,0.4006764933197782,83.8948336414048,161.0637707948244,1.767097966728281,0.3798521256931608,0.06752191143544739
19.303797468354432,33.48092035728695,28.93992606284658,0,0.4006764933197782,83.8948336414048,161.0637707948244,1.767097966728281,0.3798521256931608,0.06709713981107826
19.49367088607595,33.48092035728695,28.93992606284658,0,0.4006764933197782,83.8948336414048,161.0637707948244,1.767097966728281,0.3798521256931608,0.06679721195059972
19.68354430379747,33.48092035728695,28.93992606284658,0,0.4006764933197782,83.8948336414048,161.0637707948244,1.767097966728281,0.3798521256931608,0.0666342011417661
19.87341772151899,33.48092035728695,28.93992606284658,0,0.4006764933197782,83.8948336414048,161.0637707948244,1.767097966728281,0.3798521256931608,0.06662078785130131
20.063291139240505,33.48092035728695,28.93992606284658,0,0.4006764933197782,83.8948336414048,161.0637707948244,1.767097966728281,0.3798521256931608,0.06677035821453575
20.253164556962027,33.48092035728695,28.93992606284658,0,0.4006764933197782,83.8948336414048,161.0637707948244,1.767097966728281,0.3798521256931608,0.06708748165610652
20.443037974683545,33.48092035728695,28.93992606284658,0,0.4006764933197782,83.8948336414048,161.0637707948244,1.767097966728281,0.3798521256931608,0.06756237005493909
20.632911392405063,33.48092035728695,28.93992606284658,0,0.4006764933197782,83.8948336414048,161.0637707948244,1.767097966728281,0.3798521256931608,0.06818465295897336
20.822784810126585,33.48092035728695,28.93992606284658,0,0.4006764933197782,83.8948336414048,161.0637707948244,1.767097966728281,0.3798521256931608,0.06894444587164442
21.0126582278481,33.48092035728695,28.93992606284658,0,0.4006764933197782,83.8948336414048,161.0637707948244,1.767097966728281,0.3798521256931608,0.06983211824244602
21.20253164556962,33.48092035728695,28.93992606284658,0,0.4006764933197782,83.8948336414048,161.0637707948244,1.767097966728281,0.3798521256931608,0.07083808044787818
21.39240506329114,33.48092035728695,28.93992606284658,0,0.4006764933197782,83.8948336414048,161.0637707948244,1.767097966728281,0.3798521256931608,0.0719525878056508
21.582278481012658,33.48092035728695,28.93992606284658,0,0.4006764933197782,83.8948336414048,161.0637707948244,1.767097966728281,0.3798521256931608,0.07316556052648611
21.77215189873418,33.48092035728695,28.93992606284658,0,0.4006764933197782,83.8948336414048,161.0637707948244,1.767097966728281,0.3798521256931608,0.0744664192853663
21.962025316455698,33.48092035728695,28.93992606284658,0,0.4006764933197782,83.8948336414048,161.0637707948244,1.767097966728281,0.3798521256931608,0.07584393679211471
22.151898734177216,33.48092035728695,28.93992606284658,0,0.4006764933197782,83.8948336414048,161.0637707948244,1.767097966728281,0.3798521256931608,0.07728610635999993
22.341772151898734,33.48092035728695,28.93992606284658,0,0.4006764933197782,83.8948336414048,161.0637707948244,1.767097966728281,0.3798521256931608,0.07878002900718567
22.531645569620252,33.48092035728695,28.93992606284658,0,0.4006764933197782,83.8948336414048,161.0637707948244,1.767097966728281,0.3798521256931608,0.08031182107313986
22.721518987341774,33.48092035728695,28.93992606284658,0,0.4006764933197782,83.8948336414048,161.0637707948244,1.767097966728281,0.3798521256931608,0.08186654468255027
22.911392405063292,33.48092035728695,28.93992606284658,0,0.4006764933197782,83.8948336414048,161.0637707948244,1.767097966728281,0.3798521256931608,0.08342816363414123
23.10126582278481,33.48092035728695,28.93992606284658,0,0.4006764933197782,83.8948336414048,161.0637707948244,1.767097966728281,0.3798521256931608,0.08497952742268819
23.291139240506332,33.48092035728695,28.93992606284658,0,0.4006764933197782,83.8948336414048,161.0637707948244,1.767097966728281,0.3798521256931608,0.08650238611248531
23.481012658227847,33.48092035728695,28.93992606284658,0,0.4006764933197782,83.8948336414048,161.0637707948244,1.767097966728281,0.3798521256931608,0.0879774386648057
23.67088607594937,33.48092035728695,28.93992606284658,0,0.4006764933197782,83.8948336414048,161.0637707948244,1.767097966728281,0.3798521256931608,0.08938441707859328
23.860759493670887,33.48092035728695,28.93992606284658,0,0.4006764933197782,83.8948336414048,161.0637707948244,1.767097966728281,0.3798521256931608,0.09070220833380681
24.050632911392405,33.48092035728695,28.93992606284658,0,0.4006764933197782,83.8948336414048,161.0637707948244,1.767097966728281,0.3798521256931608,0.09190901563440082
24.240506329113927,33.48092035728695,28.93992606284658,0,0.4006764933197782,83.8948336414048,161.0637707948244,1.767097966728281,0.3798521256931608,0.09298255983873006
24.430379746835442,33.48092035728695,28.93992606284658,0,0.4006764933197782,83.8948336414048,161.0637707948244,1.767097966728281,0.3798521256931608,0.0939003212460451
24.620253164556964,33.48092035728695,28.93992606284658,0,0.4006764933197782,83.8948336414048,161.0637707948244,1.767097966728281,0.3798521256931608,0.09464176856294661
24.810126582278482,33.48092035728695,28.93992606284658,0,0.4006764933197782,83.8948336414048,161.0637707948244,1.767097966728281,0.3798521256931608,0.09521252051768468
25.0,33.48092035728695,28.93992606284658,0,0.4006764933197782,83.8948336414048,161.0637707948244,1.767097966728281,0.3798521256931608,0.09563749276376246
10.0,33.64578527296231,28.93992606284658,0,0.4006764933197782,83.8948336414048,161.0637707948244,1.767097966728281,0.3798521256931608,0.0624126050173492
10.189873417721518,33.64578527296231,28.93992606284658,0,0.4006764933197782,83.8948336414048,161.0637707948244,1.767097966728281,0.3798521256931608,0.0624126050173492
10.379746835443038,33.64578527296231,28.93992606284658,0,0.4006764933197782,83.8948336414048,161.0637707948244,1.767097966728281,0.3798521256931608,0.0624126050173492
10.569620253164556,33.64578527296231,28.93992606284658,0,0.4006764933197782,83.8948336414048,161.0637707948244,1.767097966728281,0.3798521256931608,0.0624126050173492
10.759493670886076,33.64578527296231,28.93992606284658,0,0.4006764933197782,83.8948336414048,161.0637707948244,1.767097966728281,0.3798521256931608,0.0624126050173492
10.949367088607595,33.64578527296231,28.93992606284658,0,0.4006764933197782,83.8948336414048,161.0637707948244,1.767097966728281,0.3798521256931608,0.0624126050173492
11.139240506329115,33.64578527296231,28.93992606284658,0,0.4006764933197782,83.8948336414048,161.0637707948244,1.767097966728281,0.3798521256931608,0.06288071016095054
11.329113924050633,33.64578527296231,28.93992606284658,0,0.4006764933197782,83.8948336414048,161.0637707948244,1.767097966728281,0.3798521256931608,0.06359031264058124
11.518987341772153,33.64578527296231,28.93992606284658,0,0.4006764933197782,83.8948336414048,161.0637707948244,1.767097966728281,0.3798521256931608,0.06437557986740572
11.708860759493671,33.64578527296231,28.93992606284658,0,0.4006764933197782,83.8948336414048,161.0637707948244,1.767097966728281,0.3798521256931608,0.06522912160675058
11.89873417721519,33.64578527296231,28.93992606284658,0,0.4006764933197782,83.8948336414048,161.0637707948244,1.767097966728281,0.3798521256931608,0.06614328021696167
12.08860759493671,33.64578527296231,28.93992606284658,0,0.4006764933197782,83.8948336414048,161.0637707948244,1.767097966728281,0.3798521256931608,0.06711004961522661
12.278481012658228,33.64578527296231,28.93992606284658,0,0.4006764933197782,83.8948336414048,161.0637707948244,1.767097966728281,0.3798521256931608,0.06812100386226687
12.468354430379748,33.64578527296231,28.93992606284658,0,0.4006764933197782,83.8948336414048,161.0637707948244,1.767097966728281,0.3798521256931608,0.06916723598429342
12.658227848101266,33.64578527296231,28.93992606284658,0,0.4006764933197782,83.8948336414048,161.0637707948244,1.767097966728281,0.3798521256931608,0.07023930784900385
12.848101265822784,33.64578527296231,28.93992606284658,0,0.4006764933197782,83.8948336414048,161.0637707948244,1.767097966728281,0.3798521256931608,0.07132721207216748
13.037974683544304,33.64578527296231,28.93992606284658,0,0.4006764933197782,83.8948336414048,161.0637707948244,1.767097966728281,0.3798521256931608,0.07242034704961506
13.227848101265824,33.64578527296231,28.93992606284658,0,0.4006764933197782,83.8948336414048,161.0637707948244,1.767097966728281,0.3798521256931608,0.07350750628323809
13.417721518987342,33.64578527296231,28.93992606284658,0,0.4006764933197782,83.8948336414048,161.0637707948244,1.767097966728281,0.3798521256931608,0.07457688319590954
13.60759493670886,33.64578527296231,28.93992606284658,0,0.4006764933197782,83.8948336414048,161.0637707948244,1.767097966728281,0.3798521256931608,0.07561609260651718
13.79746835443038,33.64578527296231,28.93992606284658,0,0.4006764933197782,83.8948336414048,161.0637707948244,1.767097966728281,0.3798521256931608,0.0766122099605071
13.987341772151899,33.64578527296231,28.93992606284658,0,0.4006764933197782,83.8948336414048,161.0637707948244,1.767097966728281,0.3798521256931608,0.07755182928214184
14.177215189873419,33.64578527296231,28.93992606284658,0,0.4006764933197782,83.8948336414048,161.0637707948244,1.767097966728281,0.3798521256931608,0.07842114063154289
14.367088607594937,33.64578527296231,28.93992606284658,0,0.4006764933197782,83.8948336414048,161.0637707948244,1.767097966728281,0.3798521256931608,0.07920602761266927
14.556962025316455,33.64578527296231,28.93992606284658,0,0.4006764933197782,83.8948336414048,161.0637707948244,1.767097966728281,0.3798521256931608,0.07989218518854023
14.746835443037975,33.64578527296231,28.93992606284658,0,0.4006764933197782,83.8948336414048,161.0637707948244,1.767097966728281,0.3798521256931608,0.0804652577184798
14.936708860759495,33.64578527296231,28.93992606284658,0,0.4006764933197782,83.8948336414048,161.0637707948244,1.767097966728281,0.3798521256931608,0.08091099674052446
15.126582278481013,33.64578527296231,28.93992606284658,0,0.4006764933197782,83.8948336414048,161.0637707948244,1.767097966728281,0.3798521256931608,0.08121543758196409
15.316455696202532,33.64578527296231,28.93992606284658,0,0.4006764933197782,83.8948336414048,161.0637707948244,1.767097966728281,0.3798521256931608,0.08136509339384701
15.50632911392405,33.64578527296231,28.93992606284658,0,0.4006764933197782,83.8948336414048,161.0637707948244,1.767097966728281,0.3798521256931608,0.0813471648473073
15.69620253164557,33.64578527296231,28.93992606284658,0,0.4006764933197782,83.8948336414048,161.0637707948244,1.767097966728281,0.3798521256931608,0.08115495170851703
15.88607594936709,33.64578527296231,28.93992606284658,0,0.4006764933197782,83.8948336414048,161.0637707948244,1.767097966728281,0.3798521256931608,0.08080151532124473
16.075949367088608,33.64578527296231,28.93992606284658,0,0.4006764933197782,83.8948336414048,161.0637707948244,1.767097966728281,0.3798521256931608,0.08030485793691897
16.265822784810126,33.64578527296231,28.93992606284658,0,0.4006764933197782,83.8948336414048,161.0637707948244,1.767097966728281,0.3798521256931608,0.07968337355022227
16.455696202531648,33.64578527296231,28.93992606284658,0,0.4006764933197782,83.8948336414048,161.0637707948244,1.767097966728281,0.3798521256931608,0.07895558835452886
16.645569620253166,33.64578527296231,28.93992606284658,0,0.4006764933197782,83.8948336414048,161.0637707948244,1.767097966728281,0.3798521256931608,0.07813993424537093
16.835443037974684,33.64578527296231,28.93992606284658,0,0.4006764933197782,83.8948336414048,161.0637707948244,1.767097966728281,0.3798521256931608,0.07725455674469976
17.025316455696203,33.64578527296231,28.93992606284658,0,0.4006764933197782,83.8948336414048,161.0637707948244,1.767097966728281,0.3798521256931608,0.07631715787340494
17.21518987341772,33.64578527296231,28.93992606284658,0,0.4006764933197782,83.8948336414048,161.0637707948244,1.767097966728281,0.3798521256931608,0.07534487377611748
17.405063291139243,33.64578527296231,28.93992606284658,0,0.4006764933197782,83.8948336414048,161.0637707948244,1.767097966728281,0.3798521256931608,0.07435418630348355
17.59493670886076,33.64578527296231,28.93992606284658,0,0.4006764933197782,83.8948336414048,161.0637707948244,1.767097966728281,0.3798521256931608,0.0733608672849631
17.78481012658228,33.64578527296231,28.93992606284658,0,0.4006764933197782,83.8948336414048,161.0637707948244,1.767097966728281,0.3798521256931608,0.07237995388081804
17.974683544303797,33.64578527296231,28.93992606284658,0,0.4006764933197782,83.8948336414048,161.0637707948244,1.767097966728281,0.3798521256931608,0.07142575318493023
18.164556962025316,33.64578527296231,28.93992606284658,0,0.4006764933197782,83.8948336414048,161.0637707948244,1.767097966728281,0.3798521256931608,0.07051187415857826
18.354430379746837,33.64578527296231,28.93992606284658,0,0.4006764933197782,83.8948336414048,161.0637707948244,1.767097966728281,0.3798521256931608,0.06965128500580114
18.544303797468356,33.64578527296231,28.93992606284658,0,0.4006764933197782,83.8948336414048,161.0637707948244,1.767097966728281,0.3798521256931608,0.06885639424890104
18.734177215189874,33.64578527296231,28.93992606284658,0,0.4006764933197782,83.8948336414048,161.0637707948244,1.767097966728281,0.3798521256931608,0.06813915402256498
18.924050632911396,33.64578527296231,28.93992606284658,0,0.4006764933197782,83.8948336414048,161.0637707948244,1.767097966728281,0.3798521256931608,0.06751118447163365
19.11392405063291,33.64578527296231,28.93992606284658,0,0.4006764933197782,83.8948336414048,161.0637707948244,1.767097966728281,0.3798521256931608,0.06698391860602002
19.303797468354432,33.64578527296231,28.93992606284658,0,0.4006764933197782,83.8948336414048,161.0637707948244,1.767097966728281,0.3798521256931608,0.06656876753360629
19.49367088607595,33.64578527296231,28.93992606284658,0,0.4006764933197782,83.8948336414048,161.0637707948244,1.767097966728281,0.3798521256931608,0.06627730665741126
19.68354430379747,33.64578527296231,28.93992606284658,0,0.4006764933197782,83.8948336414048,161.0637707948244,1.767097966728281,0.3798521256931608,0.06612148418936586
19.87341772151899,33.64578527296231,28.93992606284658,0,0.4006764933197782,83.8948336414048,161.0637707948244,1.767097966728281,0.3798521256931608,0.06611385420582543
20.063291139240505,33.64578527296231,28.93992606284658,0,0.4006764933197782,83.8948336414048,161.0637707948244,1.767097966728281,0.3798521256931608,0.06626767355886552
20.253164556962027,33.64578527296231,28.93992606284658,0,0.4006764933197782,83.8948336414048,161.0637707948244,1.767097966728281,0.3798521256931608,0.06658747684830241
20.443037974683545,33.64578527296231,28.93992606284658,0,0.4006764933197782,83.8948336414048,161.0637707948244,1.767097966728281,0.3798521256931608,0.06706358815329144
20.632911392405063,33.64578527296231,28.93992606284658,0,0.4006764933197782,83.8948336414048,161.0637707948244,1.767097966728281,0.3798521256931608,0.06768575086445992
20.822784810126585,33.64578527296231,28.93992606284658,0,0.4006764933197782,83.8948336414048,161.0637707948244,1.767097966728281,0.3798521256931608,0.06844418484816613
21.0126582278481,33.64578527296231,28.93992606284658,0,0.4006764933197782,83.8948336414048,161.0637707948244,1.767097966728281,0.3798521256931608,0.06932935683035851
21.20253164556962,33.64578527296231,28.93992606284658,0,0.4006764933197782,83.8948336414048,161.0637707948244,1.767097966728281,0.3798521256931608,0.0703317695197414
21.39240506329114,33.64578527296231,28.93992606284658,0,0.4006764933197782,83.8948336414048,161.0637707948244,1.767097966728281,0.3798521256931608,0.07144176754473601
21.582278481012658,33.64578527296231,28.93992606284658,0,0.4006764933197782,83.8948336414048,161.0637707948244,1.767097966728281,0.3798521256931608,0.07264935913181687
21.77215189873418,33.64578527296231,28.93992606284658,0,0.4006764933197782,83.8948336414048,161.0637707948244,1.767097966728281,0.3798521256931608,0.07394405322291576
21.962025316455698,33.64578527296231,28.93992606284658,0,0.4006764933197782,83.8948336414048,161.0637707948244,1.767097966728281,0.3798521256931608,0.0753147124212073
22.151898734177216,33.64578527296231,28.93992606284658,0,0.4006764933197782,83.8948336414048,161.0637707948244,1.767097966728281,0.3798521256931608,0.07674942276791837
22.341772151898734,33.64578527296231,28.93992606284658,0,0.4006764933197782,83.8948336414048,161.0637707948244,1.767097966728281,0.3798521256931608,0.07823538188443065
22.531645569620252,33.64578527296231,28.93992606284658,0,0.4006764933197782,83.8948336414048,161.0637707948244,1.767097966728281,0.3798521256931608,0.07975880745766793
22.721518987341774,33.64578527296231,28.93992606284658,0,0.4006764933197782,83.8948336414048,161.0637707948244,1.767097966728281,0.3798521256931608,0.08130486839458474
22.911392405063292,33.64578527296231,28.93992606284658,0,0.4006764933197782,83.8948336414048,161.0637707948244,1.767097966728281,0.3798521256931608,0.08285764121473846
23.10126582278481,33.64578527296231,28.93992606284658,0,0.4006764933197782,83.8948336414048,161.0637707948244,1.767097966728281,0.3798521256931608,0.08440009438001063
23.291139240506332,33.64578527296231,28.93992606284658,0,0.4006764933197782,83.8948336414048,161.0637707948244,1.767097966728281,0.3798521256931608,0.08591410327049798
23.481012658227847,33.64578527296231,28.93992606284658,0,0.4006764933197782,83.8948336414048,161.0637707948244,1.767097966728281,0.3798521256931608,0.08738049840052117
23.67088607594937,33.64578527296231,28.93992606284658,0,0.4006764933197782,83.8948336414048,161.0637707948244,1.767097966728281,0.3798521256931608,0.08877914922657018
23.860759493670887,33.64578527296231,28.93992606284658,0,0.4006764933197782,83.8948336414048,161.0637707948244,1.767097966728281,0.3798521256931608,0.09008908553066526
24.050632911392405,33.64578527296231,28.93992606284658,0,0.4006764933197782,83.8948336414048,161.0637707948244,1.767097966728281,0.3798521256931608,0.09128865787177953
24.240506329113927,33.64578527296231,28.93992606284658,0,0.4006764933197782,83.8948336414048,161.0637707948244,1.767097966728281,0.3798521256931608,0.09235573799029614
24.430379746835442,33.64578527296231,28.93992606284658,0,0.4006764933197782,83.8948336414048,161.0637707948244,1.767097966728281,0.3798521256931608,0.09326795933266176
24.620253164556964,33.64578527296231,28.93992606284658,0,0.4006764933197782,83.8948336414048,161.0637707948244,1.767097966728281,0.3798521256931608,0.09400493168925796
24.810126582278482,33.64578527296231,28.93992606284658,0,0.4006764933197782,83.8948336414048,161.0637707948244,1.767097966728281,0.3798521256931608,0.09457224427682522
25.0,33.64578527296231,28.93992606284658,0,0.4006764933197782,83.8948336414048,161.0637707948244,1.767097966728281,0.3798521256931608,0.09499465875441462
10.0,33.81065018863767,28.93992606284658,0,0.4006764933197782,83.8948336414048,161.0637707948244,1.767097966728281,0.3798521256931608,0.06134458732247855
10.189873417721518,33.81065018863767,28.93992606284658,0,0.4006764933197782,83.8948336414048,161.0637707948244,1.767097966728281,0.3798521256931608,0.06134458732247855
10.379746835443038,33.81065018863767,28.93992606284658,0,0.4006764933197782,83.8948336414048,161.0637707948244,1.767097966728281,0.3798521256931608,0.06134458732247855
10.569620253164556,33.81065018863767,28.93992606284658,0,0.4006764933197782,83.8948336414048,161.0637707948244,1.767097966728281,0.3798521256931608,0.06134458732247855
10.759493670886076,33.81065018863767,28.93992606284658,0,0.4006764933197782,83.8948336414048,161.0637707948244,1.767097966728281,0.3798521256931608,0.06134458732247855
10.949367088607595,33.81065018863767,28.93992606284658,0,0.4006764933197782,83.8948336414048,161.0637707948244,1.767097966728281,0.3798521256931608,0.06134458732247855
11.139240506329115,33.81065018863767,28.93992606284658,0,0.4006764933197782,83.8948336414048,161.0637707948244,1.767097966728281,0.3798521256931608,0.061862340612279916
11.329113924050633,33.81065018863767,28.93992606284658,0,0.4006764933197782,83.8948336414048,161.0637707948244,1.767097966728281,0.3798521256931608,0.06263300985959726
11.518987341772153,33.81065018863767,28.93992606284658,0,0.4006764933197782,83.8948336414048,161.0637707948244,1.767097966728281,0.3798521256931608,0.06347213085459781
11.708860759493671,33.81065018863767,28.93992606284658,0,0.4006764933197782,83.8948336414048,161.0637707948244,1.767097966728281,0.3798521256931608,0.06437274665032888
11.89873417721519,33.81065018863767,28.93992606284658,0,0.4006764933197782,83.8948336414048,161.0637707948244,1.767097966728281,0.3798521256931608,0.06532758777335965
12.08860759493671,33.81065018863767,28.93992606284658,0,0.4006764933197782,83.8948336414048,161.0637707948244,1.767097966728281,0.3798521256931608,0.06632900257963263
12.278481012658228,33.81065018863767,28.93992606284658,0,0.4006764933197782,83.8948336414048,161.0637707948244,1.767097966728281,0.3798521256931608,0.06736889637652631
12.468354430379748,33.81065018863767,28.93992606284658,0,0.4006764933197782,83.8948336414048,161.0637707948244,1.767097966728281,0.3798521256931608,0.06843868000991644
12.658227848101266,33.81065018863767,28.93992606284658,0,0.4006764933197782,83.8948336414048,161.0637707948244,1.767097966728281,0.3798521256931608,0.06952922877285031
12.848101265822784,33.81065018863767,28.93992606284658,0,0.4006764933197782,83.8948336414048,161.0637707948244,1.767097966728281,0.3798521256931608,0.07063085261572974
13.037974683544304,33.81065018863767,28.93992606284658,0,0.4006764933197782,83.8948336414048,161.0637707948244,1.767097966728281,0.3798521256931608,0.07173327872382311
13.227848101265824,33.81065018863767,28.93992606284658,0,0.4006764933197782,83.8948336414048,161.0637707948244,1.767097966728281,0.3798521256931608,0.07282564757369506
13.417721518987342,33.81065018863767,28.93992606284658,0,0.4006764933197782,83.8948336414048,161.0637707948244,1.767097966728281,0.3798521256931608,0.07389652358310024
13.60759493670886,33.81065018863767,28.93992606284658,0,0.4006764933197782,83.8948336414048,161.0637707948244,1.767097966728281,0.3798521256931608,0.074933921426853
13.79746835443038,33.81065018863767,28.93992606284658,0,0.4006764933197782,83.8948336414048,161.0637707948244,1.767097966728281,0.3798521256931608,0.0759253490025055
13.987341772151899,33.81065018863767,28.93992606284658,0,0.4006764933197782,83.8948336414048,161.0637707948244,1.767097966728281,0.3798521256931608,0.07685786789338346
14.177215189873419,33.81065018863767,28.93992606284658,0,0.4006764933197782,83.8948336414048,161.0637707948244,1.767097966728281,0.3798521256931608,0.07771817199237033
14.367088607594937,33.81065018863767,28.93992606284658,0,0.4006764933197782,83.8948336414048,161.0637707948244,1.767097966728281,0.3798521256931608,0.07849268471818484
14.556962025316455,33.81065018863767,28.93992606284658,0,0.4006764933197782,83.8948336414048,161.0637707948244,1.767097966728281,0.3798521256931608,0.07916767497770037
14.746835443037975,33.81065018863767,28.93992606284658,0,0.4006764933197782,83.8948336414048,161.0637707948244,1.767097966728281,0.3798521256931608,0.07972939170438814
14.936708860759495,33.81065018863767,28.93992606284658,0,0.4006764933197782,83.8948336414048,161.0637707948244,1.767097966728281,0.3798521256931608,0.08016421643574571
15.126582278481013,33.81065018863767,28.93992606284658,0,0.4006764933197782,83.8948336414048,161.0637707948244,1.767097966728281,0.3798521256931608,0.08045883298311904
15.316455696202532,33.81065018863767,28.93992606284658,0,0.4006764933197782,83.8948336414048,161.0637707948244,1.767097966728281,0.3798521256931608,0.08060041279711946
15.50632911392405,33.81065018863767,28.93992606284658,0,0.4006764933197782,83.8948336414048,161.0637707948244,1.767097966728281,0.3798521256931608,0.08057681431181114
15.69620253164557,33.81065018863767,28.93992606284658,0,0.4006764933197782,83.8948336414048,161.0637707948244,1.767097966728281,0.3798521256931608,0.08038182839005982
15.88607594936709,33.81065018863767,28.93992606284658,0,0.4006764933197782,83.8948336414048,161.0637707948244,1.767097966728281,0.3798521256931608,0.08002842689181072
16.075949367088608,33.81065018863767,28.93992606284658,0,0.4006764933197782,83.8948336414048,161.0637707948244,1.767097966728281,0.3798521256931608,0.07953437489657073
16.265822784810126,33.81065018863767,28.93992606284658,0,0.4006764933197782,83.8948336414048,161.0637707948244,1.767097966728281,0.3798521256931608,0.0789178135536916
16.455696202531648,33.81065018863767,28.93992606284658,0,0.4006764933197782,83.8948336414048,161.0637707948244,1.767097966728281,0.3798521256931608,0.07819700605574925
16.645569620253166,33.81065018863767,28.93992606284658,0,0.4006764933197782,83.8948336414048,161.0637707948244,1.767097966728281,0.3798521256931608,0.07739011615384912
16.835443037974684,33.81065018863767,28.93992606284658,0,0.4006764933197782,83.8948336414048,161.0637707948244,1.767097966728281,0.3798521256931608,0.07651502053340635
17.025316455696203,33.81065018863767,28.93992606284658,0,0.4006764933197782,83.8948336414048,161.0637707948244,1.767097966728281,0.3798521256931608,0.07558915554164852
17.21518987341772,33.81065018863767,28.93992606284658,0,0.4006764933197782,83.8948336414048,161.0637707948244,1.767097966728281,0.3798521256931608,0.07462939805102389
17.405063291139243,33.81065018863767,28.93992606284658,0,0.4006764933197782,83.8948336414048,161.0637707948244,1.767097966728281,0.3798521256931608,0.0736519796585778
17.59493670886076,33.81065018863767,28.93992606284658,0,0.4006764933197782,83.8948336414048,161.0637707948244,1.767097966728281,0.3798521256931608,0.07267243296218516
17.78481012658228,33.81065018863767,28.93992606284658,0,0.4006764933197782,83.8948336414048,161.0637707948244,1.767097966728281,0.3798521256931608,0.07170556832114346
17.974683544303797,33.81065018863767,28.93992606284658,0,0.4006764933197782,83.8948336414048,161.0637707948244,1.767097966728281,0.3798521256931608,0.07076547930050428
18.164556962025316,33.81065018863767,28.93992606284658,0,0.4006764933197782,83.8948336414048,161.0637707948244,1.767097966728281,0.3798521256931608,0.06986557491358293
18.354430379746837,33.81065018863767,28.93992606284658,0,0.4006764933197782,83.8948336414048,161.0637707948244,1.767097966728281,0.3798521256931608,0.06901863681178644
18.544303797468356,33.81065018863767,28.93992606284658,0,0.4006764933197782,83.8948336414048,161.0637707948244,1.767097966728281,0.3798521256931608,0.06823689972051977
18.734177215189874,33.81065018863767,28.93992606284658,0,0.4006764933197782,83.8948336414048,161.0637707948244,1.767097966728281,0.3798521256931608,0.06753215367914278
18.924050632911396,33.81065018863767,28.93992606284658,0,0.4006764933197782,83.8948336414048,161.0637707948244,1.767097966728281,0.3798521256931608,0.06691586700637121
19.11392405063291,33.81065018863767,28.93992606284658,0,0.4006764933197782,83.8948336414048,161.0637707948244,1.767097966728281,0.3798521256931608,0.0663993293756423
19.303797468354432,33.81065018863767,28.93992606284658,0,0.4006764933197782,83.8948336414048,161.0637707948244,1.767097966728281,0.3798521256931608,0.06599381494480962
19.49367088607595,33.81065018863767,28.93992606284658,0,0.4006764933197782,83.8948336414048,161.0637707948244,1.767097966728281,0.3798521256931608,0.06571076614057722
19.68354430379747,33.81065018863767,28.93992606284658,0,0.4006764933197782,83.8948336414048,161.0637707948244,1.767097966728281,0.3798521256931608,0.06556199945287129
19.87341772151899,33.81065018863767,28.93992606284658,0,0.4006764933197782,83.8948336414048,161.0637707948244,1.767097966728281,0.3798521256931608,0.06555993545418921
20.063291139240505,33.81065018863767,28.93992606284658,0,0.4006764933197782,83.8948336414048,161.0637707948244,1.767097966728281,0.3798521256931608,0.06571769413846769
20.253164556962027,33.81065018863767,28.93992606284658,0,0.4006764933197782,83.8948336414048,161.0637707948244,1.767097966728281,0.3798521256931608,0.06603977241359417
20.443037974683545,33.81065018863767,28.93992606284658,0,0.4006764933197782,83.8948336414048,161.0637707948244,1.767097966728281,0.3798521256931608,0.06651661155935709
20.632911392405063,33.81065018863767,28.93992606284658,0,0.4006764933197782,83.8948336414048,161.0637707948244,1.767097966728281,0.3798521256931608,0.06713807441237372
20.822784810126585,33.81065018863767,28.93992606284658,0,0.4006764933197782,83.8948336414048,161.0637707948244,1.767097966728281,0.3798521256931608,0.06789449081194644
21.0126582278481,33.81065018863767,28.93992606284658,0,0.4006764933197782,83.8948336414048,161.0637707948244,1.767097966728281,0.3798521256931608,0.06877643047511642
21.20253164556962,33.81065018863767,28.93992606284658,0,0.4006764933197782,83.8948336414048,161.0637707948244,1.767097966728281,0.3798521256931608,0.06977449435313844
21.39240506329114,33.81065018863767,28.93992606284658,0,0.4006764933197782,83.8948336414048,161.0637707948244,1.767097966728281,0.3798521256931608,0.07087912257506859
21.582278481012658,33.81065018863767,28.93992606284658,0,0.4006764933197782,83.8948336414048,161.0637707948244,1.767097966728281,0.3798521256931608,0.07208041792867646
21.77215189873418,33.81065018863767,28.93992606284658,0,0.4006764933197782,83.8948336414048,161.0637707948244,1.767097966728281,0.3798521256931608,0.07336798459146647
21.962025316455698,33.81065018863767,28.93992606284658,0,0.4006764933197782,83.8948336414048,161.0637707948244,1.767097966728281,0.3798521256931608,0.07473078250965928
22.151898734177216,33.81065018863767,28.93992606284658,0,0.4006764933197782,83.8948336414048,161.0637707948244,1.767097966728281,0.3798521256931608,0.07615699843077288
22.341772151898734,33.81065018863767,28.93992606284658,0,0.4006764933197782,83.8948336414048,161.0637707948244,1.767097966728281,0.3798521256931608,0.0776339351225215
22.531645569620252,33.81065018863767,28.93992606284658,0,0.4006764933197782,83.8948336414048,161.0637707948244,1.767097966728281,0.3798521256931608,0.07914792075094151
22.721518987341774,33.81065018863767,28.93992606284658,0,0.4006764933197782,83.8948336414048,161.0637707948244,1.767097966728281,0.3798521256931608,0.0806842407359465
22.911392405063292,33.81065018863767,28.93992606284658,0,0.4006764933197782,83.8948336414048,161.0637707948244,1.767097966728281,0.3798521256931608,0.08222709464412702
23.10126582278481,33.81065018863767,28.93992606284658,0,0.4006764933197782,83.8948336414048,161.0637707948244,1.767097966728281,0.3798521256931608,0.08375958080806602
23.291139240506332,33.81065018863767,28.93992606284658,0,0.4006764933197782,83.8948336414048,161.0637707948244,1.767097966728281,0.3798521256931608,0.08526371137158695
23.481012658227847,33.81065018863767,28.93992606284658,0,0.4006764933197782,83.8948336414048,161.0637707948244,1.767097966728281,0.3798521256931608,0.08672046034616876
23.67088607594937,33.81065018863767,28.93992606284658,0,0.4006764933197782,83.8948336414048,161.0637707948244,1.767097966728281,0.3798521256931608,0.08810984702301597
23.860759493670887,33.81065018863767,28.93992606284658,0,0.4006764933197782,83.8948336414048,161.0637707948244,1.767097966728281,0.3798521256931608,0.08941105671862268
24.050632911392405,33.81065018863767,28.93992606284658,0,0.4006764933197782,83.8948336414048,161.0637707948244,1.767097966728281,0.3798521256931608,0.09060260034259651
24.240506329113927,33.81065018863767,28.93992606284658,0,0.4006764933197782,83.8948336414048,161.0637707948244,1.767097966728281,0.3798521256931608,0.09166251367045913
24.430379746835442,33.81065018863767,28.93992606284658,0,0.4006764933197782,83.8948336414048,161.0637707948244,1.767097966728281,0.3798521256931608,0.09256859648765563
24.620253164556964,33.81065018863767,28.93992606284658,0,0.4006764933197782,83.8948336414048,161.0637707948244,1.767097966728281,0.3798521256931608,0.09330061154240012
24.810126582278482,33.81065018863767,28.93992606284658,0,0.4006764933197782,83.8948336414048,161.0637707948244,1.767097966728281,0.3798521256931608,0.09386411397953022
25.0,33.81065018863767,28.93992606284658,0,0.4006764933197782,83.8948336414048,161.0637707948244,1.767097966728281,0.3798521256931608,0.09428369489678608
10.0,33.97551510431303,28.93992606284658,0,0.4006764933197782,83.8948336414048,161.0637707948244,1.767097966728281,0.3798521256931608,0.060271352171148644
10.189873417721518,33.97551510431303,28.93992606284658,0,0.4006764933197782,83.8948336414048,161.0637707948244,1.767097966728281,0.3798521256931608,0.060271352171148644
10.379746835443038,33.97551510431303,28.93992606284658,0,0.4006764933197782,83.8948336414048,161.0637707948244,1.767097966728281,0.3798521256931608,0.060271352171148644
10.569620253164556,33.97551510431303,28.93992606284658,0,0.4006764933197782,83.8948336414048,161.0637707948244,1.767097966728281,0.3798521256931608,0.060271352171148644
10.759493670886076,33.97551510431303,28.93992606284658,0,0.4006764933197782,83.8948336414048,161.0637707948244,1.767097966728281,0.3798521256931608,0.060271352171148644
10.949367088607595,33.97551510431303,28.93992606284658,0,0.4006764933197782,83.8948336414048,161.0637707948244,1.767097966728281,0.3798521256931608,0.060271352171148644
11.139240506329115,33.97551510431303,28.93992606284658,0,0.4006764933197782,83.8948336414048,161.0637707948244,1.767097966728281,0.3798521256931608,0.060834200912082095
11.329113924050633,33.97551510431303,28.93992606284658,0,0.4006764933197782,83.8948336414048,161.0637707948244,1.767097966728281,0.3798521256931608,0.06166028606002462
11.518987341772153,33.97551510431303,28.93992606284658,0,0.4006764933197782,83.8948336414048,161.0637707948244,1.767097966728281,0.3798521256931608,0.0625481900614336
11.708860759493671,33.97551510431303,28.93992606284658,0,0.4006764933197782,83.8948336414048,161.0637707948244,1.767097966728281,0.3798521256931608,0.06349133043580288
11.89873417721519,33.97551510431303,28.93992606284658,0,0.4006764933197782,83.8948336414048,161.0637707948244,1.767097966728281,0.3798521256931608,0.06448277655148457
12.08860759493671,33.97551510431303,28.93992606284658,0,0.4006764933197782,83.8948336414048,161.0637707948244,1.767097966728281,0.3798521256931608,0.06551518990946605
12.278481012658228,33.97551510431303,28.93992606284658,0,0.4006764933197782,83.8948336414048,161.0637707948244,1.767097966728281,0.3798521256931608,0.0665807725010664
12.468354430379748,33.97551510431303,28.93992606284658,0,0.4006764933197782,83.8948336414048,161.0637707948244,1.767097966728281,0.3798521256931608,0.06767122398863659
12.658227848101266,33.97551510431303,28.93992606284658,0,0.4006764933197782,83.8948336414048,161.0637707948244,1.767097966728281,0.3798521256931608,0.0687777085823864
12.848101265822784,33.97551510431303,28.93992606284658,0,0.4006764933197782,83.8948336414048,161.0637707948244,1.767097966728281,0.3798521256931608,0.0698908325793569
13.037974683544304,33.97551510431303,28.93992606284658,0,0.4006764933197782,83.8948336414048,161.0637707948244,1.767097966728281,0.3798521256931608,0.07100063358962315
13.227848101265824,33.97551510431303,28.93992606284658,0,0.4006764933197782,83.8948336414048,161.0637707948244,1.767097966728281,0.3798521256931608,0.07209658249751726
13.417721518987342,33.97551510431303,28.93992606284658,0,0.4006764933197782,83.8948336414048,161.0637707948244,1.767097966728281,0.3798521256931608,0.07316759918966924
13.60759493670886,33.97551510431303,28.93992606284658,0,0.4006764933197782,83.8948336414048,161.0637707948244,1.767097966728281,0.3798521256931608,0.07420208302515217
13.79746835443038,33.97551510431303,28.93992606284658,0,0.4006764933197782,83.8948336414048,161.0637707948244,1.767097966728281,0.3798521256931608,0.0751879589247086
13.987341772151899,33.97551510431303,28.93992606284658,0,0.4006764933197782,83.8948336414048,161.0637707948244,1.767097966728281,0.3798521256931608,0.07611273981524785
14.177215189873419,33.97551510431303,28.93992606284658,0,0.4006764933197782,83.8948336414048,161.0637707948244,1.767097966728281,0.3798521256931608,0.07696360598254512
14.367088607594937,33.97551510431303,28.93992606284658,0,0.4006764933197782,83.8948336414048,161.0637707948244,1.767097966728281,0.3798521256931608,0.07772750165987603
14.556962025316455,33.97551510431303,28.93992606284658,0,0.4006764933197782,83.8948336414048,161.0637707948244,1.767097966728281,0.3798521256931608,0.0783912489141862
14.746835443037975,33.97551510431303,28.93992606284658,0,0.4006764933197782,83.8948336414048,161.0637707948244,1.767097966728281,0.3798521256931608,0.07894167858563558
14.936708860759495,33.97551510431303,28.93992606284658,0,0.4006764933197782,83.8948336414048,161.0637707948244,1.767097966728281,0.3798521256931608,0.07936577769241078
15.126582278481013,33.97551510431303,28.93992606284658,0,0.4006764933197782,83.8948336414048,161.0637707948244,1.767097966728281,0.3798521256931608,0.07965085233203635
15.316455696202532,33.97551510431303,28.93992606284658,0,0.4006764933197782,83.8948336414048,161.0637707948244,1.767097966728281,0.3798521256931608,0.07978470469445832
15.50632911392405,33.97551510431303,28.93992606284658,0,0.4006764933197782,83.8948336414048,161.0637707948244,1.767097966728281,0.3798521256931608,0.07975582251679363
15.69620253164557,33.97551510431303,28.93992606284658,0,0.4006764933197782,83.8948336414048,161.0637707948244,1.767097966728281,0.3798521256931608,0.07955846311177604
15.88607594936709,33.97551510431303,28.93992606284658,0,0.4006764933197782,83.8948336414048,161.0637707948244,1.767097966728281,0.3798521256931608,0.07920549950936555
16.075949367088608,33.97551510431303,28.93992606284658,0,0.4006764933197782,83.8948336414048,161.0637707948244,1.767097966728281,0.3798521256931608,0.07871445442493821
16.265822784810126,33.97551510431303,28.93992606284658,0,0.4006764933197782,83.8948336414048,161.0637707948244,1.767097966728281,0.3798521256931608,0.07810321168037175
16.455696202531648,33.97551510431303,28.93992606284658,0,0.4006764933197782,83.8948336414048,161.0637707948244,1.767097966728281,0.3798521256931608,0.07738976757285992
16.645569620253166,33.97551510431303,28.93992606284658,0,0.4006764933197782,83.8948336414048,161.0637707948244,1.767097966728281,0.3798521256931608,0.07659201428221908
16.835443037974684,33.97551510431303,28.93992606284658,0,0.4006764933197782,83.8948336414048,161.0637707948244,1.767097966728281,0.3798521256931608,0.07572755658405206
17.025316455696203,33.97551510431303,28.93992606284658,0,0.4006764933197782,83.8948336414048,161.0637707948244,1.767097966728281,0.3798521256931608,0.0748135623259912
17.21518987341772,33.97551510431303,28.93992606284658,0,0.4006764933197782,83.8948336414048,161.0637707948244,1.767097966728281,0.3798521256931608,0.0738666464327845
17.405063291139243,33.97551510431303,28.93992606284658,0,0.4006764933197782,83.8948336414048,161.0637707948244,1.767097966728281,0.3798521256931608,0.07290278763592117
17.59493670886076,33.97551510431303,28.93992606284658,0,0.4006764933197782,83.8948336414048,161.0637707948244,1.767097966728281,0.3798521256931608,0.07193727667667621
17.78481012658228,33.97551510431303,28.93992606284658,0,0.4006764933197782,83.8948336414048,161.0637707948244,1.767097966728281,0.3798521256931608,0.07098469440858222
17.974683544303797,33.97551510431303,28.93992606284658,0,0.4006764933197782,83.8948336414048,161.0637707948244,1.767097966728281,0.3798521256931608,0.07005891802567382
18.164556962025316,33.97551510431303,28.93992606284658,0,0.4006764933197782,83.8948336414048,161.0637707948244,1.767097966728281,0.3798521256931608,0.06917315356417546
18.354430379746837,33.97551510431303,28.93992606284658,0,0.4006764933197782,83.8948336414048,161.0637707948244,1.767097966728281,0.3798521256931608,0.06833999286393104
18.544303797468356,33.97551510431303,28.93992606284658,0,0.4006764933197782,83.8948336414048,161.0637707948244,1.767097966728281,0.3798521256931608,0.06757149332705063
18.734177215189874,33.97551510431303,28.93992606284658,0,0.4006764933197782,83.8948336414048,161.0637707948244,1.767097966728281,0.3798521256931608,0.06687927906963127
18.924050632911396,33.97551510431303,28.93992606284658,0,0.4006764933197782,83.8948336414048,161.0637707948244,1.767097966728281,0.3798521256931608,0.06627466242271034
19.11392405063291,33.97551510431303,28.93992606284658,0,0.4006764933197782,83.8948336414048,161.0637707948244,1.767097966728281,0.3798521256931608,0.06576878519641266
19.303797468354432,33.97551510431303,28.93992606284658,0,0.4006764933197782,83.8948336414048,161.0637707948244,1.767097966728281,0.3798521256931608,0.06537277967373033
19.49367088607595,33.97551510431303,28.93992606284658,0,0.4006764933197782,83.8948336414048,161.0637707948244,1.767097966728281,0.3798521256931608,0.06509794994714427
19.68354430379747,33.97551510431303,28.93992606284658,0,0.4006764933197782,83.8948336414048,161.0637707948244,1.767097966728281,0.3798521256931608,0.06495597495503933
19.87341772151899,33.97551510431303,28.93992606284658,0,0.4006764933197782,83.8948336414048,161.0637707948244,1.767097966728281,0.3798521256931608,0.06495913542199448
20.063291139240505,33.97551510431303,28.93992606284658,0,0.4006764933197782,83.8948336414048,161.0637707948244,1.767097966728281,0.3798521256931608,0.06512040765408764
20.253164556962027,33.97551510431303,28.93992606284658,0,0.4006764933197782,83.8948336414048,161.0637707948244,1.767097966728281,0.3798521256931608,0.06544424808563305
20.443037974683545,33.97551510431303,28.93992606284658,0,0.4006764933197782,83.8948336414048,161.0637707948244,1.767097966728281,0.3798521256931608,0.06592121933483512
20.632911392405063,33.97551510431303,28.93992606284658,0,0.4006764933197782,83.8948336414048,161.0637707948244,1.767097966728281,0.3798521256931608,0.06654130849283714
20.822784810126585,33.97551510431303,28.93992606284658,0,0.4006764933197782,83.8948336414048,161.0637707948244,1.767097966728281,0.3798521256931608,0.0672949603273456
21.0126582278481,33.97551510431303,28.93992606284658,0,0.4006764933197782,83.8948336414048,161.0637707948244,1.767097966728281,0.3798521256931608,0.06817285272747173
21.20253164556962,33.97551510431303,28.93992606284658,0,0.4006764933197782,83.8948336414048,161.0637707948244,1.767097966728281,0.3798521256931608,0.06916569036786584
21.39240506329114,33.97551510431303,28.93992606284658,0,0.4006764933197782,83.8948336414048,161.0637707948244,1.767097966728281,0.3798521256931608,0.07026401472810208
21.582278481012658,33.97551510431303,28.93992606284658,0,0.4006764933197782,83.8948336414048,161.0637707948244,1.767097966728281,0.3798521256931608,0.07145802943913689
21.77215189873418,33.97551510431303,28.93992606284658,0,0.4006764933197782,83.8948336414048,161.0637707948244,1.767097966728281,0.3798521256931608,0.07273744068360345
21.962025316455698,33.97551510431303,28.93992606284658,0,0.4006764933197782,83.8948336414048,161.0637707948244,1.767097966728281,0.3798521256931608,0.074091313055181
22.151898734177216,33.97551510431303,28.93992606284658,0,0.4006764933197782,83.8948336414048,161.0637707948244,1.767097966728281,0.3798521256931608,0.0755079418844949
22.341772151898734,33.97551510431303,28.93992606284658,0,0.4006764933197782,83.8948336414048,161.0637707948244,1.767097966728281,0.3798521256931608,0.0769747435615779
22.531645569620252,33.97551510431303,28.93992606284658,0,0.4006764933197782,83.8948336414048,161.0637707948244,1.767097966728281,0.3798521256931608,0.07847816582164972
22.721518987341774,33.97551510431303,28.93992606284658,0,0.4006764933197782,83.8948336414048,161.0637707948244,1.767097966728281,0.3798521256931608,0.08000362030387038
22.911392405063292,33.97551510431303,28.93992606284658,0,0.4006764933197782,83.8948336414048,161.0637707948244,1.767097966728281,0.3798521256931608,0.0815354399329572
23.10126582278481,33.97551510431303,28.93992606284658,0,0.4006764933197782,83.8948336414048,161.0637707948244,1.767097966728281,0.3798521256931608,0.08305686380259932
23.291139240506332,33.97551510431303,28.93992606284658,0,0.4006764933197782,83.8948336414048,161.0637707948244,1.767097966728281,0.3798521256931608,0.08455005225018815
23.481012658227847,33.97551510431303,28.93992606284658,0,0.4006764933197782,83.8948336414048,161.0637707948244,1.767097966728281,0.3798521256931608,0.08599613469933877
23.67088607594937,33.97551510431303,28.93992606284658,0,0.4006764933197782,83.8948336414048,161.0637707948244,1.767097966728281,0.3798521256931608,0.08737529260756495
23.860759493670887,33.97551510431303,28.93992606284658,0,0.4006764933197782,83.8948336414048,161.0637707948244,1.767097966728281,0.3798521256931608,0.08866687949172869
24.050632911392405,33.97551510431303,28.93992606284658,0,0.4006764933197782,83.8948336414048,161.0637707948244,1.767097966728281,0.3798521256931608,0.08984957951673325
24.240506329113927,33.97551510431303,28.93992606284658,0,0.4006764933197782,83.8948336414048,161.0637707948244,1.767097966728281,0.3798521256931608,0.09090160552860152
24.430379746835442,33.97551510431303,28.93992606284658,0,0.4006764933197782,83.8948336414048,161.0637707948244,1.767097966728281,0.3798521256931608,0.09180093669794386
24.620253164556964,33.97551510431303,28.93992606284658,0,0.4006764933197782,83.8948336414048,161.0637707948244,1.767097966728281,0.3798521256931608,0.09252750042475442
24.810126582278482,33.97551510431303,28.93992606284658,0,0.4006764933197782,83.8948336414048,161.0637707948244,1.767097966728281,0.3798521256931608,0.09308681292426878
25.0,33.97551510431303,28.93992606284658,0,0.4006764933197782,83.8948336414048,161.0637707948244,1.767097966728281,0.3798521256931608,0.09350327777791038
10.0,34.1403800199884,28.93992606284658,0,0.4006764933197782,83.8948336414048,161.0637707948244,1.767097966728281,0.3798521256931608,0.05919743470084944
10.189873417721518,34.1403800199884,28.93992606284658,0,0.4006764933197782,83.8948336414048,161.0637707948244,1.767097966728281,0.3798521256931608,0.05919743470084944
10.379746835443038,34.1403800199884,28.93992606284658,0,0.4006764933197782,83.8948336414048,161.0637707948244,1.767097966728281,0.3798521256931608,0.05919743470084944
10.569620253164556,34.1403800199884,28.93992606284658,0,0.4006764933197782,83.8948336414048,161.0637707948244,1.767097966728281,0.3798521256931608,0.05919743470084944
10.759493670886076,34.1403800199884,28.93992606284658,0,0.4006764933197782,83.8948336414048,161.0637707948244,1.767097966728281,0.3798521256931608,0.05919743470084944
10.949367088607595,34.1403800199884,28.93992606284658,0,0.4006764933197782,83.8948336414048,161.0637707948244,1.767097966728281,0.3798521256931608,0.05919743470084944
11.139240506329115,34.1403800199884,28.93992606284658,0,0.4006764933197782,83.8948336414048,161.0637707948244,1.767097966728281,0.3798521256931608,0.059800943677289976
11.329113924050633,34.1403800199884,28.93992606284658,0,0.4006764933197782,83.8948336414048,161.0637707948244,1.767097966728281,0.3798521256931608,0.06067692780729657
11.518987341772153,34.1403800199884,28.93992606284658,0,0.4006764933197782,83.8948336414048,161.0637707948244,1.767097966728281,0.3798521256931608,0.06160865496764287
11.708860759493671,34.1403800199884,28.93992606284658,0,0.4006764933197782,83.8948336414048,161.0637707948244,1.767097966728281,0.3798521256931608,0.06258986490506899
11.89873417721519,34.1403800199884,28.93992606284658,0,0.4006764933197782,83.8948336414048,161.0637707948244,1.767097966728281,0.3798521256931608,0.06361392180720632
12.08860759493671,34.1403800199884,28.93992606284658,0,0.4006764933197782,83.8948336414048,161.0637707948244,1.767097966728281,0.3798521256931608,0.06467376322930483
12.278481012658228,34.1403800199884,28.93992606284658,0,0.4006764933197782,83.8948336414048,161.0637707948244,1.767097966728281,0.3798521256931608,0.06576185653297754
12.468354430379748,34.1403800199884,28.93992606284658,0,0.4006764933197782,83.8948336414048,161.0637707948244,1.767097966728281,0.3798521256931608,0.06687016361258868
12.658227848101266,34.1403800199884,28.93992606284658,0,0.4006764933197782,83.8948336414048,161.0637707948244,1.767097966728281,0.3798521256931608,0.06799011478087207
12.848101265822784,34.1403800199884,28.93992606284658,0,0.4006764933197782,83.8948336414048,161.0637707948244,1.767097966728281,0.3798521256931608,0.06911259275303343
13.037974683544304,34.1403800199884,28.93992606284658,0,0.4006764933197782,83.8948336414048,161.0637707948244,1.767097966728281,0.3798521256931608,0.07022792770548104
13.227848101265824,34.1403800199884,28.93992606284658,0,0.4006764933197782,83.8948336414048,161.0637707948244,1.767097966728281,0.3798521256931608,0.07132590438916851
13.417721518987342,34.1403800199884,28.93992606284658,0,0.4006764933197782,83.8948336414048,161.0637707948244,1.767097966728281,0.3798521256931608,0.07239578224633171
13.60759493670886,34.1403800199884,28.93992606284658,0,0.4006764933197782,83.8948336414048,161.0637707948244,1.767097966728281,0.3798521256931608,0.07342632941164888
13.79746835443038,34.1403800199884,28.93992606284658,0,0.4006764933197782,83.8948336414048,161.0637707948244,1.767097966728281,0.3798521256931608,0.07440587137360136
13.987341772151899,34.1403800199884,28.93992606284658,0,0.4006764933197782,83.8948336414048,161.0637707948244,1.767097966728281,0.3798521256931608,0.0753223549286494
14.177215189873419,34.1403800199884,28.93992606284658,0,0.4006764933197782,83.8948336414048,161.0637707948244,1.767097966728281,0.3798521256931608,0.07616342787996769
14.367088607594937,34.1403800199884,28.93992606284658,0,0.4006764933197782,83.8948336414048,161.0637707948244,1.767097966728281,0.3798521256931608,0.07691653471455863
14.556962025316455,34.1403800199884,28.93992606284658,0,0.4006764933197782,83.8948336414048,161.0637707948244,1.767097966728281,0.3798521256931608,0.0775690282386615
14.746835443037975,34.1403800199884,28.93992606284658,0,0.4006764933197782,83.8948336414048,161.0637707948244,1.767097966728281,0.3798521256931608,0.07810829686275275
14.936708860759495,34.1403800199884,28.93992606284658,0,0.4006764933197782,83.8948336414048,161.0637707948244,1.767097966728281,0.3798521256931608,0.07852190690553144
15.126582278481013,34.1403800199884,28.93992606284658,0,0.4006764933197782,83.8948336414048,161.0637707948244,1.767097966728281,0.3798521256931608,0.07879775893246728
15.316455696202532,34.1403800199884,28.93992606284658,0,0.4006764933197782,83.8948336414048,161.0637707948244,1.767097966728281,0.3798521256931608,0.07892425676016755
15.50632911392405,34.1403800199884,28.93992606284658,0,0.4006764933197782,83.8948336414048,161.0637707948244,1.767097966728281,0.3798521256931608,0.07889048750394514
15.69620253164557,34.1403800199884,28.93992606284658,0,0.4006764933197782,83.8948336414048,161.0637707948244,1.767097966728281,0.3798521256931608,0.07869114939949011
15.88607594936709,34.1403800199884,28.93992606284658,0,0.4006764933197782,83.8948336414048,161.0637707948244,1.767097966728281,0.3798521256931608,0.07833900826375213
16.075949367088608,34.1403800199884,28.93992606284658,0,0.4006764933197782,83.8948336414048,161.0637707948244,1.767097966728281,0.3798521256931608,0.07785134066323338
16.265822784810126,34.1403800199884,28.93992606284658,0,0.4006764933197782,83.8948336414048,161.0637707948244,1.767097966728281,0.3798521256931608,0.07724577004315818
16.455696202531648,34.1403800199884,28.93992606284658,0,0.4006764933197782,83.8948336414048,161.0637707948244,1.767097966728281,0.3798521256931608,0.07654002335304727
16.645569620253166,34.1403800199884,28.93992606284658,0,0.4006764933197782,83.8948336414048,161.0637707948244,1.767097966728281,0.3798521256931608,0.07575171921199453
16.835443037974684,34.1403800199884,28.93992606284658,0,0.4006764933197782,83.8948336414048,161.0637707948244,1.767097966728281,0.3798521256931608,0.0748981888328385
17.025316455696203,34.1403800199884,28.93992606284658,0,0.4006764933197782,83.8948336414048,161.0637707948244,1.767097966728281,0.3798521256931608,0.07399633013059369
17.21518987341772,34.1403800199884,28.93992606284658,0,0.4006764933197782,83.8948336414048,161.0637707948244,1.767097966728281,0.3798521256931608,0.07306249476389964
17.405063291139243,34.1403800199884,28.93992606284658,0,0.4006764933197782,83.8948336414048,161.0637707948244,1.767097966728281,0.3798521256931608,0.07211240730155048
17.59493670886076,34.1403800199884,28.93992606284658,0,0.4006764933197782,83.8948336414048,161.0637707948244,1.767097966728281,0.3798521256931608,0.0711611152711213
17.78481012658228,34.1403800199884,28.93992606284658,0,0.4006764933197782,83.8948336414048,161.0637707948244,1.767097966728281,0.3798521256931608,0.07022296853382813
17.974683544303797,34.1403800199884,28.93992606284658,0,0.4006764933197782,83.8948336414048,161.0637707948244,1.767097966728281,0.3798521256931608,0.06931162623814278
18.164556962025316,34.1403800199884,28.93992606284658,0,0.4006764933197782,83.8948336414048,161.0637707948244,1.767097966728281,0.3798521256931608,0.06844008953192404
18.354430379746837,34.1403800199884,28.93992606284658,0,0.4006764933197782,83.8948336414048,161.0637707948244,1.767097966728281,0.3798521256931608,0.06762075825513848
18.544303797468356,34.1403800199884,28.93992606284658,0,0.4006764933197782,83.8948336414048,161.0637707948244,1.767097966728281,0.3798521256931608,0.06686550998780147
18.734177215189874,34.1403800199884,28.93992606284658,0,0.4006764933197782,83.8948336414048,161.0637707948244,1.767097966728281,0.3798521256931608,0.06618580008524287
18.924050632911396,34.1403800199884,28.93992606284658,0,0.4006764933197782,83.8948336414048,161.0637707948244,1.767097966728281,0.3798521256931608,0.0655927816899632
19.11392405063291,34.1403800199884,28.93992606284658,0,0.4006764933197782,83.8948336414048,161.0637707948244,1.767097966728281,0.3798521256931608,0.06509744516188512
19.303797468354432,34.1403800199884,28.93992606284658,0,0.4006764933197782,83.8948336414048,161.0637707948244,1.767097966728281,0.3798521256931608,0.06471077691403433
19.49367088607595,34.1403800199884,28.93992606284658,0,0.4006764933197782,83.8948336414048,161.0637707948244,1.767097966728281,0.3798521256931608,0.0644439382783492
19.68354430379747,34.1403800199884,28.93992606284658,0,0.4006764933197782,83.8948336414048,161.0637707948244,1.767097966728281,0.3798521256931608,0.06430846575924527
19.87341772151899,34.1403800199884,28.93992606284658,0,0.4006764933197782,83.8948336414048,161.0637707948244,1.767097966728281,0.3798521256931608,0.06431649486725749
20.063291139240505,34.1403800199884,28.93992606284658,0,0.4006764933197782,83.8948336414048,161.0637707948244,1.767097966728281,0.3798521256931608,0.0644808524041549
20.253164556962027,34.1403800199884,28.93992606284658,0,0.4006764933197782,83.8948336414048,161.0637707948244,1.767097966728281,0.3798521256931608,0.06480595187559718
20.443037974683545,34.1403800199884,28.93992606284658,0,0.4006764933197782,83.8948336414048,161.0637707948244,1.767097966728281,0.3798521256931608,0.06528248060439552
20.632911392405063,34.1403800199884,28.93992606284658,0,0.4006764933197782,83.8948336414048,161.0637707948244,1.767097966728281,0.3798521256931608,0.06590055392473632
20.822784810126585,34.1403800199884,28.93992606284658,0,0.4006764933197782,83.8948336414048,161.0637707948244,1.767097966728281,0.3798521256931608,0.06665073570407008
21.0126582278481,34.1403800199884,28.93992606284658,0,0.4006764933197782,83.8948336414048,161.0637707948244,1.767097966728281,0.3798521256931608,0.06752381642189048
21.20253164556962,34.1403800199884,28.93992606284658,0,0.4006764933197782,83.8948336414048,161.0637707948244,1.767097966728281,0.3798521256931608,0.06851060920277234
21.39240506329114,34.1403800199884,28.93992606284658,0,0.4006764933197782,83.8948336414048,161.0637707948244,1.767097966728281,0.3798521256931608,0.06960176196890473
21.582278481012658,34.1403800199884,28.93992606284658,0,0.4006764933197782,83.8948336414048,161.0637707948244,1.767097966728281,0.3798521256931608,0.07078758470450537
21.77215189873418,34.1403800199884,28.93992606284658,0,0.4006764933197782,83.8948336414048,161.0637707948244,1.767097966728281,0.3798521256931608,0.07205789157175499
21.962025316455698,34.1403800199884,28.93992606284658,0,0.4006764933197782,83.8948336414048,161.0637707948244,1.767097966728281,0.3798521256931608,0.07340185828974101
22.151898734177216,34.1403800199884,28.93992606284658,0,0.4006764933197782,83.8948336414048,161.0637707948244,1.767097966728281,0.3798521256931608,0.07480789578455065
22.341772151898734,34.1403800199884,28.93992606284658,0,0.4006764933197782,83.8948336414048,161.0637707948244,1.767097966728281,0.3798521256931608,0.07626354163675228
22.531645569620252,34.1403800199884,28.93992606284658,0,0.4006764933197782,83.8948336414048,161.0637707948244,1.767097966728281,0.3798521256931608,0.0777553712858548
22.721518987341774,34.1403800199884,28.93992606284658,0,0.4006764933197782,83.8948336414048,161.0637707948244,1.767097966728281,0.3798521256931608,0.07926893129195364
22.911392405063292,34.1403800199884,28.93992606284658,0,0.4006764933197782,83.8948336414048,161.0637707948244,1.767097966728281,0.3798521256931608,0.08078869719379517
23.10126582278481,34.1403800199884,28.93992606284658,0,0.4006764933197782,83.8948336414048,161.0637707948244,1.767097966728281,0.3798521256931608,0.0822980586313227
23.291139240506332,34.1403800199884,28.93992606284658,0,0.4006764933197782,83.8948336414048,161.0637707948244,1.767097966728281,0.3798521256931608,0.0837793344120129
23.481012658227847,34.1403800199884,28.93992606284658,0,0.4006764933197782,83.8948336414048,161.0637707948244,1.767097966728281,0.3798521256931608,0.08521382008864091
23.67088607594937,34.1403800199884,28.93992606284658,0,0.4006764933197782,83.8948336414048,161.0637707948244,1.767097966728281,0.3798521256931608,0.08658187037886454
23.860759493670887,34.1403800199884,28.93992606284658,0,0.4006764933197782,83.8948336414048,161.0637707948244,1.767097966728281,0.3798521256931608,0.08786301839437823
24.050632911392405,34.1403800199884,28.93992606284658,0,0.4006764933197782,83.8948336414048,161.0637707948244,1.767097966728281,0.3798521256931608,0.08903613316232514
24.240506329113927,34.1403800199884,28.93992606284658,0,0.4006764933197782,83.8948336414048,161.0637707948244,1.767097966728281,0.3798521256931608,0.0900796163191464
24.430379746835442,34.1403800199884,28.93992606284658,0,0.4006764933197782,83.8948336414048,161.0637707948244,1.767097966728281,0.3798521256931608,0.09097163814328209
24.620253164556964,34.1403800199884,28.93992606284658,0,0.4006764933197782,83.8948336414048,161.0637707948244,1.767097966728281,0.3798521256931608,0.09169230117958824
24.810126582278482,34.1403800199884,28.93992606284658,0,0.4006764933197782,83.8948336414048,161.0637707948244,1.767097966728281,0.3798521256931608,0.09224707825369044
25.0,34.1403800199884,28.93992606284658,0,0.4006764933197782,83.8948336414048,161.0637707948244,1.767097966728281,0.3798521256931608,0.09266017003278855
10.0,34.30524493566376,28.93992606284658,0,0.4006764933197782,83.8948336414048,161.0637707948244,1.767097966728281,0.3798521256931608,0.058127016821061715
10.189873417721518,34.30524493566376,28.93992606284658,0,0.4006764933197782,83.8948336414048,161.0637707948244,1.767097966728281,0.3798521256931608,0.058127016821061715
10.379746835443038,34.30524493566376,28.93992606284658,0,0.4006764933197782,83.8948336414048,161.0637707948244,1.767097966728281,0.3798521256931608,0.058127016821061715
10.569620253164556,34.30524493566376,28.93992606284658,0,0.4006764933197782,83.8948336414048,161.0637707948244,1.767097966728281,0.3798521256931608,0.058127016821061715
10.759493670886076,34.30524493566376,28.93992606284658,0,0.4006764933197782,83.8948336414048,161.0637707948244,1.767097966728281,0.3798521256931608,0.058127016821061715
10.949367088607595,34.30524493566376,28.93992606284658,0,0.4006764933197782,83.8948336414048,161.0637707948244,1.767097966728281,0.3798521256931608,0.058127016821061715
11.139240506329115,34.30524493566376,28.93992606284658,0,0.4006764933197782,83.8948336414048,161.0637707948244,1.767097966728281,0.3798521256931608,0.05876698157461018
11.329113924050633,34.30524493566376,28.93992606284658,0,0.4006764933197782,83.8948336414048,161.0637707948244,1.767097966728281,0.3798521256931608,0.05968762533252692
11.518987341772153,34.30524493566376,28.93992606284658,0,0.4006764933197782,83.8948336414048,161.0637707948244,1.767097966728281,0.3798521256931608,0.06065845780808444
11.708860759493671,34.30524493566376,28.93992606284658,0,0.4006764933197782,83.8948336414048,161.0637707948244,1.767097966728281,0.3798521256931608,0.06167349536955814
11.89873417721519,34.30524493566376,28.93992606284658,0,0.4006764933197782,83.8948336414048,161.0637707948244,1.767097966728281,0.3798521256931608,0.06272635840799905
12.08860759493671,34.30524493566376,28.93992606284658,0,0.4006764933197782,83.8948336414048,161.0637707948244,1.767097966728281,0.3798521256931608,0.06381022779614412
12.278481012658228,34.30524493566376,28.93992606284658,0,0.4006764933197782,83.8948336414048,161.0637707948244,1.767097966728281,0.3798521256931608,0.064917808401657
12.468354430379748,34.30524493566376,28.93992606284658,0,0.4006764933197782,83.8948336414048,161.0637707948244,1.767097966728281,0.3798521256931608,0.06604130043850773
12.658227848101266,34.30524493566376,28.93992606284658,0,0.4006764933197782,83.8948336414048,161.0637707948244,1.767097966728281,0.3798521256931608,0.06717237951291434
12.848101265822784,34.30524493566376,28.93992606284658,0,0.4006764933197782,83.8948336414048,161.0637707948244,1.767097966728281,0.3798521256931608,0.06830218626702841
13.037974683544304,34.30524493566376,28.93992606284658,0,0.4006764933197782,83.8948336414048,161.0637707948244,1.767097966728281,0.3798521256931608,0.06942132654216822
13.227848101265824,34.30524493566376,28.93992606284658,0,0.4006764933197782,83.8948336414048,161.0637707948244,1.767097966728281,0.3798521256931608,0.0705198829719109
13.417721518987342,34.30524493566376,28.93992606284658,0,0.4006764933197782,83.8948336414048,161.0637707948244,1.767097966728281,0.3798521256931608,0.07158743887204697
13.60759493670886,34.30524493566376,28.93992606284658,0,0.4006764933197782,83.8948336414048,161.0637707948244,1.767097966728281,0.3798521256931608,0.072613115218097
13.79746835443038,34.30524493566376,28.93992606284658,0,0.4006764933197782,83.8948336414048,161.0637707948244,1.767097966728281,0.3798521256931608,0.07358562139109703
13.987341772151899,34.30524493566376,28.93992606284658,0,0.4006764933197782,83.8948336414048,161.0637707948244,1.767097966728281,0.3798521256931608,0.07449332022851322
14.177215189873419,34.30524493566376,28.93992606284658,0,0.4006764933197782,83.8948336414048,161.0637707948244,1.767097966728281,0.3798521256931608,0.07532430773980021
14.367088607594937,34.30524493566376,28.93992606284658,0,0.4006764933197782,83.8948336414048,161.0637707948244,1.767097966728281,0.3798521256931608,0.07606650763603313
14.556962025316455,34.30524493566376,28.93992606284658,0,0.4006764933197782,83.8948336414048,161.0637707948244,1.767097966728281,0.3798521256931608,0.07670778058131181
14.746835443037975,34.30524493566376,28.93992606284658,0,0.4006764933197782,83.8948336414048,161.0637707948244,1.767097966728281,0.3798521256931608,0.07723604780151998
14.936708860759495,34.30524493566376,28.93992606284658,0,0.4006764933197782,83.8948336414048,161.0637707948244,1.767097966728281,0.3798521256931608,0.07763942838488226
15.126582278481013,34.30524493566376,28.93992606284658,0,0.4006764933197782,83.8948336414048,161.0637707948244,1.767097966728281,0.3798521256931608,0.07790638927993761
15.316455696202532,34.30524493566376,28.93992606284658,0,0.4006764933197782,83.8948336414048,161.0637707948244,1.767097966728281,0.3798521256931608,0.07802590664138977
15.50632911392405,34.30524493566376,28.93992606284658,0,0.4006764933197782,83.8948336414048,161.0637707948244,1.767097966728281,0.3798521256931608,0.0779876369490424
15.69620253164557,34.30524493566376,28.93992606284658,0,0.4006764933197782,83.8948336414048,161.0637707948244,1.767097966728281,0.3798521256931608,0.07778669403830582
15.88607594936709,34.30524493566376,28.93992606284658,0,0.4006764933197782,83.8948336414048,161.0637707948244,1.767097966728281,0.3798521256931608,0.0774357291643968
16.075949367088608,34.30524493566376,28.93992606284658,0,0.4006764933197782,83.8948336414048,161.0637707948244,1.767097966728281,0.3798521256931608,0.07695177016938998
16.265822784810126,34.30524493566376,28.93992606284658,0,0.4006764933197782,83.8948336414048,161.0637707948244,1.767097966728281,0.3798521256931608,0.07635217826689786
16.455696202531648,34.30524493566376,28.93992606284658,0,0.4006764933197782,83.8948336414048,161.0637707948244,1.767097966728281,0.3798521256931608,0.07565440978092743
16.645569620253166,34.30524493566376,28.93992606284658,0,0.4006764933197782,83.8948336414048,161.0637707948244,1.767097966728281,0.3798521256931608,0.07487580893139746
16.835443037974684,34.30524493566376,28.93992606284658,0,0.4006764933197782,83.8948336414048,161.0637707948244,1.767097966728281,0.3798521256931608,0.07403343284017888
17.025316455696203,34.30524493566376,28.93992606284658,0,0.4006764933197782,83.8948336414048,161.0637707948244,1.767097966728281,0.3798521256931608,0.07314390915322007
17.21518987341772,34.30524493566376,28.93992606284658,0,0.4006764933197782,83.8948336414048,161.0637707948244,1.767097966728281,0.3798521256931608,0.07222332601185479
17.405063291139243,34.30524493566376,28.93992606284658,0,0.4006764933197782,83.8948336414048,161.0637707948244,1.767097966728281,0.3798521256931608,0.07128715356242445
17.59493670886076,34.30524493566376,28.93992606284658,0,0.4006764933197782,83.8948336414048,161.0637707948244,1.767097966728281,0.3798521256931608,0.07035019576950481
17.78481012658228,34.30524493566376,28.93992606284658,0,0.4006764933197782,83.8948336414048,161.0637707948244,1.767097966728281,0.3798521256931608,0.06942657099465403
17.974683544303797,34.30524493566376,28.93992606284658,0,0.4006764933197782,83.8948336414048,161.0637707948244,1.767097966728281,0.3798521256931608,0.06852971961861024
18.164556962025316,34.30524493566376,28.93992606284658,0,0.4006764933197782,83.8948336414048,161.0637707948244,1.767097966728281,0.3798521256931608,0.0676724369177029
18.354430379746837,34.30524493566376,28.93992606284658,0,0.4006764933197782,83.8948336414048,161.0637707948244,1.767097966728281,0.3798521256931608,0.06686692945098198
18.544303797468356,34.30524493566376,28.93992606284658,0,0.4006764933197782,83.8948336414048,161.0637707948244,1.767097966728281,0.3798521256931608,0.06612489336834979
18.734177215189874,34.30524493566376,28.93992606284658,0,0.4006764933197782,83.8948336414048,161.0637707948244,1.767097966728281,0.3798521256931608,0.06545761330645412
18.924050632911396,34.30524493566376,28.93992606284658,0,0.4006764933197782,83.8948336414048,161.0637707948244,1.767097966728281,0.3798521256931608,0.06487608089311694
19.11392405063291,34.30524493566376,28.93992606284658,0,0.4006764933197782,83.8948336414048,161.0637707948244,1.767097966728281,0.3798521256931608,0.06439113232840427
19.303797468354432,34.30524493566376,28.93992606284658,0,0.4006764933197782,83.8948336414048,161.0637707948244,1.767097966728281,0.3798521256931608,0.0640136050485399
19.49367088607595,34.30524493566376,28.93992606284658,0,0.4006764933197782,83.8948336414048,161.0637707948244,1.767097966728281,0.3798521256931608,0.06375451410760803
19.68354430379747,34.30524493566376,28.93992606284658,0,0.4006764933197782,83.8948336414048,161.0637707948244,1.767097966728281,0.3798521256931608,0.063625249634324
19.87341772151899,34.30524493566376,28.93992606284658,0,0.4006764933197782,83.8948336414048,161.0637707948244,1.767097966728281,0.3798521256931608,0.063637797543701
20.063291139240505,34.30524493566376,28.93992606284658,0,0.4006764933197782,83.8948336414048,161.0637707948244,1.767097966728281,0.3798521256931608,0.06380483034663945
20.253164556962027,34.30524493566376,28.93992606284658,0,0.4006764933197782,83.8948336414048,161.0637707948244,1.767097966728281,0.3798521256931608,0.06413071652252804
20.443037974683545,34.30524493566376,28.93992606284658,0,0.4006764933197782,83.8948336414048,161.0637707948244,1.767097966728281,0.3798521256931608,0.06460627072808614
20.632911392405063,34.30524493566376,28.93992606284658,0,0.4006764933197782,83.8948336414048,161.0637707948244,1.767097966728281,0.3798521256931608,0.06522173972505431
20.822784810126585,34.30524493566376,28.93992606284658,0,0.4006764933197782,83.8948336414048,161.0637707948244,1.767097966728281,0.3798521256931608,0.0659678098648211
21.0126582278481,34.30524493566376,28.93992606284658,0,0.4006764933197782,83.8948336414048,161.0637707948244,1.767097966728281,0.3798521256931608,0.06683538785194115
21.20253164556962,34.30524493566376,28.93992606284658,0,0.4006764933197782,83.8948336414048,161.0637707948244,1.767097966728281,0.3798521256931608,0.06781539919507638
21.39240506329114,34.30524493566376,28.93992606284658,0,0.4006764933197782,83.8948336414048,161.0637707948244,1.767097966728281,0.3798521256931608,0.06889860253892198
21.582278481012658,34.30524493566376,28.93992606284658,0,0.4006764933197782,83.8948336414048,161.0637707948244,1.767097966728281,0.3798521256931608,0.07007541888905411
21.77215189873418,34.30524493566376,28.93992606284658,0,0.4006764933197782,83.8948336414048,161.0637707948244,1.767097966728281,0.3798521256931608,0.07133577548117903
21.962025316455698,34.30524493566376,28.93992606284658,0,0.4006764933197782,83.8948336414048,161.0637707948244,1.767097966728281,0.3798521256931608,0.07266896471145638
22.151898734177216,34.30524493566376,28.93992606284658,0,0.4006764933197782,83.8948336414048,161.0637707948244,1.767097966728281,0.3798521256931608,0.07406351913566886
22.341772151898734,34.30524493566376,28.93992606284658,0,0.4006764933197782,83.8948336414048,161.0637707948244,1.767097966728281,0.3798521256931608,0.0755071040586601
22.531645569620252,34.30524493566376,28.93992606284658,0,0.4006764933197782,83.8948336414048,161.0637707948244,1.767097966728281,0.3798521256931608,0.07698642966551697
22.721518987341774,34.30524493566376,28.93992606284658,0,0.4006764933197782,83.8948336414048,161.0637707948244,1.767097966728281,0.3798521256931608,0.07848718498441028
22.911392405063292,34.30524493566376,28.93992606284658,0,0.4006764933197782,83.8948336414048,161.0637707948244,1.767097966728281,0.3798521256931608,0.0799939962089738
23.10126582278481,34.30524493566376,28.93992606284658,0,0.4006764933197782,83.8948336414048,161.0637707948244,1.767097966728281,0.3798521256931608,0.0814904120368806
23.291139240506332,34.30524493566376,28.93992606284658,0,0.4006764933197782,83.8948336414048,161.0637707948244,1.767097966728281,0.3798521256931608,0.08295891869338791
23.481012658227847,34.30524493566376,28.93992606284658,0,0.4006764933197782,83.8948336414048,161.0637707948244,1.767097966728281,0.3798521256931608,0.08438098719852304
23.67088607594937,34.30524493566376,28.93992606284658,0,0.4006764933197782,83.8948336414048,161.0637707948244,1.767097966728281,0.3798521256931608,0.08573715520140222
23.860759493670887,34.30524493566376,28.93992606284658,0,0.4006764933197782,83.8948336414048,161.0637707948244,1.767097966728281,0.3798521256931608,0.08700714534482462
24.050632911392405,34.30524493566376,28.93992606284658,0,0.4006764933197782,83.8948336414048,161.0637707948244,1.767097966728281,0.3798521256931608,0.08817002164045425
24.240506329113927,34.30524493566376,28.93992606284658,0,0.4006764933197782,83.8948336414048,161.0637707948244,1.767097966728281,0.3798521256931608,0.0892043847343225
24.430379746835442,34.30524493566376,28.93992606284658,0,0.4006764933197782,83.8948336414048,161.0637707948244,1.767097966728281,0.3798521256931608,0.0900886062300388
24.620253164556964,34.30524493566376,28.93992606284658,0,0.4006764933197782,83.8948336414048,161.0637707948244,1.767097966728281,0.3798521256931608,0.09080297295291348
24.810126582278482,34.30524493566376,28.93992606284658,0,0.4006764933197782,83.8948336414048,161.0637707948244,1.767097966728281,0.3798521256931608,0.09135291039058073
25.0,34.30524493566376,28.93992606284658,0,0.4006764933197782,83.8948336414048,161.0637707948244,1.767097966728281,0.3798521256931608,0.09176240276690599
10.0,34.47010985133912,28.93992606284658,0,0.4006764933197782,83.8948336414048,161.0637707948244,1.767097966728281,0.3798521256931608,0.05706402891784804
10.189873417721518,34.47010985133912,28.93992606284658,0,0.4006764933197782,83.8948336414048,161.0637707948244,1.767097966728281,0.3798521256931608,0.05706402891784804
10.379746835443038,34.47010985133912,28.93992606284658,0,0.4006764933197782,83.8948336414048,161.0637707948244,1.767097966728281,0.3798521256931608,0.05706402891784804
10.569620253164556,34.47010985133912,28.93992606284658,0,0.4006764933197782,83.8948336414048,161.0637707948244,1.767097966728281,0.3798521256931608,0.05706402891784804
10.759493670886076,34.47010985133912,28.93992606284658,0,0.4006764933197782,83.8948336414048,161.0637707948244,1.767097966728281,0.3798521256931608,0.05706402891784804
10.949367088607595,34.47010985133912,28.93992606284658,0,0.4006764933197782,83.8948336414048,161.0637707948244,1.767097966728281,0.3798521256931608,0.05706402891784804
11.139240506329115,34.47010985133912,28.93992606284658,0,0.4006764933197782,83.8948336414048,161.0637707948244,1.767097966728281,0.3798521256931608,0.05773648229072954
11.329113924050633,34.47010985133912,28.93992606284658,0,0.4006764933197782,83.8948336414048,161.0637707948244,1.767097966728281,0.3798521256931608,0.05869683420143752
11.518987341772153,34.47010985133912,28.93992606284658,0,0.4006764933197782,83.8948336414048,161.0637707948244,1.767097966728281,0.3798521256931608,0.059702307359877936
11.708860759493671,34.47010985133912,28.93992606284658,0,0.4006764933197782,83.8948336414048,161.0637707948244,1.767097966728281,0.3798521256931608,0.06074715515417569
11.89873417721519,34.47010985133912,28.93992606284658,0,0.4006764933197782,83.8948336414048,161.0637707948244,1.767097966728281,0.3798521256931608,0.06182522047679521
12.08860759493671,34.47010985133912,28.93992606284658,0,0.4006764933197782,83.8948336414048,161.0637707948244,1.767097966728281,0.3798521256931608,0.0629298987558217
12.278481012658228,34.47010985133912,28.93992606284658,0,0.4006764933197782,83.8948336414048,161.0637707948244,1.767097966728281,0.3798521256931608,0.06405410766562157
12.468354430379748,34.47010985133912,28.93992606284658,0,0.4006764933197782,83.8948336414048,161.0637707948244,1.767097966728281,0.3798521256931608,0.06519026429493174
12.658227848101266,34.47010985133912,28.93992606284658,0,0.4006764933197782,83.8948336414048,161.0637707948244,1.767097966728281,0.3798521256931608,0.06633027060363662
12.848101265822784,34.47010985133912,28.93992606284658,0,0.4006764933197782,83.8948336414048,161.0637707948244,1.767097966728281,0.3798521256931608,0.06746550802893658
13.037974683544304,34.47010985133912,28.93992606284658,0,0.4006764933197782,83.8948336414048,161.0637707948244,1.767097966728281,0.3798521256931608,0.06858684210524041
13.227848101265824,34.47010985133912,28.93992606284658,0,0.4006764933197782,83.8948336414048,161.0637707948244,1.767097966728281,0.3798521256931608,0.06968463793822807
13.417721518987342,34.47010985133912,28.93992606284658,0,0.4006764933197782,83.8948336414048,161.0637707948244,1.767097966728281,0.3798521256931608,0.07074878732071244
13.60759493670886,34.47010985133912,28.93992606284658,0,0.4006764933197782,83.8948336414048,161.0637707948244,1.767097966728281,0.3798521256931608,0.0717687481952743
13.79746835443038,34.47010985133912,28.93992606284658,0,0.4006764933197782,83.8948336414048,161.0637707948244,1.767097966728281,0.3798521256931608,0.07273359705570515
13.987341772151899,34.47010985133912,28.93992606284658,0,0.4006764933197782,83.8948336414048,161.0637707948244,1.767097966728281,0.3798521256931608,0.07363209473608925
14.177215189873419,34.47010985133912,28.93992606284658,0,0.4006764933197782,83.8948336414048,161.0637707948244,1.767097966728281,0.3798521256931608,0.07445276586338381
14.367088607594937,34.47010985133912,28.93992606284658,0,0.4006764933197782,83.8948336414048,161.0637707948244,1.767097966728281,0.3798521256931608,0.07518399204744008
14.556962025316455,34.47010985133912,28.93992606284658,0,0.4006764933197782,83.8948336414048,161.0637707948244,1.767097966728281,0.3798521256931608,0.07581411865265428
14.746835443037975,34.47010985133912,28.93992606284658,0,0.4006764933197782,83.8948336414048,161.0637707948244,1.767097966728281,0.3798521256931608,0.07633157473909098
14.936708860759495,34.47010985133912,28.93992606284658,0,0.4006764933197782,83.8948336414048,161.0637707948244,1.767097966728281,0.3798521256931608,0.07672500547928225
15.126582278481013,34.47010985133912,28.93992606284658,0,0.4006764933197782,83.8948336414048,161.0637707948244,1.767097966728281,0.3798521256931608,0.07698341605128062
15.316455696202532,34.47010985133912,28.93992606284658,0,0.4006764933197782,83.8948336414048,161.0637707948244,1.767097966728281,0.3798521256931608,0.0770963256802432
15.50632911392405,34.47010985133912,28.93992606284658,0,0.4006764933197782,83.8948336414048,161.0637707948244,1.767097966728281,0.3798521256931608,0.07705393030151664
15.69620253164557,34.47010985133912,28.93992606284658,0,0.4006764933197782,83.8948336414048,161.0637707948244,1.767097966728281,0.3798521256931608,0.07685173437613084
15.88607594936709,34.47010985133912,28.93992606284658,0,0.4006764933197782,83.8948336414048,161.0637707948244,1.767097966728281,0.3798521256931608,0.07650226826701638
16.075949367088608,34.47010985133912,28.93992606284658,0,0.4006764933197782,83.8948336414048,161.0637707948244,1.767097966728281,0.3798521256931608,0.07602230967132381
16.265822784810126,34.47010985133912,28.93992606284658,0,0.4006764933197782,83.8948336414048,161.0637707948244,1.767097966728281,0.3798521256931608,0.07542895685460593
16.455696202531648,34.47010985133912,28.93992606284658,0,0.4006764933197782,83.8948336414048,161.0637707948244,1.767097966728281,0.3798521256931608,0.07473939535526034
16.645569620253166,34.47010985133912,28.93992606284658,0,0.4006764933197782,83.8948336414048,161.0637707948244,1.767097966728281,0.3798521256931608,0.07397069524938236
16.835443037974684,34.47010985133912,28.93992606284658,0,0.4006764933197782,83.8948336414048,161.0637707948244,1.767097966728281,0.3798521256931608,0.07313964010724527
17.025316455696203,34.47010985133912,28.93992606284658,0,0.4006764933197782,83.8948336414048,161.0637707948244,1.767097966728281,0.3798521256931608,0.0722625880091168
17.21518987341772,34.47010985133912,28.93992606284658,0,0.4006764933197782,83.8948336414048,161.0637707948244,1.767097966728281,0.3798521256931608,0.07135536433912465
17.405063291139243,34.47010985133912,28.93992606284658,0,0.4006764933197782,83.8948336414048,161.0637707948244,1.767097966728281,0.3798521256931608,0.0704331855440454
17.59493670886076,34.47010985133912,28.93992606284658,0,0.4006764933197782,83.8948336414048,161.0637707948244,1.767097966728281,0.3798521256931608,0.06951061263071032
17.78481012658228,34.47010985133912,28.93992606284658,0,0.4006764933197782,83.8948336414048,161.0637707948244,1.767097966728281,0.3798521256931608,0.06860153288138501
17.974683544303797,34.47010985133912,28.93992606284658,0,0.4006764933197782,83.8948336414048,161.0637707948244,1.767097966728281,0.3798521256931608,0.06771916808972611
18.164556962025316,34.47010985133912,28.93992606284658,0,0.4006764933197782,83.8948336414048,161.0637707948244,1.767097966728281,0.3798521256931608,0.06687610755801938
18.354430379746837,34.47010985133912,28.93992606284658,0,0.4006764933197782,83.8948336414048,161.0637707948244,1.767097966728281,0.3798521256931608,0.0660843641453414
18.544303797468356,34.47010985133912,28.93992606284658,0,0.4006764933197782,83.8948336414048,161.0637707948244,1.767097966728281,0.3798521256931608,0.06535545181112291
18.734177215189874,34.47010985133912,28.93992606284658,0,0.4006764933197782,83.8948336414048,161.0637707948244,1.767097966728281,0.3798521256931608,0.0647004833539898
18.924050632911396,34.47010985133912,28.93992606284658,0,0.4006764933197782,83.8948336414048,161.0637707948244,1.767097966728281,0.3798521256931608,0.06413028739661067
19.11392405063291,34.47010985133912,28.93992606284658,0,0.4006764933197782,83.8948336414048,161.0637707948244,1.767097966728281,0.3798521256931608,0.06365554410947108
19.303797468354432,34.47010985133912,28.93992606284658,0,0.4006764933197782,83.8948336414048,161.0637707948244,1.767097966728281,0.3798521256931608,0.06328693969757886
19.49367088607595,34.47010985133912,28.93992606284658,0,0.4006764933197782,83.8948336414048,161.0637707948244,1.767097966728281,0.3798521256931608,0.06303534029410052
19.68354430379747,34.47010985133912,28.93992606284658,0,0.4006764933197782,83.8948336414048,161.0637707948244,1.767097966728281,0.3798521256931608,0.06291198661690832
19.87341772151899,34.47010985133912,28.93992606284658,0,0.4006764933197782,83.8948336414048,161.0637707948244,1.767097966728281,0.3798521256931608,0.06292871155469926
20.063291139240505,34.47010985133912,28.93992606284658,0,0.4006764933197782,83.8948336414048,161.0637707948244,1.767097966728281,0.3798521256931608,0.06309802953684307
20.253164556962027,34.47010985133912,28.93992606284658,0,0.4006764933197782,83.8948336414048,161.0637707948244,1.767097966728281,0.3798521256931608,0.06342426226568898
20.443037974683545,34.47010985133912,28.93992606284658,0,0.4006764933197782,83.8948336414048,161.0637707948244,1.767097966728281,0.3798521256931608,0.06389835364955197
20.632911392405063,34.47010985133912,28.93992606284658,0,0.4006764933197782,83.8948336414048,161.0637707948244,1.767097966728281,0.3798521256931608,0.06451068428451175
20.822784810126585,34.47010985133912,28.93992606284658,0,0.4006764933197782,83.8948336414048,161.0637707948244,1.767097966728281,0.3798521256931608,0.06525206562733647
21.0126582278481,34.47010985133912,28.93992606284658,0,0.4006764933197782,83.8948336414048,161.0637707948244,1.767097966728281,0.3798521256931608,0.06611352348155244
21.20253164556962,34.47010985133912,28.93992606284658,0,0.4006764933197782,83.8948336414048,161.0637707948244,1.767097966728281,0.3798521256931608,0.06708609890337904
21.39240506329114,34.47010985133912,28.93992606284658,0,0.4006764933197782,83.8948336414048,161.0637707948244,1.767097966728281,0.3798521256931608,0.06816066474847443
21.582278481012658,34.47010985133912,28.93992606284658,0,0.4006764933197782,83.8948336414048,161.0637707948244,1.767097966728281,0.3798521256931608,0.06932775689002425
21.77215189873418,34.47010985133912,28.93992606284658,0,0.4006764933197782,83.8948336414048,161.0637707948244,1.767097966728281,0.3798521256931608,0.070577419870508
21.962025316455698,34.47010985133912,28.93992606284658,0,0.4006764933197782,83.8948336414048,161.0637707948244,1.767097966728281,0.3798521256931608,0.07189906740801542
22.151898734177216,34.47010985133912,28.93992606284658,0,0.4006764933197782,83.8948336414048,161.0637707948244,1.767097966728281,0.3798521256931608,0.07328135876353464
22.341772151898734,34.47010985133912,28.93992606284658,0,0.4006764933197782,83.8948336414048,161.0637707948244,1.767097966728281,0.3798521256931608,0.07471209248488123
22.531645569620252,34.47010985133912,28.93992606284658,0,0.4006764933197782,83.8948336414048,161.0637707948244,1.767097966728281,0.3798521256931608,0.07617811946974373
22.721518987341774,34.47010985133912,28.93992606284658,0,0.4006764933197782,83.8948336414048,161.0637707948244,1.767097966728281,0.3798521256931608,0.0776652776266883
22.911392405063292,34.47010985133912,28.93992606284658,0,0.4006764933197782,83.8948336414048,161.0637707948244,1.767097966728281,0.3798521256931608,0.079158350649978
23.10126582278481,34.47010985133912,28.93992606284658,0,0.4006764933197782,83.8948336414048,161.0637707948244,1.767097966728281,0.3798521256931608,0.08064105355295374
23.291139240506332,34.47010985133912,28.93992606284658,0,0.4006764933197782,83.8948336414048,161.0637707948244,1.767097966728281,0.3798521256931608,0.08209604761785579
23.481012658227847,34.47010985133912,28.93992606284658,0,0.4006764933197782,83.8948336414048,161.0637707948244,1.767097966728281,0.3798521256931608,0.08350498731162377
23.67088607594937,34.47010985133912,28.93992606284658,0,0.4006764933197782,83.8948336414048,161.0637707948244,1.767097966728281,0.3798521256931608,0.08484860148427482
23.860759493670887,34.47010985133912,28.93992606284658,0,0.4006764933197782,83.8948336414048,161.0637707948244,1.767097966728281,0.3798521256931608,0.08610681080856228
24.050632911392405,34.47010985133912,28.93992606284658,0,0.4006764933197782,83.8948336414048,161.0637707948244,1.767097966728281,0.3798521256931608,0.08725888293916714
24.240506329113927,34.47010985133912,28.93992606284658,0,0.4006764933197782,83.8948336414048,161.0637707948244,1.767097966728281,0.3798521256931608,0.08828362627112732
24.430379746835442,34.47010985133912,28.93992606284658,0,0.4006764933197782,83.8948336414048,161.0637707948244,1.767097966728281,0.3798521256931608,0.08915962246635156
24.620253164556964,34.47010985133912,28.93992606284658,0,0.4006764933197782,83.8948336414048,161.0637707948244,1.767097966728281,0.3798521256931608,0.08986735042812623
24.810126582278482,34.47010985133912,28.93992606284658,0,0.4006764933197782,83.8948336414048,161.0637707948244,1.767097966728281,0.3798521256931608,0.09041218486455316
25.0,34.47010985133912,28.93992606284658,0,0.4006764933197782,83.8948336414048,161.0637707948244,1.767097966728281,0.3798521256931608,0.0908178818742194
10.0,34.634974767014484,28.93992606284658,0,0.4006764933197782,83.8948336414048,161.0637707948244,1.767097966728281,0.3798521256931608,0.05601215120660056
10.189873417721518,34.634974767014484,28.93992606284658,0,0.4006764933197782,83.8948336414048,161.0637707948244,1.767097966728281,0.3798521256931608,0.05601215120660056
10.379746835443038,34.634974767014484,28.93992606284658,0,0.4006764933197782,83.8948336414048,161.0637707948244,1.767097966728281,0.3798521256931608,0.05601215120660056
10.569620253164556,34.634974767014484,28.93992606284658,0,0.4006764933197782,83.8948336414048,161.0637707948244,1.767097966728281,0.3798521256931608,0.05601215120660056
10.759493670886076,34.634974767014484,28.93992606284658,0,0.4006764933197782,83.8948336414048,161.0637707948244,1.767097966728281,0.3798521256931608,0.05601215120660056
10.949367088607595,34.634974767014484,28.93992606284658,0,0.4006764933197782,83.8948336414048,161.0637707948244,1.767097966728281,0.3798521256931608,0.05601215120660056
11.139240506329115,34.634974767014484,28.93992606284658,0,0.4006764933197782,83.8948336414048,161.0637707948244,1.767097966728281,0.3798521256931608,0.05671336744413907
11.329113924050633,34.634974767014484,28.93992606284658,0,0.4006764933197782,83.8948336414048,161.0637707948244,1.767097966728281,0.3798521256931608,0.057708771025419006
11.518987341772153,34.634974767014484,28.93992606284658,0,0.4006764933197782,83.8948336414048,161.0637707948244,1.767097966728281,0.3798521256931608,0.05874468163569801
11.708860759493671,34.634974767014484,28.93992606284658,0,0.4006764933197782,83.8948336414048,161.0637707948244,1.767097966728281,0.3798521256931608,0.05981555548226209
11.89873417721519,34.634974767014484,28.93992606284658,0,0.4006764933197782,83.8948336414048,161.0637707948244,1.767097966728281,0.3798521256931608,0.06091542869429011
12.08860759493671,34.634974767014484,28.93992606284658,0,0.4006764933197782,83.8948336414048,161.0637707948244,1.767097966728281,0.3798521256931608,0.06203788609707452
12.278481012658228,34.634974767014484,28.93992606284658,0,0.4006764933197782,83.8948336414048,161.0637707948244,1.767097966728281,0.3798521256931608,0.063176036355927
12.468354430379748,34.634974767014484,28.93992606284658,0,0.4006764933197782,83.8948336414048,161.0637707948244,1.767097966728281,0.3798521256931608,0.06432249425172075
12.658227848101266,34.634974767014484,28.93992606284658,0,0.4006764933197782,83.8948336414048,161.0637707948244,1.767097966728281,0.3798521256931608,0.06546937088709805
12.848101265822784,34.634974767014484,28.93992606284658,0,0.4006764933197782,83.8948336414048,161.0637707948244,1.767097966728281,0.3798521256931608,0.06660827263750023
13.037974683544304,34.634974767014484,28.93992606284658,0,0.4006764933197782,83.8948336414048,161.0637707948244,1.767097966728281,0.3798521256931608,0.06773030965254617
13.227848101265824,34.634974767014484,28.93992606284658,0,0.4006764933197782,83.8948336414048,161.0637707948244,1.767097966728281,0.3798521256931608,0.0688261146794525
13.417721518987342,34.634974767014484,28.93992606284658,0,0.4006764933197782,83.8948336414048,161.0637707948244,1.767097966728281,0.3798521256931608,0.06988587292000663
13.60759493670886,34.634974767014484,28.93992606284658,0,0.4006764933197782,83.8948336414048,161.0637707948244,1.767097966728281,0.3798521256931608,0.0708993635454025
13.79746835443038,34.634974767014484,28.93992606284658,0,0.4006764933197782,83.8948336414048,161.0637707948244,1.767097966728281,0.3798521256931608,0.07185601337880022
13.987341772151899,34.634974767014484,28.93992606284658,0,0.4006764933197782,83.8948336414048,161.0637707948244,1.767097966728281,0.3798521256931608,0.07274496311393885
14.177215189873419,34.634974767014484,28.93992606284658,0,0.4006764933197782,83.8948336414048,161.0637707948244,1.767097966728281,0.3798521256931608,0.07355514627013544
14.367088607594937,34.634974767014484,28.93992606284658,0,0.4006764933197782,83.8948336414048,161.0637707948244,1.767097966728281,0.3798521256931608,0.07427538089039704
14.556962025316455,34.634974767014484,28.93992606284658,0,0.4006764933197782,83.8948336414048,161.0637707948244,1.767097966728281,0.3798521256931608,0.07489447377128777
14.746835443037975,34.634974767014484,28.93992606284658,0,0.4006764933197782,83.8948336414048,161.0637707948244,1.767097966728281,0.3798521256931608,0.07540133677182417
14.936708860759495,34.634974767014484,28.93992606284658,0,0.4006764933197782,83.8948336414048,161.0637707948244,1.767097966728281,0.3798521256931608,0.07578511448529086
15.126582278481013,34.634974767014484,28.93992606284658,0,0.4006764933197782,83.8948336414048,161.0637707948244,1.767097966728281,0.3798521256931608,0.07603532227372693
15.316455696202532,34.634974767014484,28.93992606284658,0,0.4006764933197782,83.8948336414048,161.0637707948244,1.767097966728281,0.3798521256931608,0.07614199336122476
15.50632911392405,34.634974767014484,28.93992606284658,0,0.4006764933197782,83.8948336414048,161.0637707948244,1.767097966728281,0.3798521256931608,0.07609583350637926
15.69620253164557,34.634974767014484,28.93992606284658,0,0.4006764933197782,83.8948336414048,161.0637707948244,1.767097966728281,0.3798521256931608,0.0758927132985681
15.88607594936709,34.634974767014484,28.93992606284658,0,0.4006764933197782,83.8948336414048,161.0637707948244,1.767097966728281,0.3798521256931608,0.07554503687621994
16.075949367088608,34.634974767014484,28.93992606284658,0,0.4006764933197782,83.8948336414048,161.0637707948244,1.767097966728281,0.3798521256931608,0.07506933147178305
16.265822784810126,34.634974767014484,28.93992606284658,0,0.4006764933197782,83.8948336414048,161.0637707948244,1.767097966728281,0.3798521256931608,0.07448243276919472
16.455696202531648,34.634974767014484,28.93992606284658,0,0.4006764933197782,83.8948336414048,161.0637707948244,1.767097966728281,0.3798521256931608,0.07380125642250865
16.645569620253166,34.634974767014484,28.93992606284658,0,0.4006764933197782,83.8948336414048,161.0637707948244,1.767097966728281,0.3798521256931608,0.07304259965645793
16.835443037974684,34.634974767014484,28.93992606284658,0,0.4006764933197782,83.8948336414048,161.0637707948244,1.767097966728281,0.3798521256931608,0.07222297404007162
17.025316455696203,34.634974767014484,28.93992606284658,0,0.4006764933197782,83.8948336414048,161.0637707948244,1.767097966728281,0.3798521256931608,0.07135846977504669
17.21518987341772,34.634974767014484,28.93992606284658,0,0.4006764933197782,83.8948336414048,161.0637707948244,1.767097966728281,0.3798521256931608,0.07046465120441736
17.405063291139243,34.634974767014484,28.93992606284658,0,0.4006764933197782,83.8948336414048,161.0637707948244,1.767097966728281,0.3798521256931608,0.0695564827267777
17.59493670886076,34.634974767014484,28.93992606284658,0,0.4006764933197782,83.8948336414048,161.0637707948244,1.767097966728281,0.3798521256931608,0.06864828389827249
17.78481012658228,34.634974767014484,28.93992606284658,0,0.4006764933197782,83.8948336414048,161.0637707948244,1.767097966728281,0.3798521256931608,0.06775371221882487
17.974683544303797,34.634974767014484,28.93992606284658,0,0.4006764933197782,83.8948336414048,161.0637707948244,1.767097966728281,0.3798521256931608,0.06688577192916106
18.164556962025316,34.634974767014484,28.93992606284658,0,0.4006764933197782,83.8948336414048,161.0637707948244,1.767097966728281,0.3798521256931608,0.06605684708825199
18.354430379746837,34.634974767014484,28.93992606284658,0,0.4006764933197782,83.8948336414048,161.0637707948244,1.767097966728281,0.3798521256931608,0.06527875725269366
18.544303797468356,34.634974767014484,28.93992606284658,0,0.4006764933197782,83.8948336414048,161.0637707948244,1.767097966728281,0.3798521256931608,0.06456283423527993
18.734177215189874,34.634974767014484,28.93992606284658,0,0.4006764933197782,83.8948336414048,161.0637707948244,1.767097966728281,0.3798521256931608,0.06392001867426815
18.924050632911396,34.634974767014484,28.93992606284658,0,0.4006764933197782,83.8948336414048,161.0637707948244,1.767097966728281,0.3798521256931608,0.06336097549252455
19.11392405063291,34.634974767014484,28.93992606284658,0,0.4006764933197782,83.8948336414048,161.0637707948244,1.767097966728281,0.3798521256931608,0.06289622776284234
19.303797468354432,34.634974767014484,28.93992606284658,0,0.4006764933197782,83.8948336414048,161.0637707948244,1.767097966728281,0.3798521256931608,0.062536309019933
19.49367088607595,34.634974767014484,28.93992606284658,0,0.4006764933197782,83.8948336414048,161.0637707948244,1.767097966728281,0.3798521256931608,0.06229193467101815
19.68354430379747,34.634974767014484,28.93992606284658,0,0.4006764933197782,83.8948336414048,161.0637707948244,1.767097966728281,0.3798521256931608,0.06217419385880899
19.87341772151899,34.634974767014484,28.93992606284658,0,0.4006764933197782,83.8948336414048,161.0637707948244,1.767097966728281,0.3798521256931608,0.06219476392976904
20.063291139240505,34.634974767014484,28.93992606284658,0,0.4006764933197782,83.8948336414048,161.0637707948244,1.767097966728281,0.3798521256931608,0.062365998401005956
20.253164556962027,34.634974767014484,28.93992606284658,0,0.4006764933197782,83.8948336414048,161.0637707948244,1.767097966728281,0.3798521256931608,0.06269217078269307
20.443037974683545,34.634974767014484,28.93992606284658,0,0.4006764933197782,83.8948336414048,161.0637707948244,1.767097966728281,0.3798521256931608,0.06316435546786443
20.632911392405063,34.634974767014484,28.93992606284658,0,0.4006764933197782,83.8948336414048,161.0637707948244,1.767097966728281,0.3798521256931608,0.06377306854443296
20.822784810126585,34.634974767014484,28.93992606284658,0,0.4006764933197782,83.8948336414048,161.0637707948244,1.767097966728281,0.3798521256931608,0.06450924845997373
21.0126582278481,34.634974767014484,28.93992606284658,0,0.4006764933197782,83.8948336414048,161.0637707948244,1.767097966728281,0.3798521256931608,0.06536404225554482
21.20253164556962,34.634974767014484,28.93992606284658,0,0.4006764933197782,83.8948336414048,161.0637707948244,1.767097966728281,0.3798521256931608,0.06632860895212885
21.39240506329114,34.634974767014484,28.93992606284658,0,0.4006764933197782,83.8948336414048,161.0637707948244,1.767097966728281,0.3798521256931608,0.06739393833711006
21.582278481012658,34.634974767014484,28.93992606284658,0,0.4006764933197782,83.8948336414048,161.0637707948244,1.767097966728281,0.3798521256931608,0.06855068419899536
21.77215189873418,34.634974767014484,28.93992606284658,0,0.4006764933197782,83.8948336414048,161.0637707948244,1.767097966728281,0.3798521256931608,0.0697890117826493
21.962025316455698,34.634974767014484,28.93992606284658,0,0.4006764933197782,83.8948336414048,161.0637707948244,1.767097966728281,0.3798521256931608,0.07109845988919898
22.151898734177216,34.634974767014484,28.93992606284658,0,0.4006764933197782,83.8948336414048,161.0637707948244,1.767097966728281,0.3798521256931608,0.07246781862478256
22.341772151898734,34.634974767014484,28.93992606284658,0,0.4006764933197782,83.8948336414048,161.0637707948244,1.767097966728281,0.3798521256931608,0.07388502430719414
22.531645569620252,34.634974767014484,28.93992606284658,0,0.4006764933197782,83.8948336414048,161.0637707948244,1.767097966728281,0.3798521256931608,0.07533707346309693
22.721518987341774,34.634974767014484,28.93992606284658,0,0.4006764933197782,83.8948336414048,161.0637707948244,1.767097966728281,0.3798521256931608,0.07680995818284873
22.911392405063292,34.634974767014484,28.93992606284658,0,0.4006764933197782,83.8948336414048,161.0637707948244,1.767097966728281,0.3798521256931608,0.07828862533614978
23.10126582278481,34.634974767014484,28.93992606284658,0,0.4006764933197782,83.8948336414048,161.0637707948244,1.767097966728281,0.3798521256931608,0.07975696228084685
23.291139240506332,34.634974767014484,28.93992606284658,0,0.4006764933197782,83.8948336414048,161.0637707948244,1.767097966728281,0.3798521256931608,0.08119781171152493
23.481012658227847,34.634974767014484,28.93992606284658,0,0.4006764933197782,83.8948336414048,161.0637707948244,1.767097966728281,0.3798521256931608,0.08259301818807953
23.67088607594937,34.634974767014484,28.93992606284658,0,0.4006764933197782,83.8948336414048,161.0637707948244,1.767097966728281,0.3798521256931608,0.08392350865392195
23.860759493670887,34.634974767014484,28.93992606284658,0,0.4006764933197782,83.8948336414048,161.0637707948244,1.767097966728281,0.3798521256931608,0.08516940889817494
24.050632911392405,34.634974767014484,28.93992606284658,0,0.4006764933197782,83.8948336414048,161.0637707948244,1.767097966728281,0.3798521256931608,0.08631019743827069
24.240506329113927,34.634974767014484,28.93992606284658,0,0.4006764933197782,83.8948336414048,161.0637707948244,1.767097966728281,0.3798521256931608,0.08732489770296241
24.430379746835442,34.634974767014484,28.93992606284658,0,0.4006764933197782,83.8948336414048,161.0637707948244,1.767097966728281,0.3798521256931608,0.08819230868646956
24.620253164556964,34.634974767014484,28.93992606284658,0,0.4006764933197782,83.8948336414048,161.0637707948244,1.767097966728281,0.3798521256931608,0.08889310785234952
24.810126582278482,34.634974767014484,28.93992606284658,0,0.4006764933197782,83.8948336414048,161.0637707948244,1.767097966728281,0.3798521256931608,0.08943261618684539
25.0,34.634974767014484,28.93992606284658,0,0.4006764933197782,83.8948336414048,161.0637707948244,1.767097966728281,0.3798521256931608,0.0898343517996027
10.0,34.79983968268984,28.93992606284658,0,0.4006764933197782,83.8948336414048,161.0637707948244,1.767097966728281,0.3798521256931608,0.054974817478647284
10.189873417721518,34.79983968268984,28.93992606284658,0,0.4006764933197782,83.8948336414048,161.0637707948244,1.767097966728281,0.3798521256931608,0.054974817478647284
10.379746835443038,34.79983968268984,28.93992606284658,0,0.4006764933197782,83.8948336414048,161.0637707948244,1.767097966728281,0.3798521256931608,0.054974817478647284
10.569620253164556,34.79983968268984,28.93992606284658,0,0.4006764933197782,83.8948336414048,161.0637707948244,1.767097966728281,0.3798521256931608,0.054974817478647284
10.759493670886076,34.79983968268984,28.93992606284658,0,0.4006764933197782,83.8948336414048,161.0637707948244,1.767097966728281,0.3798521256931608,0.054974817478647284
10.949367088607595,34.79983968268984,28.93992606284658,0,0.4006764933197782,83.8948336414048,161.0637707948244,1.767097966728281,0.3798521256931608,0.054974817478647284
11.139240506329115,34.79983968268984,28.93992606284658,0,0.4006764933197782,83.8948336414048,161.0637707948244,1.767097966728281,0.3798521256931608,0.05570131411634983
11.329113924050633,34.79983968268984,28.93992606284658,0,0.4006764933197782,83.8948336414048,161.0637707948244,1.767097966728281,0.3798521256931608,0.05672741206725133
11.518987341772153,34.79983968268984,28.93992606284658,0,0.4006764933197782,83.8948336414048,161.0637707948244,1.767097966728281,0.3798521256931608,0.05778982371272347
11.708860759493671,34.79983968268984,28.93992606284658,0,0.4006764933197782,83.8948336414048,161.0637707948244,1.767097966728281,0.3798521256931608,0.058883178706497875
11.89873417721519,34.79983968268984,28.93992606284658,0,0.4006764933197782,83.8948336414048,161.0637707948244,1.767097966728281,0.3798521256931608,0.060001681130380624
12.08860759493671,34.79983968268984,28.93992606284658,0,0.4006764933197782,83.8948336414048,161.0637707948244,1.767097966728281,0.3798521256931608,0.06113908329426034
12.278481012658228,34.79983968268984,28.93992606284658,0,0.4006764933197782,83.8948336414048,161.0637707948244,1.767097966728281,0.3798521256931608,0.06228866564727091
12.468354430379748,34.79983968268984,28.93992606284658,0,0.4006764933197782,83.8948336414048,161.0637707948244,1.767097966728281,0.3798521256931608,0.06344322353853343
12.658227848101266,34.79983968268984,28.93992606284658,0,0.4006764933197782,83.8948336414048,161.0637707948244,1.767097966728281,0.3798521256931608,0.06459506158956614
12.848101265822784,34.79983968268984,28.93992606284658,0,0.4006764933197782,83.8948336414048,161.0637707948244,1.767097966728281,0.3798521256931608,0.06573599644376145
13.037974683544304,34.79983968268984,28.93992606284658,0,0.4006764933197782,83.8948336414048,161.0637707948244,1.767097966728281,0.3798521256931608,0.06685736863971406
13.227848101265824,34.79983968268984,28.93992606284658,0,0.4006764933197782,83.8948336414048,161.0637707948244,1.767097966728281,0.3798521256931608,0.0679500643134384
13.417721518987342,34.79983968268984,28.93992606284658,0,0.4006764933197782,83.8948336414048,161.0637707948244,1.767097966728281,0.3798521256931608,0.06900454736872787
13.60759493670886,34.79983968268984,28.93992606284658,0,0.4006764933197782,83.8948336414048,161.0637707948244,1.767097966728281,0.3798521256931608,0.0700109026646368
13.79746835443038,34.79983968268984,28.93992606284658,0,0.4006764933197782,83.8948336414048,161.0637707948244,1.767097966728281,0.3798521256931608,0.07095889065423144
13.987341772151899,34.79983968268984,28.93992606284658,0,0.4006764933197782,83.8948336414048,161.0637707948244,1.767097966728281,0.3798521256931608,0.07183801376969152
14.177215189873419,34.79983968268984,28.93992606284658,0,0.4006764933197782,83.8948336414048,161.0637707948244,1.767097966728281,0.3798521256931608,0.0726375946862064
14.367088607594937,34.79983968268984,28.93992606284658,0,0.4006764933197782,83.8948336414048,161.0637707948244,1.767097966728281,0.3798521256931608,0.07334686641182572
14.556962025316455,34.79983968268984,28.93992606284658,0,0.4006764933197782,83.8948336414048,161.0637707948244,1.767097966728281,0.3798521256931608,0.07395507394359316
14.746835443037975,34.79983968268984,28.93992606284658,0,0.4006764933197782,83.8948336414048,161.0637707948244,1.767097966728281,0.3798521256931608,0.07445158700308785
14.936708860759495,34.79983968268984,28.93992606284658,0,0.4006764933197782,83.8948336414048,161.0637707948244,1.767097966728281,0.3798521256931608,0.07482602311815195
15.126582278481013,34.79983968268984,28.93992606284658,0,0.4006764933197782,83.8948336414048,161.0637707948244,1.767097966728281,0.3798521256931608,0.07506838005329762
15.316455696202532,34.79983968268984,28.93992606284658,0,0.4006764933197782,83.8948336414048,161.0637707948244,1.767097966728281,0.3798521256931608,0.0751691763103462
15.50632911392405,34.79983968268984,28.93992606284658,0,0.4006764933197782,83.8948336414048,161.0637707948244,1.767097966728281,0.3798521256931608,0.07511959826630626
15.69620253164557,34.79983968268984,28.93992606284658,0,0.4006764933197782,83.8948336414048,161.0637707948244,1.767097966728281,0.3798521256931608,0.07491585872899212
15.88607594936709,34.79983968268984,28.93992606284658,0,0.4006764933197782,83.8948336414048,161.0637707948244,1.767097966728281,0.3798521256931608,0.0745702312554096
16.075949367088608,34.79983968268984,28.93992606284658,0,0.4006764933197782,83.8948336414048,161.0637707948244,1.767097966728281,0.3798521256931608,0.07409899334010504
16.265822784810126,34.79983968268984,28.93992606284658,0,0.4006764933197782,83.8948336414048,161.0637707948244,1.767097966728281,0.3798521256931608,0.0735187194795964
16.455696202531648,34.79983968268984,28.93992606284658,0,0.4006764933197782,83.8948336414048,161.0637707948244,1.767097966728281,0.3798521256931608,0.07284605735052074
16.645569620253166,34.79983968268984,28.93992606284658,0,0.4006764933197782,83.8948336414048,161.0637707948244,1.767097966728281,0.3798521256931608,0.07209753359996002
16.835443037974684,34.79983968268984,28.93992606284658,0,0.4006764933197782,83.8948336414048,161.0637707948244,1.767097966728281,0.3798521256931608,0.07128939030137449
17.025316455696203,34.79983968268984,28.93992606284658,0,0.4006764933197782,83.8948336414048,161.0637707948244,1.767097966728281,0.3798521256931608,0.0704374523935895
17.21518987341772,34.79983968268984,28.93992606284658,0,0.4006764933197782,83.8948336414048,161.0637707948244,1.767097966728281,0.3798521256931608,0.06955702579636329
17.405063291139243,34.79983968268984,28.93992606284658,0,0.4006764933197782,83.8948336414048,161.0637707948244,1.767097966728281,0.3798521256931608,0.06866282538676795
17.59493670886076,34.79983968268984,28.93992606284658,0,0.4006764933197782,83.8948336414048,161.0637707948244,1.767097966728281,0.3798521256931608,0.06776893162723296
17.78481012658228,34.79983968268984,28.93992606284658,0,0.4006764933197782,83.8948336414048,161.0637707948244,1.767097966728281,0.3798521256931608,0.06688877435849981
17.974683544303797,34.79983968268984,28.93992606284658,0,0.4006764933197782,83.8948336414048,161.0637707948244,1.767097966728281,0.3798521256931608,0.06603514210730313
18.164556962025316,34.79983968268984,28.93992606284658,0,0.4006764933197782,83.8948336414048,161.0637707948244,1.767097966728281,0.3798521256931608,0.06522021520631663
18.354430379746837,34.79983968268984,28.93992606284658,0,0.4006764933197782,83.8948336414048,161.0637707948244,1.767097966728281,0.3798521256931608,0.06445562107853531
18.544303797468356,34.79983968268984,28.93992606284658,0,0.4006764933197782,83.8948336414048,161.0637707948244,1.767097966728281,0.3798521256931608,0.06375251019475009
18.734177215189874,34.79983968268984,28.93992606284658,0,0.4006764933197782,83.8948336414048,161.0637707948244,1.767097966728281,0.3798521256931608,0.06312165146578645
18.924050632911396,34.79983968268984,28.93992606284658,0,0.4006764933197782,83.8948336414048,161.0637707948244,1.767097966728281,0.3798521256931608,0.06257354617570025
19.11392405063291,34.79983968268984,28.93992606284658,0,0.4006764933197782,83.8948336414048,161.0637707948244,1.767097966728281,0.3798521256931608,0.062118559994218094
19.303797468354432,34.79983968268984,28.93992606284658,0,0.4006764933197782,83.8948336414048,161.0637707948244,1.767097966728281,0.3798521256931608,0.06176707312415758
19.49367088607595,34.79983968268984,28.93992606284658,0,0.4006764933197782,83.8948336414048,161.0637707948244,1.767097966728281,0.3798521256931608,0.06152964924262559
19.68354430379747,34.79983968268984,28.93992606284658,0,0.4006764933197782,83.8948336414048,161.0637707948244,1.767097966728281,0.3798521256931608,0.06141722458676127
19.87341772151899,34.79983968268984,28.93992606284658,0,0.4006764933197782,83.8948336414048,161.0637707948244,1.767097966728281,0.3798521256931608,0.06144131932261966
20.063291139240505,34.79983968268984,28.93992606284658,0,0.4006764933197782,83.8948336414048,161.0637707948244,1.767097966728281,0.3798521256931608,0.06161412414681561
20.253164556962027,34.79983968268984,28.93992606284658,0,0.4006764933197782,83.8948336414048,161.0637707948244,1.767097966728281,0.3798521256931608,0.06193986328618073
20.443037974683545,34.79983968268984,28.93992606284658,0,0.4006764933197782,83.8948336414048,161.0637707948244,1.767097966728281,0.3798521256931608,0.062409742195434534
20.632911392405063,34.79983968268984,28.93992606284658,0,0.4006764933197782,83.8948336414048,161.0637707948244,1.767097966728281,0.3798521256931608,0.06301441339263252
20.822784810126585,34.79983968268984,28.93992606284658,0,0.4006764933197782,83.8948336414048,161.0637707948244,1.767097966728281,0.3798521256931608,0.06374494349416153
21.0126582278481,34.79983968268984,28.93992606284658,0,0.4006764933197782,83.8948336414048,161.0637707948244,1.767097966728281,0.3798521256931608,0.06459260220927726
21.20253164556962,34.79983968268984,28.93992606284658,0,0.4006764933197782,83.8948336414048,161.0637707948244,1.767097966728281,0.3798521256931608,0.06554866822132994
21.39240506329114,34.79983968268984,28.93992606284658,0,0.4006764933197782,83.8948336414048,161.0637707948244,1.767097966728281,0.3798521256931608,0.06660425022866732
21.582278481012658,34.79983968268984,28.93992606284658,0,0.4006764933197782,83.8948336414048,161.0637707948244,1.767097966728281,0.3798521256931608,0.06775012221022295
21.77215189873418,34.79983968268984,28.93992606284658,0,0.4006764933197782,83.8948336414048,161.0637707948244,1.767097966728281,0.3798521256931608,0.06897657269713366
21.962025316455698,34.79983968268984,28.93992606284658,0,0.4006764933197782,83.8948336414048,161.0637707948244,1.767097966728281,0.3798521256931608,0.07027326847697932
22.151898734177216,34.79983968268984,28.93992606284658,0,0.4006764933197782,83.8948336414048,161.0637707948244,1.767097966728281,0.3798521256931608,0.07162913373175803
22.341772151898734,34.79983968268984,28.93992606284658,0,0.4006764933197782,83.8948336414048,161.0637707948244,1.767097966728281,0.3798521256931608,0.07303224611124567
22.531645569620252,34.79983968268984,28.93992606284658,0,0.4006764933197782,83.8948336414048,161.0637707948244,1.767097966728281,0.3798521256931608,0.0744697516638857
22.721518987341774,34.79983968268984,28.93992606284658,0,0.4006764933197782,83.8948336414048,161.0637707948244,1.767097966728281,0.3798521256931608,0.07592780087978573
22.911392405063292,34.79983968268984,28.93992606284658,0,0.4006764933197782,83.8948336414048,161.0637707948244,1.767097966728281,0.3798521256931608,0.07739150833581523
23.10126582278481,34.79983968268984,28.93992606284658,0,0.4006764933197782,83.8948336414048,161.0637707948244,1.767097966728281,0.3798521256931608,0.07884493856224667
23.291139240506332,34.79983968268984,28.93992606284658,0,0.4006764933197782,83.8948336414048,161.0637707948244,1.767097966728281,0.3798521256931608,0.0802711207659637
23.481012658227847,34.79983968268984,28.93992606284658,0,0.4006764933197782,83.8948336414048,161.0637707948244,1.767097966728281,0.3798521256931608,0.08165209494085038
23.67088607594937,34.79983968268984,28.93992606284658,0,0.4006764933197782,83.8948336414048,161.0637707948244,1.767097966728281,0.3798521256931608,0.08296899166796128
23.860759493670887,34.79983968268984,28.93992606284658,0,0.4006764933197782,83.8948336414048,161.0637707948244,1.767097966728281,0.3798521256931608,0.08420214755550391
24.050632911392405,34.79983968268984,28.93992606284658,0,0.4006764933197782,83.8948336414048,161.0637707948244,1.767097966728281,0.3798521256931608,0.08533125779335236
24.240506329113927,34.79983968268984,28.93992606284658,0,0.4006764933197782,83.8948336414048,161.0637707948244,1.767097966728281,0.3798521256931608,0.08633556670265835
24.430379746835442,34.79983968268984,28.93992606284658,0,0.4006764933197782,83.8948336414048,161.0637707948244,1.767097966728281,0.3798521256931608,0.08719409645349917
24.620253164556964,34.79983968268984,28.93992606284658,0,0.4006764933197782,83.8948336414048,161.0637707948244,1.767097966728281,0.3798521256931608,0.08788772826269128
24.810126582278482,34.79983968268984,28.93992606284658,0,0.4006764933197782,83.8948336414048,161.0637707948244,1.767097966728281,0.3798521256931608,0.08842172694141026
25.0,34.79983968268984,28.93992606284658,0,0.4006764933197782,83.8948336414048,161.0637707948244,1.767097966728281,0.3798521256931608,0.08881936452967963
10.0,34.9647045983652,28.93992606284658,0,0.4006764933197782,83.8948336414048,161.0637707948244,1.767097966728281,0.3798521256931608,0.0539552210238287
10.189873417721518,34.9647045983652,28.93992606284658,0,0.4006764933197782,83.8948336414048,161.0637707948244,1.767097966728281,0.3798521256931608,0.0539552210238287
10.379746835443038,34.9647045983652,28.93992606284658,0,0.4006764933197782,83.8948336414048,161.0637707948244,1.767097966728281,0.3798521256931608,0.0539552210238287
10.569620253164556,34.9647045983652,28.93992606284658,0,0.4006764933197782,83.8948336414048,161.0637707948244,1.767097966728281,0.3798521256931608,0.0539552210238287
10.759493670886076,34.9647045983652,28.93992606284658,0,0.4006764933197782,83.8948336414048,161.0637707948244,1.767097966728281,0.3798521256931608,0.0539552210238287
10.949367088607595,34.9647045983652,28.93992606284658,0,0.4006764933197782,83.8948336414048,161.0637707948244,1.767097966728281,0.3798521256931608,0.0539552210238287
11.139240506329115,34.9647045983652,28.93992606284658,0,0.4006764933197782,83.8948336414048,161.0637707948244,1.767097966728281,0.3798521256931608,0.054703758786981596
11.329113924050633,34.9647045983652,28.93992606284658,0,0.4006764933197782,83.8948336414048,161.0637707948244,1.767097966728281,0.3798521256931608,0.05575649453207883
11.518987341772153,34.9647045983652,28.93992606284658,0,0.4006764933197782,83.8948336414048,161.0637707948244,1.767097966728281,0.3798521256931608,0.05684174049638042
11.708860759493671,34.9647045983652,28.93992606284658,0,0.4006764933197782,83.8948336414048,161.0637707948244,1.767097966728281,0.3798521256931608,0.057954274694988525
11.89873417721519,34.9647045983652,28.93992606284658,0,0.4006764933197782,83.8948336414048,161.0637707948244,1.767097966728281,0.3798521256931608,0.059088447424873985
12.08860759493671,34.9647045983652,28.93992606284658,0,0.4006764933197782,83.8948336414048,161.0637707948244,1.767097966728281,0.3798521256931608,0.06023815946996123
12.278481012658228,34.9647045983652,28.93992606284658,0,0.4006764933197782,83.8948336414048,161.0637707948244,1.767097966728281,0.3798521256931608,0.06139684619874881
12.468354430379748,34.9647045983652,28.93992606284658,0,0.4006764933197782,83.8948336414048,161.0637707948244,1.767097966728281,0.3798521256931608,0.0625574682642665
12.658227848101266,34.9647045983652,28.93992606284658,0,0.4006764933197782,83.8948336414048,161.0637707948244,1.767097966728281,0.3798521256931608,0.06371250962867782
12.848101265822784,34.9647045983652,28.93992606284658,0,0.4006764933197782,83.8948336414048,161.0637707948244,1.767097966728281,0.3798521256931608,0.06485398362841188
13.037974683544304,34.9647045983652,28.93992606284658,0,0.4006764933197782,83.8948336414048,161.0637707948244,1.767097966728281,0.3798521256931608,0.06597344776900056
13.227848101265824,34.9647045983652,28.93992606284658,0,0.4006764933197782,83.8948336414048,161.0637707948244,1.767097966728281,0.3798521256931608,0.06706202789081903
13.417721518987342,34.9647045983652,28.93992606284658,0,0.4006764933197782,83.8948336414048,161.0637707948244,1.767097966728281,0.3798521256931608,0.06811045227698997
13.60759493670886,34.9647045983652,28.93992606284658,0,0.4006764933197782,83.8948336414048,161.0637707948244,1.767097966728281,0.3798521256931608,0.0691090961825405
13.79746835443038,34.9647045983652,28.93992606284658,0,0.4006764933197782,83.8948336414048,161.0637707948244,1.767097966728281,0.3798521256931608,0.07004803714958267
13.987341772151899,34.9647045983652,28.93992606284658,0,0.4006764933197782,83.8948336414048,161.0637707948244,1.767097966728281,0.3798521256931608,0.07091712133724692
14.177215189873419,34.9647045983652,28.93992606284658,0,0.4006764933197782,83.8948336414048,161.0637707948244,1.767097966728281,0.3798521256931608,0.07170604093806575
14.367088607594937,34.9647045983652,28.93992606284658,0,0.4006764933197782,83.8948336414048,161.0637707948244,1.767097966728281,0.3798521256931608,0.0724044225754159
14.556962025316455,34.9647045983652,28.93992606284658,0,0.4006764933197782,83.8948336414048,161.0637707948244,1.767097966728281,0.3798521256931608,0.07300192638058116
14.746835443037975,34.9647045983652,28.93992606284658,0,0.4006764933197782,83.8948336414048,161.0637707948244,1.767097966728281,0.3798521256931608,0.07348835523412539
14.936708860759495,34.9647045983652,28.93992606284658,0,0.4006764933197782,83.8948336414048,161.0637707948244,1.767097966728281,0.3798521256931608,0.07385377342576283
15.126582278481013,34.9647045983652,28.93992606284658,0,0.4006764933197782,83.8948336414048,161.0637707948244,1.767097966728281,0.3798521256931608,0.07408863374094991
15.316455696202532,34.9647045983652,28.93992606284658,0,0.4006764933197782,83.8948336414048,161.0637707948244,1.767097966728281,0.3798521256931608,0.07418391172225765
15.50632911392405,34.9647045983652,28.93992606284658,0,0.4006764933197782,83.8948336414048,161.0637707948244,1.767097966728281,0.3798521256931608,0.07413124571823675
15.69620253164557,34.9647045983652,28.93992606284658,0,0.4006764933197782,83.8948336414048,161.0637707948244,1.767097966728281,0.3798521256931608,0.07392716752668879
15.88607594936709,34.9647045983652,28.93992606284658,0,0.4006764933197782,83.8948336414048,161.0637707948244,1.767097966728281,0.3798521256931608,0.0735838167157863
16.075949367088608,34.9647045983652,28.93992606284658,0,0.4006764933197782,83.8948336414048,161.0637707948244,1.767097966728281,0.3798521256931608,0.07311722276201231
16.265822784810126,34.9647045983652,28.93992606284658,0,0.4006764933197782,83.8948336414048,161.0637707948244,1.767097966728281,0.3798521256931608,0.0725437013421135
16.455696202531648,34.9647045983652,28.93992606284658,0,0.4006764933197782,83.8948336414048,161.0637707948244,1.767097966728281,0.3798521256931608,0.07187963501323157
16.645569620253166,34.9647045983652,28.93992606284658,0,0.4006764933197782,83.8948336414048,161.0637707948244,1.767097966728281,0.3798521256931608,0.07114128304506614
16.835443037974684,34.9647045983652,28.93992606284658,0,0.4006764933197782,83.8948336414048,161.0637707948244,1.767097966728281,0.3798521256931608,0.07034462142209931
17.025316455696203,34.9647045983652,28.93992606284658,0,0.4006764933197782,83.8948336414048,161.0637707948244,1.767097966728281,0.3798521256931608,0.06950521331073957
17.21518987341772,34.9647045983652,28.93992606284658,0,0.4006764933197782,83.8948336414048,161.0637707948244,1.767097966728281,0.3798521256931608,0.06863810967398301
17.405063291139243,34.9647045983652,28.93992606284658,0,0.4006764933197782,83.8948336414048,161.0637707948244,1.767097966728281,0.3798521256931608,0.06775777921736972
17.59493670886076,34.9647045983652,28.93992606284658,0,0.4006764933197782,83.8948336414048,161.0637707948244,1.767097966728281,0.3798521256931608,0.06687806646580531
17.78481012658228,34.9647045983652,28.93992606284658,0,0.4006764933197782,83.8948336414048,161.0637707948244,1.767097966728281,0.3798521256931608,0.06601217650094314
17.974683544303797,34.9647045983652,28.93992606284658,0,0.4006764933197782,83.8948336414048,161.0637707948244,1.767097966728281,0.3798521256931608,0.06517268473150982
18.164556962025316,34.9647045983652,28.93992606284658,0,0.4006764933197782,83.8948336414048,161.0637707948244,1.767097966728281,0.3798521256931608,0.06437157002105025
18.354430379746837,34.9647045983652,28.93992606284658,0,0.4006764933197782,83.8948336414048,161.0637707948244,1.767097966728281,0.3798521256931608,0.06362026955471206
18.544303797468356,34.9647045983652,28.93992606284658,0,0.4006764933197782,83.8948336414048,161.0637707948244,1.767097966728281,0.3798521256931608,0.06292975398378858
18.734177215189874,34.9647045983652,28.93992606284658,0,0.4006764933197782,83.8948336414048,161.0637707948244,1.767097966728281,0.3798521256931608,0.06231062163845186
18.924050632911396,34.9647045983652,28.93992606284658,0,0.4006764933197782,83.8948336414048,161.0637707948244,1.767097966728281,0.3798521256931608,0.061773210940472105
19.11392405063291,34.9647045983652,28.93992606284658,0,0.4006764933197782,83.8948336414048,161.0637707948244,1.767097966728281,0.3798521256931608,0.061327730574869795
19.303797468354432,34.9647045983652,28.93992606284658,0,0.4006764933197782,83.8948336414048,161.0637707948244,1.767097966728281,0.3798521256931608,0.06098440749028164
19.49367088607595,34.9647045983652,28.93992606284658,0,0.4006764933197782,83.8948336414048,161.0637707948244,1.767097966728281,0.3798521256931608,0.060753653392698226
19.68354430379747,34.9647045983652,28.93992606284658,0,0.4006764933197782,83.8948336414048,161.0637707948244,1.767097966728281,0.3798521256931608,0.060646251079573374
19.87341772151899,34.9647045983652,28.93992606284658,0,0.4006764933197782,83.8948336414048,161.0637707948244,1.767097966728281,0.3798521256931608,0.060673562738138107
20.063291139240505,34.9647045983652,28.93992606284658,0,0.4006764933197782,83.8948336414048,161.0637707948244,1.767097966728281,0.3798521256931608,0.06084761522037788
20.253164556962027,34.9647045983652,28.93992606284658,0,0.4006764933197782,83.8948336414048,161.0637707948244,1.767097966728281,0.3798521256931608,0.061172582690620814
20.443037974683545,34.9647045983652,28.93992606284658,0,0.4006764933197782,83.8948336414048,161.0637707948244,1.767097966728281,0.3798521256931608,0.06163980161543469
20.632911392405063,34.9647045983652,28.93992606284658,0,0.4006764933197782,83.8948336414048,161.0637707948244,1.767097966728281,0.3798521256931608,0.06224006119345374
20.822784810126585,34.9647045983652,28.93992606284658,0,0.4006764933197782,83.8948336414048,161.0637707948244,1.767097966728281,0.3798521256931608,0.06296455671042393
21.0126582278481,34.9647045983652,28.93992606284658,0,0.4006764933197782,83.8948336414048,161.0637707948244,1.767097966728281,0.3798521256931608,0.06380468129557347
21.20253164556962,34.9647045983652,28.93992606284658,0,0.4006764933197782,83.8948336414048,161.0637707948244,1.767097966728281,0.3798521256931608,0.06475183430100973
21.39240506329114,34.9647045983652,28.93992606284658,0,0.4006764933197782,83.8948336414048,161.0637707948244,1.767097966728281,0.3798521256931608,0.06579724460183022
21.582278481012658,34.9647045983652,28.93992606284658,0,0.4006764933197782,83.8948336414048,161.0637707948244,1.767097966728281,0.3798521256931608,0.06693180789791373
21.77215189873418,34.9647045983652,28.93992606284658,0,0.4006764933197782,83.8948336414048,161.0637707948244,1.767097966728281,0.3798521256931608,0.06814593780700579
21.962025316455698,34.9647045983652,28.93992606284658,0,0.4006764933197782,83.8948336414048,161.0637707948244,1.767097966728281,0.3798521256931608,0.06942943117735896
22.151898734177216,34.9647045983652,28.93992606284658,0,0.4006764933197782,83.8948336414048,161.0637707948244,1.767097966728281,0.3798521256931608,0.07077134861723705
22.341772151898734,34.9647045983652,28.93992606284658,0,0.4006764933197782,83.8948336414048,161.0637707948244,1.767097966728281,0.3798521256931608,0.07215991173483749
22.531645569620252,34.9647045983652,28.93992606284658,0,0.4006764933197782,83.8948336414048,161.0637707948244,1.767097966728281,0.3798521256931608,0.07358241899959293
22.721518987341774,34.9647045983652,28.93992606284658,0,0.4006764933197782,83.8948336414048,161.0637707948244,1.767097966728281,0.3798521256931608,0.07502518246637321
22.911392405063292,34.9647045983652,28.93992606284658,0,0.4006764933197782,83.8948336414048,161.0637707948244,1.767097966728281,0.3798521256931608,0.07647348783883849
23.10126582278481,34.9647045983652,28.93992606284658,0,0.4006764933197782,83.8948336414048,161.0637707948244,1.767097966728281,0.3798521256931608,0.0779115804780508
23.291139240506332,34.9647045983652,28.93992606284658,0,0.4006764933197782,83.8948336414048,161.0637707948244,1.767097966728281,0.3798521256931608,0.07932267997940776
23.481012658227847,34.9647045983652,28.93992606284658,0,0.4006764933197782,83.8948336414048,161.0637707948244,1.767097966728281,0.3798521256931608,0.08068902583867889
23.67088607594937,34.9647045983652,28.93992606284658,0,0.4006764933197782,83.8948336414048,161.0637707948244,1.767097966728281,0.3798521256931608,0.0819919565025463
23.860759493670887,34.9647045983652,28.93992606284658,0,0.4006764933197782,83.8948336414048,161.0637707948244,1.767097966728281,0.3798521256931608,0.08321202374931784
24.050632911392405,34.9647045983652,28.93992606284658,0,0.4006764933197782,83.8948336414048,161.0637707948244,1.767097966728281,0.3798521256931608,0.08432914387291138
24.240506329113927,34.9647045983652,28.93992606284658,0,0.4006764933197782,83.8948336414048,161.0637707948244,1.767097966728281,0.3798521256931608,0.08532278655140965
24.430379746835442,34.9647045983652,28.93992606284658,0,0.4006764933197782,83.8948336414048,161.0637707948244,1.767097966728281,0.3798521256931608,0.08617220157562254
24.620253164556964,34.9647045983652,28.93992606284658,0,0.4006764933197782,83.8948336414048,161.0637707948244,1.767097966728281,0.3798521256931608,0.0868584778479427
24.810126582278482,34.9647045983652,28.93992606284658,0,0.4006764933197782,83.8948336414048,161.0637707948244,1.767097966728281,0.3798521256931608,0.08738682202818016
25.0,34.9647045983652,28.93992606284658,0,0.4006764933197782,83.8948336414048,161.0637707948244,1.767097966728281,0.3798521256931608,0.08778025374819089
10.0,35.12956951404057,28.93992606284658,0,0.4006764933197782,83.8948336414048,161.0637707948244,1.767097966728281,0.3798521256931608,0.05295632251262333
10.189873417721518,35.12956951404057,28.93992606284658,0,0.4006764933197782,83.8948336414048,161.0637707948244,1.767097966728281,0.3798521256931608,0.05295632251262333
10.379746835443038,35.12956951404057,28.93992606284658,0,0.4006764933197782,83.8948336414048,161.0637707948244,1.767097966728281,0.3798521256931608,0.05295632251262333
10.569620253164556,35.12956951404057,28.93992606284658,0,0.4006764933197782,83.8948336414048,161.0637707948244,1.767097966728281,0.3798521256931608,0.05295632251262333
10.759493670886076,35.12956951404057,28.93992606284658,0,0.4006764933197782,83.8948336414048,161.0637707948244,1.767097966728281,0.3798521256931608,0.05295632251262333
10.949367088607595,35.12956951404057,28.93992606284658,0,0.4006764933197782,83.8948336414048,161.0637707948244,1.767097966728281,0.3798521256931608,0.05295632251262333
11.139240506329115,35.12956951404057,28.93992606284658,0,0.4006764933197782,83.8948336414048,161.0637707948244,1.767097966728281,0.3798521256931608,0.05372390345565727
11.329113924050633,35.12956951404057,28.93992606284658,0,0.4006764933197782,83.8948336414048,161.0637707948244,1.767097966728281,0.3798521256931608,0.054799520328642985
11.518987341772153,35.12956951404057,28.93992606284658,0,0.4006764933197782,83.8948336414048,161.0637707948244,1.767097966728281,0.3798521256931608,0.05590420420853085
11.708860759493671,35.12956951404057,28.93992606284658,0,0.4006764933197782,83.8948336414048,161.0637707948244,1.767097966728281,0.3798521256931608,0.057032860168600076
11.89873417721519,35.12956951404057,28.93992606284658,0,0.4006764933197782,83.8948336414048,161.0637707948244,1.767097966728281,0.3798521256931608,0.05817996612102956
12.08860759493671,35.12956951404057,28.93992606284658,0,0.4006764933197782,83.8948336414048,161.0637707948244,1.767097966728281,0.3798521256931608,0.059339554889004484
12.278481012658228,35.12956951404057,28.93992606284658,0,0.4006764933197782,83.8948336414048,161.0637707948244,1.767097966728281,0.3798521256931608,0.06050520198376888
12.468354430379748,35.12956951404057,28.93992606284658,0,0.4006764933197782,83.8948336414048,161.0637707948244,1.767097966728281,0.3798521256931608,0.06167001976454702
12.658227848101266,35.12956951404057,28.93992606284658,0,0.4006764933197782,83.8948336414048,161.0637707948244,1.767097966728281,0.3798521256931608,0.06282665866248985
12.848101265822784,35.12956951404057,28.93992606284658,0,0.4006764933197782,83.8948336414048,161.0637707948244,1.767097966728281,0.3798521256931608,0.06396731613537807
13.037974683544304,35.12956951404057,28.93992606284658,0,0.4006764933197782,83.8948336414048,161.0637707948244,1.767097966728281,0.3798521256931608,0.06508375398657601
13.227848101265824,35.12956951404057,28.93992606284658,0,0.4006764933197782,83.8948336414048,161.0637707948244,1.767097966728281,0.3798521256931608,0.06616732462891554
13.417721518987342,35.12956951404057,28.93992606284658,0,0.4006764933197782,83.8948336414048,161.0637707948244,1.767097966728281,0.3798521256931608,0.06720900680127083
13.60759493670886,35.12956951404057,28.93992606284658,0,0.4006764933197782,83.8948336414048,161.0637707948244,1.767097966728281,0.3798521256931608,0.06819945115245825
13.79746835443038,35.12956951404057,28.93992606284658,0,0.4006764933197782,83.8948336414048,161.0637707948244,1.767097966728281,0.3798521256931608,0.0691290359939748
13.987341772151899,35.12956951404057,28.93992606284658,0,0.4006764933197782,83.8948336414048,161.0637707948244,1.767097966728281,0.3798521256931608,0.06998793339046804
14.177215189873419,35.12956951404057,28.93992606284658,0,0.4006764933197782,83.8948336414048,161.0637707948244,1.767097966728281,0.3798521256931608,0.07076618560550361
14.367088607594937,35.12956951404057,28.93992606284658,0,0.4006764933197782,83.8948336414048,161.0637707948244,1.767097966728281,0.3798521256931608,0.07145379175110117
14.556962025316455,35.12956951404057,28.93992606284658,0,0.4006764933197782,83.8948336414048,161.0637707948244,1.767097966728281,0.3798521256931608,0.07204080430371665
14.746835443037975,35.12956951404057,28.93992606284658,0,0.4006764933197782,83.8948336414048,161.0637707948244,1.767097966728281,0.3798521256931608,0.07251743494798266
14.936708860759495,35.12956951404057,28.93992606284658,0,0.4006764933197782,83.8948336414048,161.0637707948244,1.767097966728281,0.3798521256931608,0.07287416899370831
15.126582278481013,35.12956951404057,28.93992606284658,0,0.4006764933197782,83.8948336414048,161.0637707948244,1.767097966728281,0.3798521256931608,0.07310188738254791
15.316455696202532,35.12956951404057,28.93992606284658,0,0.4006764933197782,83.8948336414048,161.0637707948244,1.767097966728281,0.3798521256931608,0.07319199505959983
15.50632911392405,35.12956951404057,28.93992606284658,0,0.4006764933197782,83.8948336414048,161.0637707948244,1.767097966728281,0.3798521256931608,0.07313655436715889
15.69620253164557,35.12956951404057,28.93992606284658,0,0.4006764933197782,83.8948336414048,161.0637707948244,1.767097966728281,0.3798521256931608,0.07293239362452818
15.88607594936709,35.12956951404057,28.93992606284658,0,0.4006764933197782,83.8948336414048,161.0637707948244,1.767097966728281,0.3798521256931608,0.07259151592510342
16.075949367088608,35.12956951404057,28.93992606284658,0,0.4006764933197782,83.8948336414048,161.0637707948244,1.767097966728281,0.3798521256931608,0.07212970538760391
16.265822784810126,35.12956951404057,28.93992606284658,0,0.4006764933197782,83.8948336414048,161.0637707948244,1.767097966728281,0.3798521256931608,0.07156302215699722
16.455696202531648,35.12956951404057,28.93992606284658,0,0.4006764933197782,83.8948336414048,161.0637707948244,1.767097966728281,0.3798521256931608,0.07090758742653855
16.645569620253166,35.12956951404057,28.93992606284658,0,0.4006764933197782,83.8948336414048,161.0637707948244,1.767097966728281,0.3798521256931608,0.07017939716216412
16.835443037974684,35.12956951404057,28.93992606284658,0,0.4006764933197782,83.8948336414048,161.0637707948244,1.767097966728281,0.3798521256931608,0.06939416551404612
17.025316455696203,35.12956951404057,28.93992606284658,0,0.4006764933197782,83.8948336414048,161.0637707948244,1.767097966728281,0.3798521256931608,0.06856719818915696
17.21518987341772,35.12956951404057,28.93992606284658,0,0.4006764933197782,83.8948336414048,161.0637707948244,1.767097966728281,0.3798521256931608,0.06771329545754447
17.405063291139243,35.12956951404057,28.93992606284658,0,0.4006764933197782,83.8948336414048,161.0637707948244,1.767097966728281,0.3798521256931608,0.06684668397616413
17.59493670886076,35.12956951404057,28.93992606284658,0,0.4006764933197782,83.8948336414048,161.0637707948244,1.767097966728281,0.3798521256931608,0.06598097623862671
17.78481012658228,35.12956951404057,28.93992606284658,0,0.4006764933197782,83.8948336414048,161.0637707948244,1.767097966728281,0.3798521256931608,0.06512915619666423
17.974683544303797,35.12956951404057,28.93992606284658,0,0.4006764933197782,83.8948336414048,161.0637707948244,1.767097966728281,0.3798521256931608,0.06430358944758041
18.164556962025316,35.12956951404057,28.93992606284658,0,0.4006764933197782,83.8948336414048,161.0637707948244,1.767097966728281,0.3798521256931608,0.06351605633813008
18.354430379746837,35.12956951404057,28.93992606284658,0,0.4006764933197782,83.8948336414048,161.0637707948244,1.767097966728281,0.3798521256931608,0.06277780639472533
18.544303797468356,35.12956951404057,28.93992606284658,0,0.4006764933197782,83.8948336414048,161.0637707948244,1.767097966728281,0.3798521256931608,0.062099632647435295
18.734177215189874,35.12956951404057,28.93992606284658,0,0.4006764933197782,83.8948336414048,161.0637707948244,1.767097966728281,0.3798521256931608,0.06149196466560396
18.924050632911396,35.12956951404057,28.93992606284658,0,0.4006764933197782,83.8948336414048,161.0637707948244,1.767097966728281,0.3798521256931608,0.060964979461119374
19.11392405063291,35.12956951404057,28.93992606284658,0,0.4006764933197782,83.8948336414048,161.0637707948244,1.767097966728281,0.3798521256931608,0.06052872983766344
19.303797468354432,35.12956951404057,28.93992606284658,0,0.4006764933197782,83.8948336414048,161.0637707948244,1.767097966728281,0.3798521256931608,0.06019329026862694
19.49367088607595,35.12956951404057,28.93992606284658,0,0.4006764933197782,83.8948336414048,161.0637707948244,1.767097966728281,0.3798521256931608,0.059968920973274234
19.68354430379747,35.12956951404057,28.93992606284658,0,0.4006764933197782,83.8948336414048,161.0637707948244,1.767097966728281,0.3798521256931608,0.05986625153370066
19.87341772151899,35.12956951404057,28.93992606284658,0,0.4006764933197782,83.8948336414048,161.0637707948244,1.767097966728281,0.3798521256931608,0.059896486161272765
20.063291139240505,35.12956951404057,28.93992606284658,0,0.4006764933197782,83.8948336414048,161.0637707948244,1.767097966728281,0.3798521256931608,0.06007148768437907
20.253164556962027,35.12956951404057,28.93992606284658,0,0.4006764933197782,83.8948336414048,161.0637707948244,1.767097966728281,0.3798521256931608,0.06039537972554678
20.443037974683545,35.12956951404057,28.93992606284658,0,0.4006764933197782,83.8948336414048,161.0637707948244,1.767097966728281,0.3798521256931608,0.060859629116453866
20.632911392405063,35.12956951404057,28.93992606284658,0,0.4006764933197782,83.8948336414048,161.0637707948244,1.767097966728281,0.3798521256931608,0.061455161330944516
20.822784810126585,35.12956951404057,28.93992606284658,0,0.4006764933197782,83.8948336414048,161.0637707948244,1.767097966728281,0.3798521256931608,0.062173300178089724
21.0126582278481,35.12956951404057,28.93992606284658,0,0.4006764933197782,83.8948336414048,161.0637707948244,1.767097966728281,0.3798521256931608,0.06300556231004763
21.20253164556962,35.12956951404057,28.93992606284658,0,0.4006764933197782,83.8948336414048,161.0637707948244,1.767097966728281,0.3798521256931608,0.06394346809247907
21.39240506329114,35.12956951404057,28.93992606284658,0,0.4006764933197782,83.8948336414048,161.0637707948244,1.767097966728281,0.3798521256931608,0.06497836715903905
21.582278481012658,35.12956951404057,28.93992606284658,0,0.4006764933197782,83.8948336414048,161.0637707948244,1.767097966728281,0.3798521256931608,0.06610127774606586
21.77215189873418,35.12956951404057,28.93992606284658,0,0.4006764933197782,83.8948336414048,161.0637707948244,1.767097966728281,0.3798521256931608,0.06730273960460274
21.962025316455698,35.12956951404057,28.93992606284658,0,0.4006764933197782,83.8948336414048,161.0637707948244,1.767097966728281,0.3798521256931608,0.06857268091897953
22.151898734177216,35.12956951404057,28.93992606284658,0,0.4006764933197782,83.8948336414048,161.0637707948244,1.767097966728281,0.3798521256931608,0.06990030022479966
22.341772151898734,35.12956951404057,28.93992606284658,0,0.4006764933197782,83.8948336414048,161.0637707948244,1.767097966728281,0.3798521256931608,0.0712739648111788
22.531645569620252,35.12956951404057,28.93992606284658,0,0.4006764933197782,83.8948336414048,161.0637707948244,1.767097966728281,0.3798521256931608,0.07268112750643853
22.721518987341774,35.12956951404057,28.93992606284658,0,0.4006764933197782,83.8948336414048,161.0637707948244,1.767097966728281,0.3798521256931608,0.07410826407520311
22.911392405063292,35.12956951404057,28.93992606284658,0,0.4006764933197782,83.8948336414048,161.0637707948244,1.767097966728281,0.3798521256931608,0.07554083368893513
23.10126582278481,35.12956951404057,28.93992606284658,0,0.4006764933197782,83.8948336414048,161.0637707948244,1.767097966728281,0.3798521256931608,0.07696326506228002
23.291139240506332,35.12956951404057,28.93992606284658,0,0.4006764933197782,83.8948336414048,161.0637707948244,1.767097966728281,0.3798521256931608,0.07835897086598335
23.481012658227847,35.12956951404057,28.93992606284658,0,0.4006764933197782,83.8948336414048,161.0637707948244,1.767097966728281,0.3798521256931608,0.07971039292707105
23.67088607594937,35.12956951404057,28.93992606284658,0,0.4006764933197782,83.8948336414048,161.0637707948244,1.767097966728281,0.3798521256931608,0.0809990805043161
23.860759493670887,35.12956951404057,28.93992606284658,0,0.4006764933197782,83.8948336414048,161.0637707948244,1.767097966728281,0.3798521256931608,0.08220580358021431
24.050632911392405,35.12956951404057,28.93992606284658,0,0.4006764933197782,83.8948336414048,161.0637707948244,1.767097966728281,0.3798521256931608,0.0833107026409585
24.240506329113927,35.12956951404057,28.93992606284658,0,0.4006764933197782,83.8948336414048,161.0637707948244,1.767097966728281,0.3798521256931608,0.08429347582655429
24.430379746835442,35.12956951404057,28.93992606284658,0,0.4006764933197782,83.8948336414048,161.0637707948244,1.767097966728281,0.3798521256931608,0.08513360362923561
24.620253164556964,35.12956951404057,28.93992606284658,0,0.4006764933197782,83.8948336414048,161.0637707948244,1.767097966728281,0.3798521256931608,0.08581238533958664
24.810126582278482,35.12956951404057,28.93992606284658,0,0.4006764933197782,83.8948336414048,161.0637707948244,1.767097966728281,0.3798521256931608,0.08633496795271366
25.0,35.12956951404057,28.93992606284658,0,0.4006764933197782,83.8948336414048,161.0637707948244,1.767097966728281,0.3798521256931608,0.08672411405036196
10.0,35.29443442971593,28.93992606284658,0,0.4006764933197782,83.8948336414048,161.0637707948244,1.767097966728281,0.3798521256931608,0.05198085962629011
10.189873417721518,35.29443442971593,28.93992606284658,0,0.4006764933197782,83.8948336414048,161.0637707948244,1.767097966728281,0.3798521256931608,0.05198085962629011
10.379746835443038,35.29443442971593,28.93992606284658,0,0.4006764933197782,83.8948336414048,161.0637707948244,1.767097966728281,0.3798521256931608,0.05198085962629011
10.569620253164556,35.29443442971593,28.93992606284658,0,0.4006764933197782,83.8948336414048,161.0637707948244,1.767097966728281,0.3798521256931608,0.05198085962629011
10.759493670886076,35.29443442971593,28.93992606284658,0,0.4006764933197782,83.8948336414048,161.0637707948244,1.767097966728281,0.3798521256931608,0.05198085962629011
10.949367088607595,35.29443442971593,28.93992606284658,0,0.4006764933197782,83.8948336414048,161.0637707948244,1.767097966728281,0.3798521256931608,0.05198085962629011
11.139240506329115,35.29443442971593,28.93992606284658,0,0.4006764933197782,83.8948336414048,161.0637707948244,1.767097966728281,0.3798521256931608,0.05276472373582566
11.329113924050633,35.29443442971593,28.93992606284658,0,0.4006764933197782,83.8948336414048,161.0637707948244,1.767097966728281,0.3798521256931608,0.05385976208429071
11.518987341772153,35.29443442971593,28.93992606284658,0,0.4006764933197782,83.8948336414048,161.0637707948244,1.767097966728281,0.3798521256931608,0.0549807563847001
11.708860759493671,35.29443442971593,28.93992606284658,0,0.4006764933197782,83.8948336414048,161.0637707948244,1.767097966728281,0.3798521256931608,0.05612272077715849
11.89873417721519,35.29443442971593,28.93992606284658,0,0.4006764933197782,83.8948336414048,161.0637707948244,1.767097966728281,0.3798521256931608,0.05728024494385758
12.08860759493671,35.29443442971593,28.93992606284658,0,0.4006764933197782,83.8948336414048,161.0637707948244,1.767097966728281,0.3798521256931608,0.05844747958087681
12.278481012658228,35.29443442971593,28.93992606284658,0,0.4006764933197782,83.8948336414048,161.0637707948244,1.767097966728281,0.3798521256931608,0.05961812741143641
12.468354430379748,35.29443442971593,28.93992606284658,0,0.4006764933197782,83.8948336414048,161.0637707948244,1.767097966728281,0.3798521256931608,0.060785440384839844
12.658227848101266,35.29443442971593,28.93992606284658,0,0.4006764933197782,83.8948336414048,161.0637707948244,1.767097966728281,0.3798521256931608,0.06194222370087008
12.848101265822784,35.29443442971593,28.93992606284658,0,0.4006764933197782,83.8948336414048,161.0637707948244,1.767097966728281,0.3798521256931608,0.06308084727841563
13.037974683544304,35.29443442971593,28.93992606284658,0,0.4006764933197782,83.8948336414048,161.0637707948244,1.767097966728281,0.3798521256931608,0.06419326524864712
13.227848101265824,35.29443442971593,28.93992606284658,0,0.4006764933197782,83.8948336414048,161.0637707948244,1.767097966728281,0.3798521256931608,0.06527104399654246
13.417721518987342,35.29443442971593,28.93992606284658,0,0.4006764933197782,83.8948336414048,161.0637707948244,1.767097966728281,0.3798521256931608,0.0663053991996168
13.60759493670886,35.29443442971593,28.93992606284658,0,0.4006764933197782,83.8948336414048,161.0637707948244,1.767097966728281,0.3798521256931608,0.0672872422193721
13.79746835443038,35.29443442971593,28.93992606284658,0,0.4006764933197782,83.8948336414048,161.0637707948244,1.767097966728281,0.3798521256931608,0.06820723608956333
13.987341772151899,35.29443442971593,28.93992606284658,0,0.4006764933197782,83.8948336414048,161.0637707948244,1.767097966728281,0.3798521256931608,0.06905586121644361
14.177215189873419,35.29443442971593,28.93992606284658,0,0.4006764933197782,83.8948336414048,161.0637707948244,1.767097966728281,0.3798521256931608,0.06982349076051991
14.367088607594937,35.29443442971593,28.93992606284658,0,0.4006764933197782,83.8948336414048,161.0637707948244,1.767097966728281,0.3798521256931608,0.07050047550796851
14.556962025316455,35.29443442971593,28.93992606284658,0,0.4006764933197782,83.8948336414048,161.0637707948244,1.767097966728281,0.3798521256931608,0.07107723786377793
14.746835443037975,35.29443442971593,28.93992606284658,0,0.4006764933197782,83.8948336414048,161.0637707948244,1.767097966728281,0.3798521256931608,0.07154437440898961
14.936708860759495,35.29443442971593,28.93992606284658,0,0.4006764933197782,83.8948336414048,161.0637707948244,1.767097966728281,0.3798521256931608,0.07189276626219702
15.126582278481013,35.29443442971593,28.93992606284658,0,0.4006764933197782,83.8948336414048,161.0637707948244,1.767097966728281,0.3798521256931608,0.07211369627186927
15.316455696202532,35.29443442971593,28.93992606284658,0,0.4006764933197782,83.8948336414048,161.0637707948244,1.767097966728281,0.3798521256931608,0.07219897184230471
15.50632911392405,35.29443442971593,28.93992606284658,0,0.4006764933197782,83.8948336414048,161.0637707948244,1.767097966728281,0.3798521256931608,0.07214105209355733
15.69620253164557,35.29443442971593,28.93992606284658,0,0.4006764933197782,83.8948336414048,161.0637707948244,1.767097966728281,0.3798521256931608,0.07193704022172588
15.88607594936709,35.29443442971593,28.93992606284658,0,0.4006764933197782,83.8948336414048,161.0637707948244,1.767097966728281,0.3798521256931608,0.07159880125112071
16.075949367088608,35.29443442971593,28.93992606284658,0,0.4006764933197782,83.8948336414048,161.0637707948244,1.767097966728281,0.3798521256931608,0.0711418774922036
16.265822784810126,35.29443442971593,28.93992606284658,0,0.4006764933197782,83.8948336414048,161.0637707948244,1.767097966728281,0.3798521256931608,0.0705820777149121
16.455696202531648,35.29443442971593,28.93992606284658,0,0.4006764933197782,83.8948336414048,161.0637707948244,1.767097966728281,0.3798521256931608,0.06993526635028177
16.645569620253166,35.29443442971593,28.93992606284658,0,0.4006764933197782,83.8948336414048,161.0637707948244,1.767097966728281,0.3798521256931608,0.0692171809560388
16.835443037974684,35.29443442971593,28.93992606284658,0,0.4006764933197782,83.8948336414048,161.0637707948244,1.767097966728281,0.3798521256931608,0.06844327889981412
17.025316455696203,35.29443442971593,28.93992606284658,0,0.4006764933197782,83.8948336414048,161.0637707948244,1.767097966728281,0.3798521256931608,0.06762861351432299
17.21518987341772,35.29443442971593,28.93992606284658,0,0.4006764933197782,83.8948336414048,161.0637707948244,1.767097966728281,0.3798521256931608,0.06678773938828135
17.405063291139243,35.29443442971593,28.93992606284658,0,0.4006764933197782,83.8948336414048,161.0637707948244,1.767097966728281,0.3798521256931608,0.065934645977461
17.59493670886076,35.29443442971593,28.93992606284658,0,0.4006764933197782,83.8948336414048,161.0637707948244,1.767097966728281,0.3798521256931608,0.06508271835306972
17.78481012658228,35.29443442971593,28.93992606284658,0,0.4006764933197782,83.8948336414048,161.0637707948244,1.767097966728281,0.3798521256931608,0.06424472364901698
17.974683544303797,35.29443442971593,28.93992606284658,0,0.4006764933197782,83.8948336414048,161.0637707948244,1.767097966728281,0.3798521256931608,0.06343282162352872
18.164556962025316,35.29443442971593,28.93992606284658,0,0.4006764933197782,83.8948336414048,161.0637707948244,1.767097966728281,0.3798521256931608,0.0626585977105697
18.354430379746837,35.29443442971593,28.93992606284658,0,0.4006764933197782,83.8948336414048,161.0637707948244,1.767097966728281,0.3798521256931608,0.06193311699809031
18.544303797468356,35.29443442971593,28.93992606284658,0,0.4006764933197782,83.8948336414048,161.0637707948244,1.767097966728281,0.3798521256931608,0.06126699772803347
18.734177215189874,35.29443442971593,28.93992606284658,0,0.4006764933197782,83.8948336414048,161.0637707948244,1.767097966728281,0.3798521256931608,0.060670503161976856
18.924050632911396,35.29443442971593,28.93992606284658,0,0.4006764933197782,83.8948336414048,161.0637707948244,1.767097966728281,0.3798521256931608,0.06015365099136889
19.11392405063291,35.29443442971593,28.93992606284658,0,0.4006764933197782,83.8948336414048,161.0637707948244,1.767097966728281,0.3798521256931608,0.05972633988883379
19.303797468354432,35.29443442971593,28.93992606284658,0,0.4006764933197782,83.8948336414048,161.0637707948244,1.767097966728281,0.3798521256931608,0.05939849329505668
19.49367088607595,35.29443442971593,28.93992606284658,0,0.4006764933197782,83.8948336414048,161.0637707948244,1.767097966728281,0.3798521256931608,0.0591802211148854
19.68354430379747,35.29443442971593,28.93992606284658,0,0.4006764933197782,83.8948336414048,161.0637707948244,1.767097966728281,0.3798521256931608,0.0590820006601221
19.87341772151899,35.29443442971593,28.93992606284658,0,0.4006764933197782,83.8948336414048,161.0637707948244,1.767097966728281,0.3798521256931608,0.05911487893224594
20.063291139240505,35.29443442971593,28.93992606284658,0,0.4006764933197782,83.8948336414048,161.0637707948244,1.767097966728281,0.3798521256931608,0.05929055536323591
20.253164556962027,35.29443442971593,28.93992606284658,0,0.4006764933197782,83.8948336414048,161.0637707948244,1.767097966728281,0.3798521256931608,0.05961310284219107
20.443037974683545,35.29443442971593,28.93992606284658,0,0.4006764933197782,83.8948336414048,161.0637707948244,1.767097966728281,0.3798521256931608,0.06007411735233864
20.632911392405063,35.29443442971593,28.93992606284658,0,0.4006764933197782,83.8948336414048,161.0637707948244,1.767097966728281,0.3798521256931608,0.06066465961395176
20.822784810126585,35.29443442971593,28.93992606284658,0,0.4006764933197782,83.8948336414048,161.0637707948244,1.767097966728281,0.3798521256931608,0.061376181198156285
21.0126582278481,35.29443442971593,28.93992606284658,0,0.4006764933197782,83.8948336414048,161.0637707948244,1.767097966728281,0.3798521256931608,0.062200321764870455
21.20253164556962,35.29443442971593,28.93992606284658,0,0.4006764933197782,83.8948336414048,161.0637707948244,1.767097966728281,0.3798521256931608,0.06312872240689726
21.39240506329114,35.29443442971593,28.93992606284658,0,0.4006764933197782,83.8948336414048,161.0637707948244,1.767097966728281,0.3798521256931608,0.06415285344466458
21.582278481012658,35.29443442971593,28.93992606284658,0,0.4006764933197782,83.8948336414048,161.0637707948244,1.767097966728281,0.3798521256931608,0.06526385578212454
21.77215189873418,35.29443442971593,28.93992606284658,0,0.4006764933197782,83.8948336414048,161.0637707948244,1.767097966728281,0.3798521256931608,0.06645239562777151
21.962025316455698,35.29443442971593,28.93992606284658,0,0.4006764933197782,83.8948336414048,161.0637707948244,1.767097966728281,0.3798521256931608,0.06770853301033736
22.151898734177216,35.29443442971593,28.93992606284658,0,0.4006764933197782,83.8948336414048,161.0637707948244,1.767097966728281,0.3798521256931608,0.06902160507697168
22.341772151898734,35.29443442971593,28.93992606284658,0,0.4006764933197782,83.8948336414048,161.0637707948244,1.767097966728281,0.3798521256931608,0.07038012564951053
22.531645569620252,35.29443442971593,28.93992606284658,0,0.4006764933197782,83.8948336414048,161.0637707948244,1.767097966728281,0.3798521256931608,0.07177170292579581
22.721518987341774,35.29443442971593,28.93992606284658,0,0.4006764933197782,83.8948336414048,161.0637707948244,1.767097966728281,0.3798521256931608,0.07318297753997281
22.911392405063292,35.29443442971593,28.93992606284658,0,0.4006764933197782,83.8948336414048,161.0637707948244,1.767097966728281,0.3798521256931608,0.07459958342918298
23.10126582278481,35.29443442971593,28.93992606284658,0,0.4006764933197782,83.8948336414048,161.0637707948244,1.767097966728281,0.3798521256931608,0.07600613408492687
23.291139240506332,35.29443442971593,28.93992606284658,0,0.4006764933197782,83.8948336414048,161.0637707948244,1.767097966728281,0.3798521256931608,0.07738623678724829
23.481012658227847,35.29443442971593,28.93992606284658,0,0.4006764933197782,83.8948336414048,161.0637707948244,1.767097966728281,0.3798521256931608,0.07872253732208231
23.67088607594937,35.29443442971593,28.93992606284658,0,0.4006764933197782,83.8948336414048,161.0637707948244,1.767097966728281,0.3798521256931608,0.07999679746221999
23.860759493670887,35.29443442971593,28.93992606284658,0,0.4006764933197782,83.8948336414048,161.0637707948244,1.767097966728281,0.3798521256931608,0.08119000714854396
24.050632911392405,35.29443442971593,28.93992606284658,0,0.4006764933197782,83.8948336414048,161.0637707948244,1.767097966728281,0.3798521256931608,0.08228253284137181
24.240506329113927,35.29443442971593,28.93992606284658,0,0.4006764933197782,83.8948336414048,161.0637707948244,1.767097966728281,0.3798521256931608,0.08325430292495827
24.430379746835442,35.29443442971593,28.93992606284658,0,0.4006764933197782,83.8948336414048,161.0637707948244,1.767097966728281,0.3798521256931608,0.08408503034618951
24.620253164556964,35.29443442971593,28.93992606284658,0,0.4006764933197782,83.8948336414048,161.0637707948244,1.767097966728281,0.3798521256931608,0.08475622628966586
24.810126582278482,35.29443442971593,28.93992606284658,0,0.4006764933197782,83.8948336414048,161.0637707948244,1.767097966728281,0.3798521256931608,0.08527297702006506
25.0,35.29443442971593,28.93992606284658,0,0.4006764933197782,83.8948336414048,161.0637707948244,1.767097966728281,0.3798521256931608,0.08565778507433586
10.0,35.459299345391294,28.93992606284658,0,0.4006764933197782,83.8948336414048,161.0637707948244,1.767097966728281,0.3798521256931608,0.05103135823150738
10.189873417721518,35.459299345391294,28.93992606284658,0,0.4006764933197782,83.8948336414048,161.0637707948244,1.767097966728281,0.3798521256931608,0.05103135823150738
10.379746835443038,35.459299345391294,28.93992606284658,0,0.4006764933197782,83.8948336414048,161.0637707948244,1.767097966728281,0.3798521256931608,0.05103135823150738
10.569620253164556,35.459299345391294,28.93992606284658,0,0.4006764933197782,83.8948336414048,161.0637707948244,1.767097966728281,0.3798521256931608,0.05103135823150738
10.759493670886076,35.459299345391294,28.93992606284658,0,0.4006764933197782,83.8948336414048,161.0637707948244,1.767097966728281,0.3798521256931608,0.05103135823150738
10.949367088607595,35.459299345391294,28.93992606284658,0,0.4006764933197782,83.8948336414048,161.0637707948244,1.767097966728281,0.3798521256931608,0.05103135823150738
11.139240506329115,35.459299345391294,28.93992606284658,0,0.4006764933197782,83.8948336414048,161.0637707948244,1.767097966728281,0.3798521256931608,0.05182897871127334
11.329113924050633,35.459299345391294,28.93992606284658,0,0.4006764933197782,83.8948336414048,161.0637707948244,1.767097966728281,0.3798521256931608,0.052940271199653256
11.518987341772153,35.459299345391294,28.93992606284658,0,0.4006764933197782,83.8948336414048,161.0637707948244,1.767097966728281,0.3798521256931608,0.05407471416409101
11.708860759493671,35.459299345391294,28.93992606284658,0,0.4006764933197782,83.8948336414048,161.0637707948244,1.767097966728281,0.3798521256931608,0.055227415698172994
11.89873417721519,35.459299345391294,28.93992606284658,0,0.4006764933197782,83.8948336414048,161.0637707948244,1.767097966728281,0.3798521256931608,0.0563930638082228
12.08860759493671,35.459299345391294,28.93992606284658,0,0.4006764933197782,83.8948336414048,161.0637707948244,1.767097966728281,0.3798521256931608,0.057565914877929704
12.278481012658228,35.459299345391294,28.93992606284658,0,0.4006764933197782,83.8948336414048,161.0637707948244,1.767097966728281,0.3798521256931608,0.05873978752968961
12.468354430379748,35.459299345391294,28.93992606284658,0,0.4006764933197782,83.8948336414048,161.0637707948244,1.767097966728281,0.3798521256931608,0.05990806249252509
12.658227848101266,35.459299345391294,28.93992606284658,0,0.4006764933197782,83.8948336414048,161.0637707948244,1.767097966728281,0.3798521256931608,0.06106368907556852
12.848101265822784,35.459299345391294,28.93992606284658,0,0.4006764933197782,83.8948336414048,161.0637707948244,1.767097966728281,0.3798521256931608,0.06219919881974855
13.037974683544304,35.459299345391294,28.93992606284658,0,0.4006764933197782,83.8948336414048,161.0637707948244,1.767097966728281,0.3798521256931608,0.06330672685772008
13.227848101265824,35.459299345391294,28.93992606284658,0,0.4006764933197782,83.8948336414048,161.0637707948244,1.767097966728281,0.3798521256931608,0.06437804145277666
13.417721518987342,35.459299345391294,28.93992606284658,0,0.4006764933197782,83.8948336414048,161.0637707948244,1.767097966728281,0.3798521256931608,0.06540458211128408
13.60759493670886,35.459299345391294,28.93992606284658,0,0.4006764933197782,83.8948336414048,161.0637707948244,1.767097966728281,0.3798521256931608,0.06637750657019252
13.79746835443038,35.459299345391294,28.93992606284658,0,0.4006764933197782,83.8948336414048,161.0637707948244,1.767097966728281,0.3798521256931608,0.06728774685183678
13.987341772151899,35.459299345391294,28.93992606284658,0,0.4006764933197782,83.8948336414048,161.0637707948244,1.767097966728281,0.3798521256931608,0.06812607445312761
14.177215189873419,35.459299345391294,28.93992606284658,0,0.4006764933197782,83.8948336414048,161.0637707948244,1.767097966728281,0.3798521256931608,0.068883174596218
14.367088607594937,35.459299345391294,28.93992606284658,0,0.4006764933197782,83.8948336414048,161.0637707948244,1.767097966728281,0.3798521256931608,0.06954972931372821
14.556962025316455,35.459299345391294,28.93992606284658,0,0.4006764933197782,83.8948336414048,161.0637707948244,1.767097966728281,0.3798521256931608,0.07011650897467173
14.746835443037975,35.459299345391294,28.93992606284658,0,0.4006764933197782,83.8948336414048,161.0637707948244,1.767097966728281,0.3798521256931608,0.07057447167838819
14.936708860759495,35.459299345391294,28.93992606284658,0,0.4006764933197782,83.8948336414048,161.0637707948244,1.767097966728281,0.3798521256931608,0.07091486975413003
15.126582278481013,35.459299345391294,28.93992606284658,0,0.4006764933197782,83.8948336414048,161.0637707948244,1.767097966728281,0.3798521256931608,0.0711293624045704
15.316455696202532,35.459299345391294,28.93992606284658,0,0.4006764933197782,83.8948336414048,161.0637707948244,1.767097966728281,0.3798521256931608,0.07121013332360132
15.50632911392405,35.459299345391294,28.93992606284658,0,0.4006764933197782,83.8948336414048,161.0637707948244,1.767097966728281,0.3798521256931608,0.07115001203033798
15.69620253164557,35.459299345391294,28.93992606284658,0,0.4006764933197782,83.8948336414048,161.0637707948244,1.767097966728281,0.3798521256931608,0.07094635582685305
15.88607594936709,35.459299345391294,28.93992606284658,0,0.4006764933197782,83.8948336414048,161.0637707948244,1.767097966728281,0.3798521256931608,0.07061089093455436
16.075949367088608,35.459299345391294,28.93992606284658,0,0.4006764933197782,83.8948336414048,161.0637707948244,1.767097966728281,0.3798521256931608,0.07015892224475981
16.265822784810126,35.459299345391294,28.93992606284658,0,0.4006764933197782,83.8948336414048,161.0637707948244,1.767097966728281,0.3798521256931608,0.06960601212813462
16.455696202531648,35.459299345391294,28.93992606284658,0,0.4006764933197782,83.8948336414048,161.0637707948244,1.767097966728281,0.3798521256931608,0.06896777365157049
16.645569620253166,35.459299345391294,28.93992606284658,0,0.4006764933197782,83.8948336414048,161.0637707948244,1.767097966728281,0.3798521256931608,0.06825969163273347
16.835443037974684,35.459299345391294,28.93992606284658,0,0.4006764933197782,83.8948336414048,161.0637707948244,1.767097966728281,0.3798521256931608,0.06749697245675328
17.025316455696203,35.459299345391294,28.93992606284658,0,0.4006764933197782,83.8948336414048,161.0637707948244,1.767097966728281,0.3798521256931608,0.06669442289131146
17.21518987341772,35.459299345391294,28.93992606284658,0,0.4006764933197782,83.8948336414048,161.0637707948244,1.767097966728281,0.3798521256931608,0.06586635755588821
17.405063291139243,35.459299345391294,28.93992606284658,0,0.4006764933197782,83.8948336414048,161.0637707948244,1.767097966728281,0.3798521256931608,0.06502653423056436
17.59493670886076,35.459299345391294,28.93992606284658,0,0.4006764933197782,83.8948336414048,161.0637707948244,1.767097966728281,0.3798521256931608,0.06418811583040517
17.78481012658228,35.459299345391294,28.93992606284658,0,0.4006764933197782,83.8948336414048,161.0637707948244,1.767097966728281,0.3798521256931608,0.06336365762238105
17.974683544303797,35.459299345391294,28.93992606284658,0,0.4006764933197782,83.8948336414048,161.0637707948244,1.767097966728281,0.3798521256931608,0.06256511812079234
18.164556962025316,35.459299345391294,28.93992606284658,0,0.4006764933197782,83.8948336414048,161.0637707948244,1.767097966728281,0.3798521256931608,0.06180389206072287
18.354430379746837,35.459299345391294,28.93992606284658,0,0.4006764933197782,83.8948336414048,161.0637707948244,1.767097966728281,0.3798521256931608,0.06109086391251882
18.544303797468356,35.459299345391294,28.93992606284658,0,0.4006764933197782,83.8948336414048,161.0637707948244,1.767097966728281,0.3798521256931608,0.0604364805584353
18.734177215189874,35.459299345391294,28.93992606284658,0,0.4006764933197782,83.8948336414048,161.0637707948244,1.767097966728281,0.3798521256931608,0.05985084200007529
18.924050632911396,35.459299345391294,28.93992606284658,0,0.4006764933197782,83.8948336414048,161.0637707948244,1.767097966728281,0.3798521256931608,0.059343809297225644
19.11392405063291,35.459299345391294,28.93992606284658,0,0.4006764933197782,83.8948336414048,161.0637707948244,1.767097966728281,0.3798521256931608,0.05892512935153113
19.303797468354432,35.459299345391294,28.93992606284658,0,0.4006764933197782,83.8948336414048,161.0637707948244,1.767097966728281,0.3798521256931608,0.05860457664031784
19.49367088607595,35.459299345391294,28.93992606284658,0,0.4006764933197782,83.8948336414048,161.0637707948244,1.767097966728281,0.3798521256931608,0.05839211257744795
19.68354430379747,35.459299345391294,28.93992606284658,0,0.4006764933197782,83.8948336414048,161.0637707948244,1.767097966728281,0.3798521256931608,0.05829806383307059
19.87341772151899,35.459299345391294,28.93992606284658,0,0.4006764933197782,83.8948336414048,161.0637707948244,1.767097966728281,0.3798521256931608,0.05833332168983361
20.063291139240505,35.459299345391294,28.93992606284658,0,0.4006764933197782,83.8948336414048,161.0637707948244,1.767097966728281,0.3798521256931608,0.0585094235779559
20.253164556962027,35.459299345391294,28.93992606284658,0,0.4006764933197782,83.8948336414048,161.0637707948244,1.767097966728281,0.3798521256931608,0.05883039173701857
20.443037974683545,35.459299345391294,28.93992606284658,0,0.4006764933197782,83.8948336414048,161.0637707948244,1.767097966728281,0.3798521256931608,0.0592879495513043
20.632911392405063,35.459299345391294,28.93992606284658,0,0.4006764933197782,83.8948336414048,161.0637707948244,1.767097966728281,0.3798521256931608,0.059873291367633245
20.822784810126585,35.459299345391294,28.93992606284658,0,0.4006764933197782,83.8948336414048,161.0637707948244,1.767097966728281,0.3798521256931608,0.06057799517407653
21.0126582278481,35.459299345391294,28.93992606284658,0,0.4006764933197782,83.8948336414048,161.0637707948244,1.767097966728281,0.3798521256931608,0.06139382253589099
21.20253164556962,35.459299345391294,28.93992606284658,0,0.4006764933197782,83.8948336414048,161.0637707948244,1.767097966728281,0.3798521256931608,0.06231253438610513
21.39240506329114,35.459299345391294,28.93992606284658,0,0.4006764933197782,83.8948336414048,161.0637707948244,1.767097966728281,0.3798521256931608,0.0633257210373799
21.582278481012658,35.459299345391294,28.93992606284658,0,0.4006764933197782,83.8948336414048,161.0637707948244,1.767097966728281,0.3798521256931608,0.06442464553930415
21.77215189873418,35.459299345391294,28.93992606284658,0,0.4006764933197782,83.8948336414048,161.0637707948244,1.767097966728281,0.3798521256931608,0.06560010019126553
21.962025316455698,35.459299345391294,28.93992606284658,0,0.4006764933197782,83.8948336414048,161.0637707948244,1.767097966728281,0.3798521256931608,0.0668422766402202
22.151898734177216,35.459299345391294,28.93992606284658,0,0.4006764933197782,83.8948336414048,161.0637707948244,1.767097966728281,0.3798521256931608,0.06814065054563502
22.341772151898734,35.459299345391294,28.93992606284658,0,0.4006764933197782,83.8948336414048,161.0637707948244,1.767097966728281,0.3798521256931608,0.0694838822775121
22.531645569620252,35.459299345391294,28.93992606284658,0,0.4006764933197782,83.8948336414048,161.0637707948244,1.767097966728281,0.3798521256931608,0.07085973552182252
22.721518987341774,35.459299345391294,28.93992606284658,0,0.4006764933197782,83.8948336414048,161.0637707948244,1.767097966728281,0.3798521256931608,0.07225501599288217
22.911392405063292,35.459299345391294,28.93992606284658,0,0.4006764933197782,83.8948336414048,161.0637707948244,1.767097966728281,0.3798521256931608,0.07365553268514384
23.10126582278481,35.459299345391294,28.93992606284658,0,0.4006764933197782,83.8948336414048,161.0637707948244,1.767097966728281,0.3798521256931608,0.07504608422826944
23.291139240506332,35.459299345391294,28.93992606284658,0,0.4006764933197782,83.8948336414048,161.0637707948244,1.767097966728281,0.3798521256931608,0.07641047293075237
23.481012658227847,35.459299345391294,28.93992606284658,0,0.4006764933197782,83.8948336414048,161.0637707948244,1.767097966728281,0.3798521256931608,0.07773154900183754
23.67088607594937,35.459299345391294,28.93992606284658,0,0.4006764933197782,83.8948336414048,161.0637707948244,1.767097966728281,0.3798521256931608,0.07899128722442096
23.860759493670887,35.459299345391294,28.93992606284658,0,0.4006764933197782,83.8948336414048,161.0637707948244,1.767097966728281,0.3798521256931608,0.08017089801086662
24.050632911392405,35.459299345391294,28.93992606284658,0,0.4006764933197782,83.8948336414048,161.0637707948244,1.767097966728281,0.3798521256931608,0.08125097430984685
24.240506329113927,35.459299345391294,28.93992606284658,0,0.4006764933197782,83.8948336414048,161.0637707948244,1.767097966728281,0.3798521256931608,0.0822116752481684
24.430379746835442,35.459299345391294,28.93992606284658,0,0.4006764933197782,83.8948336414048,161.0637707948244,1.767097966728281,0.3798521256931608,0.0830329466916089
24.620253164556964,35.459299345391294,28.93992606284658,0,0.4006764933197782,83.8948336414048,161.0637707948244,1.767097966728281,0.3798521256931608,0.08369651206225111
24.810126582278482,35.459299345391294,28.93992606284658,0,0.4006764933197782,83.8948336414048,161.0637707948244,1.767097966728281,0.3798521256931608,0.08420739625983709
25.0,35.459299345391294,28.93992606284658,0,0.4006764933197782,83.8948336414048,161.0637707948244,1.767097966728281,0.3798521256931608,0.08458784037680367
10.0,35.62416426106665,28.93992606284658,0,0.4006764933197782,83.8948336414048,161.0637707948244,1.767097966728281,0.3798521256931608,0.05011014490680329
10.189873417721518,35.62416426106665,28.93992606284658,0,0.4006764933197782,83.8948336414048,161.0637707948244,1.767097966728281,0.3798521256931608,0.05011014490680329
10.379746835443038,35.62416426106665,28.93992606284658,0,0.4006764933197782,83.8948336414048,161.0637707948244,1.767097966728281,0.3798521256931608,0.05011014490680329
10.569620253164556,35.62416426106665,28.93992606284658,0,0.4006764933197782,83.8948336414048,161.0637707948244,1.767097966728281,0.3798521256931608,0.05011014490680329
10.759493670886076,35.62416426106665,28.93992606284658,0,0.4006764933197782,83.8948336414048,161.0637707948244,1.767097966728281,0.3798521256931608,0.05011014490680329
10.949367088607595,35.62416426106665,28.93992606284658,0,0.4006764933197782,83.8948336414048,161.0637707948244,1.767097966728281,0.3798521256931608,0.05011014490680329
11.139240506329115,35.62416426106665,28.93992606284658,0,0.4006764933197782,83.8948336414048,161.0637707948244,1.767097966728281,0.3798521256931608,0.05091922235488308
11.329113924050633,35.62416426106665,28.93992606284658,0,0.4006764933197782,83.8948336414048,161.0637707948244,1.767097966728281,0.3798521256931608,0.05204388773484103
11.518987341772153,35.62416426106665,28.93992606284658,0,0.4006764933197782,83.8948336414048,161.0637707948244,1.767097966728281,0.3798521256931608,0.05318917865924146
11.708860759493671,35.62416426106665,28.93992606284658,0,0.4006764933197782,83.8948336414048,161.0637707948244,1.767097966728281,0.3798521256931608,0.054350284542084494
11.89873417721519,35.62416426106665,28.93992606284658,0,0.4006764933197782,83.8948336414048,161.0637707948244,1.767097966728281,0.3798521256931608,0.05552198033950215
12.08860759493671,35.62416426106665,28.93992606284658,0,0.4006764933197782,83.8948336414048,161.0637707948244,1.767097966728281,0.3798521256931608,0.05669861765201485
12.278481012658228,35.62416426106665,28.93992606284658,0,0.4006764933197782,83.8948336414048,161.0637707948244,1.767097966728281,0.3798521256931608,0.057874121093465195
12.468354430379748,35.62416426106665,28.93992606284658,0,0.4006764933197782,83.8948336414048,161.0637707948244,1.767097966728281,0.3798521256931608,0.059041990502280234
12.658227848101266,35.62416426106665,28.93992606284658,0,0.4006764933197782,83.8948336414048,161.0637707948244,1.767097966728281,0.3798521256931608,0.06019530955452494
12.848101265822784,35.62416426106665,28.93992606284658,0,0.4006764933197782,83.8948336414048,161.0637707948244,1.767097966728281,0.3798521256931608,0.06132676130749715
13.037974683544304,35.62416426106665,28.93992606284658,0,0.4006764933197782,83.8948336414048,161.0637707948244,1.767097966728281,0.3798521256931608,0.06242865115675917
13.227848101265824,35.62416426106665,28.93992606284658,0,0.4006764933197782,83.8948336414048,161.0637707948244,1.767097966728281,0.3798521256931608,0.06349293762818321
13.417721518987342,35.62416426106665,28.93992606284658,0,0.4006764933197782,83.8948336414048,161.0637707948244,1.767097966728281,0.3798521256931608,0.06451127134972716
13.60759493670886,35.62416426106665,28.93992606284658,0,0.4006764933197782,83.8948336414048,161.0637707948244,1.767097966728281,0.3798521256931608,0.0654750424554787
13.79746835443038,35.62416426106665,28.93992606284658,0,0.4006764933197782,83.8948336414048,161.0637707948244,1.767097966728281,0.3798521256931608,0.06637543656747491
13.987341772151899,35.62416426106665,28.93992606284658,0,0.4006764933197782,83.8948336414048,161.0637707948244,1.767097966728281,0.3798521256931608,0.06720349937958357
14.177215189873419,35.62416426106665,28.93992606284658,0,0.4006764933197782,83.8948336414048,161.0637707948244,1.767097966728281,0.3798521256931608,0.06795020973316582
14.367088607594937,35.62416426106665,28.93992606284658,0,0.4006764933197782,83.8948336414048,161.0637707948244,1.767097966728281,0.3798521256931608,0.06860656092726101
14.556962025316455,35.62416426106665,28.93992606284658,0,0.4006764933197782,83.8948336414048,161.0637707948244,1.767097966728281,0.3798521256931608,0.06916364984765795
14.746835443037975,35.62416426106665,28.93992606284658,0,0.4006764933197782,83.8948336414048,161.0637707948244,1.767097966728281,0.3798521256931608,0.0696127733304471
14.936708860759495,35.62416426106665,28.93992606284658,0,0.4006764933197782,83.8948336414048,161.0637707948244,1.767097966728281,0.3798521256931608,0.06994553099754929
15.126582278481013,35.62416426106665,28.93992606284658,0,0.4006764933197782,83.8948336414048,161.0637707948244,1.767097966728281,0.3798521256931608,0.07015393361534741
15.316455696202532,35.62416426106665,28.93992606284658,0,0.4006764933197782,83.8948336414048,161.0637707948244,1.767097966728281,0.3798521256931608,0.07023051583410306
15.50632911392405,35.62416426106665,28.93992606284658,0,0.4006764933197782,83.8948336414048,161.0637707948244,1.767097966728281,0.3798521256931608,0.07016845208995338
15.69620253164557,35.62416426106665,28.93992606284658,0,0.4006764933197782,83.8948336414048,161.0637707948244,1.767097966728281,0.3798521256931608,0.06996533393142641
15.88607594936709,35.62416426106665,28.93992606284658,0,0.4006764933197782,83.8948336414048,161.0637707948244,1.767097966728281,0.3798521256931608,0.06963274887170677
16.075949367088608,35.62416426106665,28.93992606284658,0,0.4006764933197782,83.8948336414048,161.0637707948244,1.767097966728281,0.3798521256931608,0.06918576956406866
16.265822784810126,35.62416426106665,28.93992606284658,0,0.4006764933197782,83.8948336414048,161.0637707948244,1.767097966728281,0.3798521256931608,0.06863971772706476
16.455696202531648,35.62416426106665,28.93992606284658,0,0.4006764933197782,83.8948336414048,161.0637707948244,1.767097966728281,0.3798521256931608,0.06800996121054415
16.645569620253166,35.62416426106665,28.93992606284658,0,0.4006764933197782,83.8948336414048,161.0637707948244,1.767097966728281,0.3798521256931608,0.06731173848588194
16.835443037974684,35.62416426106665,28.93992606284658,0,0.4006764933197782,83.8948336414048,161.0637707948244,1.767097966728281,0.3798521256931608,0.06656001145759993
17.025316455696203,35.62416426106665,28.93992606284658,0,0.4006764933197782,83.8948336414048,161.0637707948244,1.767097966728281,0.3798521256931608,0.06576934681590008
17.21518987341772,35.62416426106665,28.93992606284658,0,0.4006764933197782,83.8948336414048,161.0637707948244,1.767097966728281,0.3798521256931608,0.0649538255787118
17.405063291139243,35.62416426106665,28.93992606284658,0,0.4006764933197782,83.8948336414048,161.0637707948244,1.767097966728281,0.3798521256931608,0.06412698001004422
17.59493670886076,35.62416426106665,28.93992606284658,0,0.4006764933197782,83.8948336414048,161.0637707948244,1.767097966728281,0.3798521256931608,0.06330175674949266
17.78481012658228,35.62416426106665,28.93992606284658,0,0.4006764933197782,83.8948336414048,161.0637707948244,1.767097966728281,0.3798521256931608,0.06249050474486067
17.974683544303797,35.62416426106665,28.93992606284658,0,0.4006764933197782,83.8948336414048,161.0637707948244,1.767097966728281,0.3798521256931608,0.06170498644367419
18.164556962025316,35.62416426106665,28.93992606284658,0,0.4006764933197782,83.8948336414048,161.0637707948244,1.767097966728281,0.3798521256931608,0.060956410666227714
18.354430379746837,35.62416426106665,28.93992606284658,0,0.4006764933197782,83.8948336414048,161.0637707948244,1.767097966728281,0.3798521256931608,0.060255485648011184
18.544303797468356,35.62416426106665,28.93992606284658,0,0.4006764933197782,83.8948336414048,161.0637707948244,1.767097966728281,0.3798521256931608,0.05961249089762907
18.734177215189874,35.62416426106665,28.93992606284658,0,0.4006764933197782,83.8948336414048,161.0637707948244,1.767097966728281,0.3798521256931608,0.0590373667623127
18.924050632911396,35.62416426106665,28.93992606284658,0,0.4006764933197782,83.8948336414048,161.0637707948244,1.767097966728281,0.3798521256931608,0.05853982092203595
19.11392405063291,35.62416426106665,28.93992606284658,0,0.4006764933197782,83.8948336414048,161.0637707948244,1.767097966728281,0.3798521256931608,0.058129451441509696
19.303797468354432,35.62416426106665,28.93992606284658,0,0.4006764933197782,83.8948336414048,161.0637707948244,1.767097966728281,0.3798521256931608,0.05781588649519845
19.49367088607595,35.62416426106665,28.93992606284658,0,0.4006764933197782,83.8948336414048,161.0637707948244,1.767097966728281,0.3798521256931608,0.05760894144474403
19.68354430379747,35.62416426106665,28.93992606284658,0,0.4006764933197782,83.8948336414048,161.0637707948244,1.767097966728281,0.3798521256931608,0.057518794594586586
19.87341772151899,35.62416426106665,28.93992606284658,0,0.4006764933197782,83.8948336414048,161.0637707948244,1.767097966728281,0.3798521256931608,0.057556183687532
20.063291139240505,35.62416426106665,28.93992606284658,0,0.4006764933197782,83.8948336414048,161.0637707948244,1.767097966728281,0.3798521256931608,0.05773248627616038
20.253164556962027,35.62416426106665,28.93992606284658,0,0.4006764933197782,83.8948336414048,161.0637707948244,1.767097966728281,0.3798521256931608,0.058051674298018385
20.443037974683545,35.62416426106665,28.93992606284658,0,0.4006764933197782,83.8948336414048,161.0637707948244,1.767097966728281,0.3798521256931608,0.05850559628038288
20.632911392405063,35.62416426106665,28.93992606284658,0,0.4006764933197782,83.8948336414048,161.0637707948244,1.767097966728281,0.3798521256931608,0.05908557801748226
20.822784810126585,35.62416426106665,28.93992606284658,0,0.4006764933197782,83.8948336414048,161.0637707948244,1.767097966728281,0.3798521256931608,0.05978332201643851
21.0126582278481,35.62416426106665,28.93992606284658,0,0.4006764933197782,83.8948336414048,161.0637707948244,1.767097966728281,0.3798521256931608,0.06059071008882713
21.20253164556962,35.62416426106665,28.93992606284658,0,0.4006764933197782,83.8948336414048,161.0637707948244,1.767097966728281,0.3798521256931608,0.06149962155108179
21.39240506329114,35.62416426106665,28.93992606284658,0,0.4006764933197782,83.8948336414048,161.0637707948244,1.767097966728281,0.3798521256931608,0.06250176542165234
21.582278481012658,35.62416426106665,28.93992606284658,0,0.4006764933197782,83.8948336414048,161.0637707948244,1.767097966728281,0.3798521256931608,0.06358852575201206
21.77215189873418,35.62416426106665,28.93992606284658,0,0.4006764933197782,83.8948336414048,161.0637707948244,1.767097966728281,0.3798521256931608,0.0647508199072387
21.962025316455698,35.62416426106665,28.93992606284658,0,0.4006764933197782,83.8948336414048,161.0637707948244,1.767097966728281,0.3798521256931608,0.06597897022476369
22.151898734177216,35.62416426106665,28.93992606284658,0,0.4006764933197782,83.8948336414048,161.0637707948244,1.767097966728281,0.3798521256931608,0.06726259002759959
22.341772151898734,35.62416426106665,28.93992606284658,0,0.4006764933197782,83.8948336414048,161.0637707948244,1.767097966728281,0.3798521256931608,0.06859048544791209
22.531645569620252,35.62416426106665,28.93992606284658,0,0.4006764933197782,83.8948336414048,161.0637707948244,1.767097966728281,0.3798521256931608,0.06995057492230441
22.721518987341774,35.62416426106665,28.93992606284658,0,0.4006764933197782,83.8948336414048,161.0637707948244,1.767097966728281,0.3798521256931608,0.07132982854368103
22.911392405063292,35.62416426106665,28.93992606284658,0,0.4006764933197782,83.8948336414048,161.0637707948244,1.767097966728281,0.3798521256931608,0.07271422968695204
23.10126582278481,35.62416426106665,28.93992606284658,0,0.4006764933197782,83.8948336414048,161.0637707948244,1.767097966728281,0.3798521256931608,0.07408876145779789
23.291139240506332,35.62416426106665,28.93992606284658,0,0.4006764933197782,83.8948336414048,161.0637707948244,1.767097966728281,0.3798521256931608,0.07543742053663972
23.481012658227847,35.62416426106665,28.93992606284658,0,0.4006764933197782,83.8948336414048,161.0637707948244,1.767097966728281,0.3798521256931608,0.07674326089675743
23.67088607594937,35.62416426106665,28.93992606284658,0,0.4006764933197782,83.8948336414048,161.0637707948244,1.767097966728281,0.3798521256931608,0.07798846966126598
23.860759493670887,35.62416426106665,28.93992606284658,0,0.4006764933197782,83.8948336414048,161.0637707948244,1.767097966728281,0.3798521256931608,0.07915447702600768
24.050632911392405,35.62416426106665,28.93992606284658,0,0.4006764933197782,83.8948336414048,161.0637707948244,1.767097966728281,0.3798521256931608,0.08022210171462815
24.240506329113927,35.62416426106665,28.93992606284658,0,0.4006764933197782,83.8948336414048,161.0637707948244,1.767097966728281,0.3798521256931608,0.08117173285067156
24.430379746835442,35.62416426106665,28.93992606284658,0,0.4006764933197782,83.8948336414048,161.0637707948244,1.767097966728281,0.3798521256931608,0.0819835484337831
24.620253164556964,35.62416426106665,28.93992606284658,0,0.4006764933197782,83.8948336414048,161.0637707948244,1.767097966728281,0.3798521256931608,0.08263948334015836
24.810126582278482,35.62416426106665,28.93992606284658,0,0.4006764933197782,83.8948336414048,161.0637707948244,1.767097966728281,0.3798521256931608,0.08314450088420033
25.0,35.62416426106665,28.93992606284658,0,0.4006764933197782,83.8948336414048,161.0637707948244,1.767097966728281,0.3798521256931608,0.08352058085472104
10.0,35.78902917674201,28.93992606284658,0,0.4006764933197782,83.8948336414048,161.0637707948244,1.767097966728281,0.3798521256931608,0.04921936064136668
10.189873417721518,35.78902917674201,28.93992606284658,0,0.4006764933197782,83.8948336414048,161.0637707948244,1.767097966728281,0.3798521256931608,0.04921936064136668
10.379746835443038,35.78902917674201,28.93992606284658,0,0.4006764933197782,83.8948336414048,161.0637707948244,1.767097966728281,0.3798521256931608,0.04921936064136668
10.569620253164556,35.78902917674201,28.93992606284658,0,0.4006764933197782,83.8948336414048,161.0637707948244,1.767097966728281,0.3798521256931608,0.04921936064136668
10.759493670886076,35.78902917674201,28.93992606284658,0,0.4006764933197782,83.8948336414048,161.0637707948244,1.767097966728281,0.3798521256931608,0.04921936064136668
10.949367088607595,35.78902917674201,28.93992606284658,0,0.4006764933197782,83.8948336414048,161.0637707948244,1.767097966728281,0.3798521256931608,0.04921936064136668
11.139240506329115,35.78902917674201,28.93992606284658,0,0.4006764933197782,83.8948336414048,161.0637707948244,1.767097966728281,0.3798521256931608,0.050037816320816365
11.329113924050633,35.78902917674201,28.93992606284658,0,0.4006764933197782,83.8948336414048,161.0637707948244,1.767097966728281,0.3798521256931608,0.05117325192822947
11.518987341772153,35.78902917674201,28.93992606284658,0,0.4006764933197782,83.8948336414048,161.0637707948244,1.767097966728281,0.3798521256931608,0.05232704519895913
11.708860759493671,35.78902917674201,28.93992606284658,0,0.4006764933197782,83.8948336414048,161.0637707948244,1.767097966728281,0.3798521256931608,0.05349445635239326
11.89873417721519,35.78902917674201,28.93992606284658,0,0.4006764933197782,83.8948336414048,161.0637707948244,1.767097966728281,0.3798521256931608,0.05467033769156644
12.08860759493671,35.78902917674201,28.93992606284658,0,0.4006764933197782,83.8948336414048,161.0637707948244,1.767097966728281,0.3798521256931608,0.05584912703202047
12.278481012658228,35.78902917674201,28.93992606284658,0,0.4006764933197782,83.8948336414048,161.0637707948244,1.767097966728281,0.3798521256931608,0.05702484627898253
12.468354430379748,35.78902917674201,28.93992606284658,0,0.4006764933197782,83.8948336414048,161.0637707948244,1.767097966728281,0.3798521256931608,0.058191105695098486
12.658227848101266,35.78902917674201,28.93992606284658,0,0.4006764933197782,83.8948336414048,161.0637707948244,1.767097966728281,0.3798521256931608,0.059341114380362596
12.848101265822784,35.78902917674201,28.93992606284658,0,0.4006764933197782,83.8948336414048,161.0637707948244,1.767097966728281,0.3798521256931608,0.06046769745164673
13.037974683544304,35.78902917674201,28.93992606284658,0,0.4006764933197782,83.8948336414048,161.0637707948244,1.767097966728281,0.3798521256931608,0.06156332036084019
13.227848101265824,35.78902917674201,28.93992606284658,0,0.4006764933197782,83.8948336414048,161.0637707948244,1.767097966728281,0.3798521256931608,0.06262012072789444
13.417721518987342,35.78902917674201,28.93992606284658,0,0.4006764933197782,83.8948336414048,161.0637707948244,1.767097966728281,0.3798521256931608,0.06362994798801783
13.60759493670886,35.78902917674201,28.93992606284658,0,0.4006764933197782,83.8948336414048,161.0637707948244,1.767097966728281,0.3798521256931608,0.06458441106121121
13.79746835443038,35.78902917674201,28.93992606284658,0,0.4006764933197782,83.8948336414048,161.0637707948244,1.767097966728281,0.3798521256931608,0.06547493414778188
13.987341772151899,35.78902917674201,28.93992606284658,0,0.4006764933197782,83.8948336414048,161.0637707948244,1.767097966728281,0.3798521256931608,0.06629282063611383
14.177215189873419,35.78902917674201,28.93992606284658,0,0.4006764933197782,83.8948336414048,161.0637707948244,1.767097966728281,0.3798521256931608,0.06702932497965887
14.367088607594937,35.78902917674201,28.93992606284658,0,0.4006764933197782,83.8948336414048,161.0637707948244,1.767097966728281,0.3798521256931608,0.06767573225976524
14.556962025316455,35.78902917674201,28.93992606284658,0,0.4006764933197782,83.8948336414048,161.0637707948244,1.767097966728281,0.3798521256931608,0.06822344500057284
14.746835443037975,35.78902917674201,28.93992606284658,0,0.4006764933197782,83.8948336414048,161.0637707948244,1.767097966728281,0.3798521256931608,0.06866407664274161
14.936708860759495,35.78902917674201,28.93992606284658,0,0.4006764933197782,83.8948336414048,161.0637707948244,1.767097966728281,0.3798521256931608,0.06898955091529786
15.126582278481013,35.78902917674201,28.93992606284658,0,0.4006764933197782,83.8948336414048,161.0637707948244,1.767097966728281,0.3798521256931608,0.06919220617039551
15.316455696202532,35.78902917674201,28.93992606284658,0,0.4006764933197782,83.8948336414048,161.0637707948244,1.767097966728281,0.3798521256931608,0.06926490356550122
15.50632911392405,35.78902917674201,28.93992606284658,0,0.4006764933197782,83.8948336414048,161.0637707948244,1.767097966728281,0.3798521256931608,0.0692011379128747
15.69620253164557,35.78902917674201,28.93992606284658,0,0.4006764933197782,83.8948336414048,161.0637707948244,1.767097966728281,0.3798521256931608,0.06899871608506807
15.88607594936709,35.78902917674201,28.93992606284658,0,0.4006764933197782,83.8948336414048,161.0637707948244,1.767097966728281,0.3798521256931608,0.06866908777782893
16.075949367088608,35.78902917674201,28.93992606284658,0,0.4006764933197782,83.8948336414048,161.0637707948244,1.767097966728281,0.3798521256931608,0.06822709933413598
16.265822784810126,35.78902917674201,28.93992606284658,0,0.4006764933197782,83.8948336414048,161.0637707948244,1.767097966728281,0.3798521256931608,0.06768783829381629
16.455696202531648,35.78902917674201,28.93992606284658,0,0.4006764933197782,83.8948336414048,161.0637707948244,1.767097966728281,0.3798521256931608,0.06706643414096264
16.645569620253166,35.78902917674201,28.93992606284658,0,0.4006764933197782,83.8948336414048,161.0637707948244,1.767097966728281,0.3798521256931608,0.06637788607568987
16.835443037974684,35.78902917674201,28.93992606284658,0,0.4006764933197782,83.8948336414048,161.0637707948244,1.767097966728281,0.3798521256931608,0.06563691868191132
17.025316455696203,35.78902917674201,28.93992606284658,0,0.4006764933197782,83.8948336414048,161.0637707948244,1.767097966728281,0.3798521256931608,0.06485786569520376
17.21518987341772,35.78902917674201,28.93992606284658,0,0.4006764933197782,83.8948336414048,161.0637707948244,1.767097966728281,0.3798521256931608,0.06405458151300314
17.405063291139243,35.78902917674201,28.93992606284658,0,0.4006764933197782,83.8948336414048,161.0637707948244,1.767097966728281,0.3798521256931608,0.06324037963566445
17.59493670886076,35.78902917674201,28.93992606284658,0,0.4006764933197782,83.8948336414048,161.0637707948244,1.767097966728281,0.3798521256931608,0.06242799688201273
17.78481012658228,35.78902917674201,28.93992606284658,0,0.4006764933197782,83.8948336414048,161.0637707948244,1.767097966728281,0.3798521256931608,0.06162958198593993
17.974683544303797,35.78902917674201,28.93992606284658,0,0.4006764933197782,83.8948336414048,161.0637707948244,1.767097966728281,0.3798521256931608,0.060856707048924895
18.164556962025316,35.78902917674201,28.93992606284658,0,0.4006764933197782,83.8948336414048,161.0637707948244,1.767097966728281,0.3798521256931608,0.06012040029328416
18.354430379746837,35.78902917674201,28.93992606284658,0,0.4006764933197782,83.8948336414048,161.0637707948244,1.767097966728281,0.3798521256931608,0.05943119862773235
18.544303797468356,35.78902917674201,28.93992606284658,0,0.4006764933197782,83.8948336414048,161.0637707948244,1.767097966728281,0.3798521256931608,0.05879921869511353
18.734177215189874,35.78902917674201,28.93992606284658,0,0.4006764933197782,83.8948336414048,161.0637707948244,1.767097966728281,0.3798521256931608,0.05823424531663528
18.924050632911396,35.78902917674201,28.93992606284658,0,0.4006764933197782,83.8948336414048,161.0637707948244,1.767097966728281,0.3798521256931608,0.05774583657282208
19.11392405063291,35.78902917674201,28.93992606284658,0,0.4006764933197782,83.8948336414048,161.0637707948244,1.767097966728281,0.3798521256931608,0.0573434451652067
19.303797468354432,35.78902917674201,28.93992606284658,0,0.4006764933197782,83.8948336414048,161.0637707948244,1.767097966728281,0.3798521256931608,0.05703655618282812
19.49367088607595,35.78902917674201,28.93992606284658,0,0.4006764933197782,83.8948336414048,161.0637707948244,1.767097966728281,0.3798521256931608,0.05683484195474388
19.68354430379747,35.78902917674201,28.93992606284658,0,0.4006764933197782,83.8948336414048,161.0637707948244,1.767097966728281,0.3798521256931608,0.05674833530788611
19.87341772151899,35.78902917674201,28.93992606284658,0,0.4006764933197782,83.8948336414048,161.0637707948244,1.767097966728281,0.3798521256931608,0.05678762327613408
20.063291139240505,35.78902917674201,28.93992606284658,0,0.4006764933197782,83.8948336414048,161.0637707948244,1.767097966728281,0.3798521256931608,0.05696392635109779
20.253164556962027,35.78902917674201,28.93992606284658,0,0.4006764933197782,83.8948336414048,161.0637707948244,1.767097966728281,0.3798521256931608,0.0572811667676551
20.443037974683545,35.78902917674201,28.93992606284658,0,0.4006764933197782,83.8948336414048,161.0637707948244,1.767097966728281,0.3798521256931608,0.057731315458969035
20.632911392405063,35.78902917674201,28.93992606284658,0,0.4006764933197782,83.8948336414048,161.0637707948244,1.767097966728281,0.3798521256931608,0.05830582695929912
20.822784810126585,35.78902917674201,28.93992606284658,0,0.4006764933197782,83.8948336414048,161.0637707948244,1.767097966728281,0.3798521256931608,0.058996525874483334
21.0126582278481,35.78902917674201,28.93992606284658,0,0.4006764933197782,83.8948336414048,161.0637707948244,1.767097966728281,0.3798521256931608,0.059795412076850164
21.20253164556962,35.78902917674201,28.93992606284658,0,0.4006764933197782,83.8948336414048,161.0637707948244,1.767097966728281,0.3798521256931608,0.060694481269619585
21.39240506329114,35.78902917674201,28.93992606284658,0,0.4006764933197782,83.8948336414048,161.0637707948244,1.767097966728281,0.3798521256931608,0.06168555932913691
21.582278481012658,35.78902917674201,28.93992606284658,0,0.4006764933197782,83.8948336414048,161.0637707948244,1.767097966728281,0.3798521256931608,0.06276014957428869
21.77215189873418,35.78902917674201,28.93992606284658,0,0.4006764933197782,83.8948336414048,161.0637707948244,1.767097966728281,0.3798521256931608,0.0639092927838579
21.962025316455698,35.78902917674201,28.93992606284658,0,0.4006764933197782,83.8948336414048,161.0637707948244,1.767097966728281,0.3798521256931608,0.0651234403892473
22.151898734177216,35.78902917674201,28.93992606284658,0,0.4006764933197782,83.8948336414048,161.0637707948244,1.767097966728281,0.3798521256931608,0.06639234181257642
22.341772151898734,35.78902917674201,28.93992606284658,0,0.4006764933197782,83.8948336414048,161.0637707948244,1.767097966728281,0.3798521256931608,0.06770494739569895
22.531645569620252,35.78902917674201,28.93992606284658,0,0.4006764933197782,83.8948336414048,161.0637707948244,1.767097966728281,0.3798521256931608,0.06904932876832723
22.721518987341774,35.78902917674201,28.93992606284658,0,0.4006764933197782,83.8948336414048,161.0637707948244,1.767097966728281,0.3798521256931608,0.07041261882526871
22.911392405063292,35.78902917674201,28.93992606284658,0,0.4006764933197782,83.8948336414048,161.0637707948244,1.767097966728281,0.3798521256931608,0.07178097371464583
23.10126582278481,35.78902917674201,28.93992606284658,0,0.4006764933197782,83.8948336414048,161.0637707948244,1.767097966728281,0.3798521256931608,0.07313955937149516
23.291139240506332,35.78902917674201,28.93992606284658,0,0.4006764933197782,83.8948336414048,161.0637707948244,1.767097966728281,0.3798521256931608,0.07447256515559153
23.481012658227847,35.78902917674201,28.93992606284658,0,0.4006764933197782,83.8948336414048,161.0637707948244,1.767097966728281,0.3798521256931608,0.07576324706144465
23.67088607594937,35.78902917674201,28.93992606284658,0,0.4006764933197782,83.8948336414048,161.0637707948244,1.767097966728281,0.3798521256931608,0.07699400275702686
23.860759493670887,35.78902917674201,28.93992606284658,0,0.4006764933197782,83.8948336414048,161.0637707948244,1.767097966728281,0.3798521256931608,0.07814648037324533
24.050632911392405,35.78902917674201,28.93992606284658,0,0.4006764933197782,83.8948336414048,161.0637707948244,1.767097966728281,0.3798521256931608,0.0792017225084535
24.240506329113927,35.78902917674201,28.93992606284658,0,0.4006764933197782,83.8948336414048,161.0637707948244,1.767097966728281,0.3798521256931608,0.08014034633364707
24.430379746835442,35.78902917674201,28.93992606284658,0,0.4006764933197782,83.8948336414048,161.0637707948244,1.767097966728281,0.3798521256931608,0.08094275998851598
24.620253164556964,35.78902917674201,28.93992606284658,0,0.4006764933197782,83.8948336414048,161.0637707948244,1.767097966728281,0.3798521256931608,0.0815911079293241
24.810126582278482,35.78902917674201,28.93992606284658,0,0.4006764933197782,83.8948336414048,161.0637707948244,1.767097966728281,0.3798521256931608,0.08209029206131559
25.0,35.78902917674201,28.93992606284658,0,0.4006764933197782,83.8948336414048,161.0637707948244,1.767097966728281,0.3798521256931608,0.0824620324955834
10.0,35.95389409241738,28.93992606284658,0,0.4006764933197782,83.8948336414048,161.0637707948244,1.767097966728281,0.3798521256931608,0.048360975542269424
10.189873417721518,35.95389409241738,28.93992606284658,0,0.4006764933197782,83.8948336414048,161.0637707948244,1.767097966728281,0.3798521256931608,0.048360975542269424
10.379746835443038,35.95389409241738,28.93992606284658,0,0.4006764933197782,83.8948336414048,161.0637707948244,1.767097966728281,0.3798521256931608,0.048360975542269424
10.569620253164556,35.95389409241738,28.93992606284658,0,0.4006764933197782,83.8948336414048,161.0637707948244,1.767097966728281,0.3798521256931608,0.048360975542269424
10.759493670886076,35.95389409241738,28.93992606284658,0,0.4006764933197782,83.8948336414048,161.0637707948244,1.767097966728281,0.3798521256931608,0.048360975542269424
10.949367088607595,35.95389409241738,28.93992606284658,0,0.4006764933197782,83.8948336414048,161.0637707948244,1.767097966728281,0.3798521256931608,0.048360975542269424
11.139240506329115,35.95389409241738,28.93992606284658,0,0.4006764933197782,83.8948336414048,161.0637707948244,1.767097966728281,0.3798521256931608,0.04918694393541726
11.329113924050633,35.95389409241738,28.93992606284658,0,0.4006764933197782,83.8948336414048,161.0637707948244,1.767097966728281,0.3798521256931608,0.05033081716107185
11.518987341772153,35.95389409241738,28.93992606284658,0,0.4006764933197782,83.8948336414048,161.0637707948244,1.767097966728281,0.3798521256931608,0.05149101524828472
11.708860759493671,35.95389409241738,28.93992606284658,0,0.4006764933197782,83.8948336414048,161.0637707948244,1.767097966728281,0.3798521256931608,0.05266286049708171
11.89873417721519,35.95389409241738,28.93992606284658,0,0.4006764933197782,83.8948336414048,161.0637707948244,1.767097966728281,0.3798521256931608,0.05384127445291448
12.08860759493671,35.95389409241738,28.93992606284658,0,0.4006764933197782,83.8948336414048,161.0637707948244,1.767097966728281,0.3798521256931608,0.05502077338892091
12.278481012658228,35.95389409241738,28.93992606284658,0,0.4006764933197782,83.8948336414048,161.0637707948244,1.767097966728281,0.3798521256931608,0.05619546882760836
12.468354430379748,35.95389409241738,28.93992606284658,0,0.4006764933197782,83.8948336414048,161.0637707948244,1.767097966728281,0.3798521256931608,0.057359073612038194
12.658227848101266,35.95389409241738,28.93992606284658,0,0.4006764933197782,83.8948336414048,161.0637707948244,1.767097966728281,0.3798521256931608,0.05850491401235454
12.848101265822784,35.95389409241738,28.93992606284658,0,0.4006764933197782,83.8948336414048,161.0637707948244,1.767097966728281,0.3798521256931608,0.05962594831641626
13.037974683544304,35.95389409241738,28.93992606284658,0,0.4006764933197782,83.8948336414048,161.0637707948244,1.767097966728281,0.3798521256931608,0.06071479230297009
13.227848101265824,35.95389409241738,28.93992606284658,0,0.4006764933197782,83.8948336414048,161.0637707948244,1.767097966728281,0.3798521256931608,0.061763751932163415
13.417721518987342,35.95389409241738,28.93992606284658,0,0.4006764933197782,83.8948336414048,161.0637707948244,1.767097966728281,0.3798521256931608,0.06276486351133377
13.60759493670886,35.95389409241738,28.93992606284658,0,0.4006764933197782,83.8948336414048,161.0637707948244,1.767097966728281,0.3798521256931608,0.06370994150430805
13.79746835443038,35.95389409241738,28.93992606284658,0,0.4006764933197782,83.8948336414048,161.0637707948244,1.767097966728281,0.3798521256931608,0.06459063405044649
13.987341772151899,35.95389409241738,28.93992606284658,0,0.4006764933197782,83.8948336414048,161.0637707948244,1.767097966728281,0.3798521256931608,0.06539848614609288
14.177215189873419,35.95389409241738,28.93992606284658,0,0.4006764933197782,83.8948336414048,161.0637707948244,1.767097966728281,0.3798521256931608,0.06612501031679557
14.367088607594937,35.95389409241738,28.93992606284658,0,0.4006764933197782,83.8948336414048,161.0637707948244,1.767097966728281,0.3798521256931608,0.06676176447454128
14.556962025316455,35.95389409241738,28.93992606284658,0,0.4006764933197782,83.8948336414048,161.0637707948244,1.767097966728281,0.3798521256931608,0.06730043651127371
14.746835443037975,35.95389409241738,28.93992606284658,0,0.4006764933197782,83.8948336414048,161.0637707948244,1.767097966728281,0.3798521256931608,0.0677329350290946
14.936708860759495,35.95389409241738,28.93992606284658,0,0.4006764933197782,83.8948336414048,161.0637707948244,1.767097966728281,0.3798521256931608,0.06805148544977616
15.126582278481013,35.95389409241738,28.93992606284658,0,0.4006764933197782,83.8948336414048,161.0637707948244,1.767097966728281,0.3798521256931608,0.0682487305825714
15.316455696202532,35.95389409241738,28.93992606284658,0,0.4006764933197782,83.8948336414048,161.0637707948244,1.767097966728281,0.3798521256931608,0.0683178345609564
15.50632911392405,35.95389409241738,28.93992606284658,0,0.4006764933197782,83.8948336414048,161.0637707948244,1.767097966728281,0.3798521256931608,0.06825258900437069
15.69620253164557,35.95389409241738,28.93992606284658,0,0.4006764933197782,83.8948336414048,161.0637707948244,1.767097966728281,0.3798521256931608,0.06805099813926137
15.88607594936709,35.95389409241738,28.93992606284658,0,0.4006764933197782,83.8948336414048,161.0637707948244,1.767097966728281,0.3798521256931608,0.06772437549849503
16.075949367088608,35.95389409241738,28.93992606284658,0,0.4006764933197782,83.8948336414048,161.0637707948244,1.767097966728281,0.3798521256931608,0.06728734774638463
16.265822784810126,35.95389409241738,28.93992606284658,0,0.4006764933197782,83.8948336414048,161.0637707948244,1.767097966728281,0.3798521256931608,0.0667547754011748
16.455696202531648,35.95389409241738,28.93992606284658,0,0.4006764933197782,83.8948336414048,161.0637707948244,1.767097966728281,0.3798521256931608,0.06614155709463906
16.645569620253166,35.95389409241738,28.93992606284658,0,0.4006764933197782,83.8948336414048,161.0637707948244,1.767097966728281,0.3798521256931608,0.06546246047043826
16.835443037974684,35.95389409241738,28.93992606284658,0,0.4006764933197782,83.8948336414048,161.0637707948244,1.767097966728281,0.3798521256931608,0.06473198056914387
17.025316455696203,35.95389409241738,28.93992606284658,0,0.4006764933197782,83.8948336414048,161.0637707948244,1.767097966728281,0.3798521256931608,0.0639642258897533
17.21518987341772,35.95389409241738,28.93992606284658,0,0.4006764933197782,83.8948336414048,161.0637707948244,1.767097966728281,0.3798521256931608,0.06317283176432112
17.405063291139243,35.95389409241738,28.93992606284658,0,0.4006764933197782,83.8948336414048,161.0637707948244,1.767097966728281,0.3798521256931608,0.062370900236295
17.59493670886076,35.95389409241738,28.93992606284658,0,0.4006764933197782,83.8948336414048,161.0637707948244,1.767097966728281,0.3798521256931608,0.06157096529486454
17.78481012658228,35.95389409241738,28.93992606284658,0,0.4006764933197782,83.8948336414048,161.0637707948244,1.767097966728281,0.3798521256931608,0.06078498208604772
17.974683544303797,35.95389409241738,28.93992606284658,0,0.4006764933197782,83.8948336414048,161.0637707948244,1.767097966728281,0.3798521256931608,0.06002433859376145
18.164556962025316,35.95389409241738,28.93992606284658,0,0.4006764933197782,83.8948336414048,161.0637707948244,1.767097966728281,0.3798521256931608,0.05929988825690087
18.354430379746837,35.95389409241738,28.93992606284658,0,0.4006764933197782,83.8948336414048,161.0637707948244,1.767097966728281,0.3798521256931608,0.05862200205662081
18.544303797468356,35.95389409241738,28.93992606284658,0,0.4006764933197782,83.8948336414048,161.0637707948244,1.767097966728281,0.3798521256931608,0.05800063876622871
18.734177215189874,35.95389409241738,28.93992606284658,0,0.4006764933197782,83.8948336414048,161.0637707948244,1.767097966728281,0.3798521256931608,0.05744543229902912
18.924050632911396,35.95389409241738,28.93992606284658,0,0.4006764933197782,83.8948336414048,161.0637707948244,1.767097966728281,0.3798521256931608,0.056965795412379026
19.11392405063291,35.95389409241738,28.93992606284658,0,0.4006764933197782,83.8948336414048,161.0637707948244,1.767097966728281,0.3798521256931608,0.05657103942567524
19.303797468354432,35.95389409241738,28.93992606284658,0,0.4006764933197782,83.8948336414048,161.0637707948244,1.767097966728281,0.3798521256931608,0.05627051008440891
19.49367088607595,35.95389409241738,28.93992606284658,0,0.4006764933197782,83.8948336414048,161.0637707948244,1.767097966728281,0.3798521256931608,0.056073740252712945
19.68354430379747,35.95389409241738,28.93992606284658,0,0.4006764933197782,83.8948336414048,161.0637707948244,1.767097966728281,0.3798521256931608,0.05599062074694974
19.87341772151899,35.95389409241738,28.93992606284658,0,0.4006764933197782,83.8948336414048,161.0637707948244,1.767097966728281,0.3798521256931608,0.05603159134037107
20.063291139240505,35.95389409241738,28.93992606284658,0,0.4006764933197782,83.8948336414048,161.0637707948244,1.767097966728281,0.3798521256931608,0.056207718937312634
20.253164556962027,35.95389409241738,28.93992606284658,0,0.4006764933197782,83.8948336414048,161.0637707948244,1.767097966728281,0.3798521256931608,0.05652287690991308
20.443037974683545,35.95389409241738,28.93992606284658,0,0.4006764933197782,83.8948336414048,161.0637707948244,1.767097966728281,0.3798521256931608,0.0569691554084479
20.632911392405063,35.95389409241738,28.93992606284658,0,0.4006764933197782,83.8948336414048,161.0637707948244,1.767097966728281,0.3798521256931608,0.0575381345014506
20.822784810126585,35.95389409241738,28.93992606284658,0,0.4006764933197782,83.8948336414048,161.0637707948244,1.767097966728281,0.3798521256931608,0.05822175797999173
21.0126582278481,35.95389409241738,28.93992606284658,0,0.4006764933197782,83.8948336414048,161.0637707948244,1.767097966728281,0.3798521256931608,0.05901214109414201
21.20253164556962,35.95389409241738,28.93992606284658,0,0.4006764933197782,83.8948336414048,161.0637707948244,1.767097966728281,0.3798521256931608,0.05990139342673126
21.39240506329114,35.95389409241738,28.93992606284658,0,0.4006764933197782,83.8948336414048,161.0637707948244,1.767097966728281,0.3798521256931608,0.06088145533233475
21.582278481012658,35.95389409241738,28.93992606284658,0,0.4006764933197782,83.8948336414048,161.0637707948244,1.767097966728281,0.3798521256931608,0.06194394710242095
21.77215189873418,35.95389409241738,28.93992606284658,0,0.4006764933197782,83.8948336414048,161.0637707948244,1.767097966728281,0.3798521256931608,0.06308003068194919
21.962025316455698,35.95389409241738,28.93992606284658,0,0.4006764933197782,83.8948336414048,161.0637707948244,1.767097966728281,0.3798521256931608,0.0642802843633028
22.151898734177216,35.95389409241738,28.93992606284658,0,0.4006764933197782,83.8948336414048,161.0637707948244,1.767097966728281,0.3798521256931608,0.06553459142099634
22.341772151898734,35.95389409241738,28.93992606284658,0,0.4006764933197782,83.8948336414048,161.0637707948244,1.767097966728281,0.3798521256931608,0.06683204412219373
22.531645569620252,35.95389409241738,28.93992606284658,0,0.4006764933197782,83.8948336414048,161.0637707948244,1.767097966728281,0.3798521256931608,0.06816086494791027
22.721518987341774,35.95389409241738,28.93992606284658,0,0.4006764933197782,83.8948336414048,161.0637707948244,1.767097966728281,0.3798521256931608,0.06950834717993647
22.911392405063292,35.95389409241738,28.93992606284658,0,0.4006764933197782,83.8948336414048,161.0637707948244,1.767097966728281,0.3798521256931608,0.07086081723987439
23.10126582278481,35.95389409241738,28.93992606284658,0,0.4006764933197782,83.8948336414048,161.0637707948244,1.767097966728281,0.3798521256931608,0.0722036212997525
23.291139240506332,35.95389409241738,28.93992606284658,0,0.4006764933197782,83.8948336414048,161.0637707948244,1.767097966728281,0.3798521256931608,0.07352113870964912
23.481012658227847,35.95389409241738,28.93992606284658,0,0.4006764933197782,83.8948336414048,161.0637707948244,1.767097966728281,0.3798521256931608,0.07479682469913504
23.67088607594937,35.95389409241738,28.93992606284658,0,0.4006764933197782,83.8948336414048,161.0637707948244,1.767097966728281,0.3798521256931608,0.07601328460078771
23.860759493670887,35.95389409241738,28.93992606284658,0,0.4006764933197782,83.8948336414048,161.0637707948244,1.767097966728281,0.3798521256931608,0.07715238151258143
24.050632911392405,35.95389409241738,28.93992606284658,0,0.4006764933197782,83.8948336414048,161.0637707948244,1.767097966728281,0.3798521256931608,0.07819537886133783
24.240506329113927,35.95389409241738,28.93992606284658,0,0.4006764933197782,83.8948336414048,161.0637707948244,1.767097966728281,0.3798521256931608,0.07912311875359498
24.430379746835442,35.95389409241738,28.93992606284658,0,0.4006764933197782,83.8948336414048,161.0637707948244,1.767097966728281,0.3798521256931608,0.07991623630714176
24.620253164556964,35.95389409241738,28.93992606284658,0,0.4006764933197782,83.8948336414048,161.0637707948244,1.767097966728281,0.3798521256931608,0.08055708262992757
24.810126582278482,35.95389409241738,28.93992606284658,0,0.4006764933197782,83.8948336414048,161.0637707948244,1.767097966728281,0.3798521256931608,0.08105049877318092
25.0,35.95389409241738,28.93992606284658,0,0.4006764933197782,83.8948336414048,161.0637707948244,1.767097966728281,0.3798521256931608,0.08141794822522957
10.0,36.11875900809274,28.93992606284658,0,0.4006764933197782,83.8948336414048,161.0637707948244,1.767097966728281,0.3798521256931608,0.047536804403404964
10.189873417721518,36.11875900809274,28.93992606284658,0,0.4006764933197782,83.8948336414048,161.0637707948244,1.767097966728281,0.3798521256931608,0.047536804403404964
10.379746835443038,36.11875900809274,28.93992606284658,0,0.4006764933197782,83.8948336414048,161.0637707948244,1.767097966728281,0.3798521256931608,0.047536804403404964
10.569620253164556,36.11875900809274,28.93992606284658,0,0.4006764933197782,83.8948336414048,161.0637707948244,1.767097966728281,0.3798521256931608,0.047536804403404964
10.759493670886076,36.11875900809274,28.93992606284658,0,0.4006764933197782,83.8948336414048,161.0637707948244,1.767097966728281,0.3798521256931608,0.047536804403404964
10.949367088607595,36.11875900809274,28.93992606284658,0,0.4006764933197782,83.8948336414048,161.0637707948244,1.767097966728281,0.3798521256931608,0.047536804403404964
11.139240506329115,36.11875900809274,28.93992606284658,0,0.4006764933197782,83.8948336414048,161.0637707948244,1.767097966728281,0.3798521256931608,0.048368625228433354
11.329113924050633,36.11875900809274,28.93992606284658,0,0.4006764933197782,83.8948336414048,161.0637707948244,1.767097966728281,0.3798521256931608,0.049518864195963797
11.518987341772153,36.11875900809274,28.93992606284658,0,0.4006764933197782,83.8948336414048,161.0637707948244,1.767097966728281,0.3798521256931608,0.050683609822389
11.708860759493671,36.11875900809274,28.93992606284658,0,0.4006764933197782,83.8948336414048,161.0637707948244,1.767097966728281,0.3798521256931608,0.05185823925921296
11.89873417721519,36.11875900809274,28.93992606284658,0,0.4006764933197782,83.8948336414048,161.0637707948244,1.767097966728281,0.3798521256931608,0.053037736441568575
12.08860759493671,36.11875900809274,28.93992606284658,0,0.4006764933197782,83.8948336414048,161.0637707948244,1.767097966728281,0.3798521256931608,0.05421668938312832
12.278481012658228,36.11875900809274,28.93992606284658,0,0.4006764933197782,83.8948336414048,161.0637707948244,1.767097966728281,0.3798521256931608,0.05538929240942418
12.468354430379748,36.11875900809274,28.93992606284658,0,0.4006764933197782,83.8948336414048,161.0637707948244,1.767097966728281,0.3798521256931608,0.05654935380907572
12.658227848101266,36.11875900809274,28.93992606284658,0,0.4006764933197782,83.8948336414048,161.0637707948244,1.767097966728281,0.3798521256931608,0.057690309355192364
12.848101265822784,36.11875900809274,28.93992606284658,0,0.4006764933197782,83.8948336414048,161.0637707948244,1.767097966728281,0.3798521256931608,0.05880524210985343
13.037974683544304,36.11875900809274,28.93992606284658,0,0.4006764933197782,83.8948336414048,161.0637707948244,1.767097966728281,0.3798521256931608,0.05988690887280362
13.227848101265824,36.11875900809274,28.93992606284658,0,0.4006764933197782,83.8948336414048,161.0637707948244,1.767097966728281,0.3798521256931608,0.06092777357133143
13.417721518987342,36.11875900809274,28.93992606284658,0,0.4006764933197782,83.8948336414048,161.0637707948244,1.767097966728281,0.3798521256931608,0.06192004781189931
13.60759493670886,36.11875900809274,28.93992606284658,0,0.4006764933197782,83.8948336414048,161.0637707948244,1.767097966728281,0.3798521256931608,0.06285573872588915
13.79746835443038,36.11875900809274,28.93992606284658,0,0.4006764933197782,83.8948336414048,161.0637707948244,1.767097966728281,0.3798521256931608,0.06372670414240862
13.987341772151899,36.11875900809274,28.93992606284658,0,0.4006764933197782,83.8948336414048,161.0637707948244,1.767097966728281,0.3798521256931608,0.06452471501119275
14.177215189873419,36.11875900809274,28.93992606284658,0,0.4006764933197782,83.8948336414048,161.0637707948244,1.767097966728281,0.3798521256931608,0.06524152487908823
14.367088607594937,36.11875900809274,28.93992606284658,0,0.4006764933197782,83.8948336414048,161.0637707948244,1.767097966728281,0.3798521256931608,0.06586894609530321
14.556962025316455,36.11875900809274,28.93992606284658,0,0.4006764933197782,83.8948336414048,161.0637707948244,1.767097966728281,0.3798521256931608,0.06639893228450018
14.746835443037975,36.11875900809274,28.93992606284658,0,0.4006764933197782,83.8948336414048,161.0637707948244,1.767097966728281,0.3798521256931608,0.06682366648381938
14.936708860759495,36.11875900809274,28.93992606284658,0,0.4006764933197782,83.8948336414048,161.0637707948244,1.767097966728281,0.3798521256931608,0.06713565419103422
15.126582278481013,36.11875900809274,28.93992606284658,0,0.4006764933197782,83.8948336414048,161.0637707948244,1.767097966728281,0.3798521256931608,0.06732782041726092
15.316455696202532,36.11875900809274,28.93992606284658,0,0.4006764933197782,83.8948336414048,161.0637707948244,1.767097966728281,0.3798521256931608,0.06739360968011403
15.50632911392405,36.11875900809274,28.93992606284658,0,0.4006764933197782,83.8948336414048,161.0637707948244,1.767097966728281,0.3798521256931608,0.06732708782761485
15.69620253164557,36.11875900809274,28.93992606284658,0,0.4006764933197782,83.8948336414048,161.0637707948244,1.767097966728281,0.3798521256931608,0.0671264394279912
15.88607594936709,36.11875900809274,28.93992606284658,0,0.4006764933197782,83.8948336414048,161.0637707948244,1.767097966728281,0.3798521256931608,0.06680284423769904
16.075949367088608,36.11875900809274,28.93992606284658,0,0.4006764933197782,83.8948336414048,161.0637707948244,1.767097966728281,0.3798521256931608,0.06637071653797826
16.265822784810126,36.11875900809274,28.93992606284658,0,0.4006764933197782,83.8948336414048,161.0637707948244,1.767097966728281,0.3798521256931608,0.06584469762688736
16.455696202531648,36.11875900809274,28.93992606284658,0,0.4006764933197782,83.8948336414048,161.0637707948244,1.767097966728281,0.3798521256931608,0.06523946342048677
16.645569620253166,36.11875900809274,28.93992606284658,0,0.4006764933197782,83.8948336414048,161.0637707948244,1.767097966728281,0.3798521256931608,0.06456955832219051
16.835443037974684,36.11875900809274,28.93992606284658,0,0.4006764933197782,83.8948336414048,161.0637707948244,1.767097966728281,0.3798521256931608,0.06384925618606077
17.025316455696203,36.11875900809274,28.93992606284658,0,0.4006764933197782,83.8948336414048,161.0637707948244,1.767097966728281,0.3798521256931608,0.06309244855077907
17.21518987341772,36.11875900809274,28.93992606284658,0,0.4006764933197782,83.8948336414048,161.0637707948244,1.767097966728281,0.3798521256931608,0.062312559775985404
17.405063291139243,36.11875900809274,28.93992606284658,0,0.4006764933197782,83.8948336414048,161.0637707948244,1.767097966728281,0.3798521256931608,0.06152248827388864
17.59493670886076,36.11875900809274,28.93992606284658,0,0.4006764933197782,83.8948336414048,161.0637707948244,1.767097966728281,0.3798521256931608,0.060734572697018666
17.78481012658228,36.11875900809274,28.93992606284658,0,0.4006764933197782,83.8948336414048,161.0637707948244,1.767097966728281,0.3798521256931608,0.05996058171654698
17.974683544303797,36.11875900809274,28.93992606284658,0,0.4006764933197782,83.8948336414048,161.0637707948244,1.767097966728281,0.3798521256931608,0.0592117259020566
18.164556962025316,36.11875900809274,28.93992606284658,0,0.4006764933197782,83.8948336414048,161.0637707948244,1.767097966728281,0.3798521256931608,0.05849869018903631
18.354430379746837,36.11875900809274,28.93992606284658,0,0.4006764933197782,83.8948336414048,161.0637707948244,1.767097966728281,0.3798521256931608,0.057831685489799875
18.544303797468356,36.11875900809274,28.93992606284658,0,0.4006764933197782,83.8948336414048,161.0637707948244,1.767097966728281,0.3798521256931608,0.05722051816159436
18.734177215189874,36.11875900809274,28.93992606284658,0,0.4006764933197782,83.8948336414048,161.0637707948244,1.767097966728281,0.3798521256931608,0.056674676287051334
18.924050632911396,36.11875900809274,28.93992606284658,0,0.4006764933197782,83.8948336414048,161.0637707948244,1.767097966728281,0.3798521256931608,0.056203432042152446
19.11392405063291,36.11875900809274,28.93992606284658,0,0.4006764933197782,83.8948336414048,161.0637707948244,1.767097966728281,0.3798521256931608,0.055815959822133734
19.303797468354432,36.11875900809274,28.93992606284658,0,0.4006764933197782,83.8948336414048,161.0637707948244,1.767097966728281,0.3798521256931608,0.055521470264732184
19.49367088607595,36.11875900809274,28.93992606284658,0,0.4006764933197782,83.8948336414048,161.0637707948244,1.767097966728281,0.3798521256931608,0.05532936085387093
19.68354430379747,36.11875900809274,28.93992606284658,0,0.4006764933197782,83.8948336414048,161.0637707948244,1.767097966728281,0.3798521256931608,0.05524938440931313
19.87341772151899,36.11875900809274,28.93992606284658,0,0.4006764933197782,83.8948336414048,161.0637707948244,1.767097966728281,0.3798521256931608,0.05529183747659062
20.063291139240505,36.11875900809274,28.93992606284658,0,0.4006764933197782,83.8948336414048,161.0637707948244,1.767097966728281,0.3798521256931608,0.0554676374696927
20.253164556962027,36.11875900809274,28.93992606284658,0,0.4006764933197782,83.8948336414048,161.0637707948244,1.767097966728281,0.3798521256931608,0.05578060996766175
20.443037974683545,36.11875900809274,28.93992606284658,0,0.4006764933197782,83.8948336414048,161.0637707948244,1.767097966728281,0.3798521256931608,0.056222960723414324
20.632911392405063,36.11875900809274,28.93992606284658,0,0.4006764933197782,83.8948336414048,161.0637707948244,1.767097966728281,0.3798521256931608,0.05678639166401037
20.822784810126585,36.11875900809274,28.93992606284658,0,0.4006764933197782,83.8948336414048,161.0637707948244,1.767097966728281,0.3798521256931608,0.05746296238704541
21.0126582278481,36.11875900809274,28.93992606284658,0,0.4006764933197782,83.8948336414048,161.0637707948244,1.767097966728281,0.3798521256931608,0.05824490036769652
21.20253164556962,36.11875900809274,28.93992606284658,0,0.4006764933197782,83.8948336414048,161.0637707948244,1.767097966728281,0.3798521256931608,0.059124426078711406
21.39240506329114,36.11875900809274,28.93992606284658,0,0.4006764933197782,83.8948336414048,161.0637707948244,1.767097966728281,0.3798521256931608,0.060093591470000575
21.582278481012658,36.11875900809274,28.93992606284658,0,0.4006764933197782,83.8948336414048,161.0637707948244,1.767097966728281,0.3798521256931608,0.061144130979709714
21.77215189873418,36.11875900809274,28.93992606284658,0,0.4006764933197782,83.8948336414048,161.0637707948244,1.767097966728281,0.3798521256931608,0.06226732490612308
21.962025316455698,36.11875900809274,28.93992606284658,0,0.4006764933197782,83.8948336414048,161.0637707948244,1.767097966728281,0.3798521256931608,0.06345387556443163
22.151898734177216,36.11875900809274,28.93992606284658,0,0.4006764933197782,83.8948336414048,161.0637707948244,1.767097966728281,0.3798521256931608,0.06469379718504356
22.341772151898734,36.11875900809274,28.93992606284658,0,0.4006764933197782,83.8948336414048,161.0637707948244,1.767097966728281,0.3798521256931608,0.06597632097786268
22.531645569620252,36.11875900809274,28.93992606284658,0,0.4006764933197782,83.8948336414048,161.0637707948244,1.767097966728281,0.3798521256931608,0.06728981718405314
22.721518987341774,36.11875900809274,28.93992606284658,0,0.4006764933197782,83.8948336414048,161.0637707948244,1.767097966728281,0.3798521256931608,0.06862173625535191
22.911392405063292,36.11875900809274,28.93992606284658,0,0.4006764933197782,83.8948336414048,161.0637707948244,1.767097966728281,0.3798521256931608,0.06995857153183026
23.10126582278481,36.11875900809274,28.93992606284658,0,0.4006764933197782,83.8948336414048,161.0637707948244,1.767097966728281,0.3798521256931608,0.07128584592262283
23.291139240506332,36.11875900809274,28.93992606284658,0,0.4006764933197782,83.8948336414048,161.0637707948244,1.767097966728281,0.3798521256931608,0.07258812512158701
23.481012658227847,36.11875900809274,28.93992606284658,0,0.4006764933197782,83.8948336414048,161.0637707948244,1.767097966728281,0.3798521256931608,0.0738490598034778
23.67088607594937,36.11875900809274,28.93992606284658,0,0.4006764933197782,83.8948336414048,161.0637707948244,1.767097966728281,0.3798521256931608,0.07505145904046052
23.860759493670887,36.11875900809274,28.93992606284658,0,0.4006764933197782,83.8948336414048,161.0637707948244,1.767097966728281,0.3798521256931608,0.07617739685041598
24.050632911392405,36.11875900809274,28.93992606284658,0,0.4006764933197782,83.8948336414048,161.0637707948244,1.767097966728281,0.3798521256931608,0.07720835333696408
24.240506329113927,36.11875900809274,28.93992606284658,0,0.4006764933197782,83.8948336414048,161.0637707948244,1.767097966728281,0.3798521256931608,0.07812539130816894
24.430379746835442,36.11875900809274,28.93992606284658,0,0.4006764933197782,83.8948336414048,161.0637707948244,1.767097966728281,0.3798521256931608,0.07890936857019731
24.620253164556964,36.11875900809274,28.93992606284658,0,0.4006764933197782,83.8948336414048,161.0637707948244,1.767097966728281,0.3798521256931608,0.07954283893600327
24.810126582278482,36.11875900809274,28.93992606284658,0,0.4006764933197782,83.8948336414048,161.0637707948244,1.767097966728281,0.3798521256931608,0.08003058351946266
25.0,36.11875900809274,28.93992606284658,0,0.4006764933197782,83.8948336414048,161.0637707948244,1.767097966728281,0.3798521256931608,0.08039381361461491
10.0,36.283623923768104,28.93992606284658,0,0.4006764933197782,83.8948336414048,161.0637707948244,1.767097966728281,0.3798521256931608,0.04674852300825647
10.189873417721518,36.283623923768104,28.93992606284658,0,0.4006764933197782,83.8948336414048,161.0637707948244,1.767097966728281,0.3798521256931608,0.04674852300825647
10.379746835443038,36.283623923768104,28.93992606284658,0,0.4006764933197782,83.8948336414048,161.0637707948244,1.767097966728281,0.3798521256931608,0.04674852300825647
10.569620253164556,36.283623923768104,28.93992606284658,0,0.4006764933197782,83.8948336414048,161.0637707948244,1.767097966728281,0.3798521256931608,0.04674852300825647
10.759493670886076,36.283623923768104,28.93992606284658,0,0.4006764933197782,83.8948336414048,161.0637707948244,1.767097966728281,0.3798521256931608,0.04674852300825647
10.949367088607595,36.283623923768104,28.93992606284658,0,0.4006764933197782,83.8948336414048,161.0637707948244,1.767097966728281,0.3798521256931608,0.04674852300825647
11.139240506329115,36.283623923768104,28.93992606284658,0,0.4006764933197782,83.8948336414048,161.0637707948244,1.767097966728281,0.3798521256931608,0.047584732864305555
11.329113924050633,36.283623923768104,28.93992606284658,0,0.4006764933197782,83.8948336414048,161.0637707948244,1.767097966728281,0.3798521256931608,0.048739516534255393
11.518987341772153,36.283623923768104,28.93992606284658,0,0.4006764933197782,83.8948336414048,161.0637707948244,1.767097966728281,0.3798521256931608,0.04990718422713878
11.708860759493671,36.283623923768104,28.93992606284658,0,0.4006764933197782,83.8948336414048,161.0637707948244,1.767097966728281,0.3798521256931608,0.05108316194909721
11.89873417721519,36.283623923768104,28.93992606284658,0,0.4006764933197782,83.8948336414048,161.0637707948244,1.767097966728281,0.3798521256931608,0.052262490202519975
12.08860759493671,36.283623923768104,28.93992606284658,0,0.4006764933197782,83.8948336414048,161.0637707948244,1.767097966728281,0.3798521256931608,0.05343982288079494
12.278481012658228,36.283623923768104,28.93992606284658,0,0.4006764933197782,83.8948336414048,161.0637707948244,1.767097966728281,0.3798521256931608,0.054609431007234865
12.468354430379748,36.283623923768104,28.93992606284658,0,0.4006764933197782,83.8948336414048,161.0637707948244,1.767097966728281,0.3798521256931608,0.055765211768898294
12.658227848101266,36.283623923768104,28.93992606284658,0,0.4006764933197782,83.8948336414048,161.0637707948244,1.767097966728281,0.3798521256931608,0.05690070326632221
12.848101265822784,36.283623923768104,28.93992606284658,0,0.4006764933197782,83.8948336414048,161.0637707948244,1.767097966728281,0.3798521256931608,0.05800910535901735
13.037974683544304,36.283623923768104,28.93992606284658,0,0.4006764933197782,83.8948336414048,161.0637707948244,1.767097966728281,0.3798521256931608,0.059083306933757566
13.227848101265824,36.283623923768104,28.93992606284658,0,0.4006764933197782,83.8948336414048,161.0637707948244,1.767097966728281,0.3798521256931608,0.060115919858297805
13.417721518987342,36.283623923768104,28.93992606284658,0,0.4006764933197782,83.8948336414048,161.0637707948244,1.767097966728281,0.3798521256931608,0.061099319807420616
13.60759493670886,36.283623923768104,28.93992606284658,0,0.4006764933197782,83.8948336414048,161.0637707948244,1.767097966728281,0.3798521256931608,0.06202569406159764
13.79746835443038,36.283623923768104,28.93992606284658,0,0.4006764933197782,83.8948336414048,161.0637707948244,1.767097966728281,0.3798521256931608,0.06288709628167927
13.987341772151899,36.283623923768104,28.93992606284658,0,0.4006764933197782,83.8948336414048,161.0637707948244,1.767097966728281,0.3798521256931608,0.06367550815663038
14.177215189873419,36.283623923768104,28.93992606284658,0,0.4006764933197782,83.8948336414048,161.0637707948244,1.767097966728281,0.3798521256931608,0.06438290770624312
14.367088607594937,36.283623923768104,28.93992606284658,0,0.4006764933197782,83.8948336414048,161.0637707948244,1.767097966728281,0.3798521256931608,0.0650013438978677
14.556962025316455,36.283623923768104,28.93992606284658,0,0.4006764933197782,83.8948336414048,161.0637707948244,1.767097966728281,0.3798521256931608,0.06552301710641756
14.746835443037975,36.283623923768104,28.93992606284658,0,0.4006764933197782,83.8948336414048,161.0637707948244,1.767097966728281,0.3798521256931608,0.06594036481114325
14.936708860759495,36.283623923768104,28.93992606284658,0,0.4006764933197782,83.8948336414048,161.0637707948244,1.767097966728281,0.3798521256931608,0.06624615178187297
15.126582278481013,36.283623923768104,28.93992606284658,0,0.4006764933197782,83.8948336414048,161.0637707948244,1.767097966728281,0.3798521256931608,0.06643356386259675
15.316455696202532,36.283623923768104,28.93992606284658,0,0.4006764933197782,83.8948336414048,161.0637707948244,1.767097966728281,0.3798521256931608,0.0664963043125294
15.50632911392405,36.283623923768104,28.93992606284658,0,0.4006764933197782,83.8948336414048,161.0637707948244,1.767097966728281,0.3798521256931608,0.06642869162720157
15.69620253164557,36.283623923768104,28.93992606284658,0,0.4006764933197782,83.8948336414048,161.0637707948244,1.767097966728281,0.3798521256931608,0.06622907465978607
15.88607594936709,36.283623923768104,28.93992606284658,0,0.4006764933197782,83.8948336414048,161.0637707948244,1.767097966728281,0.3798521256931608,0.06590850247775634
16.075949367088608,36.283623923768104,28.93992606284658,0,0.4006764933197782,83.8948336414048,161.0637707948244,1.767097966728281,0.3798521256931608,0.06548118490202523
16.265822784810126,36.283623923768104,28.93992606284658,0,0.4006764933197782,83.8948336414048,161.0637707948244,1.767097966728281,0.3798521256931608,0.06496155241982701
16.455696202531648,36.283623923768104,28.93992606284658,0,0.4006764933197782,83.8948336414048,161.0637707948244,1.767097966728281,0.3798521256931608,0.0643640669555925
16.645569620253166,36.283623923768104,28.93992606284658,0,0.4006764933197782,83.8948336414048,161.0637707948244,1.767097966728281,0.3798521256931608,0.06370305855505692
16.835443037974684,36.283623923768104,28.93992606284658,0,0.4006764933197782,83.8948336414048,161.0637707948244,1.767097966728281,0.3798521256931608,0.06299258878782431
17.025316455696203,36.283623923768104,28.93992606284658,0,0.4006764933197782,83.8948336414048,161.0637707948244,1.767097966728281,0.3798521256931608,0.062246341033114376
17.21518987341772,36.283623923768104,28.93992606284658,0,0.4006764933197782,83.8948336414048,161.0637707948244,1.767097966728281,0.3798521256931608,0.06147753727608206
17.405063291139243,36.283623923768104,28.93992606284658,0,0.4006764933197782,83.8948336414048,161.0637707948244,1.767097966728281,0.3798521256931608,0.06069888061014181
17.59493670886076,36.283623923768104,28.93992606284658,0,0.4006764933197782,83.8948336414048,161.0637707948244,1.767097966728281,0.3798521256931608,0.059922522314565914
17.78481012658228,36.283623923768104,28.93992606284658,0,0.4006764933197782,83.8948336414048,161.0637707948244,1.767097966728281,0.3798521256931608,0.059160052154998054
17.974683544303797,36.283623923768104,28.93992606284658,0,0.4006764933197782,83.8948336414048,161.0637707948244,1.767097966728281,0.3798521256931608,0.05842251043463082
18.164556962025316,36.283623923768104,28.93992606284658,0,0.4006764933197782,83.8948336414048,161.0637707948244,1.767097966728281,0.3798521256931608,0.05772042030160823
18.354430379746837,36.283623923768104,28.93992606284658,0,0.4006764933197782,83.8948336414048,161.0637707948244,1.767097966728281,0.3798521256931608,0.05706383888874457
18.544303797468356,36.283623923768104,28.93992606284658,0,0.4006764933197782,83.8948336414048,161.0637707948244,1.767097966728281,0.3798521256931608,0.05646242601950375
18.734177215189874,36.283623923768104,28.93992606284658,0,0.4006764933197782,83.8948336414048,161.0637707948244,1.767097966728281,0.3798521256931608,0.05592552945403113
18.924050632911396,36.283623923768104,28.93992606284658,0,0.4006764933197782,83.8948336414048,161.0637707948244,1.767097966728281,0.3798521256931608,0.05546228596622049
19.11392405063291,36.283623923768104,28.93992606284658,0,0.4006764933197782,83.8948336414048,161.0637707948244,1.767097966728281,0.3798521256931608,0.055081737933993485
19.303797468354432,36.283623923768104,28.93992606284658,0,0.4006764933197782,83.8948336414048,161.0637707948244,1.767097966728281,0.3798521256931608,0.05479296558871503
19.49367088607595,36.283623923768104,28.93992606284658,0,0.4006764933197782,83.8948336414048,161.0637707948244,1.767097966728281,0.3798521256931608,0.05460523560702962
19.68354430379747,36.283623923768104,28.93992606284658,0,0.4006764933197782,83.8948336414048,161.0637707948244,1.767097966728281,0.3798521256931608,0.054528167343475
19.87341772151899,36.283623923768104,28.93992606284658,0,0.4006764933197782,83.8948336414048,161.0637707948244,1.767097966728281,0.3798521256931608,0.054571918702654654
20.063291139240505,36.283623923768104,28.93992606284658,0,0.4006764933197782,83.8948336414048,161.0637707948244,1.767097966728281,0.3798521256931608,0.05474726229660205
20.253164556962027,36.283623923768104,28.93992606284658,0,0.4006764933197782,83.8948336414048,161.0637707948244,1.767097966728281,0.3798521256931608,0.05505797720033111
20.443037974683545,36.283623923768104,28.93992606284658,0,0.4006764933197782,83.8948336414048,161.0637707948244,1.767097966728281,0.3798521256931608,0.05549638075353138
20.632911392405063,36.283623923768104,28.93992606284658,0,0.4006764933197782,83.8948336414048,161.0637707948244,1.767097966728281,0.3798521256931608,0.056054292622686894
20.822784810126585,36.283623923768104,28.93992606284658,0,0.4006764933197782,83.8948336414048,161.0637707948244,1.767097966728281,0.3798521256931608,0.05672388439425328
21.0126582278481,36.283623923768104,28.93992606284658,0,0.4006764933197782,83.8948336414048,161.0637707948244,1.767097966728281,0.3798521256931608,0.05749749217249676
21.20253164556962,36.283623923768104,28.93992606284658,0,0.4006764933197782,83.8948336414048,161.0637707948244,1.767097966728281,0.3798521256931608,0.05836744387440154
21.39240506329114,36.283623923768104,28.93992606284658,0,0.4006764933197782,83.8948336414048,161.0637707948244,1.767097966728281,0.3798521256931608,0.059325899686173085
21.582278481012658,36.283623923768104,28.93992606284658,0,0.4006764933197782,83.8948336414048,161.0637707948244,1.767097966728281,0.3798521256931608,0.06036470486352396
21.77215189873418,36.283623923768104,28.93992606284658,0,0.4006764933197782,83.8948336414048,161.0637707948244,1.767097966728281,0.3798521256931608,0.061475254708731324
21.962025316455698,36.283623923768104,28.93992606284658,0,0.4006764933197782,83.8948336414048,161.0637707948244,1.767097966728281,0.3798521256931608,0.06264837214639381
22.151898734177216,36.283623923768104,28.93992606284658,0,0.4006764933197782,83.8948336414048,161.0637707948244,1.767097966728281,0.3798521256931608,0.06387419884768565
22.341772151898734,36.283623923768104,28.93992606284658,0,0.4006764933197782,83.8948336414048,161.0637707948244,1.767097966728281,0.3798521256931608,0.06514210131690769
22.531645569620252,36.283623923768104,28.93992606284658,0,0.4006764933197782,83.8948336414048,161.0637707948244,1.767097966728281,0.3798521256931608,0.06644059374855056
22.721518987341774,36.283623923768104,28.93992606284658,0,0.4006764933197782,83.8948336414048,161.0637707948244,1.767097966728281,0.3798521256931608,0.06775727978003691
22.911392405063292,36.283623923768104,28.93992606284658,0,0.4006764933197782,83.8948336414048,161.0637707948244,1.767097966728281,0.3798521256931608,0.06907881549564535
23.10126582278481,36.283623923768104,28.93992606284658,0,0.4006764933197782,83.8948336414048,161.0637707948244,1.767097966728281,0.3798521256931608,0.07039089617125097
23.291139240506332,36.283623923768104,28.93992606284658,0,0.4006764933197782,83.8948336414048,161.0637707948244,1.767097966728281,0.3798521256931608,0.0716782692784008
23.481012658227847,36.283623923768104,28.93992606284658,0,0.4006764933197782,83.8948336414048,161.0637707948244,1.767097966728281,0.3798521256931608,0.07292477618205756
23.67088607594937,36.283623923768104,28.93992606284658,0,0.4006764933197782,83.8948336414048,161.0637707948244,1.767097966728281,0.3798521256931608,0.07411342476332529
23.860759493670887,36.283623923768104,28.93992606284658,0,0.4006764933197782,83.8948336414048,161.0637707948244,1.767097966728281,0.3798521256931608,0.07522649487313891
24.050632911392405,36.283623923768104,28.93992606284658,0,0.4006764933197782,83.8948336414048,161.0637707948244,1.767097966728281,0.3798521256931608,0.07624567807445297
24.240506329113927,36.283623923768104,28.93992606284658,0,0.4006764933197782,83.8948336414048,161.0637707948244,1.767097966728281,0.3798521256931608,0.07715225256036518
24.430379746835442,36.283623923768104,28.93992606284658,0,0.4006764933197782,83.8948336414048,161.0637707948244,1.767097966728281,0.3798521256931608,0.0779272934474081
24.620253164556964,36.283623923768104,28.93992606284658,0,0.4006764933197782,83.8948336414048,161.0637707948244,1.767097966728281,0.3798521256931608,0.07855355232382238
24.810126582278482,36.283623923768104,28.93992606284658,0,0.4006764933197782,83.8948336414048,161.0637707948244,1.767097966728281,0.3798521256931608,0.07903575162731834
25.0,36.283623923768104,28.93992606284658,0,0.4006764933197782,83.8948336414048,161.0637707948244,1.767097966728281,0.3798521256931608,0.07939485620536076
10.0,36.44848883944346,28.93992606284658,0,0.4006764933197782,83.8948336414048,161.0637707948244,1.767097966728281,0.3798521256931608,0.045997685058697876
10.189873417721518,36.44848883944346,28.93992606284658,0,0.4006764933197782,83.8948336414048,161.0637707948244,1.767097966728281,0.3798521256931608,0.045997685058697876
10.379746835443038,36.44848883944346,28.93992606284658,0,0.4006764933197782,83.8948336414048,161.0637707948244,1.767097966728281,0.3798521256931608,0.045997685058697876
10.569620253164556,36.44848883944346,28.93992606284658,0,0.4006764933197782,83.8948336414048,161.0637707948244,1.767097966728281,0.3798521256931608,0.045997685058697876
10.759493670886076,36.44848883944346,28.93992606284658,0,0.4006764933197782,83.8948336414048,161.0637707948244,1.767097966728281,0.3798521256931608,0.045997685058697876
10.949367088607595,36.44848883944346,28.93992606284658,0,0.4006764933197782,83.8948336414048,161.0637707948244,1.767097966728281,0.3798521256931608,0.045997685058697876
11.139240506329115,36.44848883944346,28.93992606284658,0,0.4006764933197782,83.8948336414048,161.0637707948244,1.767097966728281,0.3798521256931608,0.04683700885302842
11.329113924050633,36.44848883944346,28.93992606284658,0,0.4006764933197782,83.8948336414048,161.0637707948244,1.767097966728281,0.3798521256931608,0.04799475675658197
11.518987341772153,36.44848883944346,28.93992606284658,0,0.4006764933197782,83.8948336414048,161.0637707948244,1.767097966728281,0.3798521256931608,0.04916394397729683
11.708860759493671,36.44848883944346,28.93992606284658,0,0.4006764933197782,83.8948336414048,161.0637707948244,1.767097966728281,0.3798521256931608,0.05034004037769338
11.89873417721519,36.44848883944346,28.93992606284658,0,0.4006764933197782,83.8948336414048,161.0637707948244,1.767097966728281,0.3798521256931608,0.051518138037777224
12.08860759493671,36.44848883944346,28.93992606284658,0,0.4006764933197782,83.8948336414048,161.0637707948244,1.767097966728281,0.3798521256931608,0.05269295156097175
12.278481012658228,36.44848883944346,28.93992606284658,0,0.4006764933197782,83.8948336414048,161.0637707948244,1.767097966728281,0.3798521256931608,0.053858823136037653
12.468354430379748,36.44848883944346,28.93992606284658,0,0.4006764933197782,83.8948336414048,161.0637707948244,1.767097966728281,0.3798521256931608,0.05500973277884703
12.658227848101266,36.44848883944346,28.93992606284658,0,0.4006764933197782,83.8948336414048,161.0637707948244,1.767097966728281,0.3798521256931608,0.05613931414615528
12.848101265822784,36.44848883944346,28.93992606284658,0,0.4006764933197782,83.8948336414048,161.0637707948244,1.767097966728281,0.3798521256931608,0.057240876270929
13.037974683544304,36.44848883944346,28.93992606284658,0,0.4006764933197782,83.8948336414048,161.0637707948244,1.767097966728281,0.3798521256931608,0.058307431515232724
13.227848101265824,36.44848883944346,28.93992606284658,0,0.4006764933197782,83.8948336414048,161.0637707948244,1.767097966728281,0.3798521256931608,0.059331729972286654
13.417721518987342,36.44848883944346,28.93992606284658,0,0.4006764933197782,83.8948336414048,161.0637707948244,1.767097966728281,0.3798521256931608,0.06030630047437913
13.60759493670886,36.44848883944346,28.93992606284658,0,0.4006764933197782,83.8948336414048,161.0637707948244,1.767097966728281,0.3798521256931608,0.06122349827833164
13.79746835443038,36.44848883944346,28.93992606284658,0,0.4006764933197782,83.8948336414048,161.0637707948244,1.767097966728281,0.3798521256931608,0.062075559405827506
13.987341772151899,36.44848883944346,28.93992606284658,0,0.4006764933197782,83.8948336414048,161.0637707948244,1.767097966728281,0.3798521256931608,0.06285466151284348
14.177215189873419,36.44848883944346,28.93992606284658,0,0.4006764933197782,83.8948336414048,161.0637707948244,1.767097966728281,0.3798521256931608,0.06355299105151913
14.367088607594937,36.44848883944346,28.93992606284658,0,0.4006764933197782,83.8948336414048,161.0637707948244,1.767097966728281,0.3798521256931608,0.06416281636990495
14.556962025316455,36.44848883944346,28.93992606284658,0,0.4006764933197782,83.8948336414048,161.0637707948244,1.767097966728281,0.3798521256931608,0.06467656627105921
14.746835443037975,36.44848883944346,28.93992606284658,0,0.4006764933197782,83.8948336414048,161.0637707948244,1.767097966728281,0.3798521256931608,0.06508691342379096
14.936708860759495,36.44848883944346,28.93992606284658,0,0.4006764933197782,83.8948336414048,161.0637707948244,1.767097966728281,0.3798521256931608,0.06538686188391302
15.126582278481013,36.44848883944346,28.93992606284658,0,0.4006764933197782,83.8948336414048,161.0637707948244,1.767097966728281,0.3798521256931608,0.06556983784815003
15.316455696202532,36.44848883944346,28.93992606284658,0,0.4006764933197782,83.8948336414048,161.0637707948244,1.767097966728281,0.3798521256931608,0.06562978262395466
15.50632911392405,36.44848883944346,28.93992606284658,0,0.4006764933197782,83.8948336414048,161.0637707948244,1.767097966728281,0.3798521256931608,0.06556124676799346
15.69620253164557,36.44848883944346,28.93992606284658,0,0.4006764933197782,83.8948336414048,161.0637707948244,1.767097966728281,0.3798521256931608,0.06536272830666798
15.88607594936709,36.44848883944346,28.93992606284658,0,0.4006764933197782,83.8948336414048,161.0637707948244,1.767097966728281,0.3798521256931608,0.06504514937719799
16.075949367088608,36.44848883944346,28.93992606284658,0,0.4006764933197782,83.8948336414048,161.0637707948244,1.767097966728281,0.3798521256931608,0.06462252385661607
16.265822784810126,36.44848883944346,28.93992606284658,0,0.4006764933197782,83.8948336414048,161.0637707948244,1.767097966728281,0.3798521256931608,0.06410908040582373
16.455696202531648,36.44848883944346,28.93992606284658,0,0.4006764933197782,83.8948336414048,161.0637707948244,1.767097966728281,0.3798521256931608,0.06351907623700619
16.645569620253166,36.44848883944346,28.93992606284658,0,0.4006764933197782,83.8948336414048,161.0637707948244,1.767097966728281,0.3798521256931608,0.06286663645565813
16.835443037974684,36.44848883944346,28.93992606284658,0,0.4006764933197782,83.8948336414048,161.0637707948244,1.767097966728281,0.3798521256931608,0.062165619763403776
17.025316455696203,36.44848883944346,28.93992606284658,0,0.4006764933197782,83.8948336414048,161.0637707948244,1.767097966728281,0.3798521256931608,0.06142951067535679
17.21518987341772,36.44848883944346,28.93992606284658,0,0.4006764933197782,83.8948336414048,161.0637707948244,1.767097966728281,0.3798521256931608,0.06067133787568792
17.405063291139243,36.44848883944346,28.93992606284658,0,0.4006764933197782,83.8948336414048,161.0637707948244,1.767097966728281,0.3798521256931608,0.059903617909525954
17.59493670886076,36.44848883944346,28.93992606284658,0,0.4006764933197782,83.8948336414048,161.0637707948244,1.767097966728281,0.3798521256931608,0.059138323088660676
17.78481012658228,36.44848883944346,28.93992606284658,0,0.4006764933197782,83.8948336414048,161.0637707948244,1.767097966728281,0.3798521256931608,0.05838687227137893
17.974683544303797,36.44848883944346,28.93992606284658,0,0.4006764933197782,83.8948336414048,161.0637707948244,1.767097966728281,0.3798521256931608,0.05766014306027298
18.164556962025316,36.44848883944346,28.93992606284658,0,0.4006764933197782,83.8948336414048,161.0637707948244,1.767097966728281,0.3798521256931608,0.05696850394187847
18.354430379746837,36.44848883944346,28.93992606284658,0,0.4006764933197782,83.8948336414048,161.0637707948244,1.767097966728281,0.3798521256931608,0.05632186496351913
18.544303797468356,36.44848883944346,28.93992606284658,0,0.4006764933197782,83.8948336414048,161.0637707948244,1.767097966728281,0.3798521256931608,0.05572974570030822
18.734177215189874,36.44848883944346,28.93992606284658,0,0.4006764933197782,83.8948336414048,161.0637707948244,1.767097966728281,0.3798521256931608,0.055201359503583854
18.924050632911396,36.44848883944346,28.93992606284658,0,0.4006764933197782,83.8948336414048,161.0637707948244,1.767097966728281,0.3798521256931608,0.054745713336505276
19.11392405063291,36.44848883944346,28.93992606284658,0,0.4006764933197782,83.8948336414048,161.0637707948244,1.767097966728281,0.3798521256931608,0.05437172288982599
19.303797468354432,36.44848883944346,28.93992606284658,0,0.4006764933197782,83.8948336414048,161.0637707948244,1.767097966728281,0.3798521256931608,0.05408834312959439
19.49367088607595,36.44848883944346,28.93992606284658,0,0.4006764933197782,83.8948336414048,161.0637707948244,1.767097966728281,0.3798521256931608,0.0539047149598413
19.68354430379747,36.44848883944346,28.93992606284658,0,0.4006764933197782,83.8948336414048,161.0637707948244,1.767097966728281,0.3798521256931608,0.053830329291349496
19.87341772151899,36.44848883944346,28.93992606284658,0,0.4006764933197782,83.8948336414048,161.0637707948244,1.767097966728281,0.3798521256931608,0.05387521050005862
20.063291139240505,36.44848883944346,28.93992606284658,0,0.4006764933197782,83.8948336414048,161.0637707948244,1.767097966728281,0.3798521256931608,0.05404999164644032
20.253164556962027,36.44848883944346,28.93992606284658,0,0.4006764933197782,83.8948336414048,161.0637707948244,1.767097966728281,0.3798521256931608,0.05435840680033638
20.443037974683545,36.44848883944346,28.93992606284658,0,0.4006764933197782,83.8948336414048,161.0637707948244,1.767097966728281,0.3798521256931608,0.05479288049334673
20.632911392405063,36.44848883944346,28.93992606284658,0,0.4006764933197782,83.8948336414048,161.0637707948244,1.767097966728281,0.3798521256931608,0.0553453455935435
20.822784810126585,36.44848883944346,28.93992606284658,0,0.4006764933197782,83.8948336414048,161.0637707948244,1.767097966728281,0.3798521256931608,0.056008081443964935
21.0126582278481,36.44848883944346,28.93992606284658,0,0.4006764933197782,83.8948336414048,161.0637707948244,1.767097966728281,0.3798521256931608,0.056773528762956306
21.20253164556962,36.44848883944346,28.93992606284658,0,0.4006764933197782,83.8948336414048,161.0637707948244,1.767097966728281,0.3798521256931608,0.05763411903479536
21.39240506329114,36.44848883944346,28.93992606284658,0,0.4006764933197782,83.8948336414048,161.0637707948244,1.767097966728281,0.3798521256931608,0.05858211687211695
21.582278481012658,36.44848883944346,28.93992606284658,0,0.4006764933197782,83.8948336414048,161.0637707948244,1.767097966728281,0.3798521256931608,0.05960947454201651
21.77215189873418,36.44848883944346,28.93992606284658,0,0.4006764933197782,83.8948336414048,161.0637707948244,1.767097966728281,0.3798521256931608,0.06070769849207226
21.962025316455698,36.44848883944346,28.93992606284658,0,0.4006764933197782,83.8948336414048,161.0637707948244,1.767097966728281,0.3798521256931608,0.061867728295908614
22.151898734177216,36.44848883944346,28.93992606284658,0,0.4006764933197782,83.8948336414048,161.0637707948244,1.767097966728281,0.3798521256931608,0.06307982896117365
22.341772151898734,36.44848883944346,28.93992606284658,0,0.4006764933197782,83.8948336414048,161.0637707948244,1.767097966728281,0.3798521256931608,0.06433349800317589
22.531645569620252,36.44848883944346,28.93992606284658,0,0.4006764933197782,83.8948336414048,161.0637707948244,1.767097966728281,0.3798521256931608,0.06561738907923312
22.721518987341774,36.44848883944346,28.93992606284658,0,0.4006764933197782,83.8948336414048,161.0637707948244,1.767097966728281,0.3798521256931608,0.06691925429419068
22.911392405063292,36.44848883944346,28.93992606284658,0,0.4006764933197782,83.8948336414048,161.0637707948244,1.767097966728281,0.3798521256931608,0.06822590751739337
23.10126582278481,36.44848883944346,28.93992606284658,0,0.4006764933197782,83.8948336414048,161.0637707948244,1.767097966728281,0.3798521256931608,0.06952321118602207
23.291139240506332,36.44848883944346,28.93992606284658,0,0.4006764933197782,83.8948336414048,161.0637707948244,1.767097966728281,0.3798521256931608,0.0707960890999681
23.481012658227847,36.44848883944346,28.93992606284658,0,0.4006764933197782,83.8948336414048,161.0637707948244,1.767097966728281,0.3798521256931608,0.07202856763137204
23.67088607594937,36.44848883944346,28.93992606284658,0,0.4006764933197782,83.8948336414048,161.0637707948244,1.767097966728281,0.3798521256931608,0.07320384757160003
23.860759493670887,36.44848883944346,28.93992606284658,0,0.4006764933197782,83.8948336414048,161.0637707948244,1.767097966728281,0.3798521256931608,0.07430440851608246
24.050632911392405,36.44848883944346,28.93992606284658,0,0.4006764933197782,83.8948336414048,161.0637707948244,1.767097966728281,0.3798521256931608,0.0753121472420312
24.240506329113927,36.44848883944346,28.93992606284658,0,0.4006764933197782,83.8948336414048,161.0637707948244,1.767097966728281,0.3798521256931608,0.07620855096681863
24.430379746835442,36.44848883944346,28.93992606284658,0,0.4006764933197782,83.8948336414048,161.0637707948244,1.767097966728281,0.3798521256931608,0.07697490568911136
24.620253164556964,36.44848883944346,28.93992606284658,0,0.4006764933197782,83.8948336414048,161.0637707948244,1.767097966728281,0.3798521256931608,0.07759415489368603
24.810126582278482,36.44848883944346,28.93992606284658,0,0.4006764933197782,83.8948336414048,161.0637707948244,1.767097966728281,0.3798521256931608,0.07807096393149236
25.0,36.44848883944346,28.93992606284658,0,0.4006764933197782,83.8948336414048,161.0637707948244,1.767097966728281,0.3798521256931608,0.07842605821810346
10.0,36.61335375511882,28.93992606284658,0,0.4006764933197782,83.8948336414048,161.0637707948244,1.767097966728281,0.3798521256931608,0.045285739643148096
10.189873417721518,36.61335375511882,28.93992606284658,0,0.4006764933197782,83.8948336414048,161.0637707948244,1.767097966728281,0.3798521256931608,0.045285739643148096
10.379746835443038,36.61335375511882,28.93992606284658,0,0.4006764933197782,83.8948336414048,161.0637707948244,1.767097966728281,0.3798521256931608,0.045285739643148096
10.569620253164556,36.61335375511882,28.93992606284658,0,0.4006764933197782,83.8948336414048,161.0637707948244,1.767097966728281,0.3798521256931608,0.045285739643148096
10.759493670886076,36.61335375511882,28.93992606284658,0,0.4006764933197782,83.8948336414048,161.0637707948244,1.767097966728281,0.3798521256931608,0.045285739643148096
10.949367088607595,36.61335375511882,28.93992606284658,0,0.4006764933197782,83.8948336414048,161.0637707948244,1.767097966728281,0.3798521256931608,0.045285739643148096
11.139240506329115,36.61335375511882,28.93992606284658,0,0.4006764933197782,83.8948336414048,161.0637707948244,1.767097966728281,0.3798521256931608,0.046127081941145696
11.329113924050633,36.61335375511882,28.93992606284658,0,0.4006764933197782,83.8948336414048,161.0637707948244,1.767097966728281,0.3798521256931608,0.0472864437314572
11.518987341772153,36.61335375511882,28.93992606284658,0,0.4006764933197782,83.8948336414048,161.0637707948244,1.767097966728281,0.3798521256931608,0.04845596176361176
11.708860759493671,36.61335375511882,28.93992606284658,0,0.4006764933197782,83.8948336414048,161.0637707948244,1.767097966728281,0.3798521256931608,0.049631145550594453
11.89873417721519,36.61335375511882,28.93992606284658,0,0.4006764933197782,83.8948336414048,161.0637707948244,1.767097966728281,0.3798521256931608,0.05080713441806841
12.08860759493671,36.61335375511882,28.93992606284658,0,0.4006764933197782,83.8948336414048,161.0637707948244,1.767097966728281,0.3798521256931608,0.05197869905381432
12.278481012658228,36.61335375511882,28.93992606284658,0,0.4006764933197782,83.8948336414048,161.0637707948244,1.767097966728281,0.3798521256931608,0.053140247730547346
12.468354430379748,36.61335375511882,28.93992606284658,0,0.4006764933197782,83.8948336414048,161.0637707948244,1.767097966728281,0.3798521256931608,0.05428583760112069
12.658227848101266,36.61335375511882,28.93992606284658,0,0.4006764933197782,83.8948336414048,161.0637707948244,1.767097966728281,0.3798521256931608,0.05540919143175166
12.848101265822784,36.61335375511882,28.93992606284658,0,0.4006764933197782,83.8948336414048,161.0637707948244,1.767097966728281,0.3798521256931608,0.05650372009521914
13.037974683544304,36.61335375511882,28.93992606284658,0,0.4006764933197782,83.8948336414048,161.0637707948244,1.767097966728281,0.3798521256931608,0.057562551091939536
13.227848101265824,36.61335375511882,28.93992606284658,0,0.4006764933197782,83.8948336414048,161.0637707948244,1.767097966728281,0.3798521256931608,0.05857856330262395
13.417721518987342,36.61335375511882,28.93992606284658,0,0.4006764933197782,83.8948336414048,161.0637707948244,1.767097966728281,0.3798521256931608,0.05954442810218036
13.60759493670886,36.61335375511882,28.93992606284658,0,0.4006764933197782,83.8948336414048,161.0637707948244,1.767097966728281,0.3798521256931608,0.060452656881176535
13.79746835443038,36.61335375511882,28.93992606284658,0,0.4006764933197782,83.8948336414048,161.0637707948244,1.767097966728281,0.3798521256931608,0.06129565492917094
13.987341772151899,36.61335375511882,28.93992606284658,0,0.4006764933197782,83.8948336414048,161.0637707948244,1.767097966728281,0.3798521256931608,0.06206578153428671
14.177215189873419,36.61335375511882,28.93992606284658,0,0.4006764933197782,83.8948336414048,161.0637707948244,1.767097966728281,0.3798521256931608,0.06275541604637289
14.367088607594937,36.61335375511882,28.93992606284658,0,0.4006764933197782,83.8948336414048,161.0637707948244,1.767097966728281,0.3798521256931608,0.06335702953781287
14.556962025316455,36.61335375511882,28.93992606284658,0,0.4006764933197782,83.8948336414048,161.0637707948244,1.767097966728281,0.3798521256931608,0.06386326157737796
14.746835443037975,36.61335375511882,28.93992606284658,0,0.4006764933197782,83.8948336414048,161.0637707948244,1.767097966728281,0.3798521256931608,0.06426700150935244
14.936708860759495,36.61335375511882,28.93992606284658,0,0.4006764933197782,83.8948336414048,161.0637707948244,1.767097966728281,0.3798521256931608,0.06456147350339374
15.126582278481013,36.61335375511882,28.93992606284658,0,0.4006764933197782,83.8948336414048,161.0637707948244,1.767097966728281,0.3798521256931608,0.06474032451119373
15.316455696202532,36.61335375511882,28.93992606284658,0,0.4006764933197782,83.8948336414048,161.0637707948244,1.767097966728281,0.3798521256931608,0.06479771413508031
15.50632911392405,36.61335375511882,28.93992606284658,0,0.4006764933197782,83.8948336414048,161.0637707948244,1.767097966728281,0.3798521256931608,0.06472840538950289
15.69620253164557,36.61335375511882,28.93992606284658,0,0.4006764933197782,83.8948336414048,161.0637707948244,1.767097966728281,0.3798521256931608,0.06453103129091171
15.88607594936709,36.61335375511882,28.93992606284658,0,0.4006764933197782,83.8948336414048,161.0637707948244,1.767097966728281,0.3798521256931608,0.06421639144832744
16.075949367088608,36.61335375511882,28.93992606284658,0,0.4006764933197782,83.8948336414048,161.0637707948244,1.767097966728281,0.3798521256931608,0.06379831287518917
16.265822784810126,36.61335375511882,28.93992606284658,0,0.4006764933197782,83.8948336414048,161.0637707948244,1.767097966728281,0.3798521256931608,0.06329083193652646
16.455696202531648,36.61335375511882,28.93992606284658,0,0.4006764933197782,83.8948336414048,161.0637707948244,1.767097966728281,0.3798521256931608,0.06270801093851602
16.645569620253166,36.61335375511882,28.93992606284658,0,0.4006764933197782,83.8948336414048,161.0637707948244,1.767097966728281,0.3798521256931608,0.06206377997098225
16.835443037974684,36.61335375511882,28.93992606284658,0,0.4006764933197782,83.8948336414048,161.0637707948244,1.767097966728281,0.3798521256931608,0.06137180477143325
17.025316455696203,36.61335375511882,28.93992606284658,0,0.4006764933197782,83.8948336414048,161.0637707948244,1.767097966728281,0.3798521256931608,0.06064538075436861
17.21518987341772,36.61335375511882,28.93992606284658,0,0.4006764933197782,83.8948336414048,161.0637707948244,1.767097966728281,0.3798521256931608,0.05989735282632883
17.405063291139243,36.61335375511882,28.93992606284658,0,0.4006764933197782,83.8948336414048,161.0637707948244,1.767097966728281,0.3798521256931608,0.059140060187625486
17.59493670886076,36.61335375511882,28.93992606284658,0,0.4006764933197782,83.8948336414048,161.0637707948244,1.767097966728281,0.3798521256931608,0.058385305006177335
17.78481012658228,36.61335375511882,28.93992606284658,0,0.4006764933197782,83.8948336414048,161.0637707948244,1.767097966728281,0.3798521256931608,0.05764434363592423
17.974683544303797,36.61335375511882,28.93992606284658,0,0.4006764933197782,83.8948336414048,161.0637707948244,1.767097966728281,0.3798521256931608,0.0569278989389354
18.164556962025316,36.61335375511882,28.93992606284658,0,0.4006764933197782,83.8948336414048,161.0637707948244,1.767097966728281,0.3798521256931608,0.05624619225237746
18.354430379746837,36.61335375511882,28.93992606284658,0,0.4006764933197782,83.8948336414048,161.0637707948244,1.767097966728281,0.3798521256931608,0.05560899361388422
18.544303797468356,36.61335375511882,28.93992606284658,0,0.4006764933197782,83.8948336414048,161.0637707948244,1.767097966728281,0.3798521256931608,0.05502568901612491
18.734177215189874,36.61335375511882,28.93992606284658,0,0.4006764933197782,83.8948336414048,161.0637707948244,1.767097966728281,0.3798521256931608,0.05450536369819587
18.924050632911396,36.61335375511882,28.93992606284658,0,0.4006764933197782,83.8948336414048,161.0637707948244,1.767097966728281,0.3798521256931608,0.054056900793269115
19.11392405063291,36.61335375511882,28.93992606284658,0,0.4006764933197782,83.8948336414048,161.0637707948244,1.767097966728281,0.3798521256931608,0.05368909503547854
19.303797468354432,36.61335375511882,28.93992606284658,0,0.4006764933197782,83.8948336414048,161.0637707948244,1.767097966728281,0.3798521256931608,0.05341078168298181
19.49367088607595,36.61335375511882,28.93992606284658,0,0.4006764933197782,83.8948336414048,161.0637707948244,1.767097966728281,0.3798521256931608,0.05323098133967774
19.68354430379747,36.61335375511882,28.93992606284658,0,0.4006764933197782,83.8948336414048,161.0637707948244,1.767097966728281,0.3798521256931608,0.05315906195940476
19.87341772151899,36.61335375511882,28.93992606284658,0,0.4006764933197782,83.8948336414048,161.0637707948244,1.767097966728281,0.3798521256931608,0.05320492000133094
20.063291139240505,36.61335375511882,28.93992606284658,0,0.4006764933197782,83.8948336414048,161.0637707948244,1.767097966728281,0.3798521256931608,0.05337905475987777
20.253164556962027,36.61335375511882,28.93992606284658,0,0.4006764933197782,83.8948336414048,161.0637707948244,1.767097966728281,0.3798521256931608,0.053685156999463995
20.443037974683545,36.61335375511882,28.93992606284658,0,0.4006764933197782,83.8948336414048,161.0637707948244,1.767097966728281,0.3798521256931608,0.05411575369003267
20.632911392405063,36.61335375511882,28.93992606284658,0,0.4006764933197782,83.8948336414048,161.0637707948244,1.767097966728281,0.3798521256931608,0.05466288596704307
20.822784810126585,36.61335375511882,28.93992606284658,0,0.4006764933197782,83.8948336414048,161.0637707948244,1.767097966728281,0.3798521256931608,0.05531893630540114
21.0126582278481,36.61335375511882,28.93992606284658,0,0.4006764933197782,83.8948336414048,161.0637707948244,1.767097966728281,0.3798521256931608,0.056076445625814715
21.20253164556962,36.61335375511882,28.93992606284658,0,0.4006764933197782,83.8948336414048,161.0637707948244,1.767097966728281,0.3798521256931608,0.056927944694314635
21.39240506329114,36.61335375511882,28.93992606284658,0,0.4006764933197782,83.8948336414048,161.0637707948244,1.767097966728281,0.3798521256931608,0.05786579831255454
21.582278481012658,36.61335375511882,28.93992606284658,0,0.4006764933197782,83.8948336414048,161.0637707948244,1.767097966728281,0.3798521256931608,0.05888206149985525
21.77215189873418,36.61335375511882,28.93992606284658,0,0.4006764933197782,83.8948336414048,161.0637707948244,1.767097966728281,0.3798521256931608,0.059968347506130275
21.962025316455698,36.61335375511882,28.93992606284658,0,0.4006764933197782,83.8948336414048,161.0637707948244,1.767097966728281,0.3798521256931608,0.0611157080728653
22.151898734177216,36.61335375511882,28.93992606284658,0,0.4006764933197782,83.8948336414048,161.0637707948244,1.767097966728281,0.3798521256931608,0.06231452687812685
22.341772151898734,36.61335375511882,28.93992606284658,0,0.4006764933197782,83.8948336414048,161.0637707948244,1.767097966728281,0.3798521256931608,0.06355442755844253
22.531645569620252,36.61335375511882,28.93992606284658,0,0.4006764933197782,83.8948336414048,161.0637707948244,1.767097966728281,0.3798521256931608,0.06482419808968234
22.721518987341774,36.61335375511882,28.93992606284658,0,0.4006764933197782,83.8948336414048,161.0637707948244,1.767097966728281,0.3798521256931608,0.06611173362296772
22.911392405063292,36.61335375511882,28.93992606284658,0,0.4006764933197782,83.8948336414048,161.0637707948244,1.767097966728281,0.3798521256931608,0.06740400010095694
23.10126582278481,36.61335375511882,28.93992606284658,0,0.4006764933197782,83.8948336414048,161.0637707948244,1.767097966728281,0.3798521256931608,0.06868702111494036
23.291139240506332,36.61335375511882,28.93992606284658,0,0.4006764933197782,83.8948336414048,161.0637707948244,1.767097966728281,0.3798521256931608,0.06994589049477166
23.481012658227847,36.61335375511882,28.93992606284658,0,0.4006764933197782,83.8948336414048,161.0637707948244,1.767097966728281,0.3798521256931608,0.07116481304365938
23.67088607594937,36.61335375511882,28.93992606284658,0,0.4006764933197782,83.8948336414048,161.0637707948244,1.767097966728281,0.3798521256931608,0.0723271756320859
23.860759493670887,36.61335375511882,28.93992606284658,0,0.4006764933197782,83.8948336414048,161.0637707948244,1.767097966728281,0.3798521256931608,0.07341565054567464
24.050632911392405,36.61335375511882,28.93992606284658,0,0.4006764933197782,83.8948336414048,161.0637707948244,1.767097966728281,0.3798521256931608,0.07441233253939569
24.240506329113927,36.61335375511882,28.93992606284658,0,0.4006764933197782,83.8948336414048,161.0637707948244,1.767097966728281,0.3798521256931608,0.07529891048611145
24.430379746835442,36.61335375511882,28.93992606284658,0,0.4006764933197782,83.8948336414048,161.0637707948244,1.767097966728281,0.3798521256931608,0.07605687382429285
24.620253164556964,36.61335375511882,28.93992606284658,0,0.4006764933197782,83.8948336414048,161.0637707948244,1.767097966728281,0.3798521256931608,0.07666935113973154
24.810126582278482,36.61335375511882,28.93992606284658,0,0.4006764933197782,83.8948336414048,161.0637707948244,1.767097966728281,0.3798521256931608,0.07714095259885945
25.0,36.61335375511882,28.93992606284658,0,0.4006764933197782,83.8948336414048,161.0637707948244,1.767097966728281,0.3798521256931608,0.07749217241750408
10.0,36.77821867079419,28.93992606284658,0,0.4006764933197782,83.8948336414048,161.0637707948244,1.767097966728281,0.3798521256931608,0.04461404917938622
10.189873417721518,36.77821867079419,28.93992606284658,0,0.4006764933197782,83.8948336414048,161.0637707948244,1.767097966728281,0.3798521256931608,0.04461404917938622
10.379746835443038,36.77821867079419,28.93992606284658,0,0.4006764933197782,83.8948336414048,161.0637707948244,1.767097966728281,0.3798521256931608,0.04461404917938622
10.569620253164556,36.77821867079419,28.93992606284658,0,0.4006764933197782,83.8948336414048,161.0637707948244,1.767097966728281,0.3798521256931608,0.04461404917938622
10.759493670886076,36.77821867079419,28.93992606284658,0,0.4006764933197782,83.8948336414048,161.0637707948244,1.767097966728281,0.3798521256931608,0.04461404917938622
10.949367088607595,36.77821867079419,28.93992606284658,0,0.4006764933197782,83.8948336414048,161.0637707948244,1.767097966728281,0.3798521256931608,0.04461404917938622
11.139240506329115,36.77821867079419,28.93992606284658,0,0.4006764933197782,83.8948336414048,161.0637707948244,1.767097966728281,0.3798521256931608,0.04545648560564218
11.329113924050633,36.77821867079419,28.93992606284658,0,0.4006764933197782,83.8948336414048,161.0637707948244,1.767097966728281,0.3798521256931608,0.04661633059913386
11.518987341772153,36.77821867079419,28.93992606284658,0,0.4006764933197782,83.8948336414048,161.0637707948244,1.767097966728281,0.3798521256931608,0.04778519536218313
11.708860759493671,36.77821867079419,28.93992606284658,0,0.4006764933197782,83.8948336414048,161.0637707948244,1.767097966728281,0.3798521256931608,0.048958625463798165
11.89873417721519,36.77821867079419,28.93992606284658,0,0.4006764933197782,83.8948336414048,161.0637707948244,1.767097966728281,0.3798521256931608,0.05013180364672917
12.08860759493671,36.77821867079419,28.93992606284658,0,0.4006764933197782,83.8948336414048,161.0637707948244,1.767097966728281,0.3798521256931608,0.051299552471078015
12.278481012658228,36.77821867079419,28.93992606284658,0,0.4006764933197782,83.8948336414048,161.0637707948244,1.767097966728281,0.3798521256931608,0.05245634155398045
12.468354430379748,36.77821867079419,28.93992606284658,0,0.4006764933197782,83.8948336414048,161.0637707948244,1.767097966728281,0.3798521256931608,0.053596299781522215
12.658227848101266,36.77821867079419,28.93992606284658,0,0.4006764933197782,83.8948336414048,161.0637707948244,1.767097966728281,0.3798521256931608,0.054713232834336316
12.848101265822784,36.77821867079419,28.93992606284658,0,0.4006764933197782,83.8948336414048,161.0637707948244,1.767097966728281,0.3798521256931608,0.05580064632380057
13.037974683544304,36.77821867079419,28.93992606284658,0,0.4006764933197782,83.8948336414048,161.0637707948244,1.767097966728281,0.3798521256931608,0.056851774781420006
13.227848101265824,36.77821867079419,28.93992606284658,0,0.4006764933197782,83.8948336414048,161.0637707948244,1.767097966728281,0.3798521256931608,0.057859616680089244
13.417721518987342,36.77821867079419,28.93992606284658,0,0.4006764933197782,83.8948336414048,161.0637707948244,1.767097966728281,0.3798521256931608,0.058816975592836086
13.60759493670886,36.77821867079419,28.93992606284658,0,0.4006764933197782,83.8948336414048,161.0637707948244,1.767097966728281,0.3798521256931608,0.059716507512894805
13.79746835443038,36.77821867079419,28.93992606284658,0,0.4006764933197782,83.8948336414048,161.0637707948244,1.767097966728281,0.3798521256931608,0.06055077426922221
13.987341772151899,36.77821867079419,28.93992606284658,0,0.4006764933197782,83.8948336414048,161.0637707948244,1.767097966728281,0.3798521256931608,0.061312302874556676
14.177215189873419,36.77821867079419,28.93992606284658,0,0.4006764933197782,83.8948336414048,161.0637707948244,1.767097966728281,0.3798521256931608,0.061993650539675656
14.367088607594937,36.77821867079419,28.93992606284658,0,0.4006764933197782,83.8948336414048,161.0637707948244,1.767097966728281,0.3798521256931608,0.06258747497844239
14.556962025316455,36.77821867079419,28.93992606284658,0,0.4006764933197782,83.8948336414048,161.0637707948244,1.767097966728281,0.3798521256931608,0.06308660951440427
14.746835443037975,36.77821867079419,28.93992606284658,0,0.4006764933197782,83.8948336414048,161.0637707948244,1.767097966728281,0.3798521256931608,0.06348414238198231
14.936708860759495,36.77821867079419,28.93992606284658,0,0.4006764933197782,83.8948336414048,161.0637707948244,1.767097966728281,0.3798521256931608,0.06377349949454433
15.126582278481013,36.77821867079419,28.93992606284658,0,0.4006764933197782,83.8948336414048,161.0637707948244,1.767097966728281,0.3798521256931608,0.06394852982886409
15.316455696202532,36.77821867079419,28.93992606284658,0,0.4006764933197782,83.8948336414048,161.0637707948244,1.767097966728281,0.3798521256931608,0.06400359245168596
15.50632911392405,36.77821867079419,28.93992606284658,0,0.4006764933197782,83.8948336414048,161.0637707948244,1.767097966728281,0.3798521256931608,0.0639336441954943
15.69620253164557,36.77821867079419,28.93992606284658,0,0.4006764933197782,83.8948336414048,161.0637707948244,1.767097966728281,0.3798521256931608,0.06373743979008419
15.88607594936709,36.77821867079419,28.93992606284658,0,0.4006764933197782,83.8948336414048,161.0637707948244,1.767097966728281,0.3798521256931608,0.06342566133573173
16.075949367088608,36.77821867079419,28.93992606284658,0,0.4006764933197782,83.8948336414048,161.0637707948244,1.767097966728281,0.3798521256931608,0.0630119586003671
16.265822784810126,36.77821867079419,28.93992606284658,0,0.4006764933197782,83.8948336414048,161.0637707948244,1.767097966728281,0.3798521256931608,0.06251018570430805
16.455696202531648,36.77821867079419,28.93992606284658,0,0.4006764933197782,83.8948336414048,161.0637707948244,1.767097966728281,0.3798521256931608,0.06193422035629831
16.645569620253166,36.77821867079419,28.93992606284658,0,0.4006764933197782,83.8948336414048,161.0637707948244,1.767097966728281,0.3798521256931608,0.06129780803840226
16.835443037974684,36.77821867079419,28.93992606284658,0,0.4006764933197782,83.8948336414048,161.0637707948244,1.767097966728281,0.3798521256931608,0.06061443189215394
17.025316455696203,36.77821867079419,28.93992606284658,0,0.4006764933197782,83.8948336414048,161.0637707948244,1.767097966728281,0.3798521256931608,0.05989720844059921
17.21518987341772,36.77821867079419,28.93992606284658,0,0.4006764933197782,83.8948336414048,161.0637707948244,1.767097966728281,0.3798521256931608,0.0591588087639772
17.405063291139243,36.77821867079419,28.93992606284658,0,0.4006764933197782,83.8948336414048,161.0637707948244,1.767097966728281,0.3798521256931608,0.05841140433286884
17.59493670886076,36.77821867079419,28.93992606284658,0,0.4006764933197782,83.8948336414048,161.0637707948244,1.767097966728281,0.3798521256931608,0.05766663639190976
17.78481012658228,36.77821867079419,28.93992606284658,0,0.4006764933197782,83.8948336414048,161.0637707948244,1.767097966728281,0.3798521256931608,0.05693560757809393
17.974683544303797,36.77821867079419,28.93992606284658,0,0.4006764933197782,83.8948336414048,161.0637707948244,1.767097966728281,0.3798521256931608,0.05622889434723428
18.164556962025316,36.77821867079419,28.93992606284658,0,0.4006764933197782,83.8948336414048,161.0637707948244,1.767097966728281,0.3798521256931608,0.05555657876603948
18.354430379746837,36.77821867079419,28.93992606284658,0,0.4006764933197782,83.8948336414048,161.0637707948244,1.767097966728281,0.3798521256931608,0.054928298300397055
18.544303797468356,36.77821867079419,28.93992606284658,0,0.4006764933197782,83.8948336414048,161.0637707948244,1.767097966728281,0.3798521256931608,0.054353312387346954
18.734177215189874,36.77821867079419,28.93992606284658,0,0.4006764933197782,83.8948336414048,161.0637707948244,1.767097966728281,0.3798521256931608,0.053840584813600614
18.924050632911396,36.77821867079419,28.93992606284658,0,0.4006764933197782,83.8948336414048,161.0637707948244,1.767097966728281,0.3798521256931608,0.05339888123273197
19.11392405063291,36.77821867079419,28.93992606284658,0,0.4006764933197782,83.8948336414048,161.0637707948244,1.767097966728281,0.3798521256931608,0.0530368815331558
19.303797468354432,36.77821867079419,28.93992606284658,0,0.4006764933197782,83.8948336414048,161.0637707948244,1.767097966728281,0.3798521256931608,0.05276330721842288
19.49367088607595,36.77821867079419,28.93992606284658,0,0.4006764933197782,83.8948336414048,161.0637707948244,1.767097966728281,0.3798521256931608,0.052587064481446524
19.68354430379747,36.77821867079419,28.93992606284658,0,0.4006764933197782,83.8948336414048,161.0637707948244,1.767097966728281,0.3798521256931608,0.052517404249280766
19.87341772151899,36.77821867079419,28.93992606284658,0,0.4006764933197782,83.8948336414048,161.0637707948244,1.767097966728281,0.3798521256931608,0.0525641011527907
20.063291139240505,36.77821867079419,28.93992606284658,0,0.4006764933197782,83.8948336414048,161.0637707948244,1.767097966728281,0.3798521256931608,0.05273752701692334
20.253164556962027,36.77821867079419,28.93992606284658,0,0.4006764933197782,83.8948336414048,161.0637707948244,1.767097966728281,0.3798521256931608,0.05304133119324512
20.443037974683545,36.77821867079419,28.93992606284658,0,0.4006764933197782,83.8948336414048,161.0637707948244,1.767097966728281,0.3798521256931608,0.05346813799575273
20.632911392405063,36.77821867079419,28.93992606284658,0,0.4006764933197782,83.8948336414048,161.0637707948244,1.767097966728281,0.3798521256931608,0.05401009151661838
20.822784810126585,36.77821867079419,28.93992606284658,0,0.4006764933197782,83.8948336414048,161.0637707948244,1.767097966728281,0.3798521256931608,0.05465967236525149
21.0126582278481,36.77821867079419,28.93992606284658,0,0.4006764933197782,83.8948336414048,161.0637707948244,1.767097966728281,0.3798521256931608,0.05540951687624936
21.20253164556962,36.77821867079419,28.93992606284658,0,0.4006764933197782,83.8948336414048,161.0637707948244,1.767097966728281,0.3798521256931608,0.056252250423617596
21.39240506329114,36.77821867079419,28.93992606284658,0,0.4006764933197782,83.8948336414048,161.0637707948244,1.767097966728281,0.3798521256931608,0.057180333354058026
21.582278481012658,36.77821867079419,28.93992606284658,0,0.4006764933197782,83.8948336414048,161.0637707948244,1.767097966728281,0.3798521256931608,0.05818591874878189
21.77215189873418,36.77821867079419,28.93992606284658,0,0.4006764933197782,83.8948336414048,161.0637707948244,1.767097966728281,0.3798521256931608,0.059260721855557516
21.962025316455698,36.77821867079419,28.93992606284658,0,0.4006764933197782,83.8948336414048,161.0637707948244,1.767097966728281,0.3798521256931608,0.06039590160562567
22.151898734177216,36.77821867079419,28.93992606284658,0,0.4006764933197782,83.8948336414048,161.0637707948244,1.767097966728281,0.3798521256931608,0.06158195514465546
22.341772151898734,36.77821867079419,28.93992606284658,0,0.4006764933197782,83.8948336414048,161.0637707948244,1.767097966728281,0.3798521256931608,0.06280862676041658
22.531645569620252,36.77821867079419,28.93992606284658,0,0.4006764933197782,83.8948336414048,161.0637707948244,1.767097966728281,0.3798521256931608,0.06406483297670534
22.721518987341774,36.77821867079419,28.93992606284658,0,0.4006764933197782,83.8948336414048,161.0637707948244,1.767097966728281,0.3798521256931608,0.0653386058954977
22.911392405063292,36.77821867079419,28.93992606284658,0,0.4006764933197782,83.8948336414048,161.0637707948244,1.767097966728281,0.3798521256931608,0.06661705709812676
23.10126582278481,36.77821867079419,28.93992606284658,0,0.4006764933197782,83.8948336414048,161.0637707948244,1.767097966728281,0.3798521256931608,0.0678863645517886
23.291139240506332,36.77821867079419,28.93992606284658,0,0.4006764933197782,83.8948336414048,161.0637707948244,1.767097966728281,0.3798521256931608,0.0691317850005307
23.481012658227847,36.77821867079419,28.93992606284658,0,0.4006764933197782,83.8948336414048,161.0637707948244,1.767097966728281,0.3798521256931608,0.07033769424184542
23.67088607594937,36.77821867079419,28.93992606284658,0,0.4006764933197782,83.8948336414048,161.0637707948244,1.767097966728281,0.3798521256931608,0.07148765749471721
23.860759493670887,36.77821867079419,28.93992606284658,0,0.4006764933197782,83.8948336414048,161.0637707948244,1.767097966728281,0.3798521256931608,0.07256453174833825
24.050632911392405,36.77821867079419,28.93992606284658,0,0.4006764933197782,83.8948336414048,161.0637707948244,1.767097966728281,0.3798521256931608,0.0735506015411841
24.240506329113927,36.77821867079419,28.93992606284658,0,0.4006764933197782,83.8948336414048,161.0637707948244,1.767097966728281,0.3798521256931608,0.07442774905853375
24.430379746835442,36.77821867079419,28.93992606284658,0,0.4006764933197782,83.8948336414048,161.0637707948244,1.767097966728281,0.3798521256931608,0.07517765875587376
24.620253164556964,36.77821867079419,28.93992606284658,0,0.4006764933197782,83.8948336414048,161.0637707948244,1.767097966728281,0.3798521256931608,0.0757836366377625
24.810126582278482,36.77821867079419,28.93992606284658,0,0.4006764933197782,83.8948336414048,161.0637707948244,1.767097966728281,0.3798521256931608,0.0762502398869512
25.0,36.77821867079419,28.93992606284658,0,0.4006764933197782,83.8948336414048,161.0637707948244,1.767097966728281,0.3798521256931608,0.07659774092310899
10.0,36.94308358646955,28.93992606284658,0,0.4006764933197782,83.8948336414048,161.0637707948244,1.767097966728281,0.3798521256931608,0.043983907790033284
10.189873417721518,36.94308358646955,28.93992606284658,0,0.4006764933197782,83.8948336414048,161.0637707948244,1.767097966728281,0.3798521256931608,0.043983907790033284
10.379746835443038,36.94308358646955,28.93992606284658,0,0.4006764933197782,83.8948336414048,161.0637707948244,1.767097966728281,0.3798521256931608,0.043983907790033284
10.569620253164556,36.94308358646955,28.93992606284658,0,0.4006764933197782,83.8948336414048,161.0637707948244,1.767097966728281,0.3798521256931608,0.043983907790033284
10.759493670886076,36.94308358646955,28.93992606284658,0,0.4006764933197782,83.8948336414048,161.0637707948244,1.767097966728281,0.3798521256931608,0.043983907790033284
10.949367088607595,36.94308358646955,28.93992606284658,0,0.4006764933197782,83.8948336414048,161.0637707948244,1.767097966728281,0.3798521256931608,0.043983907790033284
11.139240506329115,36.94308358646955,28.93992606284658,0,0.4006764933197782,83.8948336414048,161.0637707948244,1.767097966728281,0.3798521256931608,0.04482667659663275
11.329113924050633,36.94308358646955,28.93992606284658,0,0.4006764933197782,83.8948336414048,161.0637707948244,1.767097966728281,0.3798521256931608,0.04598608346146312
11.518987341772153,36.94308358646955,28.93992606284658,0,0.4006764933197782,83.8948336414048,161.0637707948244,1.767097966728281,0.3798521256931608,0.0471535064031965
11.708860759493671,36.94308358646955,28.93992606284658,0,0.4006764933197782,83.8948336414048,161.0637707948244,1.767097966728281,0.3798521256931608,0.04832452390620435
11.89873417721519,36.94308358646955,28.93992606284658,0,0.4006764933197782,83.8948336414048,161.0637707948244,1.767097966728281,0.3798521256931608,0.049494358669968326
12.08860759493671,36.94308358646955,28.93992606284658,0,0.4006764933197782,83.8948336414048,161.0637707948244,1.767097966728281,0.3798521256931608,0.05065788121365324
12.278481012658228,36.94308358646955,28.93992606284658,0,0.4006764933197782,83.8948336414048,161.0637707948244,1.767097966728281,0.3798521256931608,0.051809618004612194
12.468354430379748,36.94308358646955,28.93992606284658,0,0.4006764933197782,83.8948336414048,161.0637707948244,1.767097966728281,0.3798521256931608,0.05294376446612903
12.658227848101266,36.94308358646955,28.93992606284658,0,0.4006764933197782,83.8948336414048,161.0637707948244,1.767097966728281,0.3798521256931608,0.05405420318390168
12.848101265822784,36.94308358646955,28.93992606284658,0,0.4006764933197782,83.8948336414048,161.0637707948244,1.767097966728281,0.3798521256931608,0.055134527585606816
13.037974683544304,36.94308358646955,28.93992606284658,0,0.4006764933197782,83.8948336414048,161.0637707948244,1.767097966728281,0.3798521256931608,0.05617807131341841
13.227848101265824,36.94308358646955,28.93992606284658,0,0.4006764933197782,83.8948336414048,161.0637707948244,1.767097966728281,0.3798521256931608,0.05717794344585911
13.417721518987342,36.94308358646955,28.93992606284658,0,0.4006764933197782,83.8948336414048,161.0637707948244,1.767097966728281,0.3798521256931608,0.05812706965323336
13.60759493670886,36.94308358646955,28.93992606284658,0,0.4006764933197782,83.8948336414048,161.0637707948244,1.767097966728281,0.3798521256931608,0.05901823929068548
13.79746835443038,36.94308358646955,28.93992606284658,0,0.4006764933197782,83.8948336414048,161.0637707948244,1.767097966728281,0.3798521256931608,0.05984415834531371
13.987341772151899,36.94308358646955,28.93992606284658,0,0.4006764933197782,83.8948336414048,161.0637707948244,1.767097966728281,0.3798521256931608,0.06059750805947928
14.177215189873419,36.94308358646955,28.93992606284658,0,0.4006764933197782,83.8948336414048,161.0637707948244,1.767097966728281,0.3798521256931608,0.06127100895228945
14.367088607594937,36.94308358646955,28.93992606284658,0,0.4006764933197782,83.8948336414048,161.0637707948244,1.767097966728281,0.3798521256931608,0.061857489856011444
14.556962025316455,36.94308358646955,28.93992606284658,0,0.4006764933197782,83.8948336414048,161.0637707948244,1.767097966728281,0.3798521256931608,0.062349961474744184
14.746835443037975,36.94308358646955,28.93992606284658,0,0.4006764933197782,83.8948336414048,161.0637707948244,1.767097966728281,0.3798521256931608,0.06274169385985429
14.936708860759495,36.94308358646955,28.93992606284658,0,0.4006764933197782,83.8948336414048,161.0637707948244,1.767097966728281,0.3798521256931608,0.06302629708137351
15.126582278481013,36.94308358646955,28.93992606284658,0,0.4006764933197782,83.8948336414048,161.0637707948244,1.767097966728281,0.3798521256931608,0.06319780425767836
15.316455696202532,36.94308358646955,28.93992606284658,0,0.4006764933197782,83.8948336414048,161.0637707948244,1.767097966728281,0.3798521256931608,0.06325075598840246
15.50632911392405,36.94308358646955,28.93992606284658,0,0.4006764933197782,83.8948336414048,161.0637707948244,1.767097966728281,0.3798521256931608,0.06318028522182062
15.69620253164557,36.94308358646955,28.93992606284658,0,0.4006764933197782,83.8948336414048,161.0637707948244,1.767097966728281,0.3798521256931608,0.06298525600421818
15.88607594936709,36.94308358646955,28.93992606284658,0,0.4006764933197782,83.8948336414048,161.0637707948244,1.767097966728281,0.3798521256931608,0.06267623854045083
16.075949367088608,36.94308358646955,28.93992606284658,0,0.4006764933197782,83.8948336414048,161.0637707948244,1.767097966728281,0.3798521256931608,0.06226671548681225
16.265822784810126,36.94308358646955,28.93992606284658,0,0.4006764933197782,83.8948336414048,161.0637707948244,1.767097966728281,0.3798521256931608,0.06177036926959767
16.455696202531648,36.94308358646955,28.93992606284658,0,0.4006764933197782,83.8948336414048,161.0637707948244,1.767097966728281,0.3798521256931608,0.06120090379064584
16.645569620253166,36.94308358646955,28.93992606284658,0,0.4006764933197782,83.8948336414048,161.0637707948244,1.767097966728281,0.3798521256931608,0.06057189079585416
16.835443037974684,36.94308358646955,28.93992606284658,0,0.4006764933197782,83.8948336414048,161.0637707948244,1.767097966728281,0.3798521256931608,0.0598966416442065
17.025316455696203,36.94308358646955,28.93992606284658,0,0.4006764933197782,83.8948336414048,161.0637707948244,1.767097966728281,0.3798521256931608,0.05918810460372115
17.21518987341772,36.94308358646955,28.93992606284658,0,0.4006764933197782,83.8948336414048,161.0637707948244,1.767097966728281,0.3798521256931608,0.05845878728976291
17.405063291139243,36.94308358646955,28.93992606284658,0,0.4006764933197782,83.8948336414048,161.0637707948244,1.767097966728281,0.3798521256931608,0.05772070345246281
17.59493670886076,36.94308358646955,28.93992606284658,0,0.4006764933197782,83.8948336414048,161.0637707948244,1.767097966728281,0.3798521256931608,0.0569853430136937
17.78481012658228,36.94308358646955,28.93992606284658,0,0.4006764933197782,83.8948336414048,161.0637707948244,1.767097966728281,0.3798521256931608,0.056263664048562756
17.974683544303797,36.94308358646955,28.93992606284658,0,0.4006764933197782,83.8948336414048,161.0637707948244,1.767097966728281,0.3798521256931608,0.05556610529857966
18.164556962025316,36.94308358646955,28.93992606284658,0,0.4006764933197782,83.8948336414048,161.0637707948244,1.767097966728281,0.3798521256931608,0.05490261778922783
18.354430379746837,36.94308358646955,28.93992606284658,0,0.4006764933197782,83.8948336414048,161.0637707948244,1.767097966728281,0.3798521256931608,0.05428271419845022
18.544303797468356,36.94308358646955,28.93992606284658,0,0.4006764933197782,83.8948336414048,161.0637707948244,1.767097966728281,0.3798521256931608,0.05371553477906909
18.734177215189874,36.94308358646955,28.93992606284658,0,0.4006764933197782,83.8948336414048,161.0637707948244,1.767097966728281,0.3798521256931608,0.053209928872119054
18.924050632911396,36.94308358646955,28.93992606284658,0,0.4006764933197782,83.8948336414048,161.0637707948244,1.767097966728281,0.3798521256931608,0.05277455135492802
19.11392405063291,36.94308358646955,28.93992606284658,0,0.4006764933197782,83.8948336414048,161.0637707948244,1.767097966728281,0.3798521256931608,0.05241797374439895
19.303797468354432,36.94308358646955,28.93992606284658,0,0.4006764933197782,83.8948336414048,161.0637707948244,1.767097966728281,0.3798521256931608,0.05214881012107129
19.49367088607595,36.94308358646955,28.93992606284658,0,0.4006764933197782,83.8948336414048,161.0637707948244,1.767097966728281,0.3798521256931608,0.05197585855448272
19.68354430379747,36.94308358646955,28.93992606284658,0,0.4006764933197782,83.8948336414048,161.0637707948244,1.767097966728281,0.3798521256931608,0.05190825929938752
19.87341772151899,36.94308358646955,28.93992606284658,0,0.4006764933197782,83.8948336414048,161.0637707948244,1.767097966728281,0.3798521256931608,0.051955671703362495
20.063291139240505,36.94308358646955,28.93992606284658,0,0.4006764933197782,83.8948336414048,161.0637707948244,1.767097966728281,0.3798521256931608,0.05212834690853107
20.253164556962027,36.94308358646955,28.93992606284658,0,0.4006764933197782,83.8948336414048,161.0637707948244,1.767097966728281,0.3798521256931608,0.052429894931841595
20.443037974683545,36.94308358646955,28.93992606284658,0,0.4006764933197782,83.8948336414048,161.0637707948244,1.767097966728281,0.3798521256931608,0.05285303201182353
20.632911392405063,36.94308358646955,28.93992606284658,0,0.4006764933197782,83.8948336414048,161.0637707948244,1.767097966728281,0.3798521256931608,0.053389999527430516
20.822784810126585,36.94308358646955,28.93992606284658,0,0.4006764933197782,83.8948336414048,161.0637707948244,1.767097966728281,0.3798521256931608,0.05403337086975025
21.0126582278481,36.94308358646955,28.93992606284658,0,0.4006764933197782,83.8948336414048,161.0637707948244,1.767097966728281,0.3798521256931608,0.05477587263944343
21.20253164556962,36.94308358646955,28.93992606284658,0,0.4006764933197782,83.8948336414048,161.0637707948244,1.767097966728281,0.3798521256931608,0.055610219774307
21.39240506329114,36.94308358646955,28.93992606284658,0,0.4006764933197782,83.8948336414048,161.0637707948244,1.767097966728281,0.3798521256931608,0.05652896313401336
21.582278481012658,36.94308358646955,28.93992606284658,0,0.4006764933197782,83.8948336414048,161.0637707948244,1.767097966728281,0.3798521256931608,0.057524348759389804
21.77215189873418,36.94308358646955,28.93992606284658,0,0.4006764933197782,83.8948336414048,161.0637707948244,1.767097966728281,0.3798521256931608,0.058588188650224936
21.962025316455698,36.94308358646955,28.93992606284658,0,0.4006764933197782,83.8948336414048,161.0637707948244,1.767097966728281,0.3798521256931608,0.05971174347365546
22.151898734177216,36.94308358646955,28.93992606284658,0,0.4006764933197782,83.8948336414048,161.0637707948244,1.767097966728281,0.3798521256931608,0.06088561812566756
22.341772151898734,36.94308358646955,28.93992606284658,0,0.4006764933197782,83.8948336414048,161.0637707948244,1.767097966728281,0.3798521256931608,0.06209967151854029
22.531645569620252,36.94308358646955,28.93992606284658,0,0.4006764933197782,83.8948336414048,161.0637707948244,1.767097966728281,0.3798521256931608,0.06334294235160151
22.721518987341774,36.94308358646955,28.93992606284658,0,0.4006764933197782,83.8948336414048,161.0637707948244,1.767097966728281,0.3798521256931608,0.06460359293369249
22.911392405063292,36.94308358646955,28.93992606284658,0,0.4006764933197782,83.8948336414048,161.0637707948244,1.767097966728281,0.3798521256931608,0.06586887335407274
23.10126582278481,36.94308358646955,28.93992606284658,0,0.4006764933197782,83.8948336414048,161.0637707948244,1.767097966728281,0.3798521256931608,0.06712510843438502
23.291139240506332,36.94308358646955,28.93992606284658,0,0.4006764933197782,83.8948336414048,161.0637707948244,1.767097966728281,0.3798521256931608,0.06835770992834121
23.481012658227847,36.94308358646955,28.93992606284658,0,0.4006764933197782,83.8948336414048,161.0637707948244,1.767097966728281,0.3798521256931608,0.06955121635961878
23.67088607594937,36.94308358646955,28.93992606284658,0,0.4006764933197782,83.8948336414048,161.0637707948244,1.767097966728281,0.3798521256931608,0.07068936269556428
23.860759493670887,36.94308358646955,28.93992606284658,0,0.4006764933197782,83.8948336414048,161.0637707948244,1.767097966728281,0.3798521256931608,0.07175518174036277
24.050632911392405,36.94308358646955,28.93992606284658,0,0.4006764933197782,83.8948336414048,161.0637707948244,1.767097966728281,0.3798521256931608,0.07273113869461169
24.240506329113927,36.94308358646955,28.93992606284658,0,0.4006764933197782,83.8948336414048,161.0637707948244,1.767097966728281,0.3798521256931608,0.07359929976935607
24.430379746835442,36.94308358646955,28.93992606284658,0,0.4006764933197782,83.8948336414048,161.0637707948244,1.767097966728281,0.3798521256931608,0.07434153506447418
24.620253164556964,36.94308358646955,28.93992606284658,0,0.4006764933197782,83.8948336414048,161.0637707948244,1.767097966728281,0.3798521256931608,0.074941319461667
24.810126582278482,36.94308358646955,28.93992606284658,0,0.4006764933197782,83.8948336414048,161.0637707948244,1.767097966728281,0.3798521256931608,0.07540315964653257
25.0,36.94308358646955,28.93992606284658,0,0.4006764933197782,83.8948336414048,161.0637707948244,1.767097966728281,0.3798521256931608,0.07574711677575857
10.0,37.10794850214491,28.93992606284658,0,0.4006764933197782,83.8948336414048,161.0637707948244,1.767097966728281,0.3798521256931608,0.043396560092042596
10.189873417721518,37.10794850214491,28.93992606284658,0,0.4006764933197782,83.8948336414048,161.0637707948244,1.767097966728281,0.3798521256931608,0.043396560092042596
10.379746835443038,37.10794850214491,28.93992606284658,0,0.4006764933197782,83.8948336414048,161.0637707948244,1.767097966728281,0.3798521256931608,0.043396560092042596
10.569620253164556,37.10794850214491,28.93992606284658,0,0.4006764933197782,83.8948336414048,161.0637707948244,1.767097966728281,0.3798521256931608,0.043396560092042596
10.759493670886076,37.10794850214491,28.93992606284658,0,0.4006764933197782,83.8948336414048,161.0637707948244,1.767097966728281,0.3798521256931608,0.043396560092042596
10.949367088607595,37.10794850214491,28.93992606284658,0,0.4006764933197782,83.8948336414048,161.0637707948244,1.767097966728281,0.3798521256931608,0.043396560092042596
11.139240506329115,37.10794850214491,28.93992606284658,0,0.4006764933197782,83.8948336414048,161.0637707948244,1.767097966728281,0.3798521256931608,0.044239053998738204
11.329113924050633,37.10794850214491,28.93992606284658,0,0.4006764933197782,83.8948336414048,161.0637707948244,1.767097966728281,0.3798521256931608,0.04539730073315293
11.518987341772153,37.10794850214491,28.93992606284658,0,0.4006764933197782,83.8948336414048,161.0637707948244,1.767097966728281,0.3798521256931608,0.04656267994127054
11.708860759493671,37.10794850214491,28.93992606284658,0,0.4006764933197782,83.8948336414048,161.0637707948244,1.767097966728281,0.3798521256931608,0.0477308001992428
11.89873417721519,37.10794850214491,28.93992606284658,0,0.4006764933197782,83.8948336414048,161.0637707948244,1.767097966728281,0.3798521256931608,0.048896920953356494
12.08860759493671,37.10794850214491,28.93992606284658,0,0.4006764933197782,83.8948336414048,161.0637707948244,1.767097966728281,0.3798521256931608,0.05005595696664588
12.278481012658228,37.10794850214491,28.93992606284658,0,0.4006764933197782,83.8948336414048,161.0637707948244,1.767097966728281,0.3798521256931608,0.05120248722241748
12.468354430379748,37.10794850214491,28.93992606284658,0,0.4006764933197782,83.8948336414048,161.0637707948244,1.767097966728281,0.3798521256931608,0.05233076862107323
12.658227848101266,37.10794850214491,28.93992606284658,0,0.4006764933197782,83.8948336414048,161.0637707948244,1.767097966728281,0.3798521256931608,0.05343475476994376
12.848101265822784,37.10794850214491,28.93992606284658,0,0.4006764933197782,83.8948336414048,161.0637707948244,1.767097966728281,0.3798521256931608,0.054508120120213686
13.037974683544304,37.10794850214491,28.93992606284658,0,0.4006764933197782,83.8948336414048,161.0637707948244,1.767097966728281,0.3798521256931608,0.05554428965052952
13.227848101265824,37.10794850214491,28.93992606284658,0,0.4006764933197782,83.8948336414048,161.0637707948244,1.767097966728281,0.3798521256931608,0.056536474233843906
13.417721518987342,37.10794850214491,28.93992606284658,0,0.4006764933197782,83.8948336414048,161.0637707948244,1.767097966728281,0.3798521256931608,0.057477711752872765
13.60759493670886,37.10794850214491,28.93992606284658,0,0.4006764933197782,83.8948336414048,161.0637707948244,1.767097966728281,0.3798521256931608,0.0583609139508058
13.79746835443038,37.10794850214491,28.93992606284658,0,0.4006764933197782,83.8948336414048,161.0637707948244,1.767097966728281,0.3798521256931608,0.05917891891828269
13.987341772151899,37.10794850214491,28.93992606284658,0,0.4006764933197782,83.8948336414048,161.0637707948244,1.767097966728281,0.3798521256931608,0.05992454902585151
14.177215189873419,37.10794850214491,28.93992606284658,0,0.4006764933197782,83.8948336414048,161.0637707948244,1.767097966728281,0.3798521256931608,0.06059067401396723
14.367088607594937,37.10794850214491,28.93992606284658,0,0.4006764933197782,83.8948336414048,161.0637707948244,1.767097966728281,0.3798521256931608,0.061170278850854076
14.556962025316455,37.10794850214491,28.93992606284658,0,0.4006764933197782,83.8948336414048,161.0637707948244,1.767097966728281,0.3798521256931608,0.06165653586308795
14.746835443037975,37.10794850214491,28.93992606284658,0,0.4006764933197782,83.8948336414048,161.0637707948244,1.767097966728281,0.3798521256931608,0.06204288053535683
14.936708860759495,37.10794850214491,28.93992606284658,0,0.4006764933197782,83.8948336414048,161.0637707948244,1.767097966728281,0.3798521256931608,0.062323090265414265
15.126582278481013,37.10794850214491,28.93992606284658,0,0.4006764933197782,83.8948336414048,161.0637707948244,1.767097966728281,0.3798521256931608,0.062491365248664596
15.316455696202532,37.10794850214491,28.93992606284658,0,0.4006764933197782,83.8948336414048,161.0637707948244,1.767097966728281,0.3798521256931608,0.06254241055516713
15.50632911392405,37.10794850214491,28.93992606284658,0,0.4006764933197782,83.8948336414048,161.0637707948244,1.767097966728281,0.3798521256931608,0.0624715184524528
15.69620253164557,37.10794850214491,28.93992606284658,0,0.4006764933197782,83.8948336414048,161.0637707948244,1.767097966728281,0.3798521256931608,0.062277650755941515
15.88607594936709,37.10794850214491,28.93992606284658,0,0.4006764933197782,83.8948336414048,161.0637707948244,1.767097966728281,0.3798521256931608,0.06197127196146463
16.075949367088608,37.10794850214491,28.93992606284658,0,0.4006764933197782,83.8948336414048,161.0637707948244,1.767097966728281,0.3798521256931608,0.06156570824557391
16.265822784810126,37.10794850214491,28.93992606284658,0,0.4006764933197782,83.8948336414048,161.0637707948244,1.767097966728281,0.3798521256931608,0.061074481373885214
16.455696202531648,37.10794850214491,28.93992606284658,0,0.4006764933197782,83.8948336414048,161.0637707948244,1.767097966728281,0.3798521256931608,0.06051113269775087
16.645569620253166,37.10794850214491,28.93992606284658,0,0.4006764933197782,83.8948336414048,161.0637707948244,1.767097966728281,0.3798521256931608,0.05988907154683402
16.835443037974684,37.10794850214491,28.93992606284658,0,0.4006764933197782,83.8948336414048,161.0637707948244,1.767097966728281,0.3798521256931608,0.05922144874156346
17.025316455696203,37.10794850214491,28.93992606284658,0,0.4006764933197782,83.8948336414048,161.0637707948244,1.767097966728281,0.3798521256931608,0.05852105534445004
17.21518987341772,37.10794850214491,28.93992606284658,0,0.4006764933197782,83.8948336414048,161.0637707948244,1.767097966728281,0.3798521256931608,0.05780024626378646
17.405063291139243,37.10794850214491,28.93992606284658,0,0.4006764933197782,83.8948336414048,161.0637707948244,1.767097966728281,0.3798521256931608,0.057070887919369165
17.59493670886076,37.10794850214491,28.93992606284658,0,0.4006764933197782,83.8948336414048,161.0637707948244,1.767097966728281,0.3798521256931608,0.056344328877680885
17.78481012658228,37.10794850214491,28.93992606284658,0,0.4006764933197782,83.8948336414048,161.0637707948244,1.767097966728281,0.3798521256931608,0.0556313921617723
17.974683544303797,37.10794850214491,28.93992606284658,0,0.4006764933197782,83.8948336414048,161.0637707948244,1.767097966728281,0.3798521256931608,0.054942387835717296
18.164556962025316,37.10794850214491,28.93992606284658,0,0.4006764933197782,83.8948336414048,161.0637707948244,1.767097966728281,0.3798521256931608,0.054287144450589235
18.354430379746837,37.10794850214491,28.93992606284658,0,0.4006764933197782,83.8948336414048,161.0637707948244,1.767097966728281,0.3798521256931608,0.053675058013258156
18.544303797468356,37.10794850214491,28.93992606284658,0,0.4006764933197782,83.8948336414048,161.0637707948244,1.767097966728281,0.3798521256931608,0.053115157295415084
18.734177215189874,37.10794850214491,28.93992606284658,0,0.4006764933197782,83.8948336414048,161.0637707948244,1.767097966728281,0.3798521256931608,0.05261618453283206
18.924050632911396,37.10794850214491,28.93992606284658,0,0.4006764933197782,83.8948336414048,161.0637707948244,1.767097966728281,0.3798521256931608,0.05218669086944243
19.11392405063291,37.10794850214491,28.93992606284658,0,0.4006764933197782,83.8948336414048,161.0637707948244,1.767097966728281,0.3798521256931608,0.05183514627426697
19.303797468354432,37.10794850214491,28.93992606284658,0,0.4006764933197782,83.8948336414048,161.0637707948244,1.767097966728281,0.3798521256931608,0.051570064100323845
19.49367088607595,37.10794850214491,28.93992606284658,0,0.4006764933197782,83.8948336414048,161.0637707948244,1.767097966728281,0.3798521256931608,0.05140014096477507
19.68354430379747,37.10794850214491,28.93992606284658,0,0.4006764933197782,83.8948336414048,161.0637707948244,1.767097966728281,0.3798521256931608,0.05133441321302047
19.87341772151899,37.10794850214491,28.93992606284658,0,0.4006764933197782,83.8948336414048,161.0637707948244,1.767097966728281,0.3798521256931608,0.05138243189410722
20.063291139240505,37.10794850214491,28.93992606284658,0,0.4006764933197782,83.8948336414048,161.0637707948244,1.767097966728281,0.3798521256931608,0.05155433472637689
20.253164556962027,37.10794850214491,28.93992606284658,0,0.4006764933197782,83.8948336414048,161.0637707948244,1.767097966728281,0.3798521256931608,0.051853694649889516
20.443037974683545,37.10794850214491,28.93992606284658,0,0.4006764933197782,83.8948336414048,161.0637707948244,1.767097966728281,0.3798521256931608,0.052273314095786366
20.632911392405063,37.10794850214491,28.93992606284658,0,0.4006764933197782,83.8948336414048,161.0637707948244,1.767097966728281,0.3798521256931608,0.052805525714959584
20.822784810126585,37.10794850214491,28.93992606284658,0,0.4006764933197782,83.8948336414048,161.0637707948244,1.767097966728281,0.3798521256931608,0.05344298998629039
21.0126582278481,37.10794850214491,28.93992606284658,0,0.4006764933197782,83.8948336414048,161.0637707948244,1.767097966728281,0.3798521256931608,0.054178518283981715
21.20253164556962,37.10794850214491,28.93992606284658,0,0.4006764933197782,83.8948336414048,161.0637707948244,1.767097966728281,0.3798521256931608,0.05500490971012937
21.39240506329114,37.10794850214491,28.93992606284658,0,0.4006764933197782,83.8948336414048,161.0637707948244,1.767097966728281,0.3798521256931608,0.0559148002328927
21.582278481012658,37.10794850214491,28.93992606284658,0,0.4006764933197782,83.8948336414048,161.0637707948244,1.767097966728281,0.3798521256931608,0.056900523354946886
21.77215189873418,37.10794850214491,28.93992606284658,0,0.4006764933197782,83.8948336414048,161.0637707948244,1.767097966728281,0.3798521256931608,0.05795398215821929
21.962025316455698,37.10794850214491,28.93992606284658,0,0.4006764933197782,83.8948336414048,161.0637707948244,1.767097966728281,0.3798521256931608,0.05906653313439109
22.151898734177216,37.10794850214491,28.93992606284658,0,0.4006764933197782,83.8948336414048,161.0637707948244,1.767097966728281,0.3798521256931608,0.06022888271728835
22.341772151898734,37.10794850214491,28.93992606284658,0,0.4006764933197782,83.8948336414048,161.0637707948244,1.767097966728281,0.3798521256931608,0.06143099788054451
22.531645569620252,37.10794850214491,28.93992606284658,0,0.4006764933197782,83.8948336414048,161.0637707948244,1.767097966728281,0.3798521256931608,0.0626620325462491
22.721518987341774,37.10794850214491,28.93992606284658,0,0.4006764933197782,83.8948336414048,161.0637707948244,1.767097966728281,0.3798521256931608,0.06391027185998503
22.911392405063292,37.10794850214491,28.93992606284658,0,0.4006764933197782,83.8948336414048,161.0637707948244,1.767097966728281,0.3798521256931608,0.06516309661550108
23.10126582278481,37.10794850214491,28.93992606284658,0,0.4006764933197782,83.8948336414048,161.0637707948244,1.767097966728281,0.3798521256931608,0.0664069702485109
23.291139240506332,37.10794850214491,28.93992606284658,0,0.4006764933197782,83.8948336414048,161.0637707948244,1.767097966728281,0.3798521256931608,0.06762745085424955
23.481012658227847,37.10794850214491,28.93992606284658,0,0.4006764933197782,83.8948336414048,161.0637707948244,1.767097966728281,0.3798521256931608,0.06880923060901195
23.67088607594937,37.10794850214491,28.93992606284658,0,0.4006764933197782,83.8948336414048,161.0637707948244,1.767097966728281,0.3798521256931608,0.06993620478524734
23.860759493670887,37.10794850214491,28.93992606284658,0,0.4006764933197782,83.8948336414048,161.0637707948244,1.767097966728281,0.3798521256931608,0.07099157223841954
24.050632911392405,37.10794850214491,28.93992606284658,0,0.4006764933197782,83.8948336414048,161.0637707948244,1.767097966728281,0.3798521256931608,0.0719579688098054
24.240506329113927,37.10794850214491,28.93992606284658,0,0.4006764933197782,83.8948336414048,161.0637707948244,1.767097966728281,0.3798521256931608,0.07281763453315124
24.430379746835442,37.10794850214491,28.93992606284658,0,0.4006764933197782,83.8948336414048,161.0637707948244,1.767097966728281,0.3798521256931608,0.07355261485736378
24.620253164556964,37.10794850214491,28.93992606284658,0,0.4006764933197782,83.8948336414048,161.0637707948244,1.767097966728281,0.3798521256931608,0.07414654416448187
24.810126582278482,37.10794850214491,28.93992606284658,0,0.4006764933197782,83.8948336414048,161.0637707948244,1.767097966728281,0.3798521256931608,0.07460388140378588
25.0,37.10794850214491,28.93992606284658,0,0.4006764933197782,83.8948336414048,161.0637707948244,1.767097966728281,0.3798521256931608,0.07494448809473861
10.0,37.272813417820274,28.93992606284658,0,0.4006764933197782,83.8948336414048,161.0637707948244,1.767097966728281,0.3798521256931608,0.042853220405485726
10.189873417721518,37.272813417820274,28.93992606284658,0,0.4006764933197782,83.8948336414048,161.0637707948244,1.767097966728281,0.3798521256931608,0.042853220405485726
10.379746835443038,37.272813417820274,28.93992606284658,0,0.4006764933197782,83.8948336414048,161.0637707948244,1.767097966728281,0.3798521256931608,0.042853220405485726
10.569620253164556,37.272813417820274,28.93992606284658,0,0.4006764933197782,83.8948336414048,161.0637707948244,1.767097966728281,0.3798521256931608,0.042853220405485726
10.759493670886076,37.272813417820274,28.93992606284658,0,0.4006764933197782,83.8948336414048,161.0637707948244,1.767097966728281,0.3798521256931608,0.042853220405485726
10.949367088607595,37.272813417820274,28.93992606284658,0,0.4006764933197782,83.8948336414048,161.0637707948244,1.767097966728281,0.3798521256931608,0.042853220405485726
11.139240506329115,37.272813417820274,28.93992606284658,0,0.4006764933197782,83.8948336414048,161.0637707948244,1.767097966728281,0.3798521256931608,0.04369497880581158
11.329113924050633,37.272813417820274,28.93992606284658,0,0.4006764933197782,83.8948336414048,161.0637707948244,1.767097966728281,0.3798521256931608,0.04485153313553166
11.518987341772153,37.272813417820274,28.93992606284658,0,0.4006764933197782,83.8948336414048,161.0637707948244,1.767097966728281,0.3798521256931608,0.04601444479609792
11.708860759493671,37.272813417820274,28.93992606284658,0,0.4006764933197782,83.8948336414048,161.0637707948244,1.767097966728281,0.3798521256931608,0.047179349831048864
11.89873417721519,37.272813417820274,28.93992606284658,0,0.4006764933197782,83.8948336414048,161.0637707948244,1.767097966728281,0.3798521256931608,0.048341541371837306
12.08860759493671,37.272813417820274,28.93992606284658,0,0.4006764933197782,83.8948336414048,161.0637707948244,1.767097966728281,0.3798521256931608,0.049495974820302414
12.278481012658228,37.272813417820274,28.93992606284658,0,0.4006764933197782,83.8948336414048,161.0637707948244,1.767097966728281,0.3798521256931608,0.05063727742616486
12.468354430379748,37.272813417820274,28.93992606284658,0,0.4006764933197782,83.8948336414048,161.0637707948244,1.767097966728281,0.3798521256931608,0.05175976257888025
12.658227848101266,37.272813417820274,28.93992606284658,0,0.4006764933197782,83.8948336414048,161.0637707948244,1.767097966728281,0.3798521256931608,0.05285744909581631
12.848101265822784,37.272813417820274,28.93992606284658,0,0.4006764933197782,83.8948336414048,161.0637707948244,1.767097966728281,0.3798521256931608,0.05392408574275379
13.037974683544304,37.272813417820274,28.93992606284658,0,0.4006764933197782,83.8948336414048,161.0637707948244,1.767097966728281,0.3798521256931608,0.05495318116827991
13.227848101265824,37.272813417820274,28.93992606284658,0,0.4006764933197782,83.8948336414048,161.0637707948244,1.767097966728281,0.3798521256931608,0.05593803937108828
13.417721518987342,37.272813417820274,28.93992606284658,0,0.4006764933197782,83.8948336414048,161.0637707948244,1.767097966728281,0.3798521256931608,0.0568718007489541
13.60759493670886,37.272813417820274,28.93992606284658,0,0.4006764933197782,83.8948336414048,161.0637707948244,1.767097966728281,0.3798521256931608,0.057747488700789086
13.79746835443038,37.272813417820274,28.93992606284658,0,0.4006764933197782,83.8948336414048,161.0637707948244,1.767097966728281,0.3798521256931608,0.058558061669388345
13.987341772151899,37.272813417820274,28.93992606284658,0,0.4006764933197782,83.8948336414048,161.0637707948244,1.767097966728281,0.3798521256931608,0.05929647042296387
14.177215189873419,37.272813417820274,28.93992606284658,0,0.4006764933197782,83.8948336414048,161.0637707948244,1.767097966728281,0.3798521256931608,0.05995572027912412
14.367088607594937,37.272813417820274,28.93992606284658,0,0.4006764933197782,83.8948336414048,161.0637707948244,1.767097966728281,0.3798521256931608,0.06052893787636798
14.556962025316455,37.272813417820274,28.93992606284658,0,0.4006764933197782,83.8948336414048,161.0637707948244,1.767097966728281,0.3798521256931608,0.06100944199625878
14.746835443037975,37.272813417820274,28.93992606284658,0,0.4006764933197782,83.8948336414048,161.0637707948244,1.767097966728281,0.3798521256931608,0.06139081783500105
14.936708860759495,37.272813417820274,28.93992606284658,0,0.4006764933197782,83.8948336414048,161.0637707948244,1.767097966728281,0.3798521256931608,0.0616669940170517
15.126582278481013,37.272813417820274,28.93992606284658,0,0.4006764933197782,83.8948336414048,161.0637707948244,1.767097966728281,0.3798521256931608,0.06183232153653809
15.316455696202532,37.272813417820274,28.93992606284658,0,0.4006764933197782,83.8948336414048,161.0637707948244,1.767097966728281,0.3798521256931608,0.06188165370569629
15.50632911392405,37.272813417820274,28.93992606284658,0,0.4006764933197782,83.8948336414048,161.0637707948244,1.767097966728281,0.3798521256931608,0.061810426183926154
15.69620253164557,37.272813417820274,28.93992606284658,0,0.4006764933197782,83.8948336414048,161.0637707948244,1.767097966728281,0.3798521256931608,0.0616176878246493
15.88607594936709,37.272813417820274,28.93992606284658,0,0.4006764933197782,83.8948336414048,161.0637707948244,1.767097966728281,0.3798521256931608,0.06131380415639046
16.075949367088608,37.272813417820274,28.93992606284658,0,0.4006764933197782,83.8948336414048,161.0637707948244,1.767097966728281,0.3798521256931608,0.06091195599255804
16.265822784810126,37.272813417820274,28.93992606284658,0,0.4006764933197782,83.8948336414048,161.0637707948244,1.767097966728281,0.3798521256931608,0.06042551594170989
16.455696202531648,37.272813417820274,28.93992606284658,0,0.4006764933197782,83.8948336414048,161.0637707948244,1.767097966728281,0.3798521256931608,0.05986787451546637
16.645569620253166,37.272813417820274,28.93992606284658,0,0.4006764933197782,83.8948336414048,161.0637707948244,1.767097966728281,0.3798521256931608,0.05925229038468417
16.835443037974684,37.272813417820274,28.93992606284658,0,0.4006764933197782,83.8948336414048,161.0637707948244,1.767097966728281,0.3798521256931608,0.05859176549554619
17.025316455696203,37.272813417820274,28.93992606284658,0,0.4006764933197782,83.8948336414048,161.0637707948244,1.767097966728281,0.3798521256931608,0.05789894515789049
17.21518987341772,37.272813417820274,28.93992606284658,0,0.4006764933197782,83.8948336414048,161.0637707948244,1.767097966728281,0.3798521256931608,0.05718604271770347
17.405063291139243,37.272813417820274,28.93992606284658,0,0.4006764933197782,83.8948336414048,161.0637707948244,1.767097966728281,0.3798521256931608,0.05646478802625075
17.59493670886076,37.272813417820274,28.93992606284658,0,0.4006764933197782,83.8948336414048,161.0637707948244,1.767097966728281,0.3798521256931608,0.05574639861986912
17.78481012658228,37.272813417820274,28.93992606284658,0,0.4006764933197782,83.8948336414048,161.0637707948244,1.767097966728281,0.3798521256931608,0.055041572325254064
17.974683544303797,37.272813417820274,28.93992606284658,0,0.4006764933197782,83.8948336414048,161.0637707948244,1.767097966728281,0.3798521256931608,0.054360499901916104
18.164556962025316,37.272813417820274,28.93992606284658,0,0.4006764933197782,83.8948336414048,161.0637707948244,1.767097966728281,0.3798521256931608,0.05371289632191917
18.354430379746837,37.272813417820274,28.93992606284658,0,0.4006764933197782,83.8948336414048,161.0637707948244,1.767097966728281,0.3798521256931608,0.05310804936184115
18.544303797468356,37.272813417820274,28.93992606284658,0,0.4006764933197782,83.8948336414048,161.0637707948244,1.767097966728281,0.3798521256931608,0.0525548843376021
18.734177215189874,37.272813417820274,28.93992606284658,0,0.4006764933197782,83.8948336414048,161.0637707948244,1.767097966728281,0.3798521256931608,0.052062044044117545
18.924050632911396,37.272813417820274,28.93992606284658,0,0.4006764933197782,83.8948336414048,161.0637707948244,1.767097966728281,0.3798521256931608,0.0516379832641709
19.11392405063291,37.272813417820274,28.93992606284658,0,0.4006764933197782,83.8948336414048,161.0637707948244,1.767097966728281,0.3798521256931608,0.05129107758137928
19.303797468354432,37.272813417820274,28.93992606284658,0,0.4006764933197782,83.8948336414048,161.0637707948244,1.767097966728281,0.3798521256931608,0.0510297466694947
19.49367088607595,37.272813417820274,28.93992606284658,0,0.4006764933197782,83.8948336414048,161.0637707948244,1.767097966728281,0.3798521256931608,0.0508625927359206
19.68354430379747,37.272813417820274,28.93992606284658,0,0.4006764933197782,83.8948336414048,161.0637707948244,1.767097966728281,0.3798521256931608,0.05079855537559246
19.87341772151899,37.272813417820274,28.93992606284658,0,0.4006764933197782,83.8948336414048,161.0637707948244,1.767097966728281,0.3798521256931608,0.05084708475016549
20.063291139240505,37.272813417820274,28.93992606284658,0,0.4006764933197782,83.8948336414048,161.0637707948244,1.767097966728281,0.3798521256931608,0.05101821287147016
20.253164556962027,37.272813417820274,28.93992606284658,0,0.4006764933197782,83.8948336414048,161.0637707948244,1.767097966728281,0.3798521256931608,0.05131547803481189
20.443037974683545,37.272813417820274,28.93992606284658,0,0.4006764933197782,83.8948336414048,161.0637707948244,1.767097966728281,0.3798521256931608,0.051731762829630566
20.632911392405063,37.272813417820274,28.93992606284658,0,0.4006764933197782,83.8948336414048,161.0637707948244,1.767097966728281,0.3798521256931608,0.05225948483030059
20.822784810126585,37.272813417820274,28.93992606284658,0,0.4006764933197782,83.8948336414048,161.0637707948244,1.767097966728281,0.3798521256931608,0.05289138557998271
21.0126582278481,37.272813417820274,28.93992606284658,0,0.4006764933197782,83.8948336414048,161.0637707948244,1.767097966728281,0.3798521256931608,0.05362035540092941
21.20253164556962,37.272813417820274,28.93992606284658,0,0.4006764933197782,83.8948336414048,161.0637707948244,1.767097966728281,0.3798521256931608,0.05443927181690118
21.39240506329114,37.272813417820274,28.93992606284658,0,0.4006764933197782,83.8948336414048,161.0637707948244,1.767097966728281,0.3798521256931608,0.05534085014039416
21.582278481012658,37.272813417820274,28.93992606284658,0,0.4006764933197782,83.8948336414048,161.0637707948244,1.767097966728281,0.3798521256931608,0.05631750545609717
21.77215189873418,37.272813417820274,28.93992606284658,0,0.4006764933197782,83.8948336414048,161.0637707948244,1.767097966728281,0.3798521256931608,0.05736122584836015
21.962025316455698,37.272813417820274,28.93992606284658,0,0.4006764933197782,83.8948336414048,161.0637707948244,1.767097966728281,0.3798521256931608,0.05846345727963535
22.151898734177216,37.272813417820274,28.93992606284658,0,0.4006764933197782,83.8948336414048,161.0637707948244,1.767097966728281,0.3798521256931608,0.05961500102990364
22.341772151898734,37.272813417820274,28.93992606284658,0,0.4006764933197782,83.8948336414048,161.0637707948244,1.767097966728281,0.3798521256931608,0.060805925051498295
22.531645569620252,37.272813417820274,28.93992606284658,0,0.4006764933197782,83.8948336414048,161.0637707948244,1.767097966728281,0.3798521256931608,0.06202549097399837
22.721518987341774,37.272813417820274,28.93992606284658,0,0.4006764933197782,83.8948336414048,161.0637707948244,1.767097966728281,0.3798521256931608,0.06326209880226946
22.911392405063292,37.272813417820274,28.93992606284658,0,0.4006764933197782,83.8948336414048,161.0637707948244,1.767097966728281,0.3798521256931608,0.06450325157811257
23.10126582278481,37.272813417820274,28.93992606284658,0,0.4006764933197782,83.8948336414048,161.0637707948244,1.767097966728281,0.3798521256931608,0.06573554241252658
23.291139240506332,37.272813417820274,28.93992606284658,0,0.4006764933197782,83.8948336414048,161.0637707948244,1.767097966728281,0.3798521256931608,0.06694466633176413
23.481012658227847,37.272813417820274,28.93992606284658,0,0.4006764933197782,83.8948336414048,161.0637707948244,1.767097966728281,0.3798521256931608,0.0681154593075789
23.67088607594937,37.272813417820274,28.93992606284658,0,0.4006764933197782,83.8948336414048,161.0637707948244,1.767097966728281,0.3798521256931608,0.06923196665353559
23.860759493670887,37.272813417820274,28.93992606284658,0,0.4006764933197782,83.8948336414048,161.0637707948244,1.767097966728281,0.3798521256931608,0.07027754266030044
24.050632911392405,37.272813417820274,28.93992606284658,0,0.4006764933197782,83.8948336414048,161.0637707948244,1.767097966728281,0.3798521256931608,0.07123498291134493
24.240506329113927,37.272813417820274,28.93992606284658,0,0.4006764933197782,83.8948336414048,161.0637707948244,1.767097966728281,0.3798521256931608,0.0720866901667518
24.430379746835442,37.272813417820274,28.93992606284658,0,0.4006764933197782,83.8948336414048,161.0637707948244,1.767097966728281,0.3798521256931608,0.07281487402940959
24.620253164556964,37.272813417820274,28.93992606284658,0,0.4006764933197782,83.8948336414048,161.0637707948244,1.767097966728281,0.3798521256931608,0.07340331819029118
24.810126582278482,37.272813417820274,28.93992606284658,0,0.4006764933197782,83.8948336414048,161.0637707948244,1.767097966728281,0.3798521256931608,0.07385643688782295
25.0,37.272813417820274,28.93992606284658,0,0.4006764933197782,83.8948336414048,161.0637707948244,1.767097966728281,0.3798521256931608,0.07419390469104273
10.0,37.43767833349563,28.93992606284658,0,0.4006764933197782,83.8948336414048,161.0637707948244,1.767097966728281,0.3798521256931608,0.0423550924114991
10.189873417721518,37.43767833349563,28.93992606284658,0,0.4006764933197782,83.8948336414048,161.0637707948244,1.767097966728281,0.3798521256931608,0.0423550924114991
10.379746835443038,37.43767833349563,28.93992606284658,0,0.4006764933197782,83.8948336414048,161.0637707948244,1.767097966728281,0.3798521256931608,0.0423550924114991
10.569620253164556,37.43767833349563,28.93992606284658,0,0.4006764933197782,83.8948336414048,161.0637707948244,1.767097966728281,0.3798521256931608,0.0423550924114991
10.759493670886076,37.43767833349563,28.93992606284658,0,0.4006764933197782,83.8948336414048,161.0637707948244,1.767097966728281,0.3798521256931608,0.0423550924114991
10.949367088607595,37.43767833349563,28.93992606284658,0,0.4006764933197782,83.8948336414048,161.0637707948244,1.767097966728281,0.3798521256931608,0.0423550924114991
11.139240506329115,37.43767833349563,28.93992606284658,0,0.4006764933197782,83.8948336414048,161.0637707948244,1.767097966728281,0.3798521256931608,0.04319579402924753
11.329113924050633,37.43767833349563,28.93992606284658,0,0.4006764933197782,83.8948336414048,161.0637707948244,1.767097966728281,0.3798521256931608,0.044350304340653394
11.518987341772153,37.43767833349563,28.93992606284658,0,0.4006764933197782,83.8948336414048,161.0637707948244,1.767097966728281,0.3798521256931608,0.04551049465976208
11.708860759493671,37.43767833349563,28.93992606284658,0,0.4006764933197782,83.8948336414048,161.0637707948244,1.767097966728281,0.3798521256931608,0.04667202597110626
11.89873417721519,37.43767833349563,28.93992606284658,0,0.4006764933197782,83.8948336414048,161.0637707948244,1.767097966728281,0.3798521256931608,0.04783022208973265
12.08860759493671,37.43767833349563,28.93992606284658,0,0.4006764933197782,83.8948336414048,161.0637707948244,1.767097966728281,0.3798521256931608,0.04898007548480747
12.278481012658228,37.43767833349563,28.93992606284658,0,0.4006764933197782,83.8948336414048,161.0637707948244,1.767097966728281,0.3798521256931608,0.05011625744152742
12.468354430379748,37.43767833349563,28.93992606284658,0,0.4006764933197782,83.8948336414048,161.0637707948244,1.767097966728281,0.3798521256931608,0.051233132865412055
12.658227848101266,37.43767833349563,28.93992606284658,0,0.4006764933197782,83.8948336414048,161.0637707948244,1.767097966728281,0.3798521256931608,0.05232477999512477
12.848101265822784,37.43767833349563,28.93992606284658,0,0.4006764933197782,83.8948336414048,161.0637707948244,1.767097966728281,0.3798521256931608,0.053385015243771435
13.037974683544304,37.43767833349563,28.93992606284658,0,0.4006764933197782,83.8948336414048,161.0637707948244,1.767097966728281,0.3798521256931608,0.054407423334312734
13.227848101265824,37.43767833349563,28.93992606284658,0,0.4006764933197782,83.8948336414048,161.0637707948244,1.767097966728281,0.3798521256931608,0.05538539283266339
13.417721518987342,37.43767833349563,28.93992606284658,0,0.4006764933197782,83.8948336414048,161.0637707948244,1.767097966728281,0.3798521256931608,0.056312157112686057
13.60759493670886,37.43767833349563,28.93992606284658,0,0.4006764933197782,83.8948336414048,161.0637707948244,1.767097966728281,0.3798521256931608,0.057180840711204814
13.79746835443038,37.43767833349563,28.93992606284658,0,0.4006764933197782,83.8948336414048,161.0637707948244,1.767097966728281,0.3798521256931608,0.05798451094904219
13.987341772151899,37.43767833349563,28.93992606284658,0,0.4006764933197782,83.8948336414048,161.0637707948244,1.767097966728281,0.3798521256931608,0.05871623460663597
14.177215189873419,37.43767833349563,28.93992606284658,0,0.4006764933197782,83.8948336414048,161.0637707948244,1.767097966728281,0.3798521256931608,0.05936913935080602
14.367088607594937,37.43767833349563,28.93992606284658,0,0.4006764933197782,83.8948336414048,161.0637707948244,1.767097966728281,0.3798521256931608,0.059936479513474784
14.556962025316455,37.43767833349563,28.93992606284658,0,0.4006764933197782,83.8948336414048,161.0637707948244,1.767097966728281,0.3798521256931608,0.06041170572441915
14.746835443037975,37.43767833349563,28.93992606284658,0,0.4006764933197782,83.8948336414048,161.0637707948244,1.767097966728281,0.3798521256931608,0.06078853779922353
14.936708860759495,37.43767833349563,28.93992606284658,0,0.4006764933197782,83.8948336414048,161.0637707948244,1.767097966728281,0.3798521256931608,0.061061040181369854
15.126582278481013,37.43767833349563,28.93992606284658,0,0.4006764933197782,83.8948336414048,161.0637707948244,1.767097966728281,0.3798521256931608,0.061223699134735715
15.316455696202532,37.43767833349563,28.93992606284658,0,0.4006764933197782,83.8948336414048,161.0637707948244,1.767097966728281,0.3798521256931608,0.06127150078071379
15.50632911392405,37.43767833349563,28.93992606284658,0,0.4006764933197782,83.8948336414048,161.0637707948244,1.767097966728281,0.3798521256931608,0.061200009071851295
15.69620253164557,37.43767833349563,28.93992606284658,0,0.4006764933197782,83.8948336414048,161.0637707948244,1.767097966728281,0.3798521256931608,0.06100834994919317
15.88607594936709,37.43767833349563,28.93992606284658,0,0.4006764933197782,83.8948336414048,161.0637707948244,1.767097966728281,0.3798521256931608,0.06070679725660215
16.075949367088608,37.43767833349563,28.93992606284658,0,0.4006764933197782,83.8948336414048,161.0637707948244,1.767097966728281,0.3798521256931608,0.06030839803698248
16.265822784810126,37.43767833349563,28.93992606284658,0,0.4006764933197782,83.8948336414048,161.0637707948244,1.767097966728281,0.3798521256931608,0.059826387708047796
16.455696202531648,37.43767833349563,28.93992606284658,0,0.4006764933197782,83.8948336414048,161.0637707948244,1.767097966728281,0.3798521256931608,0.05927401809992541
16.645569620253166,37.43767833349563,28.93992606284658,0,0.4006764933197782,83.8948336414048,161.0637707948244,1.767097966728281,0.3798521256931608,0.05866440941341857
16.835443037974684,37.43767833349563,28.93992606284658,0,0.4006764933197782,83.8948336414048,161.0637707948244,1.767097966728281,0.3798521256931608,0.058010426799460765
17.025316455696203,37.43767833349563,28.93992606284658,0,0.4006764933197782,83.8948336414048,161.0637707948244,1.767097966728281,0.3798521256931608,0.05732458166614407
17.21518987341772,37.43767833349563,28.93992606284658,0,0.4006764933197782,83.8948336414048,161.0637707948244,1.767097966728281,0.3798521256931608,0.05661895732393308
17.405063291139243,37.43767833349563,28.93992606284658,0,0.4006764933197782,83.8948336414048,161.0637707948244,1.767097966728281,0.3798521256931608,0.055905158184268174
17.59493670886076,37.43767833349563,28.93992606284658,0,0.4006764933197782,83.8948336414048,161.0637707948244,1.767097966728281,0.3798521256931608,0.05519428143172447
17.78481012658228,37.43767833349563,28.93992606284658,0,0.4006764933197782,83.8948336414048,161.0637707948244,1.767097966728281,0.3798521256931608,0.05449690989343416
17.974683544303797,37.43767833349563,28.93992606284658,0,0.4006764933197782,83.8948336414048,161.0637707948244,1.767097966728281,0.3798521256931608,0.05382312472831165
18.164556962025316,37.43767833349563,28.93992606284658,0,0.4006764933197782,83.8948336414048,161.0637707948244,1.767097966728281,0.3798521256931608,0.053182536548275774
18.354430379746837,37.43767833349563,28.93992606284658,0,0.4006764933197782,83.8948336414048,161.0637707948244,1.767097966728281,0.3798521256931608,0.052584333658899925
18.544303797468356,37.43767833349563,28.93992606284658,0,0.4006764933197782,83.8948336414048,161.0637707948244,1.767097966728281,0.3798521256931608,0.0520373462622211
18.734177215189874,37.43767833349563,28.93992606284658,0,0.4006764933197782,83.8948336414048,161.0637707948244,1.767097966728281,0.3798521256931608,0.05155012569454757
18.924050632911396,37.43767833349563,28.93992606284658,0,0.4006764933197782,83.8948336414048,161.0637707948244,1.767097966728281,0.3798521256931608,0.051131038072547166
19.11392405063291,37.43767833349563,28.93992606284658,0,0.4006764933197782,83.8948336414048,161.0637707948244,1.767097966728281,0.3798521256931608,0.05078837208864274
19.303797468354432,37.43767833349563,28.93992606284658,0,0.4006764933197782,83.8948336414048,161.0637707948244,1.767097966728281,0.3798521256931608,0.05053046113065966
19.49367088607595,37.43767833349563,28.93992606284658,0,0.4006764933197782,83.8948336414048,161.0637707948244,1.767097966728281,0.3798521256931608,0.05036582040217437
19.68354430379747,37.43767833349563,28.93992606284658,0,0.4006764933197782,83.8948336414048,161.0637707948244,1.767097966728281,0.3798521256931608,0.05030330029351048
19.87341772151899,37.43767833349563,28.93992606284658,0,0.4006764933197782,83.8948336414048,161.0637707948244,1.767097966728281,0.3798521256931608,0.050352257906722826
20.063291139240505,37.43767833349563,28.93992606284658,0,0.4006764933197782,83.8948336414048,161.0637707948244,1.767097966728281,0.3798521256931608,0.05052262771221274
20.253164556962027,37.43767833349563,28.93992606284658,0,0.4006764933197782,83.8948336414048,161.0637707948244,1.767097966728281,0.3798521256931608,0.05081791596313368
20.443037974683545,37.43767833349563,28.93992606284658,0,0.4006764933197782,83.8948336414048,161.0637707948244,1.767097966728281,0.3798521256931608,0.05123107907754821
20.632911392405063,37.43767833349563,28.93992606284658,0,0.4006764933197782,83.8948336414048,161.0637707948244,1.767097966728281,0.3798521256931608,0.05175461287931667
20.822784810126585,37.43767833349563,28.93992606284658,0,0.4006764933197782,83.8948336414048,161.0637707948244,1.767097966728281,0.3798521256931608,0.052381333631020544
21.0126582278481,37.43767833349563,28.93992606284658,0,0.4006764933197782,83.8948336414048,161.0637707948244,1.767097966728281,0.3798521256931608,0.053104204453109455
21.20253164556962,37.43767833349563,28.93992606284658,0,0.4006764933197782,83.8948336414048,161.0637707948244,1.767097966728281,0.3798521256931608,0.05391617521427919
21.39240506329114,37.43767833349563,28.93992606284658,0,0.4006764933197782,83.8948336414048,161.0637707948244,1.767097966728281,0.3798521256931608,0.05481003445712438
21.582278481012658,37.43767833349563,28.93992606284658,0,0.4006764933197782,83.8948336414048,161.0637707948244,1.767097966728281,0.3798521256931608,0.05577827259664386
21.77215189873418,37.43767833349563,28.93992606284658,0,0.4006764933197782,83.8948336414048,161.0637707948244,1.767097966728281,0.3798521256931608,0.05681295624094334
21.962025316455698,37.43767833349563,28.93992606284658,0,0.4006764933197782,83.8948336414048,161.0637707948244,1.767097966728281,0.3798521256931608,0.05790561403868011
22.151898734177216,37.43767833349563,28.93992606284658,0,0.4006764933197782,83.8948336414048,161.0637707948244,1.767097966728281,0.3798521256931608,0.05904713495750845
22.341772151898734,37.43767833349563,28.93992606284658,0,0.4006764933197782,83.8948336414048,161.0637707948244,1.767097966728281,0.3798521256931608,0.06022768033952775
22.531645569620252,37.43767833349563,28.93992606284658,0,0.4006764933197782,83.8948336414048,161.0637707948244,1.767097966728281,0.3798521256931608,0.06143661145805767
22.721518987341774,37.43767833349563,28.93992606284658,0,0.4006764933197782,83.8948336414048,161.0637707948244,1.767097966728281,0.3798521256931608,0.06266243460727433
22.911392405063292,37.43767833349563,28.93992606284658,0,0.4006764933197782,83.8948336414048,161.0637707948244,1.767097966728281,0.3798521256931608,0.06389276598317095
23.10126582278481,37.43767833349563,28.93992606284658,0,0.4006764933197782,83.8948336414048,161.0637707948244,1.767097966728281,0.3798521256931608,0.06511431875112396
23.291139240506332,37.43767833349563,28.93992606284658,0,0.4006764933197782,83.8948336414048,161.0637707948244,1.767097966728281,0.3798521256931608,0.06631291473245103
23.481012658227847,37.43767833349563,28.93992606284658,0,0.4006764933197782,83.8948336414048,161.0637707948244,1.767097966728281,0.3798521256931608,0.06747352307108552
23.67088607594937,37.43767833349563,28.93992606284658,0,0.4006764933197782,83.8948336414048,161.0637707948244,1.767097966728281,0.3798521256931608,0.06858032805491197
23.860759493670887,37.43767833349563,28.93992606284658,0,0.4006764933197782,83.8948336414048,161.0637707948244,1.767097966728281,0.3798521256931608,0.06961682795961852
24.050632911392405,37.43767833349563,28.93992606284658,0,0.4006764933197782,83.8948336414048,161.0637707948244,1.767097966728281,0.3798521256931608,0.07056596635381979
24.240506329113927,37.43767833349563,28.93992606284658,0,0.4006764933197782,83.8948336414048,161.0637707948244,1.767097966728281,0.3798521256931608,0.07141029675283515
24.430379746835442,37.43767833349563,28.93992606284658,0,0.4006764933197782,83.8948336414048,161.0637707948244,1.767097966728281,0.3798521256931608,0.07213218083732799
24.620253164556964,37.43767833349563,28.93992606284658,0,0.4006764933197782,83.8948336414048,161.0637707948244,1.767097966728281,0.3798521256931608,0.07271554061772166
24.810126582278482,37.43767833349563,28.93992606284658,0,0.4006764933197782,83.8948336414048,161.0637707948244,1.767097966728281,0.3798521256931608,0.07316474890386598
25.0,37.43767833349563,28.93992606284658,0,0.4006764933197782,83.8948336414048,161.0637707948244,1.767097966728281,0.3798521256931608,0.07349930703678069
10.0,37.602543249171,28.93992606284658,0,0.4006764933197782,83.8948336414048,161.0637707948244,1.767097966728281,0.3798521256931608,0.04190338931457342
10.189873417721518,37.602543249171,28.93992606284658,0,0.4006764933197782,83.8948336414048,161.0637707948244,1.767097966728281,0.3798521256931608,0.04190338931457342
10.379746835443038,37.602543249171,28.93992606284658,0,0.4006764933197782,83.8948336414048,161.0637707948244,1.767097966728281,0.3798521256931608,0.04190338931457342
10.569620253164556,37.602543249171,28.93992606284658,0,0.4006764933197782,83.8948336414048,161.0637707948244,1.767097966728281,0.3798521256931608,0.04190338931457342
10.759493670886076,37.602543249171,28.93992606284658,0,0.4006764933197782,83.8948336414048,161.0637707948244,1.767097966728281,0.3798521256931608,0.04190338931457342
10.949367088607595,37.602543249171,28.93992606284658,0,0.4006764933197782,83.8948336414048,161.0637707948244,1.767097966728281,0.3798521256931608,0.04190338931457342
11.139240506329115,37.602543249171,28.93992606284658,0,0.4006764933197782,83.8948336414048,161.0637707948244,1.767097966728281,0.3798521256931608,0.0427428453865421
11.329113924050633,37.602543249171,28.93992606284658,0,0.4006764933197782,83.8948336414048,161.0637707948244,1.767097966728281,0.3798521256931608,0.043895132301367885
11.518987341772153,37.602543249171,28.93992606284658,0,0.4006764933197782,83.8948336414048,161.0637707948244,1.767097966728281,0.3798521256931608,0.045052509996068434
11.708860759493671,37.602543249171,28.93992606284658,0,0.4006764933197782,83.8948336414048,161.0637707948244,1.767097966728281,0.3798521256931608,0.04621066188124578
11.89873417721519,37.602543249171,28.93992606284658,0,0.4006764933197782,83.8948336414048,161.0637707948244,1.767097966728281,0.3798521256931608,0.04736493943805408
12.08860759493671,37.602543249171,28.93992606284658,0,0.4006764933197782,83.8948336414048,161.0637707948244,1.767097966728281,0.3798521256931608,0.04851036859857548
12.278481012658228,37.602543249171,28.93992606284658,0,0.4006764933197782,83.8948336414048,161.0637707948244,1.767097966728281,0.3798521256931608,0.04964166041302251
12.468354430379748,37.602543249171,28.93992606284658,0,0.4006764933197782,83.8948336414048,161.0637707948244,1.767097966728281,0.3798521256931608,0.05075322629427685
12.658227848101266,37.602543249171,28.93992606284658,0,0.4006764933197782,83.8948336414048,161.0637707948244,1.767097966728281,0.3798521256931608,0.05183919809190449
12.848101265822784,37.602543249171,28.93992606284658,0,0.4006764933197782,83.8948336414048,161.0637707948244,1.767097966728281,0.3798521256931608,0.052893453201431975
13.037974683544304,37.602543249171,28.93992606284658,0,0.4006764933197782,83.8948336414048,161.0637707948244,1.767097966728281,0.3798521256931608,0.05390964486050932
13.227848101265824,37.602543249171,28.93992606284658,0,0.4006764933197782,83.8948336414048,161.0637707948244,1.767097966728281,0.3798521256931608,0.05488123772200524
13.417721518987342,37.602543249171,28.93992606284658,0,0.4006764933197782,83.8948336414048,161.0637707948244,1.767097966728281,0.3798521256931608,0.055801548725539836
13.60759493670886,37.602543249171,28.93992606284658,0,0.4006764933197782,83.8948336414048,161.0637707948244,1.767097966728281,0.3798521256931608,0.05666379321404471
13.79746835443038,37.602543249171,28.93992606284658,0,0.4006764933197782,83.8948336414048,161.0637707948244,1.767097966728281,0.3798521256931608,0.05746113616134119
13.987341772151899,37.602543249171,28.93992606284658,0,0.4006764933197782,83.8948336414048,161.0637707948244,1.767097966728281,0.3798521256931608,0.0581867482911348
14.177215189873419,37.602543249171,28.93992606284658,0,0.4006764933197782,83.8948336414048,161.0637707948244,1.767097966728281,0.3798521256931608,0.058833866778031214
14.367088607594937,37.602543249171,28.93992606284658,0,0.4006764933197782,83.8948336414048,161.0637707948244,1.767097966728281,0.3798521256931608,0.05939586012792644
14.556962025316455,37.602543249171,28.93992606284658,0,0.4006764933197782,83.8948336414048,161.0637707948244,1.767097966728281,0.3798521256931608,0.05986629673922487
14.746835443037975,37.602543249171,28.93992606284658,0,0.4006764933197782,83.8948336414048,161.0637707948244,1.767097966728281,0.3798521256931608,0.0602390165485534
14.936708860759495,37.602543249171,28.93992606284658,0,0.4006764933197782,83.8948336414048,161.0637707948244,1.767097966728281,0.3798521256931608,0.06050820506582636
15.126582278481013,37.602543249171,28.93992606284658,0,0.4006764933197782,83.8948336414048,161.0637707948244,1.767097966728281,0.3798521256931608,0.060668469004543146
15.316455696202532,37.602543249171,28.93992606284658,0,0.4006764933197782,83.8948336414048,161.0637707948244,1.767097966728281,0.3798521256931608,0.060714912615112526
15.50632911392405,37.602543249171,28.93992606284658,0,0.4006764933197782,83.8948336414048,161.0637707948244,1.767097966728281,0.3798521256931608,0.0606432138295537
15.69620253164557,37.602543249171,28.93992606284658,0,0.4006764933197782,83.8948336414048,161.0637707948244,1.767097966728281,0.3798521256931608,0.0604525664699236
15.88607594936709,37.602543249171,28.93992606284658,0,0.4006764933197782,83.8948336414048,161.0637707948244,1.767097966728281,0.3798521256931608,0.06015316050825408
16.075949367088608,37.602543249171,28.93992606284658,0,0.4006764933197782,83.8948336414048,161.0637707948244,1.767097966728281,0.3798521256931608,0.059757921281819885
16.265822784810126,37.602543249171,28.93992606284658,0,0.4006764933197782,83.8948336414048,161.0637707948244,1.767097966728281,0.3798521256931608,0.05927995944350799
16.455696202531648,37.602543249171,28.93992606284658,0,0.4006764933197782,83.8948336414048,161.0637707948244,1.767097966728281,0.3798521256931608,0.05873240074571558
16.645569620253166,37.602543249171,28.93992606284658,0,0.4006764933197782,83.8948336414048,161.0637707948244,1.767097966728281,0.3798521256931608,0.05812823953796531
16.835443037974684,37.602543249171,28.93992606284658,0,0.4006764933197782,83.8948336414048,161.0637707948244,1.767097966728281,0.3798521256931608,0.05748021666880332
17.025316455696203,37.602543249171,28.93992606284658,0,0.4006764933197782,83.8948336414048,161.0637707948244,1.767097966728281,0.3798521256931608,0.05680072189309898
17.21518987341772,37.602543249171,28.93992606284658,0,0.4006764933197782,83.8948336414048,161.0637707948244,1.767097966728281,0.3798521256931608,0.056101720394282954
17.405063291139243,37.602543249171,28.93992606284658,0,0.4006764933197782,83.8948336414048,161.0637707948244,1.767097966728281,0.3798521256931608,0.05539470263931077
17.59493670886076,37.602543249171,28.93992606284658,0,0.4006764933197782,83.8948336414048,161.0637707948244,1.767097966728281,0.3798521256931608,0.05469065649218139
17.78481012658228,37.602543249171,28.93992606284658,0,0.4006764933197782,83.8948336414048,161.0637707948244,1.767097966728281,0.3798521256931608,0.05400006031783602
17.974683544303797,37.602543249171,28.93992606284658,0,0.4006764933197782,83.8948336414048,161.0637707948244,1.767097966728281,0.3798521256931608,0.053332895708882
18.164556962025316,37.602543249171,28.93992606284658,0,0.4006764933197782,83.8948336414048,161.0637707948244,1.767097966728281,0.3798521256931608,0.05269867845831355
18.354430379746837,37.602543249171,28.93992606284658,0,0.4006764933197782,83.8948336414048,161.0637707948244,1.767097966728281,0.3798521256931608,0.052106506476987856
18.544303797468356,37.602543249171,28.93992606284658,0,0.4006764933197782,83.8948336414048,161.0637707948244,1.767097966728281,0.3798521256931608,0.05156512350952276
18.734177215189874,37.602543249171,28.93992606284658,0,0.4006764933197782,83.8948336414048,161.0637707948244,1.767097966728281,0.3798521256931608,0.051082997731271736
18.924050632911396,37.602543249171,28.93992606284658,0,0.4006764933197782,83.8948336414048,161.0637707948244,1.767097966728281,0.3798521256931608,0.05066841460764949
19.11392405063291,37.602543249171,28.93992606284658,0,0.4006764933197782,83.8948336414048,161.0637707948244,1.767097966728281,0.3798521256931608,0.05032958376232116
19.303797468354432,37.602543249171,28.93992606284658,0,0.4006764933197782,83.8948336414048,161.0637707948244,1.767097966728281,0.3798521256931608,0.050074760031536124
19.49367088607595,37.602543249171,28.93992606284658,0,0.4006764933197782,83.8948336414048,161.0637707948244,1.767097966728281,0.3798521256931608,0.04991237937963131
19.68354430379747,37.602543249171,28.93992606284658,0,0.4006764933197782,83.8948336414048,161.0637707948244,1.767097966728281,0.3798521256931608,0.0498512109198704
19.87341772151899,37.602543249171,28.93992606284658,0,0.4006764933197782,83.8948336414048,161.0637707948244,1.767097966728281,0.3798521256931608,0.04990052693326901
20.063291139240505,37.602543249171,28.93992606284658,0,0.4006764933197782,83.8948336414048,161.0637707948244,1.767097966728281,0.3798521256931608,0.05007017295524414
20.253164556962027,37.602543249171,28.93992606284658,0,0.4006764933197782,83.8948336414048,161.0637707948244,1.767097966728281,0.3798521256931608,0.05036362596716867
20.443037974683545,37.602543249171,28.93992606284658,0,0.4006764933197782,83.8948336414048,161.0637707948244,1.767097966728281,0.3798521256931608,0.05077390959458465
20.632911392405063,37.602543249171,28.93992606284658,0,0.4006764933197782,83.8948336414048,161.0637707948244,1.767097966728281,0.3798521256931608,0.05129359091598002
20.822784810126585,37.602543249171,28.93992606284658,0,0.4006764933197782,83.8948336414048,161.0637707948244,1.767097966728281,0.3798521256931608,0.05191555425211777
21.0126582278481,37.602543249171,28.93992606284658,0,0.4006764933197782,83.8948336414048,161.0637707948244,1.767097966728281,0.3798521256931608,0.05263282905275314
21.20253164556962,37.602543249171,28.93992606284658,0,0.4006764933197782,83.8948336414048,161.0637707948244,1.767097966728281,0.3798521256931608,0.05343843112643366
21.39240506329114,37.602543249171,28.93992606284658,0,0.4006764933197782,83.8948336414048,161.0637707948244,1.767097966728281,0.3798521256931608,0.054325215787748855
21.582278481012658,37.602543249171,28.93992606284658,0,0.4006764933197782,83.8948336414048,161.0637707948244,1.767097966728281,0.3798521256931608,0.05528574216518706
21.77215189873418,37.602543249171,28.93992606284658,0,0.4006764933197782,83.8948336414048,161.0637707948244,1.767097966728281,0.3798521256931608,0.05631214852032149
21.962025316455698,37.602543249171,28.93992606284658,0,0.4006764933197782,83.8948336414048,161.0637707948244,1.767097966728281,0.3798521256931608,0.05739603898059583
22.151898734177216,37.602543249171,28.93992606284658,0,0.4006764933197782,83.8948336414048,161.0637707948244,1.767097966728281,0.3798521256931608,0.05852838258463559
22.341772151898734,37.602543249171,28.93992606284658,0,0.4006764933197782,83.8948336414048,161.0637707948244,1.767097966728281,0.3798521256931608,0.05969942597831334
22.531645569620252,37.602543249171,28.93992606284658,0,0.4006764933197782,83.8948336414048,161.0637707948244,1.767097966728281,0.3798521256931608,0.06089862147633281
22.721518987341774,37.602543249171,28.93992606284658,0,0.4006764933197782,83.8948336414048,161.0637707948244,1.767097966728281,0.3798521256931608,0.06211457251019555
22.911392405063292,37.602543249171,28.93992606284658,0,0.4006764933197782,83.8948336414048,161.0637707948244,1.767097966728281,0.3798521256931608,0.063334998709913
23.10126582278481,37.602543249171,28.93992606284658,0,0.4006764933197782,83.8948336414048,161.0637707948244,1.767097966728281,0.3798521256931608,0.06454672300387772
23.291139240506332,37.602543249171,28.93992606284658,0,0.4006764933197782,83.8948336414048,161.0637707948244,1.767097966728281,0.3798521256931608,0.06573568315925914
23.481012658227847,37.602543249171,28.93992606284658,0,0.4006764933197782,83.8948336414048,161.0637707948244,1.767097966728281,0.3798521256931608,0.06688697011539683
23.67088607594937,37.602543249171,28.93992606284658,0,0.4006764933197782,83.8948336414048,161.0637707948244,1.767097966728281,0.3798521256931608,0.06798489527788606
23.860759493670887,37.602543249171,28.93992606284658,0,0.4006764933197782,83.8948336414048,161.0637707948244,1.767097966728281,0.3798521256931608,0.06901308863642479
24.050632911392405,37.602543249171,28.93992606284658,0,0.4006764933197782,83.8948336414048,161.0637707948244,1.767097966728281,0.3798521256931608,0.06995462914260897
24.240506329113927,37.602543249171,28.93992606284658,0,0.4006764933197782,83.8948336414048,161.0637707948244,1.767097966728281,0.3798521256931608,0.07079220823469216
24.430379746835442,37.602543249171,28.93992606284658,0,0.4006764933197782,83.8948336414048,161.0637707948244,1.767097966728281,0.3798521256931608,0.07150832672724233
24.620253164556964,37.602543249171,28.93992606284658,0,0.4006764933197782,83.8948336414048,161.0637707948244,1.767097966728281,0.3798521256931608,0.07208703317459067
24.810126582278482,37.602543249171,28.93992606284658,0,0.4006764933197782,83.8948336414048,161.0637707948244,1.767097966728281,0.3798521256931608,0.07253266249131474
25.0,37.602543249171,28.93992606284658,0,0.4006764933197782,83.8948336414048,161.0637707948244,1.767097966728281,0.3798521256931608,0.07286455752969268
10.0,37.76740816484636,28.93992606284658,0,0.4006764933197782,83.8948336414048,161.0637707948244,1.767097966728281,0.3798521256931608,0.041499354590568575
10.189873417721518,37.76740816484636,28.93992606284658,0,0.4006764933197782,83.8948336414048,161.0637707948244,1.767097966728281,0.3798521256931608,0.041499354590568575
10.379746835443038,37.76740816484636,28.93992606284658,0,0.4006764933197782,83.8948336414048,161.0637707948244,1.767097966728281,0.3798521256931608,0.041499354590568575
10.569620253164556,37.76740816484636,28.93992606284658,0,0.4006764933197782,83.8948336414048,161.0637707948244,1.767097966728281,0.3798521256931608,0.041499354590568575
10.759493670886076,37.76740816484636,28.93992606284658,0,0.4006764933197782,83.8948336414048,161.0637707948244,1.767097966728281,0.3798521256931608,0.041499354590568575
10.949367088607595,37.76740816484636,28.93992606284658,0,0.4006764933197782,83.8948336414048,161.0637707948244,1.767097966728281,0.3798521256931608,0.041499354590568575
11.139240506329115,37.76740816484636,28.93992606284658,0,0.4006764933197782,83.8948336414048,161.0637707948244,1.767097966728281,0.3798521256931608,0.0423375026442071
11.329113924050633,37.76740816484636,28.93992606284658,0,0.4006764933197782,83.8948336414048,161.0637707948244,1.767097966728281,0.3798521256931608,0.043487551331939614
11.518987341772153,37.76740816484636,28.93992606284658,0,0.4006764933197782,83.8948336414048,161.0637707948244,1.767097966728281,0.3798521256931608,0.044642180787538
11.708860759493671,37.76740816484636,28.93992606284658,0,0.4006764933197782,83.8948336414048,161.0637707948244,1.767097966728281,0.3798521256931608,0.045797094270391824
11.89873417721519,37.76740816484636,28.93992606284658,0,0.4006764933197782,83.8948336414048,161.0637707948244,1.767097966728281,0.3798521256931608,0.04694766782898772
12.08860759493671,37.76740816484636,28.93992606284658,0,0.4006764933197782,83.8948336414048,161.0637707948244,1.767097966728281,0.3798521256931608,0.04808895716314489
12.278481012658228,37.76740816484636,28.93992606284658,0,0.4006764933197782,83.8948336414048,161.0637707948244,1.767097966728281,0.3798521256931608,0.04921570872690314
12.468354430379748,37.76740816484636,28.93992606284658,0,0.4006764933197782,83.8948336414048,161.0637707948244,1.767097966728281,0.3798521256931608,0.05032237535060746
12.658227848101266,37.76740816484636,28.93992606284658,0,0.4006764933197782,83.8948336414048,161.0637707948244,1.767097966728281,0.3798521256931608,0.05140313662201228
12.848101265822784,37.76740816484636,28.93992606284658,0,0.4006764933197782,83.8948336414048,161.0637707948244,1.767097966728281,0.3798521256931608,0.052451924219766424
13.037974683544304,37.76740816484636,28.93992606284658,0,0.4006764933197782,83.8948336414048,161.0637707948244,1.767097966728281,0.3798521256931608,0.05346245233865969
13.227848101265824,37.76740816484636,28.93992606284658,0,0.4006764933197782,83.8948336414048,161.0637707948244,1.767097966728281,0.3798521256931608,0.05442825328488813
13.417721518987342,37.76740816484636,28.93992606284658,0,0.4006764933197782,83.8948336414048,161.0637707948244,1.767097966728281,0.3798521256931608,0.055342718251811446
13.60759493670886,37.76740816484636,28.93992606284658,0,0.4006764933197782,83.8948336414048,161.0637707948244,1.767097966728281,0.3798521256931608,0.05619914321282242
13.79746835443038,37.76740816484636,28.93992606284658,0,0.4006764933197782,83.8948336414048,161.0637707948244,1.767097966728281,0.3798521256931608,0.05699077978870704
13.987341772151899,37.76740816484636,28.93992606284658,0,0.4006764933197782,83.8948336414048,161.0637707948244,1.767097966728281,0.3798521256931608,0.05771089086293902
14.177215189873419,37.76740816484636,28.93992606284658,0,0.4006764933197782,83.8948336414048,161.0637707948244,1.767097966728281,0.3798521256931608,0.05835281063050305
14.367088607594937,37.76740816484636,28.93992606284658,0,0.4006764933197782,83.8948336414048,161.0637707948244,1.767097966728281,0.3798521256931608,0.058910008674813934
14.556962025316455,37.76740816484636,28.93992606284658,0,0.4006764933197782,83.8948336414048,161.0637707948244,1.767097966728281,0.3798521256931608,0.05937615757388951
14.746835443037975,37.76740816484636,28.93992606284658,0,0.4006764933197782,83.8948336414048,161.0637707948244,1.767097966728281,0.3798521256931608,0.05974520344190335
14.936708860759495,37.76740816484636,28.93992606284658,0,0.4006764933197782,83.8948336414048,161.0637707948244,1.767097966728281,0.3798521256931608,0.06001143871642838
15.126582278481013,37.76740816484636,28.93992606284658,0,0.4006764933197782,83.8948336414048,161.0637707948244,1.767097966728281,0.3798521256931608,0.060169576405952004
15.316455696202532,37.76740816484636,28.93992606284658,0,0.4006764933197782,83.8948336414048,161.0637707948244,1.767097966728281,0.3798521256931608,0.06021482491762523
15.50632911392405,37.76740816484636,28.93992606284658,0,0.4006764933197782,83.8948336414048,161.0637707948244,1.767097966728281,0.3798521256931608,0.06014296258825941
15.69620253164557,37.76740816484636,28.93992606284658,0,0.4006764933197782,83.8948336414048,161.0637707948244,1.767097966728281,0.3798521256931608,0.059953242620191076
15.88607594936709,37.76740816484636,28.93992606284658,0,0.4006764933197782,83.8948336414048,161.0637707948244,1.767097966728281,0.3798521256931608,0.05965577944984156
16.075949367088608,37.76740816484636,28.93992606284658,0,0.4006764933197782,83.8948336414048,161.0637707948244,1.767097966728281,0.3798521256931608,0.0592633892472375
16.265822784810126,37.76740816484636,28.93992606284658,0,0.4006764933197782,83.8948336414048,161.0637707948244,1.767097966728281,0.3798521256931608,0.05878907078857059
16.455696202531648,37.76740816484636,28.93992606284658,0,0.4006764933197782,83.8948336414048,161.0637707948244,1.767097966728281,0.3798521256931608,0.058245836800930595
16.645569620253166,37.76740816484636,28.93992606284658,0,0.4006764933197782,83.8948336414048,161.0637707948244,1.767097966728281,0.3798521256931608,0.05764656883510256
16.835443037974684,37.76740816484636,28.93992606284658,0,0.4006764933197782,83.8948336414048,161.0637707948244,1.767097966728281,0.3798521256931608,0.057003896348144296
17.025316455696203,37.76740816484636,28.93992606284658,0,0.4006764933197782,83.8948336414048,161.0637707948244,1.767097966728281,0.3798521256931608,0.05633010009223305
17.21518987341772,37.76740816484636,28.93992606284658,0,0.4006764933197782,83.8948336414048,161.0637707948244,1.767097966728281,0.3798521256931608,0.055637039418442946
17.405063291139243,37.76740816484636,28.93992606284658,0,0.4006764933197782,83.8948336414048,161.0637707948244,1.767097966728281,0.3798521256931608,0.054936102715635295
17.59493670886076,37.76740816484636,28.93992606284658,0,0.4006764933197782,83.8948336414048,161.0637707948244,1.767097966728281,0.3798521256931608,0.05423817991543677
17.78481012658228,37.76740816484636,28.93992606284658,0,0.4006764933197782,83.8948336414048,161.0637707948244,1.767097966728281,0.3798521256931608,0.053553655802462616
17.974683544303797,37.76740816484636,28.93992606284658,0,0.4006764933197782,83.8948336414048,161.0637707948244,1.767097966728281,0.3798521256931608,0.052892422771141284
18.164556962025316,37.76740816484636,28.93992606284658,0,0.4006764933197782,83.8948336414048,161.0637707948244,1.767097966728281,0.3798521256931608,0.05226391166217256
18.354430379746837,37.76740816484636,28.93992606284658,0,0.4006764933197782,83.8948336414048,161.0637707948244,1.767097966728281,0.3798521256931608,0.051677139387525765
18.544303797468356,37.76740816484636,28.93992606284658,0,0.4006764933197782,83.8948336414048,161.0637707948244,1.767097966728281,0.3798521256931608,0.051140772207427
18.734177215189874,37.76740816484636,28.93992606284658,0,0.4006764933197782,83.8948336414048,161.0637707948244,1.767097966728281,0.3798521256931608,0.05066320375074808
18.924050632911396,37.76740816484636,28.93992606284658,0,0.4006764933197782,83.8948336414048,161.0637707948244,1.767097966728281,0.3798521256931608,0.05025264716718201
19.11392405063291,37.76740816484636,28.93992606284658,0,0.4006764933197782,83.8948336414048,161.0637707948244,1.767097966728281,0.3798521256931608,0.049917241162563554
19.303797468354432,37.76740816484636,28.93992606284658,0,0.4006764933197782,83.8948336414048,161.0637707948244,1.767097966728281,0.3798521256931608,0.04966517009663234
19.49367088607595,37.76740816484636,28.93992606284658,0,0.4006764933197782,83.8948336414048,161.0637707948244,1.767097966728281,0.3798521256931608,0.04950479881689179
19.68354430379747,37.76740816484636,28.93992606284658,0,0.4006764933197782,83.8948336414048,161.0637707948244,1.767097966728281,0.3798521256931608,0.049444823467447406
19.87341772151899,37.76740816484636,28.93992606284658,0,0.4006764933197782,83.8948336414048,161.0637707948244,1.767097966728281,0.3798521256931608,0.0494944401557724
20.063291139240505,37.76740816484636,28.93992606284658,0,0.4006764933197782,83.8948336414048,161.0637707948244,1.767097966728281,0.3798521256931608,0.049663414527847866
20.253164556962027,37.76740816484636,28.93992606284658,0,0.4006764933197782,83.8948336414048,161.0637707948244,1.767097966728281,0.3798521256931608,0.04995519723002828
20.443037974683545,37.76740816484636,28.93992606284658,0,0.4006764933197782,83.8948336414048,161.0637707948244,1.767097966728281,0.3798521256931608,0.05036287218332702
20.632911392405063,37.76740816484636,28.93992606284658,0,0.4006764933197782,83.8948336414048,161.0637707948244,1.767097966728281,0.3798521256931608,0.05087907040624398
20.822784810126585,37.76740816484636,28.93992606284658,0,0.4006764933197782,83.8948336414048,161.0637707948244,1.767097966728281,0.3798521256931608,0.05149673730157332
21.0126582278481,37.76740816484636,28.93992606284658,0,0.4006764933197782,83.8948336414048,161.0637707948244,1.767097966728281,0.3798521256931608,0.05220896186229602
21.20253164556962,37.76740816484636,28.93992606284658,0,0.4006764933197782,83.8948336414048,161.0637707948244,1.767097966728281,0.3798521256931608,0.05300881910562387
21.39240506329114,37.76740816484636,28.93992606284658,0,0.4006764933197782,83.8948336414048,161.0637707948244,1.767097966728281,0.3798521256931608,0.05388922431883675
21.582278481012658,37.76740816484636,28.93992606284658,0,0.4006764933197782,83.8948336414048,161.0637707948244,1.767097966728281,0.3798521256931608,0.054842798365074955
21.77215189873418,37.76740816484636,28.93992606284658,0,0.4006764933197782,83.8948336414048,161.0637707948244,1.767097966728281,0.3798521256931608,0.055861743901016045
21.962025316455698,37.76740816484636,28.93992606284658,0,0.4006764933197782,83.8948336414048,161.0637707948244,1.767097966728281,0.3798521256931608,0.056937732906623566
22.151898734177216,37.76740816484636,28.93992606284658,0,0.4006764933197782,83.8948336414048,161.0637707948244,1.767097966728281,0.3798521256931608,0.058061806421039766
22.341772151898734,37.76740816484636,28.93992606284658,0,0.4006764933197782,83.8948336414048,161.0637707948244,1.767097966728281,0.3798521256931608,0.05922428781579458
22.531645569620252,37.76740816484636,28.93992606284658,0,0.4006764933197782,83.8948336414048,161.0637707948244,1.767097966728281,0.3798521256931608,0.06041471131140756
22.721518987341774,37.76740816484636,28.93992606284658,0,0.4006764933197782,83.8948336414048,161.0637707948244,1.767097966728281,0.3798521256931608,0.061621767748552735
22.911392405063292,37.76740816484636,28.93992606284658,0,0.4006764933197782,83.8948336414048,161.0637707948244,1.767097966728281,0.3798521256931608,0.06283326985104402
23.10126582278481,37.76740816484636,28.93992606284658,0,0.4006764933197782,83.8948336414048,161.0637707948244,1.767097966728281,0.3798521256931608,0.06403613935515241
23.291139240506332,37.76740816484636,28.93992606284658,0,0.4006764933197782,83.8948336414048,161.0637707948244,1.767097966728281,0.3798521256931608,0.06521641841846117
23.481012658227847,37.76740816484636,28.93992606284658,0,0.4006764933197782,83.8948336414048,161.0637707948244,1.767097966728281,0.3798521256931608,0.06635930765280862
23.67088607594937,37.76740816484636,28.93992606284658,0,0.4006764933197782,83.8948336414048,161.0637707948244,1.767097966728281,0.3798521256931608,0.06744923294270133
23.860759493670887,37.76740816484636,28.93992606284658,0,0.4006764933197782,83.8948336414048,161.0637707948244,1.767097966728281,0.3798521256931608,0.06846994290783263
24.050632911392405,37.76740816484636,28.93992606284658,0,0.4006764933197782,83.8948336414048,161.0637707948244,1.767097966728281,0.3798521256931608,0.0694046384434697
24.240506329113927,37.76740816484636,28.93992606284658,0,0.4006764933197782,83.8948336414048,161.0637707948244,1.767097966728281,0.3798521256931608,0.0702361352253155
24.430379746835442,37.76740816484636,28.93992606284658,0,0.4006764933197782,83.8948336414048,161.0637707948244,1.767097966728281,0.3798521256931608,0.07094705939830329
24.620253164556964,37.76740816484636,28.93992606284658,0,0.4006764933197782,83.8948336414048,161.0637707948244,1.767097966728281,0.3798521256931608,0.07152157350615362
24.810126582278482,37.76740816484636,28.93992606284658,0,0.4006764933197782,83.8948336414048,161.0637707948244,1.767097966728281,0.3798521256931608,0.07196397834890536
25.0,37.76740816484636,28.93992606284658,0,0.4006764933197782,83.8948336414048,161.0637707948244,1.767097966728281,0.3798521256931608,0.07229347403480062
10.0,37.932273080521725,28.93992606284658,0,0.4006764933197782,83.8948336414048,161.0637707948244,1.767097966728281,0.3798521256931608,0.04114428342914567
10.189873417721518,37.932273080521725,28.93992606284658,0,0.4006764933197782,83.8948336414048,161.0637707948244,1.767097966728281,0.3798521256931608,0.04114428342914567
10.379746835443038,37.932273080521725,28.93992606284658,0,0.4006764933197782,83.8948336414048,161.0637707948244,1.767097966728281,0.3798521256931608,0.04114428342914567
10.569620253164556,37.932273080521725,28.93992606284658,0,0.4006764933197782,83.8948336414048,161.0637707948244,1.767097966728281,0.3798521256931608,0.04114428342914567
10.759493670886076,37.932273080521725,28.93992606284658,0,0.4006764933197782,83.8948336414048,161.0637707948244,1.767097966728281,0.3798521256931608,0.04114428342914567
10.949367088607595,37.932273080521725,28.93992606284658,0,0.4006764933197782,83.8948336414048,161.0637707948244,1.767097966728281,0.3798521256931608,0.04114428342914567
11.139240506329115,37.932273080521725,28.93992606284658,0,0.4006764933197782,83.8948336414048,161.0637707948244,1.767097966728281,0.3798521256931608,0.0419811817177817
11.329113924050633,37.932273080521725,28.93992606284658,0,0.4006764933197782,83.8948336414048,161.0637707948244,1.767097966728281,0.3798521256931608,0.0431291350341019
11.518987341772153,37.932273080521725,28.93992606284658,0,0.4006764933197782,83.8948336414048,161.0637707948244,1.767097966728281,0.3798521256931608,0.04428123021752441
11.708860759493671,37.932273080521725,28.93992606284658,0,0.4006764933197782,83.8948336414048,161.0637707948244,1.767097966728281,0.3798521256931608,0.04543318767361372
11.89873417721519,37.932273080521725,28.93992606284658,0,0.4006764933197782,83.8948336414048,161.0637707948244,1.767097966728281,0.3798521256931608,0.046580404781804995
12.08860759493671,37.932273080521725,28.93992606284658,0,0.4006764933197782,83.8948336414048,161.0637707948244,1.767097966728281,0.3798521256931608,0.04771796317325851
12.278481012658228,37.932273080521725,28.93992606284658,0,0.4006764933197782,83.8948336414048,161.0637707948244,1.767097966728281,0.3798521256931608,0.0488406402085736
12.468354430379748,37.932273080521725,28.93992606284658,0,0.4006764933197782,83.8948336414048,161.0637707948244,1.767097966728281,0.3798521256931608,0.049942924923436
12.658227848101266,37.932273080521725,28.93992606284658,0,0.4006764933197782,83.8948336414048,161.0637707948244,1.767097966728281,0.3798521256931608,0.0510190386712673
12.848101265822784,37.932273080521725,28.93992606284658,0,0.4006764933197782,83.8948336414048,161.0637707948244,1.767097966728281,0.3798521256931608,0.05206296064542813
13.037974683544304,37.932273080521725,28.93992606284658,0,0.4006764933197782,83.8948336414048,161.0637707948244,1.767097966728281,0.3798521256931608,0.053068458409713894
13.227848101265824,37.932273080521725,28.93992606284658,0,0.4006764933197782,83.8948336414048,161.0637707948244,1.767097966728281,0.3798521256931608,0.05402912350518961
13.417721518987342,37.932273080521725,28.93992606284658,0,0.4006764933197782,83.8948336414048,161.0637707948244,1.767097966728281,0.3798521256931608,0.054938412134308515
13.60759493670886,37.932273080521725,28.93992606284658,0,0.4006764933197782,83.8948336414048,161.0637707948244,1.767097966728281,0.3798521256931608,0.055789690850350626
13.79746835443038,37.932273080521725,28.93992606284658,0,0.4006764933197782,83.8948336414048,161.0637707948244,1.767097966728281,0.3798521256931608,0.05657628710218283
13.987341772151899,37.932273080521725,28.93992606284658,0,0.4006764933197782,83.8948336414048,161.0637707948244,1.767097966728281,0.3798521256931608,0.0572915444018684
14.177215189873419,37.932273080521725,28.93992606284658,0,0.4006764933197782,83.8948336414048,161.0637707948244,1.767097966728281,0.3798521256931608,0.05792888179651278
14.367088607594937,37.932273080521725,28.93992606284658,0,0.4006764933197782,83.8948336414048,161.0637707948244,1.767097966728281,0.3798521256931608,0.058481857236658344
14.556962025316455,37.932273080521725,28.93992606284658,0,0.4006764933197782,83.8948336414048,161.0637707948244,1.767097966728281,0.3798521256931608,0.05894423434230953
14.746835443037975,37.932273080521725,28.93992606284658,0,0.4006764933197782,83.8948336414048,161.0637707948244,1.767097966728281,0.3798521256931608,0.05931005197504165
14.936708860759495,37.932273080521725,28.93992606284658,0,0.4006764933197782,83.8948336414048,161.0637707948244,1.767097966728281,0.3798521256931608,0.059573695931446964
15.126582278481013,37.932273080521725,28.93992606284658,0,0.4006764933197782,83.8948336414048,161.0637707948244,1.767097966728281,0.3798521256931608,0.05972997198026489
15.316455696202532,37.932273080521725,28.93992606284658,0,0.4006764933197782,83.8948336414048,161.0637707948244,1.767097966728281,0.3798521256931608,0.05977417937393847
15.50632911392405,37.932273080521725,28.93992606284658,0,0.4006764933197782,83.8948336414048,161.0637707948244,1.767097966728281,0.3798521256931608,0.05970218397053931
15.69620253164557,37.932273080521725,28.93992606284658,0,0.4006764933197782,83.8948336414048,161.0637707948244,1.767097966728281,0.3798521256931608,0.05951329051960222
15.88607594936709,37.932273080521725,28.93992606284658,0,0.4006764933197782,83.8948336414048,161.0637707948244,1.767097966728281,0.3798521256931608,0.059217546778983235
16.075949367088608,37.932273080521725,28.93992606284658,0,0.4006764933197782,83.8948336414048,161.0637707948244,1.767097966728281,0.3798521256931608,0.05882767276991773
16.265822784810126,37.932273080521725,28.93992606284658,0,0.4006764933197782,83.8948336414048,161.0637707948244,1.767097966728281,0.3798521256931608,0.05835656874977892
16.455696202531648,37.932273080521725,28.93992606284658,0,0.4006764933197782,83.8948336414048,161.0637707948244,1.767097966728281,0.3798521256931608,0.05781714792987299
16.645569620253166,37.932273080521725,28.93992606284658,0,0.4006764933197782,83.8948336414048,161.0637707948244,1.767097966728281,0.3798521256931608,0.057222192557574235
16.835443037974684,37.932273080521725,28.93992606284658,0,0.4006764933197782,83.8948336414048,161.0637707948244,1.767097966728281,0.3798521256931608,0.05658423403675127
17.025316455696203,37.932273080521725,28.93992606284658,0,0.4006764933197782,83.8948336414048,161.0637707948244,1.767097966728281,0.3798521256931608,0.05591545717893698
17.21518987341772,37.932273080521725,28.93992606284658,0,0.4006764933197782,83.8948336414048,161.0637707948244,1.767097966728281,0.3798521256931608,0.05522762819318958
17.405063291139243,37.932273080521725,28.93992606284658,0,0.4006764933197782,83.8948336414048,161.0637707948244,1.767097966728281,0.3798521256931608,0.054532045636995305
17.59493670886076,37.932273080521725,28.93992606284658,0,0.4006764933197782,83.8948336414048,161.0637707948244,1.767097966728281,0.3798521256931608,0.0538395132637785
17.78481012658228,37.932273080521725,28.93992606284658,0,0.4006764933197782,83.8948336414048,161.0637707948244,1.767097966728281,0.3798521256931608,0.05316033351268893
17.974683544303797,37.932273080521725,28.93992606284658,0,0.4006764933197782,83.8948336414048,161.0637707948244,1.767097966728281,0.3798521256931608,0.05250432028991691
18.164556962025316,37.932273080521725,28.93992606284658,0,0.4006764933197782,83.8948336414048,161.0637707948244,1.767097966728281,0.3798521256931608,0.05188082968328626
18.354430379746837,37.932273080521725,28.93992606284658,0,0.4006764933197782,83.8948336414048,161.0637707948244,1.767097966728281,0.3798521256931608,0.05129880732799114
18.544303797468356,37.932273080521725,28.93992606284658,0,0.4006764933197782,83.8948336414048,161.0637707948244,1.767097966728281,0.3798521256931608,0.05076685129554676
18.734177215189874,37.932273080521725,28.93992606284658,0,0.4006764933197782,83.8948336414048,161.0637707948244,1.767097966728281,0.3798521256931608,0.05029328960507584
18.924050632911396,37.932273080521725,28.93992606284658,0,0.4006764933197782,83.8948336414048,161.0637707948244,1.767097966728281,0.3798521256931608,0.04988627175155345
19.11392405063291,37.932273080521725,28.93992606284658,0,0.4006764933197782,83.8948336414048,161.0637707948244,1.767097966728281,0.3798521256931608,0.04955387400661067
19.303797468354432,37.932273080521725,28.93992606284658,0,0.4006764933197782,83.8948336414048,161.0637707948244,1.767097966728281,0.3798521256931608,0.049304218672918426
19.49367088607595,37.932273080521725,28.93992606284658,0,0.4006764933197782,83.8948336414048,161.0637707948244,1.767097966728281,0.3798521256931608,0.04914560796454572
19.68354430379747,37.932273080521725,28.93992606284658,0,0.4006764933197782,83.8948336414048,161.0637707948244,1.767097966728281,0.3798521256931608,0.04908667374745281
19.87341772151899,37.932273080521725,28.93992606284658,0,0.4006764933197782,83.8948336414048,161.0637707948244,1.767097966728281,0.3798521256931608,0.04913654501443944
20.063291139240505,37.932273080521725,28.93992606284658,0,0.4006764933197782,83.8948336414048,161.0637707948244,1.767097966728281,0.3798521256931608,0.04930491700886701
20.253164556962027,37.932273080521725,28.93992606284658,0,0.4006764933197782,83.8948336414048,161.0637707948244,1.767097966728281,0.3798521256931608,0.049595217145250656
20.443037974683545,37.932273080521725,28.93992606284658,0,0.4006764933197782,83.8948336414048,161.0637707948244,1.767097966728281,0.3798521256931608,0.050000582434346144
20.632911392405063,37.932273080521725,28.93992606284658,0,0.4006764933197782,83.8948336414048,161.0637707948244,1.767097966728281,0.3798521256931608,0.050513700197641995
20.822784810126585,37.932273080521725,28.93992606284658,0,0.4006764933197782,83.8948336414048,161.0637707948244,1.767097966728281,0.3798521256931608,0.05112756962669208
21.0126582278481,37.932273080521725,28.93992606284658,0,0.4006764933197782,83.8948336414048,161.0637707948244,1.767097966728281,0.3798521256931608,0.05183533215262848
21.20253164556962,37.932273080521725,28.93992606284658,0,0.4006764933197782,83.8948336414048,161.0637707948244,1.767097966728281,0.3798521256931608,0.05263011494259855
21.39240506329114,37.932273080521725,28.93992606284658,0,0.4006764933197782,83.8948336414048,161.0637707948244,1.767097966728281,0.3798521256931608,0.05350488611497396
21.582278481012658,37.932273080521725,28.93992606284658,0,0.4006764933197782,83.8948336414048,161.0637707948244,1.767097966728281,0.3798521256931608,0.054452320925919104
21.77215189873418,37.932273080521725,28.93992606284658,0,0.4006764933197782,83.8948336414048,161.0637707948244,1.767097966728281,0.3798521256931608,0.05546467878030856
21.962025316455698,37.932273080521725,28.93992606284658,0,0.4006764933197782,83.8948336414048,161.0637707948244,1.767097966728281,0.3798521256931608,0.05653369146532814
22.151898734177216,37.932273080521725,28.93992606284658,0,0.4006764933197782,83.8948336414048,161.0637707948244,1.767097966728281,0.3798521256931608,0.05765046349652411
22.341772151898734,37.932273080521725,28.93992606284658,0,0.4006764933197782,83.8948336414048,161.0637707948244,1.767097966728281,0.3798521256931608,0.05880538590119983
22.531645569620252,37.932273080521725,28.93992606284658,0,0.4006764933197782,83.8948336414048,161.0637707948244,1.767097966728281,0.3798521256931608,0.0599880651375199
22.721518987341774,37.932273080521725,28.93992606284658,0,0.4006764933197782,83.8948336414048,161.0637707948244,1.767097966728281,0.3798521256931608,0.06118726915185964
22.911392405063292,37.932273080521725,28.93992606284658,0,0.4006764933197782,83.8948336414048,161.0637707948244,1.767097966728281,0.3798521256931608,0.06239089280265753
23.10126582278481,37.932273080521725,28.93992606284658,0,0.4006764933197782,83.8948336414048,161.0637707948244,1.767097966728281,0.3798521256931608,0.06358594501644044
23.291139240506332,37.932273080521725,28.93992606284658,0,0.4006764933197782,83.8948336414048,161.0637707948244,1.767097966728281,0.3798521256931608,0.06475856008103376
23.481012658227847,37.932273080521725,28.93992606284658,0,0.4006764933197782,83.8948336414048,161.0637707948244,1.767097966728281,0.3798521256931608,0.06589403541339556
23.67088607594937,37.932273080521725,28.93992606284658,0,0.4006764933197782,83.8948336414048,161.0637707948244,1.767097966728281,0.3798521256931608,0.06697689795776571
23.860759493670887,37.932273080521725,28.93992606284658,0,0.4006764933197782,83.8948336414048,161.0637707948244,1.767097966728281,0.3798521256931608,0.06799100106874238
24.050632911392405,37.932273080521725,28.93992606284658,0,0.4006764933197782,83.8948336414048,161.0637707948244,1.767097966728281,0.3798521256931608,0.0689196533108076
24.240506329113927,37.932273080521725,28.93992606284658,0,0.4006764933197782,83.8948336414048,161.0637707948244,1.767097966728281,0.3798521256931608,0.06974578006048092
24.430379746835442,37.932273080521725,28.93992606284658,0,0.4006764933197782,83.8948336414048,161.0637707948244,1.767097966728281,0.3798521256931608,0.07045211813186578
24.620253164556964,37.932273080521725,28.93992606284658,0,0.4006764933197782,83.8948336414048,161.0637707948244,1.767097966728281,0.3798521256931608,0.07102293072630152
24.810126582278482,37.932273080521725,28.93992606284658,0,0.4006764933197782,83.8948336414048,161.0637707948244,1.767097966728281,0.3798521256931608,0.07146248855619823
25.0,37.932273080521725,28.93992606284658,0,0.4006764933197782,83.8948336414048,161.0637707948244,1.767097966728281,0.3798521256931608,0.07178986573234175
10.0,38.097137996197084,28.93992606284658,0,0.4006764933197782,83.8948336414048,161.0637707948244,1.767097966728281,0.3798521256931608,0.040839545008034564
10.189873417721518,38.097137996197084,28.93992606284658,0,0.4006764933197782,83.8948336414048,161.0637707948244,1.767097966728281,0.3798521256931608,0.040839545008034564
10.379746835443038,38.097137996197084,28.93992606284658,0,0.4006764933197782,83.8948336414048,161.0637707948244,1.767097966728281,0.3798521256931608,0.040839545008034564
10.569620253164556,38.097137996197084,28.93992606284658,0,0.4006764933197782,83.8948336414048,161.0637707948244,1.767097966728281,0.3798521256931608,0.040839545008034564
10.759493670886076,38.097137996197084,28.93992606284658,0,0.4006764933197782,83.8948336414048,161.0637707948244,1.767097966728281,0.3798521256931608,0.040839545008034564
10.949367088607595,38.097137996197084,28.93992606284658,0,0.4006764933197782,83.8948336414048,161.0637707948244,1.767097966728281,0.3798521256931608,0.040839545008034564
11.139240506329115,38.097137996197084,28.93992606284658,0,0.4006764933197782,83.8948336414048,161.0637707948244,1.767097966728281,0.3798521256931608,0.04167536766182707
11.329113924050633,38.097137996197084,28.93992606284658,0,0.4006764933197782,83.8948336414048,161.0637707948244,1.767097966728281,0.3798521256931608,0.042821520195376314
11.518987341772153,38.097137996197084,28.93992606284658,0,0.4006764933197782,83.8948336414048,161.0637707948244,1.767097966728281,0.3798521256931608,0.04397143940849556
11.708860759493671,38.097137996197084,28.93992606284658,0,0.4006764933197782,83.8948336414048,161.0637707948244,1.767097966728281,0.3798521256931608,0.045120859971123445
11.89873417721519,38.097137996197084,28.93992606284658,0,0.4006764933197782,83.8948336414048,161.0637707948244,1.767097966728281,0.3798521256931608,0.046265197170894626
12.08860759493671,38.097137996197084,28.93992606284658,0,0.4006764933197782,83.8948336414048,161.0637707948244,1.767097966728281,0.3798521256931608,0.047399554548388706
12.278481012658228,38.097137996197084,28.93992606284658,0,0.4006764933197782,83.8948336414048,161.0637707948244,1.767097966728281,0.3798521256931608,0.048518735696894424
12.468354430379748,38.097137996197084,28.93992606284658,0,0.4006764933197782,83.8948336414048,161.0637707948244,1.767097966728281,0.3798521256931608,0.04961726048568527
12.658227848101266,38.097137996197084,28.93992606284658,0,0.4006764933197782,83.8948336414048,161.0637707948244,1.767097966728281,0.3798521256931608,0.05068938592657246
12.848101265822784,38.097137996197084,28.93992606284658,0,0.4006764933197782,83.8948336414048,161.0637707948244,1.767097966728281,0.3798521256931608,0.051729131856946366
13.037974683544304,38.097137996197084,28.93992606284658,0,0.4006764933197782,83.8948336414048,161.0637707948244,1.767097966728281,0.3798521256931608,0.05273031155886734
13.227848101265824,38.097137996197084,28.93992606284658,0,0.4006764933197782,83.8948336414048,161.0637707948244,1.767097966728281,0.3798521256931608,0.053686567373464195
13.417721518987342,38.097137996197084,28.93992606284658,0,0.4006764933197782,83.8948336414048,161.0637707948244,1.767097966728281,0.3798521256931608,0.05459141130339578
13.60759493670886,38.097137996197084,28.93992606284658,0,0.4006764933197782,83.8948336414048,161.0637707948244,1.767097966728281,0.3798521256931608,0.055438270524059814
13.79746835443038,38.097137996197084,28.93992606284658,0,0.4006764933197782,83.8948336414048,161.0637707948244,1.767097966728281,0.3798521256931608,0.056220537647249
13.987341772151899,38.097137996197084,28.93992606284658,0,0.4006764933197782,83.8948336414048,161.0637707948244,1.767097966728281,0.3798521256931608,0.05693162549975734
14.177215189873419,38.097137996197084,28.93992606284658,0,0.4006764933197782,83.8948336414048,161.0637707948244,1.767097966728281,0.3798521256931608,0.057565026094788106
14.367088607594937,38.097137996197084,28.93992606284658,0,0.4006764933197782,83.8948336414048,161.0637707948244,1.767097966728281,0.3798521256931608,0.058114373386629344
14.556962025316455,38.097137996197084,28.93992606284658,0,0.4006764933197782,83.8948336414048,161.0637707948244,1.767097966728281,0.3798521256931608,0.05857350930972787
14.746835443037975,38.097137996197084,28.93992606284658,0,0.4006764933197782,83.8948336414048,161.0637707948244,1.767097966728281,0.3798521256931608,0.05893655251273986
14.936708860759495,38.097137996197084,28.93992606284658,0,0.4006764933197782,83.8948336414048,161.0637707948244,1.767097966728281,0.3798521256931608,0.05919796910719875
15.126582278481013,38.097137996197084,28.93992606284658,0,0.4006764933197782,83.8948336414048,161.0637707948244,1.767097966728281,0.3798521256931608,0.059352644659968964
15.316455696202532,38.097137996197084,28.93992606284658,0,0.4006764933197782,83.8948336414048,161.0637707948244,1.767097966728281,0.3798521256931608,0.059395956569643936
15.50632911392405,38.097137996197084,28.93992606284658,0,0.4006764933197782,83.8948336414048,161.0637707948244,1.767097966728281,0.3798521256931608,0.059323845974099544
15.69620253164557,38.097137996197084,28.93992606284658,0,0.4006764933197782,83.8948336414048,161.0637707948244,1.767097966728281,0.3798521256931608,0.05913566196657643
15.88607594936709,38.097137996197084,28.93992606284658,0,0.4006764933197782,83.8948336414048,161.0637707948244,1.767097966728281,0.3798521256931608,0.058841395006195396
16.075949367088608,38.097137996197084,28.93992606284658,0,0.4006764933197782,83.8948336414048,161.0637707948244,1.767097966728281,0.3798521256931608,0.05845368247603786
16.265822784810126,38.097137996197084,28.93992606284658,0,0.4006764933197782,83.8948336414048,161.0637707948244,1.767097966728281,0.3798521256931608,0.057985339955466605
16.455696202531648,38.097137996197084,28.93992606284658,0,0.4006764933197782,83.8948336414048,161.0637707948244,1.767097966728281,0.3798521256931608,0.0574491951206061
16.645569620253166,38.097137996197084,28.93992606284658,0,0.4006764933197782,83.8948336414048,161.0637707948244,1.767097966728281,0.3798521256931608,0.056857944868029746
16.835443037974684,38.097137996197084,28.93992606284658,0,0.4006764933197782,83.8948336414048,161.0637707948244,1.767097966728281,0.3798521256931608,0.05622403632888689
17.025316455696203,38.097137996197084,28.93992606284658,0,0.4006764933197782,83.8948336414048,161.0637707948244,1.767097966728281,0.3798521256931608,0.0555595718624502
17.21518987341772,38.097137996197084,28.93992606284658,0,0.4006764933197782,83.8948336414048,161.0637707948244,1.767097966728281,0.3798521256931608,0.054876237636431895
17.405063291139243,38.097137996197084,28.93992606284658,0,0.4006764933197782,83.8948336414048,161.0637707948244,1.767097966728281,0.3798521256931608,0.0541852550183308
17.59493670886076,38.097137996197084,28.93992606284658,0,0.4006764933197782,83.8948336414048,161.0637707948244,1.767097966728281,0.3798521256931608,0.05349735371737413
17.78481012658228,38.097137996197084,28.93992606284658,0,0.4006764933197782,83.8948336414048,161.0637707948244,1.767097966728281,0.3798521256931608,0.052822765428386764
17.974683544303797,38.097137996197084,28.93992606284658,0,0.4006764933197782,83.8948336414048,161.0637707948244,1.767097966728281,0.3798521256931608,0.05217123663368673
18.164556962025316,38.097137996197084,28.93992606284658,0,0.4006764933197782,83.8948336414048,161.0637707948244,1.767097966728281,0.3798521256931608,0.05155205921231367
18.354430379746837,38.097137996197084,28.93992606284658,0,0.4006764933197782,83.8948336414048,161.0637707948244,1.767097966728281,0.3798521256931608,0.050974117582212174
18.544303797468356,38.097137996197084,28.93992606284658,0,0.4006764933197782,83.8948336414048,161.0637707948244,1.767097966728281,0.3798521256931608,0.05044595125489341
18.734177215189874,38.097137996197084,28.93992606284658,0,0.4006764933197782,83.8948336414048,161.0637707948244,1.767097966728281,0.3798521256931608,0.049975831908360344
18.924050632911396,38.097137996197084,28.93992606284658,0,0.4006764933197782,83.8948336414048,161.0637707948244,1.767097966728281,0.3798521256931608,0.04957185437830184
19.11392405063291,38.097137996197084,28.93992606284658,0,0.4006764933197782,83.8948336414048,161.0637707948244,1.767097966728281,0.3798521256931608,0.04924204132680618
19.303797468354432,38.097137996197084,28.93992606284658,0,0.4006764933197782,83.8948336414048,161.0637707948244,1.767097966728281,0.3798521256931608,0.04899446177110202
19.49367088607595,38.097137996197084,28.93992606284658,0,0.4006764933197782,83.8948336414048,161.0637707948244,1.767097966728281,0.3798521256931608,0.04883736414360602
19.68354430379747,38.097137996197084,28.93992606284658,0,0.4006764933197782,83.8948336414048,161.0637707948244,1.767097966728281,0.3798521256931608,0.04877932511334993
19.87341772151899,38.097137996197084,28.93992606284658,0,0.4006764933197782,83.8948336414048,161.0637707948244,1.767097966728281,0.3798521256931608,0.04882941603563394
20.063291139240505,38.097137996197084,28.93992606284658,0,0.4006764933197782,83.8948336414048,161.0637707948244,1.767097966728281,0.3798521256931608,0.04899727168612053
20.253164556962027,38.097137996197084,28.93992606284658,0,0.4006764933197782,83.8948336414048,161.0637707948244,1.767097966728281,0.3798521256931608,0.04928629951859765
20.443037974683545,38.097137996197084,28.93992606284658,0,0.4006764933197782,83.8948336414048,161.0637707948244,1.767097966728281,0.3798521256931608,0.049689682127623404
20.632911392405063,38.097137996197084,28.93992606284658,0,0.4006764933197782,83.8948336414048,161.0637707948244,1.767097966728281,0.3798521256931608,0.050200155171640046
20.822784810126585,38.097137996197084,28.93992606284658,0,0.4006764933197782,83.8948336414048,161.0637707948244,1.767097966728281,0.3798521256931608,0.0508107640144849
21.0126582278481,38.097137996197084,28.93992606284658,0,0.4006764933197782,83.8948336414048,161.0637707948244,1.767097966728281,0.3798521256931608,0.0515146950957076
21.20253164556962,38.097137996197084,28.93992606284658,0,0.4006764933197782,83.8948336414048,161.0637707948244,1.767097966728281,0.3798521256931608,0.05230512034079057
21.39240506329114,38.097137996197084,28.93992606284658,0,0.4006764933197782,83.8948336414048,161.0637707948244,1.767097966728281,0.3798521256931608,0.05317505321023628
21.582278481012658,38.097137996197084,28.93992606284658,0,0.4006764933197782,83.8948336414048,161.0637707948244,1.767097966728281,0.3798521256931608,0.05411721564394145
21.77215189873418,38.097137996197084,28.93992606284658,0,0.4006764933197782,83.8948336414048,161.0637707948244,1.767097966728281,0.3798521256931608,0.05512391575479474
21.962025316455698,38.097137996197084,28.93992606284658,0,0.4006764933197782,83.8948336414048,161.0637707948244,1.767097966728281,0.3798521256931608,0.05618693666824485
22.151898734177216,38.097137996197084,28.93992606284658,0,0.4006764933197782,83.8948336414048,161.0637707948244,1.767097966728281,0.3798521256931608,0.057297437393903555
22.341772151898734,38.097137996197084,28.93992606284658,0,0.4006764933197782,83.8948336414048,161.0637707948244,1.767097966728281,0.3798521256931608,0.058445867048671295
22.531645569620252,38.097137996197084,28.93992606284658,0,0.4006764933197782,83.8948336414048,161.0637707948244,1.767097966728281,0.3798521256931608,0.05962189412308038
22.721518987341774,38.097137996197084,28.93992606284658,0,0.4006764933197782,83.8948336414048,161.0637707948244,1.767097966728281,0.3798521256931608,0.06081435278592669
22.911392405063292,38.097137996197084,28.93992606284658,0,0.4006764933197782,83.8948336414048,161.0637707948244,1.767097966728281,0.3798521256931608,0.06201120844764863
23.10126582278481,38.097137996197084,28.93992606284658,0,0.4006764933197782,83.8948336414048,161.0637707948244,1.767097966728281,0.3798521256931608,0.06319954494044304
23.291139240506332,38.097137996197084,28.93992606284658,0,0.4006764933197782,83.8948336414048,161.0637707948244,1.767097966728281,0.3798521256931608,0.06436557571300147
23.481012658227847,38.097137996197084,28.93992606284658,0,0.4006764933197782,83.8948336414048,161.0637707948244,1.767097966728281,0.3798521256931608,0.06549468137109102
23.67088607594937,38.097137996197084,28.93992606284658,0,0.4006764933197782,83.8948336414048,161.0637707948244,1.767097966728281,0.3798521256931608,0.06657147571468285
23.860759493670887,38.097137996197084,28.93992606284658,0,0.4006764933197782,83.8948336414048,161.0637707948244,1.767097966728281,0.3798521256931608,0.06757990212267935
24.050632911392405,38.097137996197084,28.93992606284658,0,0.4006764933197782,83.8948336414048,161.0637707948244,1.767097966728281,0.3798521256931608,0.06850336171475192
24.240506329113927,38.097137996197084,28.93992606284658,0,0.4006764933197782,83.8948336414048,161.0637707948244,1.767097966728281,0.3798521256931608,0.0693248741760312
24.430379746835442,38.097137996197084,28.93992606284658,0,0.4006764933197782,83.8948336414048,161.0637707948244,1.767097966728281,0.3798521256931608,0.07002727146649892
24.620253164556964,38.097137996197084,28.93992606284658,0,0.4006764933197782,83.8948336414048,161.0637707948244,1.767097966728281,0.3798521256931608,0.07059490333202491
24.810126582278482,38.097137996197084,28.93992606284658,0,0.4006764933197782,83.8948336414048,161.0637707948244,1.767097966728281,0.3798521256931608,0.07103201467173685
25.0,38.097137996197084,28.93992606284658,0,0.4006764933197782,83.8948336414048,161.0637707948244,1.767097966728281,0.3798521256931608,0.07135757135234713
10.0,38.26200291187244,28.93992606284658,0,0.4006764933197782,83.8948336414048,161.0637707948244,1.767097966728281,0.3798521256931608,0.04058660576703013
10.189873417721518,38.26200291187244,28.93992606284658,0,0.4006764933197782,83.8948336414048,161.0637707948244,1.767097966728281,0.3798521256931608,0.04058660576703013
10.379746835443038,38.26200291187244,28.93992606284658,0,0.4006764933197782,83.8948336414048,161.0637707948244,1.767097966728281,0.3798521256931608,0.04058660576703013
10.569620253164556,38.26200291187244,28.93992606284658,0,0.4006764933197782,83.8948336414048,161.0637707948244,1.767097966728281,0.3798521256931608,0.04058660576703013
10.759493670886076,38.26200291187244,28.93992606284658,0,0.4006764933197782,83.8948336414048,161.0637707948244,1.767097966728281,0.3798521256931608,0.04058660576703013
10.949367088607595,38.26200291187244,28.93992606284658,0,0.4006764933197782,83.8948336414048,161.0637707948244,1.767097966728281,0.3798521256931608,0.04058660576703013
11.139240506329115,38.26200291187244,28.93992606284658,0,0.4006764933197782,83.8948336414048,161.0637707948244,1.767097966728281,0.3798521256931608,0.04142163871475122
11.329113924050633,38.26200291187244,28.93992606284658,0,0.4006764933197782,83.8948336414048,161.0637707948244,1.767097966728281,0.3798521256931608,0.042566431820354696
11.518987341772153,38.26200291187244,28.93992606284658,0,0.4006764933197782,83.8948336414048,161.0637707948244,1.767097966728281,0.3798521256931608,0.043714673373165765
11.708860759493671,38.26200291187244,28.93992606284658,0,0.4006764933197782,83.8948336414048,161.0637707948244,1.767097966728281,0.3798521256931608,0.044862109200129625
11.89873417721519,38.26200291187244,28.93992606284658,0,0.4006764933197782,83.8948336414048,161.0637707948244,1.767097966728281,0.3798521256931608,0.04600416884537758
12.08860759493671,38.26200291187244,28.93992606284658,0,0.4006764933197782,83.8948336414048,161.0637707948244,1.767097966728281,0.3798521256931608,0.04713597351210225
12.278481012658228,38.26200291187244,28.93992606284658,0,0.4006764933197782,83.8948336414048,161.0637707948244,1.767097966728281,0.3798521256931608,0.04825234813911428
12.468354430379748,38.26200291187244,28.93992606284658,0,0.4006764933197782,83.8948336414048,161.0637707948244,1.767097966728281,0.3798521256931608,0.049347837863297904
12.658227848101266,38.26200291187244,28.93992606284658,0,0.4006764933197782,83.8948336414048,161.0637707948244,1.767097966728281,0.3798521256931608,0.05041672907975873
12.848101265822784,38.26200291187244,28.93992606284658,0,0.4006764933197782,83.8948336414048,161.0637707948244,1.767097966728281,0.3798521256931608,0.05145307526487362
13.037974683544304,38.26200291187244,28.93992606284658,0,0.4006764933197782,83.8948336414048,161.0637707948244,1.767097966728281,0.3798521256931608,0.052450727673955165
13.227848101265824,38.26200291187244,28.93992606284658,0,0.4006764933197782,83.8948336414048,161.0637707948244,1.767097966728281,0.3798521256931608,0.05340337096527114
13.417721518987342,38.26200291187244,28.93992606284658,0,0.4006764933197782,83.8948336414048,161.0637707948244,1.767097966728281,0.3798521256931608,0.05430456373618204
13.60759493670886,38.26200291187244,28.93992606284658,0,0.4006764933197782,83.8948336414048,161.0637707948244,1.767097966728281,0.3798521256931608,0.05514778388580883
13.79746835443038,38.26200291187244,28.93992606284658,0,0.4006764933197782,83.8948336414048,161.0637707948244,1.767097966728281,0.3798521256931608,0.05592647864256182
13.987341772151899,38.26200291187244,28.93992606284658,0,0.4006764933197782,83.8948336414048,161.0637707948244,1.767097966728281,0.3798521256931608,0.05663411901477078
14.177215189873419,38.26200291187244,28.93992606284658,0,0.4006764933197782,83.8948336414048,161.0637707948244,1.767097966728281,0.3798521256931608,0.057264258339272886
14.367088607594937,38.26200291187244,28.93992606284658,0,0.4006764933197782,83.8948336414048,161.0637707948244,1.767097966728281,0.3798521256931608,0.05781059451689469
14.556962025316455,38.26200291187244,28.93992606284658,0,0.4006764933197782,83.8948336414048,161.0637707948244,1.767097966728281,0.3798521256931608,0.05826703543603841
14.746835443037975,38.26200291187244,28.93992606284658,0,0.4006764933197782,83.8948336414048,161.0637707948244,1.767097966728281,0.3798521256931608,0.05862776699682167
14.936708860759495,38.26200291187244,28.93992606284658,0,0.4006764933197782,83.8948336414048,161.0637707948244,1.767097966728281,0.3798521256931608,0.05888732305920777
15.126582278481013,38.26200291187244,28.93992606284658,0,0.4006764933197782,83.8948336414048,161.0637707948244,1.767097966728281,0.3798521256931608,0.059040656550170253
15.316455696202532,38.26200291187244,28.93992606284658,0,0.4006764933197782,83.8948336414048,161.0637707948244,1.767097966728281,0.3798521256931608,0.0590832108781415
15.50632911392405,38.26200291187244,28.93992606284658,0,0.4006764933197782,83.8948336414048,161.0637707948244,1.767097966728281,0.3798521256931608,0.05901099081162461
15.69620253164557,38.26200291187244,28.93992606284658,0,0.4006764933197782,83.8948336414048,161.0637707948244,1.767097966728281,0.3798521256931608,0.058823383176224465
15.88607594936709,38.26200291187244,28.93992606284658,0,0.4006764933197782,83.8948336414048,161.0637707948244,1.767097966728281,0.3798521256931608,0.058530331041723435
16.075949367088608,38.26200291187244,28.93992606284658,0,0.4006764933197782,83.8948336414048,161.0637707948244,1.767097966728281,0.3798521256931608,0.05814440317376734
16.265822784810126,38.26200291187244,28.93992606284658,0,0.4006764933197782,83.8948336414048,161.0637707948244,1.767097966728281,0.3798521256931608,0.057678344816440436
16.455696202531648,38.26200291187244,28.93992606284658,0,0.4006764933197782,83.8948336414048,161.0637707948244,1.767097966728281,0.3798521256931608,0.05714491258212671
16.645569620253166,38.26200291187244,28.93992606284658,0,0.4006764933197782,83.8948336414048,161.0637707948244,1.767097966728281,0.3798521256931608,0.05655673244671795
16.835443037974684,38.26200291187244,28.93992606284658,0,0.4006764933197782,83.8948336414048,161.0637707948244,1.767097966728281,0.3798521256931608,0.055926181511704344
17.025316455696203,38.26200291187244,28.93992606284658,0,0.4006764933197782,83.8948336414048,161.0637707948244,1.767097966728281,0.3798521256931608,0.055265293619177557
17.21518987341772,38.26200291187244,28.93992606284658,0,0.4006764933197782,83.8948336414048,161.0637707948244,1.767097966728281,0.3798521256931608,0.054585688426588314
17.405063291139243,38.26200291187244,28.93992606284658,0,0.4006764933197782,83.8948336414048,161.0637707948244,1.767097966728281,0.3798521256931608,0.05389852316712713
17.59493670886076,38.26200291187244,28.93992606284658,0,0.4006764933197782,83.8948336414048,161.0637707948244,1.767097966728281,0.3798521256931608,0.05321446603867388
17.78481012658228,38.26200291187244,28.93992606284658,0,0.4006764933197782,83.8948336414048,161.0637707948244,1.767097966728281,0.3798521256931608,0.05254368997742487
17.974683544303797,38.26200291187244,28.93992606284658,0,0.4006764933197782,83.8948336414048,161.0637707948244,1.767097966728281,0.3798521256931608,0.05189588547807759
18.164556962025316,38.26200291187244,28.93992606284658,0,0.4006764933197782,83.8948336414048,161.0637707948244,1.767097966728281,0.3798521256931608,0.05128029111624951
18.354430379746837,38.26200291187244,28.93992606284658,0,0.4006764933197782,83.8948336414048,161.0637707948244,1.767097966728281,0.3798521256931608,0.050705740505290364
18.544303797468356,38.26200291187244,28.93992606284658,0,0.4006764933197782,83.8948336414048,161.0637707948244,1.767097966728281,0.3798521256931608,0.050180724573295324
18.734177215189874,38.26200291187244,28.93992606284658,0,0.4006764933197782,83.8948336414048,161.0637707948244,1.767097966728281,0.3798521256931608,0.04971346827171703
18.924050632911396,38.26200291187244,28.93992606284658,0,0.4006764933197782,83.8948336414048,161.0637707948244,1.767097966728281,0.3798521256931608,0.04931202112012156
19.11392405063291,38.26200291187244,28.93992606284658,0,0.4006764933197782,83.8948336414048,161.0637707948244,1.767097966728281,0.3798521256931608,0.048984361349429316
19.303797468354432,38.26200291187244,28.93992606284658,0,0.4006764933197782,83.8948336414048,161.0637707948244,1.767097966728281,0.3798521256931608,0.048738513827412275
19.49367088607595,38.26200291187244,28.93992606284658,0,0.4006764933197782,83.8948336414048,161.0637707948244,1.767097966728281,0.3798521256931608,0.0485826824368284
19.68354430379747,38.26200291187244,28.93992606284658,0,0.4006764933197782,83.8948336414048,161.0637707948244,1.767097966728281,0.3798521256931608,0.04852539813285999
19.87341772151899,38.26200291187244,28.93992606284658,0,0.4006764933197782,83.8948336414048,161.0637707948244,1.767097966728281,0.3798521256931608,0.04857568454046851
20.063291139240505,38.26200291187244,28.93992606284658,0,0.4006764933197782,83.8948336414048,161.0637707948244,1.767097966728281,0.3798521256931608,0.048743126362413514
20.253164556962027,38.26200291187244,28.93992606284658,0,0.4006764933197782,83.8948336414048,161.0637707948244,1.767097966728281,0.3798521256931608,0.04903111453390227
20.443037974683545,38.26200291187244,28.93992606284658,0,0.4006764933197782,83.8948336414048,161.0637707948244,1.767097966728281,0.3798521256931608,0.04943286941682239
20.632911392405063,38.26200291187244,28.93992606284658,0,0.4006764933197782,83.8948336414048,161.0637707948244,1.767097966728281,0.3798521256931608,0.04994116670075187
20.822784810126585,38.26200291187244,28.93992606284658,0,0.4006764933197782,83.8948336414048,161.0637707948244,1.767097966728281,0.3798521256931608,0.050549089971956895
21.0126582278481,38.26200291187244,28.93992606284658,0,0.4006764933197782,83.8948336414048,161.0637707948244,1.767097966728281,0.3798521256931608,0.05124986291427204
21.20253164556962,38.26200291187244,28.93992606284658,0,0.4006764933197782,83.8948336414048,161.0637707948244,1.767097966728281,0.3798521256931608,0.052036694477599135
21.39240506329114,38.26200291187244,28.93992606284658,0,0.4006764933197782,83.8948336414048,161.0637707948244,1.767097966728281,0.3798521256931608,0.052902635618964744
21.582278481012658,38.26200291187244,28.93992606284658,0,0.4006764933197782,83.8948336414048,161.0637707948244,1.767097966728281,0.3798521256931608,0.053840446875821346
21.77215189873418,38.26200291187244,28.93992606284658,0,0.4006764933197782,83.8948336414048,161.0637707948244,1.767097966728281,0.3798521256931608,0.05484247662635799
21.962025316455698,38.26200291187244,28.93992606284658,0,0.4006764933197782,83.8948336414048,161.0637707948244,1.767097966728281,0.3798521256931608,0.05590055043230592
22.151898734177216,38.26200291187244,28.93992606284658,0,0.4006764933197782,83.8948336414048,161.0637707948244,1.767097966728281,0.3798521256931608,0.05700587234725582
22.341772151898734,38.26200291187244,28.93992606284658,0,0.4006764933197782,83.8948336414048,161.0637707948244,1.767097966728281,0.3798521256931608,0.05814893950550936
22.531645569620252,38.26200291187244,28.93992606284658,0,0.4006764933197782,83.8948336414048,161.0637707948244,1.767097966728281,0.3798521256931608,0.059319471677627966
22.721518987341774,38.26200291187244,28.93992606284658,0,0.4006764933197782,83.8948336414048,161.0637707948244,1.767097966728281,0.3798521256931608,0.06050635778154548
22.911392405063292,38.26200291187244,28.93992606284658,0,0.4006764933197782,83.8948336414048,161.0637707948244,1.767097966728281,0.3798521256931608,0.061697621563198975
23.10126582278481,38.26200291187244,28.93992606284658,0,0.4006764933197782,83.8948336414048,161.0637707948244,1.767097966728281,0.3798521256931608,0.06288040879825552
23.291139240506332,38.26200291187244,28.93992606284658,0,0.4006764933197782,83.8948336414048,161.0637707948244,1.767097966728281,0.3798521256931608,0.0640409984068419
23.481012658227847,38.26200291187244,28.93992606284658,0,0.4006764933197782,83.8948336414048,161.0637707948244,1.767097966728281,0.3798521256931608,0.06516483980727467
23.67088607594937,38.26200291187244,28.93992606284658,0,0.4006764933197782,83.8948336414048,161.0637707948244,1.767097966728281,0.3798521256931608,0.06623661865527591
23.860759493670887,38.26200291187244,28.93992606284658,0,0.4006764933197782,83.8948336414048,161.0637707948244,1.767097966728281,0.3798521256931608,0.06724035281668753
24.050632911392405,38.26200291187244,28.93992606284658,0,0.4006764933197782,83.8948336414048,161.0637707948244,1.767097966728281,0.3798521256931608,0.06815952000145448
24.240506329113927,38.26200291187244,28.93992606284658,0,0.4006764933197782,83.8948336414048,161.0637707948244,1.767097966728281,0.3798521256931608,0.06897721794418187
24.430379746835442,38.26200291187244,28.93992606284658,0,0.4006764933197782,83.8948336414048,161.0637707948244,1.767097966728281,0.3798521256931608,0.06967635735397387
24.620253164556964,38.26200291187244,28.93992606284658,0,0.4006764933197782,83.8948336414048,161.0637707948244,1.767097966728281,0.3798521256931608,0.07024135961654439
24.810126582278482,38.26200291187244,28.93992606284658,0,0.4006764933197782,83.8948336414048,161.0637707948244,1.767097966728281,0.3798521256931608,0.07067644834346637
25.0,38.26200291187244,28.93992606284658,0,0.4006764933197782,83.8948336414048,161.0637707948244,1.767097966728281,0.3798521256931608,0.07100049993158788
10.0,38.42686782754781,28.93992606284658,0,0.4006764933197782,83.8948336414048,161.0637707948244,1.767097966728281,0.3798521256931608,0.040387053882309544
10.189873417721518,38.42686782754781,28.93992606284658,0,0.4006764933197782,83.8948336414048,161.0637707948244,1.767097966728281,0.3798521256931608,0.040387053882309544
10.379746835443038,38.42686782754781,28.93992606284658,0,0.4006764933197782,83.8948336414048,161.0637707948244,1.767097966728281,0.3798521256931608,0.040387053882309544
10.569620253164556,38.42686782754781,28.93992606284658,0,0.4006764933197782,83.8948336414048,161.0637707948244,1.767097966728281,0.3798521256931608,0.040387053882309544
10.759493670886076,38.42686782754781,28.93992606284658,0,0.4006764933197782,83.8948336414048,161.0637707948244,1.767097966728281,0.3798521256931608,0.040387053882309544
10.949367088607595,38.42686782754781,28.93992606284658,0,0.4006764933197782,83.8948336414048,161.0637707948244,1.767097966728281,0.3798521256931608,0.040387053882309544
11.139240506329115,38.42686782754781,28.93992606284658,0,0.4006764933197782,83.8948336414048,161.0637707948244,1.767097966728281,0.3798521256931608,0.04122169159757748
11.329113924050633,38.42686782754781,28.93992606284658,0,0.4006764933197782,83.8948336414048,161.0637707948244,1.767097966728281,0.3798521256931608,0.042365709491928936
11.518987341772153,38.42686782754781,28.93992606284658,0,0.4006764933197782,83.8948336414048,161.0637707948244,1.767097966728281,0.3798521256931608,0.043512908373330925
11.708860759493671,38.42686782754781,28.93992606284658,0,0.4006764933197782,83.8948336414048,161.0637707948244,1.767097966728281,0.3798521256931608,0.044659041852379615
11.89873417721519,38.42686782754781,28.93992606284658,0,0.4006764933197782,83.8948336414048,161.0637707948244,1.767097966728281,0.3798521256931608,0.045799549811303734
12.08860759493671,38.42686782754781,28.93992606284658,0,0.4006764933197782,83.8948336414048,161.0637707948244,1.767097966728281,0.3798521256931608,0.046929566608674804
12.278481012658228,38.42686782754781,28.93992606284658,0,0.4006764933197782,83.8948336414048,161.0637707948244,1.767097966728281,0.3798521256931608,0.04804393339454323
12.468354430379748,38.42686782754781,28.93992606284658,0,0.4006764933197782,83.8948336414048,161.0637707948244,1.767097966728281,0.3798521256931608,0.049137214780629684
12.658227848101266,38.42686782754781,28.93992606284658,0,0.4006764933197782,83.8948336414048,161.0637707948244,1.767097966728281,0.3798521256931608,0.05020372007061416
12.848101265822784,38.42686782754781,28.93992606284658,0,0.4006764933197782,83.8948336414048,161.0637707948244,1.767097966728281,0.3798521256931608,0.05123752920894719
13.037974683544304,38.42686782754781,28.93992606284658,0,0.4006764933197782,83.8948336414048,161.0637707948244,1.767097966728281,0.3798521256931608,0.052232523553241206
13.227848101265824,38.42686782754781,28.93992606284658,0,0.4006764933197782,83.8948336414048,161.0637707948244,1.767097966728281,0.3798521256931608,0.053182421515599605
13.417721518987342,38.42686782754781,28.93992606284658,0,0.4006764933197782,83.8948336414048,161.0637707948244,1.767097966728281,0.3798521256931608,0.054080819052713586
13.60759493670886,38.42686782754781,28.93992606284658,0,0.4006764933197782,83.8948336414048,161.0637707948244,1.767097966728281,0.3798521256931608,0.054921234913803546
13.79746835443038,38.42686782754781,28.93992606284658,0,0.4006764933197782,83.8948336414048,161.0637707948244,1.767097966728281,0.3798521256931608,0.05569716048017974
13.987341772151899,38.42686782754781,28.93992606284658,0,0.4006764933197782,83.8948336414048,161.0637707948244,1.767097966728281,0.3798521256931608,0.056402113951024284
14.177215189873419,38.42686782754781,28.93992606284658,0,0.4006764933197782,83.8948336414048,161.0637707948244,1.767097966728281,0.3798521256931608,0.05702969854770522
14.367088607594937,38.42686782754781,28.93992606284658,0,0.4006764933197782,83.8948336414048,161.0637707948244,1.767097966728281,0.3798521256931608,0.0575736643242354
14.556962025316455,38.42686782754781,28.93992606284658,0,0.4006764933197782,83.8948336414048,161.0637707948244,1.767097966728281,0.3798521256931608,0.05802797308514211
14.746835443037975,38.42686782754781,28.93992606284658,0,0.4006764933197782,83.8948336414048,161.0637707948244,1.767097966728281,0.3798521256931608,0.05838686582475021
14.936708860759495,38.42686782754781,28.93992606284658,0,0.4006764933197782,83.8948336414048,161.0637707948244,1.767097966728281,0.3798521256931608,0.05864493201450543
15.126582278481013,38.42686782754781,28.93992606284658,0,0.4006764933197782,83.8948336414048,161.0637707948244,1.767097966728281,0.3798521256931608,0.058797179978317286
15.316455696202532,38.42686782754781,28.93992606284658,0,0.4006764933197782,83.8948336414048,161.0637707948244,1.767097966728281,0.3798521256931608,0.05883910751096935
15.50632911392405,38.42686782754781,28.93992606284658,0,0.4006764933197782,83.8948336414048,161.0637707948244,1.767097966728281,0.3798521256931608,0.058766771904619916
15.69620253164557,38.42686782754781,28.93992606284658,0,0.4006764933197782,83.8948336414048,161.0637707948244,1.767097966728281,0.3798521256931608,0.05857959166165098
15.88607594936709,38.42686782754781,28.93992606284658,0,0.4006764933197782,83.8948336414048,161.0637707948244,1.767097966728281,0.3798521256931608,0.058287472913381044
16.075949367088608,38.42686782754781,28.93992606284658,0,0.4006764933197782,83.8948336414048,161.0637707948244,1.767097966728281,0.3798521256931608,0.05790293036279585
16.265822784810126,38.42686782754781,28.93992606284658,0,0.4006764933197782,83.8948336414048,161.0637707948244,1.767097966728281,0.3798521256931608,0.05743865378843582
16.455696202531648,38.42686782754781,28.93992606284658,0,0.4006764933197782,83.8948336414048,161.0637707948244,1.767097966728281,0.3798521256931608,0.056907343727042696
16.645569620253166,38.42686782754781,28.93992606284658,0,0.4006764933197782,83.8948336414048,161.0637707948244,1.767097966728281,0.3798521256931608,0.05632157016768084
16.835443037974684,38.42686782754781,28.93992606284658,0,0.4006764933197782,83.8948336414048,161.0637707948244,1.767097966728281,0.3798521256931608,0.05569365491415847
17.025316455696203,38.42686782754781,28.93992606284658,0,0.4006764933197782,83.8948336414048,161.0637707948244,1.767097966728281,0.3798521256931608,0.0550355776993231
17.21518987341772,38.42686782754781,28.93992606284658,0,0.4006764933197782,83.8948336414048,161.0637707948244,1.767097966728281,0.3798521256931608,0.05435890565761952
17.405063291139243,38.42686782754781,28.93992606284658,0,0.4006764933197782,83.8948336414048,161.0637707948244,1.767097966728281,0.3798521256931608,0.05367474538305608
17.59493670886076,38.42686782754781,28.93992606284658,0,0.4006764933197782,83.8948336414048,161.0637707948244,1.767097966728281,0.3798521256931608,0.05299371651825223
17.78481012658228,38.42686782754781,28.93992606284658,0,0.4006764933197782,83.8948336414048,161.0637707948244,1.767097966728281,0.3798521256931608,0.05232594563453753
17.974683544303797,38.42686782754781,28.93992606284658,0,0.4006764933197782,83.8948336414048,161.0637707948244,1.767097966728281,0.3798521256931608,0.05168107906967214
18.164556962025316,38.42686782754781,28.93992606284658,0,0.4006764933197782,83.8948336414048,161.0637707948244,1.767097966728281,0.3798521256931608,0.051068313384023505
18.354430379746837,38.42686782754781,28.93992606284658,0,0.4006764933197782,83.8948336414048,161.0637707948244,1.767097966728281,0.3798521256931608,0.05049644217266738
18.544303797468356,38.42686782754781,28.93992606284658,0,0.4006764933197782,83.8948336414048,161.0637707948244,1.767097966728281,0.3798521256931608,0.0499739181243209
18.734177215189874,38.42686782754781,28.93992606284658,0,0.4006764933197782,83.8948336414048,161.0637707948244,1.767097966728281,0.3798521256931608,0.04950892944307001
18.924050632911396,38.42686782754781,28.93992606284658,0,0.4006764933197782,83.8948336414048,161.0637707948244,1.767097966728281,0.3798521256931608,0.04910949004114779
19.11392405063291,38.42686782754781,28.93992606284658,0,0.4006764933197782,83.8948336414048,161.0637707948244,1.767097966728281,0.3798521256931608,0.048783543267643704
19.303797468354432,38.42686782754781,28.93992606284658,0,0.4006764933197782,83.8948336414048,161.0637707948244,1.767097966728281,0.3798521256931608,0.04853907935800302
19.49367088607595,38.42686782754781,28.93992606284658,0,0.4006764933197782,83.8948336414048,161.0637707948244,1.767097966728281,0.3798521256931608,0.04838426727404791
19.68354430379747,38.42686782754781,28.93992606284658,0,0.4006764933197782,83.8948336414048,161.0637707948244,1.767097966728281,0.3798521256931608,0.04832760215853402
19.87341772151899,38.42686782754781,28.93992606284658,0,0.4006764933197782,83.8948336414048,161.0637707948244,1.767097966728281,0.3798521256931608,0.048378070259938684
20.063291139240505,38.42686782754781,28.93992606284658,0,0.4006764933197782,83.8948336414048,161.0637707948244,1.767097966728281,0.3798521256931608,0.04854521707978225
20.253164556962027,38.42686782754781,28.93992606284658,0,0.4006764933197782,83.8948336414048,161.0637707948244,1.767097966728281,0.3798521256931608,0.04883242065265211
20.443037974683545,38.42686782754781,28.93992606284658,0,0.4006764933197782,83.8948336414048,161.0637707948244,1.767097966728281,0.3798521256931608,0.04923293096639303
20.632911392405063,38.42686782754781,28.93992606284658,0,0.4006764933197782,83.8948336414048,161.0637707948244,1.767097966728281,0.3798521256931608,0.04973955508093956
20.822784810126585,38.42686782754781,28.93992606284658,0,0.4006764933197782,83.8948336414048,161.0637707948244,1.767097966728281,0.3798521256931608,0.05034540650724897
21.0126582278481,38.42686782754781,28.93992606284658,0,0.4006764933197782,83.8948336414048,161.0637707948244,1.767097966728281,0.3798521256931608,0.05104373806085578
21.20253164556962,38.42686782754781,28.93992606284658,0,0.4006764933197782,83.8948336414048,161.0637707948244,1.767097966728281,0.3798521256931608,0.05182778762603283
21.39240506329114,38.42686782754781,28.93992606284658,0,0.4006764933197782,83.8948336414048,161.0637707948244,1.767097966728281,0.3798521256931608,0.05269063544033199
21.582278481012658,38.42686782754781,28.93992606284658,0,0.4006764933197782,83.8948336414048,161.0637707948244,1.767097966728281,0.3798521256931608,0.05362507216185631
21.77215189873418,38.42686782754781,28.93992606284658,0,0.4006764933197782,83.8948336414048,161.0637707948244,1.767097966728281,0.3798521256931608,0.054623477574788755
21.962025316455698,38.42686782754781,28.93992606284658,0,0.4006764933197782,83.8948336414048,161.0637707948244,1.767097966728281,0.3798521256931608,0.05567771032774751
22.151898734177216,38.42686782754781,28.93992606284658,0,0.4006764933197782,83.8948336414048,161.0637707948244,1.767097966728281,0.3798521256931608,0.05677900958566678
22.341772151898734,38.42686782754781,28.93992606284658,0,0.4006764933197782,83.8948336414048,161.0637707948244,1.767097966728281,0.3798521256931608,0.05791790990676593
22.531645569620252,38.42686782754781,28.93992606284658,0,0.4006764933197782,83.8948336414048,161.0637707948244,1.767097966728281,0.3798521256931608,0.05908417102647053
22.721518987341774,38.42686782754781,28.93992606284658,0,0.4006764933197782,83.8948336414048,161.0637707948244,1.767097966728281,0.3798521256931608,0.06026672453229046
22.911392405063292,38.42686782754781,28.93992606284658,0,0.4006764933197782,83.8948336414048,161.0637707948244,1.767097966728281,0.3798521256931608,0.06145363963851066
23.10126582278481,38.42686782754781,28.93992606284658,0,0.4006764933197782,83.8948336414048,161.0637707948244,1.767097966728281,0.3798521256931608,0.06263211040721371
23.291139240506332,38.42686782754781,28.93992606284658,0,0.4006764933197782,83.8948336414048,161.0637707948244,1.767097966728281,0.3798521256931608,0.06378846680281255
23.481012658227847,38.42686782754781,28.93992606284658,0,0.4006764933197782,83.8948336414048,161.0637707948244,1.767097966728281,0.3798521256931608,0.06490821190193743
23.67088607594937,38.42686782754781,28.93992606284658,0,0.4006764933197782,83.8948336414048,161.0637707948244,1.767097966728281,0.3798521256931608,0.06597608740177817
23.860759493670887,38.42686782754781,28.93992606284658,0,0.4006764933197782,83.8948336414048,161.0637707948244,1.767097966728281,0.3798521256931608,0.06697616927244329
24.050632911392405,38.42686782754781,28.93992606284658,0,0.4006764933197782,83.8948336414048,161.0637707948244,1.767097966728281,0.3798521256931608,0.06789199497964843
24.240506329113927,38.42686782754781,28.93992606284658,0,0.4006764933197782,83.8948336414048,161.0637707948244,1.767097966728281,0.3798521256931608,0.0687067231626358
24.430379746835442,38.42686782754781,28.93992606284658,0,0.4006764933197782,83.8948336414048,161.0637707948244,1.767097966728281,0.3798521256931608,0.06940332599063471
24.620253164556964,38.42686782754781,28.93992606284658,0,0.4006764933197782,83.8948336414048,161.0637707948244,1.767097966728281,0.3798521256931608,0.06996628077599498
24.810126582278482,38.42686782754781,28.93992606284658,0,0.4006764933197782,83.8948336414048,161.0637707948244,1.767097966728281,0.3798521256931608,0.07039979462666036
25.0,38.42686782754781,28.93992606284658,0,0.4006764933197782,83.8948336414048,161.0637707948244,1.767097966728281,0.3798521256931608,0.07072267428840065
10.0,38.59173274322317,28.93992606284658,0,0.4006764933197782,83.8948336414048,161.0637707948244,1.767097966728281,0.3798521256931608,0.04024262517708051
10.189873417721518,38.59173274322317,28.93992606284658,0,0.4006764933197782,83.8948336414048,161.0637707948244,1.767097966728281,0.3798521256931608,0.04024262517708051
10.379746835443038,38.59173274322317,28.93992606284658,0,0.4006764933197782,83.8948336414048,161.0637707948244,1.767097966728281,0.3798521256931608,0.04024262517708051
10.569620253164556,38.59173274322317,28.93992606284658,0,0.4006764933197782,83.8948336414048,161.0637707948244,1.767097966728281,0.3798521256931608,0.04024262517708051
10.759493670886076,38.59173274322317,28.93992606284658,0,0.4006764933197782,83.8948336414048,161.0637707948244,1.767097966728281,0.3798521256931608,0.04024262517708051
10.949367088607595,38.59173274322317,28.93992606284658,0,0.4006764933197782,83.8948336414048,161.0637707948244,1.767097966728281,0.3798521256931608,0.04024262517708051
11.139240506329115,38.59173274322317,28.93992606284658,0,0.4006764933197782,83.8948336414048,161.0637707948244,1.767097966728281,0.3798521256931608,0.04107736830281835
11.329113924050633,38.59173274322317,28.93992606284658,0,0.4006764933197782,83.8948336414048,161.0637707948244,1.767097966728281,0.3798521256931608,0.042221335298623826
11.518987341772153,38.59173274322317,28.93992606284658,0,0.4006764933197782,83.8948336414048,161.0637707948244,1.767097966728281,0.3798521256931608,0.04336826092243081
11.708860759493671,38.59173274322317,28.93992606284658,0,0.4006764933197782,83.8948336414048,161.0637707948244,1.767097966728281,0.3798521256931608,0.04451390289325815
11.89873417721519,38.59173274322317,28.93992606284658,0,0.4006764933197782,83.8948336414048,161.0637707948244,1.767097966728281,0.3798521256931608,0.045653707212196956
12.08860759493671,38.59173274322317,28.93992606284658,0,0.4006764933197782,83.8948336414048,161.0637707948244,1.767097966728281,0.3798521256931608,0.046782816592739605
12.278481012658228,38.59173274322317,28.93992606284658,0,0.4006764933197782,83.8948336414048,161.0637707948244,1.767097966728281,0.3798521256931608,0.04789608298292202
12.468354430379748,38.59173274322317,28.93992606284658,0,0.4006764933197782,83.8948336414048,161.0637707948244,1.767097966728281,0.3798521256931608,0.048988084418413395
12.658227848101266,38.59173274322317,28.93992606284658,0,0.4006764933197782,83.8948336414048,161.0637707948244,1.767097966728281,0.3798521256931608,0.0500531464059497
12.848101265822784,38.59173274322317,28.93992606284658,0,0.4006764933197782,83.8948336414048,161.0637707948244,1.767097966728281,0.3798521256931608,0.0510853679898566
13.037974683544304,38.59173274322317,28.93992606284658,0,0.4006764933197782,83.8948336414048,161.0637707948244,1.767097966728281,0.3798521256931608,0.05207865260112362
13.227848101265824,38.59173274322317,28.93992606284658,0,0.4006764933197782,83.8948336414048,161.0637707948244,1.767097966728281,0.3798521256931608,0.053026743729018014
13.417721518987342,38.59173274322317,28.93992606284658,0,0.4006764933197782,83.8948336414048,161.0637707948244,1.767097966728281,0.3798521256931608,0.053923265390055194
13.60759493670886,38.59173274322317,28.93992606284658,0,0.4006764933197782,83.8948336414048,161.0637707948244,1.767097966728281,0.3798521256931608,0.054761767298888445
13.79746835443038,38.59173274322317,28.93992606284658,0,0.4006764933197782,83.8948336414048,161.0637707948244,1.767097966728281,0.3798521256931608,0.05553577457101336
13.987341772151899,38.59173274322317,28.93992606284658,0,0.4006764933197782,83.8948336414048,161.0637707948244,1.767097966728281,0.3798521256931608,0.05623884170877937
14.177215189873419,38.59173274322317,28.93992606284658,0,0.4006764933197782,83.8948336414048,161.0637707948244,1.767097966728281,0.3798521256931608,0.0568646105408104
14.367088607594937,38.59173274322317,28.93992606284658,0,0.4006764933197782,83.8948336414048,161.0637707948244,1.767097966728281,0.3798521256931608,0.0574068717012615
14.556962025316455,38.59173274322317,28.93992606284658,0,0.4006764933197782,83.8948336414048,161.0637707948244,1.767097966728281,0.3798521256931608,0.05785962915013382
14.746835443037975,38.59173274322317,28.93992606284658,0,0.4006764933197782,83.8948336414048,161.0637707948244,1.767097966728281,0.3798521256931608,0.05821716714985773
14.936708860759495,38.59173274322317,28.93992606284658,0,0.4006764933197782,83.8948336414048,161.0637707948244,1.767097966728281,0.3798521256931608,0.05847411902733209
15.126582278481013,38.59173274322317,28.93992606284658,0,0.4006764933197782,83.8948336414048,161.0637707948244,1.767097966728281,0.3798521256931608,0.058625536965409814
15.316455696202532,38.59173274322317,28.93992606284658,0,0.4006764933197782,83.8948336414048,161.0637707948244,1.767097966728281,0.3798521256931608,0.05866696198442197
15.50632911392405,38.59173274322317,28.93992606284658,0,0.4006764933197782,83.8948336414048,161.0637707948244,1.767097966728281,0.3798521256931608,0.0585944932854589
15.69620253164557,38.59173274322317,28.93992606284658,0,0.4006764933197782,83.8948336414048,161.0637707948244,1.767097966728281,0.3798521256931608,0.05840757551286496
15.88607594936709,38.59173274322317,28.93992606284658,0,0.4006764933197782,83.8948336414048,161.0637707948244,1.767097966728281,0.3798521256931608,0.05811608886921295
16.075949367088608,38.59173274322317,28.93992606284658,0,0.4006764933197782,83.8948336414048,161.0637707948244,1.767097966728281,0.3798521256931608,0.05773250911402594
16.265822784810126,38.59173274322317,28.93992606284658,0,0.4006764933197782,83.8948336414048,161.0637707948244,1.767097966728281,0.3798521256931608,0.05726948598850746
16.455696202531648,38.59173274322317,28.93992606284658,0,0.4006764933197782,83.8948336414048,161.0637707948244,1.767097966728281,0.3798521256931608,0.056739679490690795
16.645569620253166,38.59173274322317,28.93992606284658,0,0.4006764933197782,83.8948336414048,161.0637707948244,1.767097966728281,0.3798521256931608,0.056155619092922354
16.835443037974684,38.59173274322317,28.93992606284658,0,0.4006764933197782,83.8948336414048,161.0637707948244,1.767097966728281,0.3798521256931608,0.05552958655475588
17.025316455696203,38.59173274322317,28.93992606284658,0,0.4006764933197782,83.8948336414048,161.0637707948244,1.767097966728281,0.3798521256931608,0.054873522412840194
17.21518987341772,38.59173274322317,28.93992606284658,0,0.4006764933197782,83.8948336414048,161.0637707948244,1.767097966728281,0.3798521256931608,0.054198955753758105
17.405063291139243,38.59173274322317,28.93992606284658,0,0.4006764933197782,83.8948336414048,161.0637707948244,1.767097966728281,0.3798521256931608,0.05351695649787993
17.59493670886076,38.59173274322317,28.93992606284658,0,0.4006764933197782,83.8948336414048,161.0637707948244,1.767097966728281,0.3798521256931608,0.05283810914194194
17.78481012658228,38.59173274322317,28.93992606284658,0,0.4006764933197782,83.8948336414048,161.0637707948244,1.767097966728281,0.3798521256931608,0.05217250672325189
17.974683544303797,38.59173274322317,28.93992606284658,0,0.4006764933197782,83.8948336414048,161.0637707948244,1.767097966728281,0.3798521256931608,0.05152976367564648
18.164556962025316,38.59173274322317,28.93992606284658,0,0.4006764933197782,83.8948336414048,161.0637707948244,1.767097966728281,0.3798521256931608,0.05091904624197946
18.354430379746837,38.59173274322317,28.93992606284658,0,0.4006764933197782,83.8948336414048,161.0637707948244,1.767097966728281,0.3798521256931608,0.05034911918465963
18.544303797468356,38.59173274322317,28.93992606284658,0,0.4006764933197782,83.8948336414048,161.0637707948244,1.767097966728281,0.3798521256931608,0.049828407689058496
18.734177215189874,38.59173274322317,28.93992606284658,0,0.4006764933197782,83.8948336414048,161.0637707948244,1.767097966728281,0.3798521256931608,0.04936507357926794
18.924050632911396,38.59173274322317,28.93992606284658,0,0.4006764933197782,83.8948336414048,161.0637707948244,1.767097966728281,0.3798521256931608,0.04896710525734451
19.11392405063291,38.59173274322317,28.93992606284658,0,0.4006764933197782,83.8948336414048,161.0637707948244,1.767097966728281,0.3798521256931608,0.04864242113294001
19.303797468354432,38.59173274322317,28.93992606284658,0,0.4006764933197782,83.8948336414048,161.0637707948244,1.767097966728281,0.3798521256931608,0.048398986729109104
19.49367088607595,38.59173274322317,28.93992606284658,0,0.4006764933197782,83.8948336414048,161.0637707948244,1.767097966728281,0.3798521256931608,0.04824494613367762
19.68354430379747,38.59173274322317,28.93992606284658,0,0.4006764933197782,83.8948336414048,161.0637707948244,1.767097966728281,0.3798521256931608,0.048188769018341626
19.87341772151899,38.59173274322317,28.93992606284658,0,0.4006764933197782,83.8948336414048,161.0637707948244,1.767097966728281,0.3798521256931608,0.04823941507767347
20.063291139240505,38.59173274322317,28.93992606284658,0,0.4006764933197782,83.8948336414048,161.0637707948244,1.767097966728281,0.3798521256931608,0.048406401983019556
20.253164556962027,38.59173274322317,28.93992606284658,0,0.4006764933197782,83.8948336414048,161.0637707948244,1.767097966728281,0.3798521256931608,0.04869309866868488
20.443037974683545,38.59173274322317,28.93992606284658,0,0.4006764933197782,83.8948336414048,161.0637707948244,1.767097966728281,0.3798521256931608,0.049092776263542325
20.632911392405063,38.59173274322317,28.93992606284658,0,0.4006764933197782,83.8948336414048,161.0637707948244,1.767097966728281,0.3798521256931608,0.04959826416228436
20.822784810126585,38.59173274322317,28.93992606284658,0,0.4006764933197782,83.8948336414048,161.0637707948244,1.767097966728281,0.3798521256931608,0.050202697135837845
21.0126582278481,38.59173274322317,28.93992606284658,0,0.4006764933197782,83.8948336414048,161.0637707948244,1.767097966728281,0.3798521256931608,0.05089934865175009
21.20253164556962,38.59173274322317,28.93992606284658,0,0.4006764933197782,83.8948336414048,161.0637707948244,1.767097966728281,0.3798521256931608,0.05168147706402654
21.39240506329114,38.59173274322317,28.93992606284658,0,0.4006764933197782,83.8948336414048,161.0637707948244,1.767097966728281,0.3798521256931608,0.05254218328584035
21.582278481012658,38.59173274322317,28.93992606284658,0,0.4006764933197782,83.8948336414048,161.0637707948244,1.767097966728281,0.3798521256931608,0.053474279209548455
21.77215189873418,38.59173274322317,28.93992606284658,0,0.4006764933197782,83.8948336414048,161.0637707948244,1.767097966728281,0.3798521256931608,0.05447016673023456
21.962025316455698,38.59173274322317,28.93992606284658,0,0.4006764933197782,83.8948336414048,161.0637707948244,1.767097966728281,0.3798521256931608,0.055521727766835734
22.151898734177216,38.59173274322317,28.93992606284658,0,0.4006764933197782,83.8948336414048,161.0637707948244,1.767097966728281,0.3798521256931608,0.05662022616001062
22.341772151898734,38.59173274322317,28.93992606284658,0,0.4006764933197782,83.8948336414048,161.0637707948244,1.767097966728281,0.3798521256931608,0.05775622275594666
22.531645569620252,38.59173274322317,28.93992606284658,0,0.4006764933197782,83.8948336414048,161.0637707948244,1.767097966728281,0.3798521256931608,0.05891950535497171
22.721518987341774,38.59173274322317,28.93992606284658,0,0.4006764933197782,83.8948336414048,161.0637707948244,1.767097966728281,0.3798521256931608,0.060099035505566084
22.911392405063292,38.59173274322317,28.93992606284658,0,0.4006764933197782,83.8948336414048,161.0637707948244,1.767097966728281,0.3798521256931608,0.06128291434901859
23.10126582278481,38.59173274322317,28.93992606284658,0,0.4006764933197782,83.8948336414048,161.0637707948244,1.767097966728281,0.3798521256931608,0.06245836985764271
23.291139240506332,38.59173274322317,28.93992606284658,0,0.4006764933197782,83.8948336414048,161.0637707948244,1.767097966728281,0.3798521256931608,0.06361176785033738
23.481012658227847,38.59173274322317,28.93992606284658,0,0.4006764933197782,83.8948336414048,161.0637707948244,1.767097966728281,0.3798521256931608,0.06472864910432959
23.67088607594937,38.59173274322317,28.93992606284658,0,0.4006764933197782,83.8948336414048,161.0637707948244,1.767097966728281,0.3798521256931608,0.06579379470372393
23.860759493670887,38.59173274322317,28.93992606284658,0,0.4006764933197782,83.8948336414048,161.0637707948244,1.767097966728281,0.3798521256931608,0.06679132146858753
24.050632911392405,38.59173274322317,28.93992606284658,0,0.4006764933197782,83.8948336414048,161.0637707948244,1.767097966728281,0.3798521256931608,0.06770480888976078
24.240506329113927,38.59173274322317,28.93992606284658,0,0.4006764933197782,83.8948336414048,161.0637707948244,1.767097966728281,0.3798521256931608,0.06851745845390912
24.430379746835442,38.59173274322317,28.93992606284658,0,0.4006764933197782,83.8948336414048,161.0637707948244,1.767097966728281,0.3798521256931608,0.06921228558247387
24.620253164556964,38.59173274322317,28.93992606284658,0,0.4006764933197782,83.8948336414048,161.0637707948244,1.767097966728281,0.3798521256931608,0.06977380696870811
24.810126582278482,38.59173274322317,28.93992606284658,0,0.4006764933197782,83.8948336414048,161.0637707948244,1.767097966728281,0.3798521256931608,0.07020621826894301
25.0,38.59173274322317,28.93992606284658,0,0.4006764933197782,83.8948336414048,161.0637707948244,1.767097966728281,0.3798521256931608,0.07052827747537707
10.0,38.75659765889853,28.93992606284658,0,0.4006764933197782,83.8948336414048,161.0637707948244,1.767097966728281,0.3798521256931608,0.04015523074332782
10.189873417721518,38.75659765889853,28.93992606284658,0,0.4006764933197782,83.8948336414048,161.0637707948244,1.767097966728281,0.3798521256931608,0.04015523074332782
10.379746835443038,38.75659765889853,28.93992606284658,0,0.4006764933197782,83.8948336414048,161.0637707948244,1.767097966728281,0.3798521256931608,0.04015523074332782
10.569620253164556,38.75659765889853,28.93992606284658,0,0.4006764933197782,83.8948336414048,161.0637707948244,1.767097966728281,0.3798521256931608,0.04015523074332782
10.759493670886076,38.75659765889853,28.93992606284658,0,0.4006764933197782,83.8948336414048,161.0637707948244,1.767097966728281,0.3798521256931608,0.04015523074332782
10.949367088607595,38.75659765889853,28.93992606284658,0,0.4006764933197782,83.8948336414048,161.0637707948244,1.767097966728281,0.3798521256931608,0.04015523074332782
11.139240506329115,38.75659765889853,28.93992606284658,0,0.4006764933197782,83.8948336414048,161.0637707948244,1.767097966728281,0.3798521256931608,0.04099068465008445
11.329113924050633,38.75659765889853,28.93992606284658,0,0.4006764933197782,83.8948336414048,161.0637707948244,1.767097966728281,0.3798521256931608,0.04213546360689204
11.518987341772153,38.75659765889853,28.93992606284658,0,0.4006764933197782,83.8948336414048,161.0637707948244,1.767097966728281,0.3798521256931608,0.043283018712675314
11.708860759493671,38.75659765889853,28.93992606284658,0,0.4006764933197782,83.8948336414048,161.0637707948244,1.767097966728281,0.3798521256931608,0.04442910778510574
11.89873417721519,38.75659765889853,28.93992606284658,0,0.4006764933197782,83.8948336414048,161.0637707948244,1.767097966728281,0.3798521256931608,0.04556917839236172
12.08860759493671,38.75659765889853,28.93992606284658,0,0.4006764933197782,83.8948336414048,161.0637707948244,1.767097966728281,0.3798521256931608,0.04669837647810567
12.278481012658228,38.75659765889853,28.93992606284658,0,0.4006764933197782,83.8948336414048,161.0637707948244,1.767097966728281,0.3798521256931608,0.04781155906536472
12.468354430379748,38.75659765889853,28.93992606284658,0,0.4006764933197782,83.8948336414048,161.0637707948244,1.767097966728281,0.3798521256931608,0.04890331127395584
12.658227848101266,38.75659765889853,28.93992606284658,0,0.4006764933197782,83.8948336414048,161.0637707948244,1.767097966728281,0.3798521256931608,0.049967967846208376
12.848101265822784,38.75659765889853,28.93992606284658,0,0.4006764933197782,83.8948336414048,161.0637707948244,1.767097966728281,0.3798521256931608,0.05099963932903064
13.037974683544304,38.75659765889853,28.93992606284658,0,0.4006764933197782,83.8948336414048,161.0637707948244,1.767097966728281,0.3798521256931608,0.05199224300713741
13.227848101265824,38.75659765889853,28.93992606284658,0,0.4006764933197782,83.8948336414048,161.0637707948244,1.767097966728281,0.3798521256931608,0.05293953862293889
13.417721518987342,38.75659765889853,28.93992606284658,0,0.4006764933197782,83.8948336414048,161.0637707948244,1.767097966728281,0.3798521256931608,0.053835168853697234
13.60759493670886,38.75659765889853,28.93992606284658,0,0.4006764933197782,83.8948336414048,161.0637707948244,1.767097966728281,0.3798521256931608,0.05467270444669837
13.79746835443038,38.75659765889853,28.93992606284658,0,0.4006764933197782,83.8948336414048,161.0637707948244,1.767097966728281,0.3798521256931608,0.05544569383902148
13.987341772151899,38.75659765889853,28.93992606284658,0,0.4006764933197782,83.8948336414048,161.0637707948244,1.767097966728281,0.3798521256931608,0.056147717010712854
14.177215189873419,38.75659765889853,28.93992606284658,0,0.4006764933197782,83.8948336414048,161.0637707948244,1.767097966728281,0.3798521256931608,0.056772443239508016
14.367088607594937,38.75659765889853,28.93992606284658,0,0.4006764933197782,83.8948336414048,161.0637707948244,1.767097966728281,0.3798521256931608,0.05731369234240464
14.556962025316455,38.75659765889853,28.93992606284658,0,0.4006764933197782,83.8948336414048,161.0637707948244,1.767097966728281,0.3798521256931608,0.05776549890511508
14.746835443037975,38.75659765889853,28.93992606284658,0,0.4006764933197782,83.8948336414048,161.0637707948244,1.767097966728281,0.3798521256931608,0.05812217891543382
14.936708860759495,38.75659765889853,28.93992606284658,0,0.4006764933197782,83.8948336414048,161.0637707948244,1.767097966728281,0.3798521256931608,0.05837839813163353
15.126582278481013,38.75659765889853,28.93992606284658,0,0.4006764933197782,83.8948336414048,161.0637707948244,1.767097966728281,0.3798521256931608,0.05852924143298307
15.316455696202532,38.75659765889853,28.93992606284658,0,0.4006764933197782,83.8948336414048,161.0637707948244,1.767097966728281,0.3798521256931608,0.05857028231731584
15.50632911392405,38.75659765889853,28.93992606284658,0,0.4006764933197782,83.8948336414048,161.0637707948244,1.767097966728281,0.3798521256931608,0.05849765172268595
15.69620253164557,38.75659765889853,28.93992606284658,0,0.4006764933197782,83.8948336414048,161.0637707948244,1.767097966728281,0.3798521256931608,0.05831081538814132
15.88607594936709,38.75659765889853,28.93992606284658,0,0.4006764933197782,83.8948336414048,161.0637707948244,1.767097966728281,0.3798521256931608,0.05801963917923646
16.075949367088608,38.75659765889853,28.93992606284658,0,0.4006764933197782,83.8948336414048,161.0637707948244,1.767097966728281,0.3798521256931608,0.05763657563274566
16.265822784810126,38.75659765889853,28.93992606284658,0,0.4006764933197782,83.8948336414048,161.0637707948244,1.767097966728281,0.3798521256931608,0.057174250477416554
16.455696202531648,38.75659765889853,28.93992606284658,0,0.4006764933197782,83.8948336414048,161.0637707948244,1.767097966728281,0.3798521256931608,0.05664529929721688
16.645569620253166,38.75659765889853,28.93992606284658,0,0.4006764933197782,83.8948336414048,161.0637707948244,1.767097966728281,0.3798521256931608,0.05606222709329006
16.835443037974684,38.75659765889853,28.93992606284658,0,0.4006764933197782,83.8948336414048,161.0637707948244,1.767097966728281,0.3798521256931608,0.055437291394880024
17.025316455696203,38.75659765889853,28.93992606284658,0,0.4006764933197782,83.8948336414048,161.0637707948244,1.767097966728281,0.3798521256931608,0.054782408999260394
17.21518987341772,38.75659765889853,28.93992606284658,0,0.4006764933197782,83.8948336414048,161.0637707948244,1.767097966728281,0.3798521256931608,0.05410908594618446
17.405063291139243,38.75659765889853,28.93992606284658,0,0.4006764933197782,83.8948336414048,161.0637707948244,1.767097966728281,0.3798521256931608,0.053428369955448744
17.59493670886076,38.75659765889853,28.93992606284658,0,0.4006764933197782,83.8948336414048,161.0637707948244,1.767097966728281,0.3798521256931608,0.052750824276610125
17.78481012658228,38.75659765889853,28.93992606284658,0,0.4006764933197782,83.8948336414048,161.0637707948244,1.767097966728281,0.3798521256931608,0.052086521715715796
17.974683544303797,38.75659765889853,28.93992606284658,0,0.4006764933197782,83.8948336414048,161.0637707948244,1.767097966728281,0.3798521256931608,0.0514450575115901
18.164556962025316,38.75659765889853,28.93992606284658,0,0.4006764933197782,83.8948336414048,161.0637707948244,1.767097966728281,0.3798521256931608,0.05083557972914523
18.354430379746837,38.75659765889853,28.93992606284658,0,0.4006764933197782,83.8948336414048,161.0637707948244,1.767097966728281,0.3798521256931608,0.050266835914024
18.544303797468356,38.75659765889853,28.93992606284658,0,0.4006764933197782,83.8948336414048,161.0637707948244,1.767097966728281,0.3798521256931608,0.04974723490610571
18.734177215189874,38.75659765889853,28.93992606284658,0,0.4006764933197782,83.8948336414048,161.0637707948244,1.767097966728281,0.3798521256931608,0.049284922933819524
18.924050632911396,38.75659765889853,28.93992606284658,0,0.4006764933197782,83.8948336414048,161.0637707948244,1.767097966728281,0.3798521256931608,0.0488878734024653
19.11392405063291,38.75659765889853,28.93992606284658,0,0.4006764933197782,83.8948336414048,161.0637707948244,1.767097966728281,0.3798521256931608,0.04856399014494678
19.303797468354432,38.75659765889853,28.93992606284658,0,0.4006764933197782,83.8948336414048,161.0637707948244,1.767097966728281,0.3798521256931608,0.048321224321524664
19.49367088607595,38.75659765889853,28.93992606284658,0,0.4006764933197782,83.8948336414048,161.0637707948244,1.767097966728281,0.3798521256931608,0.04816770563795794
19.68354430379747,38.75659765889853,28.93992606284658,0,0.4006764933197782,83.8948336414048,161.0637707948244,1.767097966728281,0.3798521256931608,0.04811188910323696
19.87341772151899,38.75659765889853,28.93992606284658,0,0.4006764933197782,83.8948336414048,161.0637707948244,1.767097966728281,0.3798521256931608,0.04816271917703299
20.063291139240505,38.75659765889853,28.93992606284658,0,0.4006764933197782,83.8948336414048,161.0637707948244,1.767097966728281,0.3798521256931608,0.04832969759940724
20.253164556962027,38.75659765889853,28.93992606284658,0,0.4006764933197782,83.8948336414048,161.0637707948244,1.767097966728281,0.3798521256931608,0.04861618819555486
20.443037974683545,38.75659765889853,28.93992606284658,0,0.4006764933197782,83.8948336414048,161.0637707948244,1.767097966728281,0.3798521256931608,0.04901547438366436
20.632911392405063,38.75659765889853,28.93992606284658,0,0.4006764933197782,83.8948336414048,161.0637707948244,1.767097966728281,0.3798521256931608,0.04952039845792551
20.822784810126585,38.75659765889853,28.93992606284658,0,0.4006764933197782,83.8948336414048,161.0637707948244,1.767097966728281,0.3798521256931608,0.05012410739351773
21.0126582278481,38.75659765889853,28.93992606284658,0,0.4006764933197782,83.8948336414048,161.0637707948244,1.767097966728281,0.3798521256931608,0.05081988643966281
21.20253164556962,38.75659765889853,28.93992606284658,0,0.4006764933197782,83.8948336414048,161.0637707948244,1.767097966728281,0.3798521256931608,0.05160100555744226
21.39240506329114,38.75659765889853,28.93992606284658,0,0.4006764933197782,83.8948336414048,161.0637707948244,1.767097966728281,0.3798521256931608,0.05246057731824246
21.582278481012658,38.75659765889853,28.93992606284658,0,0.4006764933197782,83.8948336414048,161.0637707948244,1.767097966728281,0.3798521256931608,0.053391425528754
21.77215189873418,38.75659765889853,28.93992606284658,0,0.4006764933197782,83.8948336414048,161.0637707948244,1.767097966728281,0.3798521256931608,0.05438596443940525
21.962025316455698,38.75659765889853,28.93992606284658,0,0.4006764933197782,83.8948336414048,161.0637707948244,1.767097966728281,0.3798521256931608,0.055436088930209966
22.151898734177216,38.75659765889853,28.93992606284658,0,0.4006764933197782,83.8948336414048,161.0637707948244,1.767097966728281,0.3798521256931608,0.05653307655249524
22.341772151898734,38.75659765889853,28.93992606284658,0,0.4006764933197782,83.8948336414048,161.0637707948244,1.767097966728281,0.3798521256931608,0.057667502734497486
22.531645569620252,38.75659765889853,28.93992606284658,0,0.4006764933197782,83.8948336414048,161.0637707948244,1.767097966728281,0.3798521256931608,0.058829170828092796
22.721518987341774,38.75659765889853,28.93992606284658,0,0.4006764933197782,83.8948336414048,161.0637707948244,1.767097966728281,0.3798521256931608,0.060007058975382055
22.911392405063292,38.75659765889853,28.93992606284658,0,0.4006764933197782,83.8948336414048,161.0637707948244,1.767097966728281,0.3798521256931608,0.061189285998348546
23.10126582278481,38.75659765889853,28.93992606284658,0,0.4006764933197782,83.8948336414048,161.0637707948244,1.767097966728281,0.3798521256931608,0.06236309865244428
23.291139240506332,38.75659765889853,28.93992606284658,0,0.4006764933197782,83.8948336414048,161.0637707948244,1.767097966728281,0.3798521256931608,0.06351488262591498
23.481012658227847,38.75659765889853,28.93992606284658,0,0.4006764933197782,83.8948336414048,161.0637707948244,1.767097966728281,0.3798521256931608,0.06463019960191398
23.67088607594937,38.75659765889853,28.93992606284658,0,0.4006764933197782,83.8948336414048,161.0637707948244,1.767097966728281,0.3798521256931608,0.06569385252251848
23.860759493670887,38.75659765889853,28.93992606284658,0,0.4006764933197782,83.8948336414048,161.0637707948244,1.767097966728281,0.3798521256931608,0.06668998089720964
24.050632911392405,38.75659765889853,28.93992606284658,0,0.4006764933197782,83.8948336414048,161.0637707948244,1.767097966728281,0.3798521256931608,0.06760218758023508
24.240506329113927,38.75659765889853,28.93992606284658,0,0.4006764933197782,83.8948336414048,161.0637707948244,1.767097966728281,0.3798521256931608,0.06841369790100972
24.430379746835442,38.75659765889853,28.93992606284658,0,0.4006764933197782,83.8948336414048,161.0637707948244,1.767097966728281,0.3798521256931608,0.0691075513712868
24.620253164556964,38.75659765889853,28.93992606284658,0,0.4006764933197782,83.8948336414048,161.0637707948244,1.767097966728281,0.3798521256931608,0.06966828665543519
24.810126582278482,38.75659765889853,28.93992606284658,0,0.4006764933197782,83.8948336414048,161.0637707948244,1.767097966728281,0.3798521256931608,0.07010009329147981
25.0,38.75659765889853,28.93992606284658,0,0.4006764933197782,83.8948336414048,161.0637707948244,1.767097966728281,0.3798521256931608,0.07042170253952644
10.0,38.921462574573894,28.93992606284658,0,0.4006764933197782,83.8948336414048,161.0637707948244,1.767097966728281,0.3798521256931608,0.04012698659220943
10.189873417721518,38.921462574573894,28.93992606284658,0,0.4006764933197782,83.8948336414048,161.0637707948244,1.767097966728281,0.3798521256931608,0.04012698659220943
10.379746835443038,38.921462574573894,28.93992606284658,0,0.4006764933197782,83.8948336414048,161.0637707948244,1.767097966728281,0.3798521256931608,0.04012698659220943
10.569620253164556,38.921462574573894,28.93992606284658,0,0.4006764933197782,83.8948336414048,161.0637707948244,1.767097966728281,0.3798521256931608,0.04012698659220943
10.759493670886076,38.921462574573894,28.93992606284658,0,0.4006764933197782,83.8948336414048,161.0637707948244,1.767097966728281,0.3798521256931608,0.04012698659220943
10.949367088607595,38.921462574573894,28.93992606284658,0,0.4006764933197782,83.8948336414048,161.0637707948244,1.767097966728281,0.3798521256931608,0.04012698659220943
11.139240506329115,38.921462574573894,28.93992606284658,0,0.4006764933197782,83.8948336414048,161.0637707948244,1.767097966728281,0.3798521256931608,0.04096386092963779
11.329113924050633,38.921462574573894,28.93992606284658,0,0.4006764933197782,83.8948336414048,161.0637707948244,1.767097966728281,0.3798521256931608,0.04211045300416388
11.518987341772153,38.921462574573894,28.93992606284658,0,0.4006764933197782,83.8948336414048,161.0637707948244,1.767097966728281,0.3798521256931608,0.04325967379674214
11.708860759493671,38.921462574573894,28.93992606284658,0,0.4006764933197782,83.8948336414048,161.0637707948244,1.767097966728281,0.3798521256931608,0.04440727684869067
11.89873417721519,38.921462574573894,28.93992606284658,0,0.4006764933197782,83.8948336414048,161.0637707948244,1.767097966728281,0.3798521256931608,0.0455487063805966
12.08860759493671,38.921462574573894,28.93992606284658,0,0.4006764933197782,83.8948336414048,161.0637707948244,1.767097966728281,0.3798521256931608,0.046679106086940425
12.278481012658228,38.921462574573894,28.93992606284658,0,0.4006764933197782,83.8948336414048,161.0637707948244,1.767097966728281,0.3798521256931608,0.047793332002487546
12.468354430379748,38.921462574573894,28.93992606284658,0,0.4006764933197782,83.8948336414048,161.0637707948244,1.767097966728281,0.3798521256931608,0.04888596967150061
12.658227848101266,38.921462574573894,28.93992606284658,0,0.4006764933197782,83.8948336414048,161.0637707948244,1.767097966728281,0.3798521256931608,0.04995135581078004
12.848101265822784,38.921462574573894,28.93992606284658,0,0.4006764933197782,83.8948336414048,161.0637707948244,1.767097966728281,0.3798521256931608,0.050983604610756385
13.037974683544304,38.921462574573894,28.93992606284658,0,0.4006764933197782,83.8948336414048,161.0637707948244,1.767097966728281,0.3798521256931608,0.05197663876563205
13.227848101265824,38.921462574573894,28.93992606284658,0,0.4006764933197782,83.8948336414048,161.0637707948244,1.767097966728281,0.3798521256931608,0.05292422526435698
13.417721518987342,38.921462574573894,28.93992606284658,0,0.4006764933197782,83.8948336414048,161.0637707948244,1.767097966728281,0.3798521256931608,0.05382001590951815
13.60759493670886,38.921462574573894,28.93992606284658,0,0.4006764933197782,83.8948336414048,161.0637707948244,1.767097966728281,0.3798521256931608,0.054657592461656475
13.79746835443038,38.921462574573894,28.93992606284658,0,0.4006764933197782,83.8948336414048,161.0637707948244,1.767097966728281,0.3798521256931608,0.05543051623275066
13.987341772151899,38.921462574573894,28.93992606284658,0,0.4006764933197782,83.8948336414048,161.0637707948244,1.767097966728281,0.3798521256931608,0.05613238187531043
14.177215189873419,38.921462574573894,28.93992606284658,0,0.4006764933197782,83.8948336414048,161.0637707948244,1.767097966728281,0.3798521256931608,0.05675687503343794
14.367088607594937,38.921462574573894,28.93992606284658,0,0.4006764933197782,83.8948336414048,161.0637707948244,1.767097966728281,0.3798521256931608,0.057297833440031
14.556962025316455,38.921462574573894,28.93992606284658,0,0.4006764933197782,83.8948336414048,161.0637707948244,1.767097966728281,0.3798521256931608,0.057749310960765084
14.746835443037975,38.921462574573894,28.93992606284658,0,0.4006764933197782,83.8948336414048,161.0637707948244,1.767097966728281,0.3798521256931608,0.05810564400130989
14.936708860759495,38.921462574573894,28.93992606284658,0,0.4006764933197782,83.8948336414048,161.0637707948244,1.767097966728281,0.3798521256931608,0.05836151961018167
15.126582278481013,38.921462574573894,28.93992606284658,0,0.4006764933197782,83.8948336414048,161.0637707948244,1.767097966728281,0.3798521256931608,0.058512044526538715
15.316455696202532,38.921462574573894,28.93992606284658,0,0.4006764933197782,83.8948336414048,161.0637707948244,1.767097966728281,0.3798521256931608,0.05855281434102787
15.50632911392405,38.921462574573894,28.93992606284658,0,0.4006764933197782,83.8948336414048,161.0637707948244,1.767097966728281,0.3798521256931608,0.0584799819507398
15.69620253164557,38.921462574573894,28.93992606284658,0,0.4006764933197782,83.8948336414048,161.0637707948244,1.767097966728281,0.3798521256931608,0.05829302959858865
15.88607594936709,38.921462574573894,28.93992606284658,0,0.4006764933197782,83.8948336414048,161.0637707948244,1.767097966728281,0.3798521256931608,0.05800182101618916
16.075949367088608,38.921462574573894,28.93992606284658,0,0.4006764933197782,83.8948336414048,161.0637707948244,1.767097966728281,0.3798521256931608,0.05761880188400201
16.265822784810126,38.921462574573894,28.93992606284658,0,0.4006764933197782,83.8948336414048,161.0637707948244,1.767097966728281,0.3798521256931608,0.05715659058518491
16.455696202531648,38.921462574573894,28.93992606284658,0,0.4006764933197782,83.8948336414048,161.0637707948244,1.767097966728281,0.3798521256931608,0.056627815047937104
16.645569620253166,38.921462574573894,28.93992606284658,0,0.4006764933197782,83.8948336414048,161.0637707948244,1.767097966728281,0.3798521256931608,0.05604497246926736
16.835443037974684,38.921462574573894,28.93992606284658,0,0.4006764933197782,83.8948336414048,161.0637707948244,1.767097966728281,0.3798521256931608,0.055420312568544065
17.025316455696203,38.921462574573894,28.93992606284658,0,0.4006764933197782,83.8948336414048,161.0637707948244,1.767097966728281,0.3798521256931608,0.054765744449720134
17.21518987341772,38.921462574573894,28.93992606284658,0,0.4006764933197782,83.8948336414048,161.0637707948244,1.767097966728281,0.3798521256931608,0.054092766677285534
17.405063291139243,38.921462574573894,28.93992606284658,0,0.4006764933197782,83.8948336414048,161.0637707948244,1.767097966728281,0.3798521256931608,0.05341241979465051
17.59493670886076,38.921462574573894,28.93992606284658,0,0.4006764933197782,83.8948336414048,161.0637707948244,1.767097966728281,0.3798521256931608,0.052735260234590645
17.78481012658228,38.921462574573894,28.93992606284658,0,0.4006764933197782,83.8948336414048,161.0637707948244,1.767097966728281,0.3798521256931608,0.05207135438758571
17.974683544303797,38.921462574573894,28.93992606284658,0,0.4006764933197782,83.8948336414048,161.0637707948244,1.767097966728281,0.3798521256931608,0.05143029150183915
18.164556962025316,38.921462574573894,28.93992606284658,0,0.4006764933197782,83.8948336414048,161.0637707948244,1.767097966728281,0.3798521256931608,0.050821214083871746
18.354430379746837,38.921462574573894,28.93992606284658,0,0.4006764933197782,83.8948336414048,161.0637707948244,1.767097966728281,0.3798521256931608,0.050252864545501735
18.544303797468356,38.921462574573894,28.93992606284658,0,0.4006764933197782,83.8948336414048,161.0637707948244,1.767097966728281,0.3798521256931608,0.049733646996242546
18.734177215189874,38.921462574573894,28.93992606284658,0,0.4006764933197782,83.8948336414048,161.0637707948244,1.767097966728281,0.3798521256931608,0.04927170330446938
18.924050632911396,38.921462574573894,28.93992606284658,0,0.4006764933197782,83.8948336414048,161.0637707948244,1.767097966728281,0.3798521256931608,0.04887500284180282
19.11392405063291,38.921462574573894,28.93992606284658,0,0.4006764933197782,83.8948336414048,161.0637707948244,1.767097966728281,0.3798521256931608,0.04855144568012486
19.303797468354432,38.921462574573894,28.93992606284658,0,0.4006764933197782,83.8948336414048,161.0637707948244,1.767097966728281,0.3798521256931608,0.048308979428556706
19.49367088607595,38.921462574573894,28.93992606284658,0,0.4006764933197782,83.8948336414048,161.0637707948244,1.767097966728281,0.3798521256931608,0.04815573038013197
19.68354430379747,38.921462574573894,28.93992606284658,0,0.4006764933197782,83.8948336414048,161.0637707948244,1.767097966728281,0.3798521256931608,0.04810015018933259
19.87341772151899,38.921462574573894,28.93992606284658,0,0.4006764933197782,83.8948336414048,161.0637707948244,1.767097966728281,0.3798521256931608,0.048151179930105786
20.063291139240505,38.921462574573894,28.93992606284658,0,0.4006764933197782,83.8948336414048,161.0637707948244,1.767097966728281,0.3798521256931608,0.04831831787264826
20.253164556962027,38.921462574573894,28.93992606284658,0,0.4006764933197782,83.8948336414048,161.0637707948244,1.767097966728281,0.3798521256931608,0.048604926925523456
20.443037974683545,38.921462574573894,28.93992606284658,0,0.4006764933197782,83.8948336414048,161.0637707948244,1.767097966728281,0.3798521256931608,0.04900429354962651
20.632911392405063,38.921462574573894,28.93992606284658,0,0.4006764933197782,83.8948336414048,161.0637707948244,1.767097966728281,0.3798521256931608,0.049509263073537445
20.822784810126585,38.921462574573894,28.93992606284658,0,0.4006764933197782,83.8948336414048,161.0637707948244,1.767097966728281,0.3798521256931608,0.05011298520070638
21.0126582278481,38.921462574573894,28.93992606284658,0,0.4006764933197782,83.8948336414048,161.0637707948244,1.767097966728281,0.3798521256931608,0.05080874767222677
21.20253164556962,38.921462574573894,28.93992606284658,0,0.4006764933197782,83.8948336414048,161.0637707948244,1.767097966728281,0.3798521256931608,0.051589822766822405
21.39240506329114,38.921462574573894,28.93992606284658,0,0.4006764933197782,83.8948336414048,161.0637707948244,1.767097966728281,0.3798521256931608,0.052449325255113095
21.582278481012658,38.921462574573894,28.93992606284658,0,0.4006764933197782,83.8948336414048,161.0637707948244,1.767097966728281,0.3798521256931608,0.053380081074994444
21.77215189873418,38.921462574573894,28.93992606284658,0,0.4006764933197782,83.8948336414048,161.0637707948244,1.767097966728281,0.3798521256931608,0.05437450658565093
21.962025316455698,38.921462574573894,28.93992606284658,0,0.4006764933197782,83.8948336414048,161.0637707948244,1.767097966728281,0.3798521256931608,0.055424498794596475
22.151898734177216,38.921462574573894,28.93992606284658,0,0.4006764933197782,83.8948336414048,161.0637707948244,1.767097966728281,0.3798521256931608,0.056521337436416595
22.341772151898734,38.921462574573894,28.93992606284658,0,0.4006764933197782,83.8948336414048,161.0637707948244,1.767097966728281,0.3798521256931608,0.05765560021123061
22.531645569620252,38.921462574573894,28.93992606284658,0,0.4006764933197782,83.8948336414048,161.0637707948244,1.767097966728281,0.3798521256931608,0.05881709286001997
22.721518987341774,38.921462574573894,28.93992606284658,0,0.4006764933197782,83.8948336414048,161.0637707948244,1.767097966728281,0.3798521256931608,0.059994796055293356
22.911392405063292,38.921462574573894,28.93992606284658,0,0.4006764933197782,83.8948336414048,161.0637707948244,1.767097966728281,0.3798521256931608,0.061176831309954424
23.10126582278481,38.921462574573894,28.93992606284658,0,0.4006764933197782,83.8948336414048,161.0637707948244,1.767097966728281,0.3798521256931608,0.06235044824480104
23.291139240506332,38.921462574573894,28.93992606284658,0,0.4006764933197782,83.8948336414048,161.0637707948244,1.767097966728281,0.3798521256931608,0.06350203559598902
23.481012658227847,38.921462574573894,28.93992606284658,0,0.4006764933197782,83.8948336414048,161.0637707948244,1.767097966728281,0.3798521256931608,0.06461715827900678
23.67088607594937,38.921462574573894,28.93992606284658,0,0.4006764933197782,83.8948336414048,161.0637707948244,1.767097966728281,0.3798521256931608,0.0656806226477829
23.860759493670887,38.921462574573894,28.93992606284658,0,0.4006764933197782,83.8948336414048,161.0637707948244,1.767097966728281,0.3798521256931608,0.066676571791019
24.050632911392405,38.921462574573894,28.93992606284658,0,0.4006764933197782,83.8948336414048,161.0637707948244,1.767097966728281,0.3798521256931608,0.06758861228975988
24.240506329113927,38.921462574573894,28.93992606284658,0,0.4006764933197782,83.8948336414048,161.0637707948244,1.767097966728281,0.3798521256931608,0.06839997332002416
24.430379746835442,38.921462574573894,28.93992606284658,0,0.4006764933197782,83.8948336414048,161.0637707948244,1.767097966728281,0.3798521256931608,0.06909369832400244
24.620253164556964,38.921462574573894,28.93992606284658,0,0.4006764933197782,83.8948336414048,161.0637707948244,1.767097966728281,0.3798521256931608,0.0696543296238259
24.810126582278482,38.921462574573894,28.93992606284658,0,0.4006764933197782,83.8948336414048,161.0637707948244,1.767097966728281,0.3798521256931608,0.0700860562705684
25.0,38.921462574573894,28.93992606284658,0,0.4006764933197782,83.8948336414048,161.0637707948244,1.767097966728281,0.3798521256931608,0.07040760599481265
10.0,39.08632749024925,28.93992606284658,0,0.4006764933197782,83.8948336414048,161.0637707948244,1.767097966728281,0.3798521256931608,0.040160245698274345
10.189873417721518,39.08632749024925,28.93992606284658,0,0.4006764933197782,83.8948336414048,161.0637707948244,1.767097966728281,0.3798521256931608,0.040160245698274345
10.379746835443038,39.08632749024925,28.93992606284658,0,0.4006764933197782,83.8948336414048,161.0637707948244,1.767097966728281,0.3798521256931608,0.040160245698274345
10.569620253164556,39.08632749024925,28.93992606284658,0,0.4006764933197782,83.8948336414048,161.0637707948244,1.767097966728281,0.3798521256931608,0.040160245698274345
10.759493670886076,39.08632749024925,28.93992606284658,0,0.4006764933197782,83.8948336414048,161.0637707948244,1.767097966728281,0.3798521256931608,0.040160245698274345
10.949367088607595,39.08632749024925,28.93992606284658,0,0.4006764933197782,83.8948336414048,161.0637707948244,1.767097966728281,0.3798521256931608,0.040160245698274345
11.139240506329115,39.08632749024925,28.93992606284658,0,0.4006764933197782,83.8948336414048,161.0637707948244,1.767097966728281,0.3798521256931608,0.040999355004617176
11.329113924050633,39.08632749024925,28.93992606284658,0,0.4006764933197782,83.8948336414048,161.0637707948244,1.767097966728281,0.3798521256931608,0.042148900790449285
11.518987341772153,39.08632749024925,28.93992606284658,0,0.4006764933197782,83.8948336414048,161.0637707948244,1.767097966728281,0.3798521256931608,0.043300958408417356
11.708860759493671,39.08632749024925,28.93992606284658,0,0.4006764933197782,83.8948336414048,161.0637707948244,1.767097966728281,0.3798521256931608,0.04445127235336589
11.89873417721519,39.08632749024925,28.93992606284658,0,0.4006764933197782,83.8948336414048,161.0637707948244,1.767097966728281,0.3798521256931608,0.045595278190642935
12.08860759493671,39.08632749024925,28.93992606284658,0,0.4006764933197782,83.8948336414048,161.0637707948244,1.767097966728281,0.3798521256931608,0.04672811150112778
12.278481012658228,39.08632749024925,28.93992606284658,0,0.4006764933197782,83.8948336414048,161.0637707948244,1.767097966728281,0.3798521256931608,0.04784462089674131
12.468354430379748,39.08632749024925,28.93992606284658,0,0.4006764933197782,83.8948336414048,161.0637707948244,1.767097966728281,0.3798521256931608,0.04893938533471563
12.658227848101266,39.08632749024925,28.93992606284658,0,0.4006764933197782,83.8948336414048,161.0637707948244,1.767097966728281,0.3798521256931608,0.050006735918684195
12.848101265822784,39.08632749024925,28.93992606284658,0,0.4006764933197782,83.8948336414048,161.0637707948244,1.767097966728281,0.3798521256931608,0.051040782327756815
13.037974683544304,39.08632749024925,28.93992606284658,0,0.4006764933197782,83.8948336414048,161.0637707948244,1.767097966728281,0.3798521256931608,0.05203544396148127
13.227848101265824,39.08632749024925,28.93992606284658,0,0.4006764933197782,83.8948336414048,161.0637707948244,1.767097966728281,0.3798521256931608,0.052984485829409095
13.417721518987342,39.08632749024925,28.93992606284658,0,0.4006764933197782,83.8948336414048,161.0637707948244,1.767097966728281,0.3798521256931608,0.05388155914939642
13.60759493670886,39.08632749024925,28.93992606284658,0,0.4006764933197782,83.8948336414048,161.0637707948244,1.767097966728281,0.3798521256931608,0.05472024654939872
13.79746835443038,39.08632749024925,28.93992606284658,0,0.4006764933197782,83.8948336414048,161.0637707948244,1.767097966728281,0.3798521256931608,0.05549411169401516
13.987341772151899,39.08632749024925,28.93992606284658,0,0.4006764933197782,83.8948336414048,161.0637707948244,1.767097966728281,0.3798521256931608,0.05619675308010707
14.177215189873419,39.08632749024925,28.93992606284658,0,0.4006764933197782,83.8948336414048,161.0637707948244,1.767097966728281,0.3798521256931608,0.056821861666151746
14.367088607594937,39.08632749024925,28.93992606284658,0,0.4006764933197782,83.8948336414048,161.0637707948244,1.767097966728281,0.3798521256931608,0.05736328191831572
14.556962025316455,39.08632749024925,28.93992606284658,0,0.4006764933197782,83.8948336414048,161.0637707948244,1.767097966728281,0.3798521256931608,0.05781507577325841
14.746835443037975,39.08632749024925,28.93992606284658,0,0.4006764933197782,83.8948336414048,161.0637707948244,1.767097966728281,0.3798521256931608,0.058171588934109564
14.936708860759495,39.08632749024925,28.93992606284658,0,0.4006764933197782,83.8948336414048,161.0637707948244,1.767097966728281,0.3798521256931608,0.05842751883267889
15.126582278481013,39.08632749024925,28.93992606284658,0,0.4006764933197782,83.8948336414048,161.0637707948244,1.767097966728281,0.3798521256931608,0.05857798350855407
15.316455696202532,39.08632749024925,28.93992606284658,0,0.4006764933197782,83.8948336414048,161.0637707948244,1.767097966728281,0.3798521256931608,0.05861859057527462
15.50632911392405,39.08632749024925,28.93992606284658,0,0.4006764933197782,83.8948336414048,161.0637707948244,1.767097966728281,0.3798521256931608,0.058545505457427524
15.69620253164557,39.08632749024925,28.93992606284658,0,0.4006764933197782,83.8948336414048,161.0637707948244,1.767097966728281,0.3798521256931608,0.058358222738637326
15.88607594936709,39.08632749024925,28.93992606284658,0,0.4006764933197782,83.8948336414048,161.0637707948244,1.767097966728281,0.3798521256931608,0.05806661686692764
16.075949367088608,39.08632749024925,28.93992606284658,0,0.4006764933197782,83.8948336414048,161.0637707948244,1.767097966728281,0.3798521256931608,0.05768314373034295
16.265822784810126,39.08632749024925,28.93992606284658,0,0.4006764933197782,83.8948336414048,161.0637707948244,1.767097966728281,0.3798521256931608,0.05722043172813879
16.455696202531648,39.08632749024925,28.93992606284658,0,0.4006764933197782,83.8948336414048,161.0637707948244,1.767097966728281,0.3798521256931608,0.05669111857812661
16.645569620253166,39.08632749024925,28.93992606284658,0,0.4006764933197782,83.8948336414048,161.0637707948244,1.767097966728281,0.3798521256931608,0.05610771101536721
16.835443037974684,39.08632749024925,28.93992606284658,0,0.4006764933197782,83.8948336414048,161.0637707948244,1.767097966728281,0.3798521256931608,0.05548246802956187
17.025316455696203,39.08632749024925,28.93992606284658,0,0.4006764933197782,83.8948336414048,161.0637707948244,1.767097966728281,0.3798521256931608,0.054827307719277955
17.21518987341772,39.08632749024925,28.93992606284658,0,0.4006764933197782,83.8948336414048,161.0637707948244,1.767097966728281,0.3798521256931608,0.05415373736754668
17.405063291139243,39.08632749024925,28.93992606284658,0,0.4006764933197782,83.8948336414048,161.0637707948244,1.767097966728281,0.3798521256931608,0.05347280596720789
17.59493670886076,39.08632749024925,28.93992606284658,0,0.4006764933197782,83.8948336414048,161.0637707948244,1.767097966728281,0.3798521256931608,0.052795078145468334
17.78481012658228,39.08632749024925,28.93992606284658,0,0.4006764933197782,83.8948336414048,161.0637707948244,1.767097966728281,0.3798521256931608,0.05213062825345951
17.974683544303797,39.08632749024925,28.93992606284658,0,0.4006764933197782,83.8948336414048,161.0637707948244,1.767097966728281,0.3798521256931608,0.05148905329464387
18.164556962025316,39.08632749024925,28.93992606284658,0,0.4006764933197782,83.8948336414048,161.0637707948244,1.767097966728281,0.3798521256931608,0.05087950336109413
18.354430379746837,39.08632749024925,28.93992606284658,0,0.4006764933197782,83.8948336414048,161.0637707948244,1.767097966728281,0.3798521256931608,0.05031072832367094
18.544303797468356,39.08632749024925,28.93992606284658,0,0.4006764933197782,83.8948336414048,161.0637707948244,1.767097966728281,0.3798521256931608,0.04979113967539981
18.734177215189874,39.08632749024925,28.93992606284658,0,0.4006764933197782,83.8948336414048,161.0637707948244,1.767097966728281,0.3798521256931608,0.04932888665175052
18.924050632911396,39.08632749024925,28.93992606284658,0,0.4006764933197782,83.8948336414048,161.0637707948244,1.767097966728281,0.3798521256931608,0.04893194604269502
19.11392405063291,39.08632749024925,28.93992606284658,0,0.4006764933197782,83.8948336414048,161.0637707948244,1.767097966728281,0.3798521256931608,0.04860822546649448
19.303797468354432,39.08632749024925,28.93992606284658,0,0.4006764933197782,83.8948336414048,161.0637707948244,1.767097966728281,0.3798521256931608,0.04836568029319012
19.49367088607595,39.08632749024925,28.93992606284658,0,0.4006764933197782,83.8948336414048,161.0637707948244,1.767097966728281,0.3798521256931608,0.0482124448883248
19.68354430379747,39.08632749024925,28.93992606284658,0,0.4006764933197782,83.8948336414048,161.0637707948244,1.767097966728281,0.3798521256931608,0.04815697939900282
19.87341772151899,39.08632749024925,28.93992606284658,0,0.4006764933197782,83.8948336414048,161.0637707948244,1.767097966728281,0.3798521256931608,0.0482082339330278
20.063291139240505,39.08632749024925,28.93992606284658,0,0.4006764933197782,83.8948336414048,161.0637707948244,1.767097966728281,0.3798521256931608,0.04837571635611529
20.253164556962027,39.08632749024925,28.93992606284658,0,0.4006764933197782,83.8948336414048,161.0637707948244,1.767097966728281,0.3798521256931608,0.048662793066597314
20.443037974683545,39.08632749024925,28.93992606284658,0,0.4006764933197782,83.8948336414048,161.0637707948244,1.767097966728281,0.3798521256931608,0.049062743893204225
20.632911392405063,39.08632749024925,28.93992606284658,0,0.4006764933197782,83.8948336414048,161.0637707948244,1.767097966728281,0.3798521256931608,0.04956840686802435
20.822784810126585,39.08632749024925,28.93992606284658,0,0.4006764933197782,83.8948336414048,161.0637707948244,1.767097966728281,0.3798521256931608,0.050172924491590117
21.0126582278481,39.08632749024925,28.93992606284658,0,0.4006764933197782,83.8948336414048,161.0637707948244,1.767097966728281,0.3798521256931608,0.05086957725311433
21.20253164556962,39.08632749024925,28.93992606284658,0,0.4006764933197782,83.8948336414048,161.0637707948244,1.767097966728281,0.3798521256931608,0.0516516299982375
21.39240506329114,39.08632749024925,28.93992606284658,0,0.4006764933197782,83.8948336414048,161.0637707948244,1.767097966728281,0.3798521256931608,0.05251218976129585
21.582278481012658,39.08632749024925,28.93992606284658,0,0.4006764933197782,83.8948336414048,161.0637707948244,1.767097966728281,0.3798521256931608,0.05344407432926317
21.77215189873418,39.08632749024925,28.93992606284658,0,0.4006764933197782,83.8948336414048,161.0637707948244,1.767097966728281,0.3798521256931608,0.05443969139553978
21.962025316455698,39.08632749024925,28.93992606284658,0,0.4006764933197782,83.8948336414048,161.0637707948244,1.767097966728281,0.3798521256931608,0.055490928698926106
22.151898734177216,39.08632749024925,28.93992606284658,0,0.4006764933197782,83.8948336414048,161.0637707948244,1.767097966728281,0.3798521256931608,0.05658905602763191
22.341772151898734,39.08632749024925,28.93992606284658,0,0.4006764933197782,83.8948336414048,161.0637707948244,1.767097966728281,0.3798521256931608,0.05772464039768251
22.531645569620252,39.08632749024925,28.93992606284658,0,0.4006764933197782,83.8948336414048,161.0637707948244,1.767097966728281,0.3798521256931608,0.058887476084314216
22.721518987341774,39.08632749024925,28.93992606284658,0,0.4006764933197782,83.8948336414048,161.0637707948244,1.767097966728281,0.3798521256931608,0.06006653148629195
22.911392405063292,39.08632749024925,28.93992606284658,0,0.4006764933197782,83.8948336414048,161.0637707948244,1.767097966728281,0.3798521256931608,0.061249915027427895
23.10126582278481,39.08632749024925,28.93992606284658,0,0.4006764933197782,83.8948336414048,161.0637707948244,1.767097966728281,0.3798521256931608,0.06242486243701412
23.291139240506332,39.08632749024925,28.93992606284658,0,0.4006764933197782,83.8948336414048,161.0637707948244,1.767097966728281,0.3798521256931608,0.06357774779159227
23.481012658227847,39.08632749024925,28.93992606284658,0,0.4006764933197782,83.8948336414048,161.0637707948244,1.767097966728281,0.3798521256931608,0.0646941206354556
23.67088607594937,39.08632749024925,28.93992606284658,0,0.4006764933197782,83.8948336414048,161.0637707948244,1.767097966728281,0.3798521256931608,0.06575877131906259
23.860759493670887,39.08632749024925,28.93992606284658,0,0.4006764933197782,83.8948336414048,161.0637707948244,1.767097966728281,0.3798521256931608,0.06675582639771938
24.050632911392405,39.08632749024925,28.93992606284658,0,0.4006764933197782,83.8948336414048,161.0637707948244,1.767097966728281,0.3798521256931608,0.06766887551450239
24.240506329113927,39.08632749024925,28.93992606284658,0,0.4006764933197782,83.8948336414048,161.0637707948244,1.767097966728281,0.3798521256931608,0.06848113065093246
24.430379746835442,39.08632749024925,28.93992606284658,0,0.4006764933197782,83.8948336414048,161.0637707948244,1.767097966728281,0.3798521256931608,0.06917561796835142
24.620253164556964,39.08632749024925,28.93992606284658,0,0.4006764933197782,83.8948336414048,161.0637707948244,1.767097966728281,0.3798521256931608,0.06973686418176897
24.810126582278482,39.08632749024925,28.93992606284658,0,0.4006764933197782,83.8948336414048,161.0637707948244,1.767097966728281,0.3798521256931608,0.0701690638053279
25.0,39.08632749024925,28.93992606284658,0,0.4006764933197782,83.8948336414048,161.0637707948244,1.767097966728281,0.3798521256931608,0.07049096549356491
10.0,39.25119240592461,28.93992606284658,0,0.4006764933197782,83.8948336414048,161.0637707948244,1.767097966728281,0.3798521256931608,0.040257632856027264
10.189873417721518,39.25119240592461,28.93992606284658,0,0.4006764933197782,83.8948336414048,161.0637707948244,1.767097966728281,0.3798521256931608,0.040257632856027264
10.379746835443038,39.25119240592461,28.93992606284658,0,0.4006764933197782,83.8948336414048,161.0637707948244,1.767097966728281,0.3798521256931608,0.040257632856027264
10.569620253164556,39.25119240592461,28.93992606284658,0,0.4006764933197782,83.8948336414048,161.0637707948244,1.767097966728281,0.3798521256931608,0.040257632856027264
10.759493670886076,39.25119240592461,28.93992606284658,0,0.4006764933197782,83.8948336414048,161.0637707948244,1.767097966728281,0.3798521256931608,0.040257632856027264
10.949367088607595,39.25119240592461,28.93992606284658,0,0.4006764933197782,83.8948336414048,161.0637707948244,1.767097966728281,0.3798521256931608,0.040257632856027264
11.139240506329115,39.25119240592461,28.93992606284658,0,0.4006764933197782,83.8948336414048,161.0637707948244,1.767097966728281,0.3798521256931608,0.04109989829802274
11.329113924050633,39.25119240592461,28.93992606284658,0,0.4006764933197782,83.8948336414048,161.0637707948244,1.767097966728281,0.3798521256931608,0.042253680454295645
11.518987341772153,39.25119240592461,28.93992606284658,0,0.4006764933197782,83.8948336414048,161.0637707948244,1.767097966728281,0.3798521256931608,0.043409883867073486
11.708860759493671,39.25119240592461,28.93992606284658,0,0.4006764933197782,83.8948336414048,161.0637707948244,1.767097966728281,0.3798521256931608,0.044564238789333376
11.89873417721519,39.25119240592461,28.93992606284658,0,0.4006764933197782,83.8948336414048,161.0637707948244,1.767097966728281,0.3798521256931608,0.04571216639980823
12.08860759493671,39.25119240592461,28.93992606284658,0,0.4006764933197782,83.8948336414048,161.0637707948244,1.767097966728281,0.3798521256931608,0.04684878788478241
12.278481012658228,39.25119240592461,28.93992606284658,0,0.4006764933197782,83.8948336414048,161.0637707948244,1.767097966728281,0.3798521256931608,0.047968937595019856
12.468354430379748,39.25119240592461,28.93992606284658,0,0.4006764933197782,83.8948336414048,161.0637707948244,1.767097966728281,0.3798521256931608,0.04906718050404936
12.658227848101266,39.25119240592461,28.93992606284658,0,0.4006764933197782,83.8948336414048,161.0637707948244,1.767097966728281,0.3798521256931608,0.0501378341536172
12.848101265822784,39.25119240592461,28.93992606284658,0,0.4006764933197782,83.8948336414048,161.0637707948244,1.767097966728281,0.3798521256931608,0.05117499522507642
13.037974683544304,39.25119240592461,28.93992606284658,0,0.4006764933197782,83.8948336414048,161.0637707948244,1.767097966728281,0.3798521256931608,0.05217257082212732
13.227848101265824,39.25119240592461,28.93992606284658,0,0.4006764933197782,83.8948336414048,161.0637707948244,1.767097966728281,0.3798521256931608,0.05312431449110646
13.417721518987342,39.25119240592461,28.93992606284658,0,0.4006764933197782,83.8948336414048,161.0637707948244,1.767097966728281,0.3798521256931608,0.0540238669404729
13.60759493670886,39.25119240592461,28.93992606284658,0,0.4006764933197782,83.8948336414048,161.0637707948244,1.767097966728281,0.3798521256931608,0.054864801351865417
13.79746835443038,39.25119240592461,28.93992606284658,0,0.4006764933197782,83.8948336414048,161.0637707948244,1.767097966728281,0.3798521256931608,0.055640673101785124
13.987341772151899,39.25119240592461,28.93992606284658,0,0.4006764933197782,83.8948336414048,161.0637707948244,1.767097966728281,0.3798521256931608,0.05634507363625032
14.177215189873419,39.25119240592461,28.93992606284658,0,0.4006764933197782,83.8948336414048,161.0637707948244,1.767097966728281,0.3798521256931608,0.05697168816142214
14.367088607594937,39.25119240592461,28.93992606284658,0,0.4006764933197782,83.8948336414048,161.0637707948244,1.767097966728281,0.3798521256931608,0.057514356731875424
14.556962025316455,39.25119240592461,28.93992606284658,0,0.4006764933197782,83.8948336414048,161.0637707948244,1.767097966728281,0.3798521256931608,0.0579671382356242
14.746835443037975,39.25119240592461,28.93992606284658,0,0.4006764933197782,83.8948336414048,161.0637707948244,1.767097966728281,0.3798521256931608,0.058324376691897585
14.936708860759495,39.25119240592461,28.93992606284658,0,0.4006764933197782,83.8948336414048,161.0637707948244,1.767097966728281,0.3798521256931608,0.058580769194746446
15.126582278481013,39.25119240592461,28.93992606284658,0,0.4006764933197782,83.8948336414048,161.0637707948244,1.767097966728281,0.3798521256931608,0.05873143475366188
15.316455696202532,39.25119240592461,28.93992606284658,0,0.4006764933197782,83.8948336414048,161.0637707948244,1.767097966728281,0.3798521256931608,0.05877198320241472
15.50632911392405,39.25119240592461,28.93992606284658,0,0.4006764933197782,83.8948336414048,161.0637707948244,1.767097966728281,0.3798521256931608,0.05869858336161461
15.69620253164557,39.25119240592461,28.93992606284658,0,0.4006764933197782,83.8948336414048,161.0637707948244,1.767097966728281,0.3798521256931608,0.05851073839407804
15.88607594936709,39.25119240592461,28.93992606284658,0,0.4006764933197782,83.8948336414048,161.0637707948244,1.767097966728281,0.3798521256931608,0.05821834700479358
16.075949367088608,39.25119240592461,28.93992606284658,0,0.4006764933197782,83.8948336414048,161.0637707948244,1.767097966728281,0.3798521256931608,0.05783389311049108
16.265822784810126,39.25119240592461,28.93992606284658,0,0.4006764933197782,83.8948336414048,161.0637707948244,1.767097966728281,0.3798521256931608,0.05737003324386168
16.455696202531648,39.25119240592461,28.93992606284658,0,0.4006764933197782,83.8948336414048,161.0637707948244,1.767097966728281,0.3798521256931608,0.05683943310616816
16.645569620253166,39.25119240592461,28.93992606284658,0,0.4006764933197782,83.8948336414048,161.0637707948244,1.767097966728281,0.3798521256931608,0.0562546270492653
16.835443037974684,39.25119240592461,28.93992606284658,0,0.4006764933197782,83.8948336414048,161.0637707948244,1.767097966728281,0.3798521256931608,0.0556279011342313
17.025316455696203,39.25119240592461,28.93992606284658,0,0.4006764933197782,83.8948336414048,161.0637707948244,1.767097966728281,0.3798521256931608,0.05497119984436778
17.21518987341772,39.25119240592461,28.93992606284658,0,0.4006764933197782,83.8948336414048,161.0637707948244,1.767097966728281,0.3798521256931608,0.05429605605651145
17.405063291139243,39.25119240592461,28.93992606284658,0,0.4006764933197782,83.8948336414048,161.0637707948244,1.767097966728281,0.3798521256931608,0.05361354349825168
17.59493670886076,39.25119240592461,28.93992606284658,0,0.4006764933197782,83.8948336414048,161.0637707948244,1.767097966728281,0.3798521256931608,0.05293425063957587
17.78481012658228,39.25119240592461,28.93992606284658,0,0.4006764933197782,83.8948336414048,161.0637707948244,1.767097966728281,0.3798521256931608,0.05226827478365606
17.974683544303797,39.25119240592461,28.93992606284658,0,0.4006764933197782,83.8948336414048,161.0637707948244,1.767097966728281,0.3798521256931608,0.05162523502947236
18.164556962025316,39.25119240592461,28.93992606284658,0,0.4006764933197782,83.8948336414048,161.0637707948244,1.767097966728281,0.3798521256931608,0.0510143027741356
18.354430379746837,39.25119240592461,28.93992606284658,0,0.4006764933197782,83.8948336414048,161.0637707948244,1.767097966728281,0.3798521256931608,0.05044424849982162
18.544303797468356,39.25119240592461,28.93992606284658,0,0.4006764933197782,83.8948336414048,161.0637707948244,1.767097966728281,0.3798521256931608,0.04992350374366213
18.734177215189874,39.25119240592461,28.93992606284658,0,0.4006764933197782,83.8948336414048,161.0637707948244,1.767097966728281,0.3798521256931608,0.0494602373735726
18.924050632911396,39.25119240592461,28.93992606284658,0,0.4006764933197782,83.8948336414048,161.0637707948244,1.767097966728281,0.3798521256931608,0.04906244558451394
19.11392405063291,39.25119240592461,28.93992606284658,0,0.4006764933197782,83.8948336414048,161.0637707948244,1.767097966728281,0.3798521256931608,0.04873805538519671
19.303797468354432,39.25119240592461,28.93992606284658,0,0.4006764933197782,83.8948336414048,161.0637707948244,1.767097966728281,0.3798521256931608,0.04849504176380892
19.49367088607595,39.25119240592461,28.93992606284658,0,0.4006764933197782,83.8948336414048,161.0637707948244,1.767097966728281,0.3798521256931608,0.04834155920453687
19.68354430379747,39.25119240592461,28.93992606284658,0,0.4006764933197782,83.8948336414048,161.0637707948244,1.767097966728281,0.3798521256931608,0.048286088778973446
19.87341772151899,39.25119240592461,28.93992606284658,0,0.4006764933197782,83.8948336414048,161.0637707948244,1.767097966728281,0.3798521256931608,0.04833760266596011
20.063291139240505,39.25119240592461,28.93992606284658,0,0.4006764933197782,83.8948336414048,161.0637707948244,1.767097966728281,0.3798521256931608,0.04850563204472894
20.253164556962027,39.25119240592461,28.93992606284658,0,0.4006764933197782,83.8948336414048,161.0637707948244,1.767097966728281,0.3798521256931608,0.04879355143860383
20.443037974683545,39.25119240592461,28.93992606284658,0,0.4006764933197782,83.8948336414048,161.0637707948244,1.767097966728281,0.3798521256931608,0.04919462390197951
20.632911392405063,39.25119240592461,28.93992606284658,0,0.4006764933197782,83.8948336414048,161.0637707948244,1.767097966728281,0.3798521256931608,0.04970166933165202
20.822784810126585,39.25119240592461,28.93992606284658,0,0.4006764933197782,83.8948336414048,161.0637707948244,1.767097966728281,0.3798521256931608,0.05030781259776249
21.0126582278481,39.25119240592461,28.93992606284658,0,0.4006764933197782,83.8948336414048,161.0637707948244,1.767097966728281,0.3798521256931608,0.05100631669930337
21.20253164556962,39.25119240592461,28.93992606284658,0,0.4006764933197782,83.8948336414048,161.0637707948244,1.767097966728281,0.3798521256931608,0.05179042879606172
21.39240506329114,39.25119240592461,28.93992606284658,0,0.4006764933197782,83.8948336414048,161.0637707948244,1.767097966728281,0.3798521256931608,0.05265323773267011
21.582278481012658,39.25119240592461,28.93992606284658,0,0.4006764933197782,83.8948336414048,161.0637707948244,1.767097966728281,0.3798521256931608,0.05358754232165252
21.77215189873418,39.25119240592461,28.93992606284658,0,0.4006764933197782,83.8948336414048,161.0637707948244,1.767097966728281,0.3798521256931608,0.05458573024433155
21.962025316455698,39.25119240592461,28.93992606284658,0,0.4006764933197782,83.8948336414048,161.0637707948244,1.767097966728281,0.3798521256931608,0.05563966796645792
22.151898734177216,39.25119240592461,28.93992606284658,0,0.4006764933197782,83.8948336414048,161.0637707948244,1.767097966728281,0.3798521256931608,0.0567406025506211
22.341772151898734,39.25119240592461,28.93992606284658,0,0.4006764933197782,83.8948336414048,161.0637707948244,1.767097966728281,0.3798521256931608,0.057879076677541504
22.531645569620252,39.25119240592461,28.93992606284658,0,0.4006764933197782,83.8948336414048,161.0637707948244,1.767097966728281,0.3798521256931608,0.059044858557923775
22.721518987341774,39.25119240592461,28.93992606284658,0,0.4006764933197782,83.8948336414048,161.0637707948244,1.767097966728281,0.3798521256931608,0.06022688871807335
22.911392405063292,39.25119240592461,28.93992606284658,0,0.4006764933197782,83.8948336414048,161.0637707948244,1.767097966728281,0.3798521256931608,0.06141324586681357
23.10126582278481,39.25119240592461,28.93992606284658,0,0.4006764933197782,83.8948336414048,161.0637707948244,1.767097966728281,0.3798521256931608,0.06259113418848652
23.291139240506332,39.25119240592461,28.93992606284658,0,0.4006764933197782,83.8948336414048,161.0637707948244,1.767097966728281,0.3798521256931608,0.06374689444718887
23.481012658227847,39.25119240592461,28.93992606284658,0,0.4006764933197782,83.8948336414048,161.0637707948244,1.767097966728281,0.3798521256931608,0.06486604122187697
23.67088607594937,39.25119240592461,28.93992606284658,0,0.4006764933197782,83.8948336414048,161.0637707948244,1.767097966728281,0.3798521256931608,0.06593332841317354
23.860759493670887,39.25119240592461,28.93992606284658,0,0.4006764933197782,83.8948336414048,161.0637707948244,1.767097966728281,0.3798521256931608,0.06693284486523257
24.050632911392405,39.25119240592461,28.93992606284658,0,0.4006764933197782,83.8948336414048,161.0637707948244,1.767097966728281,0.3798521256931608,0.06784814152696457
24.240506329113927,39.25119240592461,28.93992606284658,0,0.4006764933197782,83.8948336414048,161.0637707948244,1.767097966728281,0.3798521256931608,0.06866239103581762
24.430379746835442,39.25119240592461,28.93992606284658,0,0.4006764933197782,83.8948336414048,161.0637707948244,1.767097966728281,0.3798521256931608,0.06935857994615095
24.620253164556964,39.25119240592461,28.93992606284658,0,0.4006764933197782,83.8948336414048,161.0637707948244,1.767097966728281,0.3798521256931608,0.06992119909254006
24.810126582278482,39.25119240592461,28.93992606284658,0,0.4006764933197782,83.8948336414048,161.0637707948244,1.767097966728281,0.3798521256931608,0.07035445474568262
25.0,39.25119240592461,28.93992606284658,0,0.4006764933197782,83.8948336414048,161.0637707948244,1.767097966728281,0.3798521256931608,0.07067714227187355
10.0,39.41605732159998,28.93992606284658,0,0.4006764933197782,83.8948336414048,161.0637707948244,1.767097966728281,0.3798521256931608,0.040422082827477
10.189873417721518,39.41605732159998,28.93992606284658,0,0.4006764933197782,83.8948336414048,161.0637707948244,1.767097966728281,0.3798521256931608,0.040422082827477
10.379746835443038,39.41605732159998,28.93992606284658,0,0.4006764933197782,83.8948336414048,161.0637707948244,1.767097966728281,0.3798521256931608,0.040422082827477
10.569620253164556,39.41605732159998,28.93992606284658,0,0.4006764933197782,83.8948336414048,161.0637707948244,1.767097966728281,0.3798521256931608,0.040422082827477
10.759493670886076,39.41605732159998,28.93992606284658,0,0.4006764933197782,83.8948336414048,161.0637707948244,1.767097966728281,0.3798521256931608,0.040422082827477
10.949367088607595,39.41605732159998,28.93992606284658,0,0.4006764933197782,83.8948336414048,161.0637707948244,1.767097966728281,0.3798521256931608,0.040422082827477
11.139240506329115,39.41605732159998,28.93992606284658,0,0.4006764933197782,83.8948336414048,161.0637707948244,1.767097966728281,0.3798521256931608,0.04126853515281407
11.329113924050633,39.41605732159998,28.93992606284658,0,0.4006764933197782,83.8948336414048,161.0637707948244,1.767097966728281,0.3798521256931608,0.042427982633989725
11.518987341772153,39.41605732159998,28.93992606284658,0,0.4006764933197782,83.8948336414048,161.0637707948244,1.767097966728281,0.3798521256931608,0.04358978307864541
11.708860759493671,39.41605732159998,28.93992606284658,0,0.4006764933197782,83.8948336414048,161.0637707948244,1.767097966728281,0.3798521256931608,0.044749646845729685
11.89873417721519,39.41605732159998,28.93992606284658,0,0.4006764933197782,83.8948336414048,161.0637707948244,1.767097966728281,0.3798521256931608,0.0459029745398537
12.08860759493671,39.41605732159998,28.93992606284658,0,0.4006764933197782,83.8948336414048,161.0637707948244,1.767097966728281,0.3798521256931608,0.04704486622173564
12.278481012658228,39.41605732159998,28.93992606284658,0,0.4006764933197782,83.8948336414048,161.0637707948244,1.767097966728281,0.3798521256931608,0.04817013470446079
12.468354430379748,39.41605732159998,28.93992606284658,0,0.4006764933197782,83.8948336414048,161.0637707948244,1.767097966728281,0.3798521256931608,0.04927332316035948
12.658227848101266,39.41605732159998,28.93992606284658,0,0.4006764933197782,83.8948336414048,161.0637707948244,1.767097966728281,0.3798521256931608,0.05034872722266344
12.848101265822784,39.41605732159998,28.93992606284658,0,0.4006764933197782,83.8948336414048,161.0637707948244,1.767097966728281,0.3798521256931608,0.05139042171887537
13.037974683544304,39.41605732159998,28.93992606284658,0,0.4006764933197782,83.8948336414048,161.0637707948244,1.767097966728281,0.3798521256931608,0.05239229211927917
13.227848101265824,39.41605732159998,28.93992606284658,0,0.4006764933197782,83.8948336414048,161.0637707948244,1.767097966728281,0.3798521256931608,0.053348070724709
13.417721518987342,39.41605732159998,28.93992606284658,0,0.4006764933197782,83.8948336414048,161.0637707948244,1.767097966728281,0.3798521256931608,0.054251377553102165
13.60759493670886,39.41605732159998,28.93992606284658,0,0.4006764933197782,83.8948336414048,161.0637707948244,1.767097966728281,0.3798521256931608,0.05509576581510791
13.79746835443038,39.41605732159998,28.93992606284658,0,0.4006764933197782,83.8948336414048,161.0637707948244,1.767097966728281,0.3798521256931608,0.05587477179577212
13.987341772151899,39.41605732159998,28.93992606284658,0,0.4006764933197782,83.8948336414048,161.0637707948244,1.767097966728281,0.3798521256931608,0.056581968882754484
14.177215189873419,39.41605732159998,28.93992606284658,0,0.4006764933197782,83.8948336414048,161.0637707948244,1.767097966728281,0.3798521256931608,0.05721102540236469
14.367088607594937,39.41605732159998,28.93992606284658,0,0.4006764933197782,83.8948336414048,161.0637707948244,1.767097966728281,0.3798521256931608,0.05775576584361912
14.556962025316455,39.41605732159998,28.93992606284658,0,0.4006764933197782,83.8948336414048,161.0637707948244,1.767097966728281,0.3798521256931608,0.05821023496822398
14.746835443037975,39.41605732159998,28.93992606284658,0,0.4006764933197782,83.8948336414048,161.0637707948244,1.767097966728281,0.3798521256931608,0.058568764221576544
14.936708860759495,39.41605732159998,28.93992606284658,0,0.4006764933197782,83.8948336414048,161.0637707948244,1.767097966728281,0.3798521256931608,0.058826039777277246
15.126582278481013,39.41605732159998,28.93992606284658,0,0.4006764933197782,83.8948336414048,161.0637707948244,1.767097966728281,0.3798521256931608,0.058977171466059734
15.316455696202532,39.41605732159998,28.93992606284658,0,0.4006764933197782,83.8948336414048,161.0637707948244,1.767097966728281,0.3798521256931608,0.0590177617603729
15.50632911392405,39.41605732159998,28.93992606284658,0,0.4006764933197782,83.8948336414048,161.0637707948244,1.767097966728281,0.3798521256931608,0.058943974000718644
15.69620253164557,39.41605732159998,28.93992606284658,0,0.4006764933197782,83.8948336414048,161.0637707948244,1.767097966728281,0.3798521256931608,0.058755316546178535
15.88607594936709,39.41605732159998,28.93992606284658,0,0.4006764933197782,83.8948336414048,161.0637707948244,1.767097966728281,0.3798521256931608,0.058461726639911046
16.075949367088608,39.41605732159998,28.93992606284658,0,0.4006764933197782,83.8948336414048,161.0637707948244,1.767097966728281,0.3798521256931608,0.05807573487389474
16.265822784810126,39.41605732159998,28.93992606284658,0,0.4006764933197782,83.8948336414048,161.0637707948244,1.767097966728281,0.3798521256931608,0.05761004485657195
16.455696202531648,39.41605732159998,28.93992606284658,0,0.4006764933197782,83.8948336414048,161.0637707948244,1.767097966728281,0.3798521256931608,0.057077369284783484
16.645569620253166,39.41605732159998,28.93992606284658,0,0.4006764933197782,83.8948336414048,161.0637707948244,1.767097966728281,0.3798521256931608,0.05649028901228859
16.835443037974684,39.41605732159998,28.93992606284658,0,0.4006764933197782,83.8948336414048,161.0637707948244,1.767097966728281,0.3798521256931608,0.05586113576276796
17.025316455696203,39.41605732159998,28.93992606284658,0,0.4006764933197782,83.8948336414048,161.0637707948244,1.767097966728281,0.3798521256931608,0.0552018985650324
17.21518987341772,39.41605732159998,28.93992606284658,0,0.4006764933197782,83.8948336414048,161.0637707948244,1.767097966728281,0.3798521256931608,0.05452415351370214
17.405063291139243,39.41605732159998,28.93992606284658,0,0.4006764933197782,83.8948336414048,161.0637707948244,1.767097966728281,0.3798521256931608,0.053839016081697826
17.59493670886076,39.41605732159998,28.93992606284658,0,0.4006764933197782,83.8948336414048,161.0637707948244,1.767097966728281,0.3798521256931608,0.0531571149313281
17.78481012658228,39.41605732159998,28.93992606284658,0,0.4006764933197782,83.8948336414048,161.0637707948244,1.767097966728281,0.3798521256931608,0.052488585986568886
17.974683544303797,39.41605732159998,28.93992606284658,0,0.4006764933197782,83.8948336414048,161.0637707948244,1.767097966728281,0.3798521256931608,0.05184308543685752
18.164556962025316,39.41605732159998,28.93992606284658,0,0.4006764933197782,83.8948336414048,161.0637707948244,1.767097966728281,0.3798521256931608,0.05122982033777398
18.354430379746837,39.41605732159998,28.93992606284658,0,0.4006764933197782,83.8948336414048,161.0637707948244,1.767097966728281,0.3798521256931608,0.05065759555109052
18.544303797468356,39.41605732159998,28.93992606284658,0,0.4006764933197782,83.8948336414048,161.0637707948244,1.767097966728281,0.3798521256931608,0.05013487592032454
18.734177215189874,39.41605732159998,28.93992606284658,0,0.4006764933197782,83.8948336414048,161.0637707948244,1.767097966728281,0.3798521256931608,0.04966986280298089
18.924050632911396,39.41605732159998,28.93992606284658,0,0.4006764933197782,83.8948336414048,161.0637707948244,1.767097966728281,0.3798521256931608,0.049270584372785385
19.11392405063291,39.41605732159998,28.93992606284658,0,0.4006764933197782,83.8948336414048,161.0637707948244,1.767097966728281,0.3798521256931608,0.04894499946151888
19.303797468354432,39.41605732159998,28.93992606284658,0,0.4006764933197782,83.8948336414048,161.0637707948244,1.767097966728281,0.3798521256931608,0.048701115129609715
19.49367088607595,39.41605732159998,28.93992606284658,0,0.4006764933197782,83.8948336414048,161.0637707948244,1.767097966728281,0.3798521256931608,0.048547118638992144
19.68354430379747,39.41605732159998,28.93992606284658,0,0.4006764933197782,83.8948336414048,161.0637707948244,1.767097966728281,0.3798521256931608,0.04849152505539977
19.87341772151899,39.41605732159998,28.93992606284658,0,0.4006764933197782,83.8948336414048,161.0637707948244,1.767097966728281,0.3798521256931608,0.048543342338213454
20.063291139240505,39.41605732159998,28.93992606284658,0,0.4006764933197782,83.8948336414048,161.0637707948244,1.767097966728281,0.3798521256931608,0.04871213940721906
20.253164556962027,39.41605732159998,28.93992606284658,0,0.4006764933197782,83.8948336414048,161.0637707948244,1.767097966728281,0.3798521256931608,0.049001303792121496
20.443037974683545,39.41605732159998,28.93992606284658,0,0.4006764933197782,83.8948336414048,161.0637707948244,1.767097966728281,0.3798521256931608,0.04940407111831437
20.632911392405063,39.41605732159998,28.93992606284658,0,0.4006764933197782,83.8948336414048,161.0637707948244,1.767097966728281,0.3798521256931608,0.04991323175168815
20.822784810126585,39.41605732159998,28.93992606284658,0,0.4006764933197782,83.8948336414048,161.0637707948244,1.767097966728281,0.3798521256931608,0.050521881960472824
21.0126582278481,39.41605732159998,28.93992606284658,0,0.4006764933197782,83.8948336414048,161.0637707948244,1.767097966728281,0.3798521256931608,0.051223256473174904
21.20253164556962,39.41605732159998,28.93992606284658,0,0.4006764933197782,83.8948336414048,161.0637707948244,1.767097966728281,0.3798521256931608,0.05201057396135704
21.39240506329114,39.41605732159998,28.93992606284658,0,0.4006764933197782,83.8948336414048,161.0637707948244,1.767097966728281,0.3798521256931608,0.05287689406028725
21.582278481012658,39.41605732159998,28.93992606284658,0,0.4006764933197782,83.8948336414048,161.0637707948244,1.767097966728281,0.3798521256931608,0.0538149851935014
21.77215189873418,39.41605732159998,28.93992606284658,0,0.4006764933197782,83.8948336414048,161.0637707948244,1.767097966728281,0.3798521256931608,0.05481720306090962
21.962025316455698,39.41605732159998,28.93992606284658,0,0.4006764933197782,83.8948336414048,161.0637707948244,1.767097966728281,0.3798521256931608,0.05587538018946208
22.151898734177216,39.41605732159998,28.93992606284658,0,0.4006764933197782,83.8948336414048,161.0637707948244,1.767097966728281,0.3798521256931608,0.056980727431740125
22.341772151898734,39.41605732159998,28.93992606284658,0,0.4006764933197782,83.8948336414048,161.0637707948244,1.767097966728281,0.3798521256931608,0.05812374872878204
22.531645569620252,39.41605732159998,28.93992606284658,0,0.4006764933197782,83.8948336414048,161.0637707948244,1.767097966728281,0.3798521256931608,0.059294170823643924
22.721518987341774,39.41605732159998,28.93992606284658,0,0.4006764933197782,83.8948336414048,161.0637707948244,1.767097966728281,0.3798521256931608,0.06048088991405408
22.911392405063292,39.41605732159998,28.93992606284658,0,0.4006764933197782,83.8948336414048,161.0637707948244,1.767097966728281,0.3798521256931608,0.061671937456876054
23.10126582278481,39.41605732159998,28.93992606284658,0,0.4006764933197782,83.8948336414048,161.0637707948244,1.767097966728281,0.3798521256931608,0.06285446747410188
23.291139240506332,39.41605732159998,28.93992606284658,0,0.4006764933197782,83.8948336414048,161.0637707948244,1.767097966728281,0.3798521256931608,0.06401476774993667
23.481012658227847,39.41605732159998,28.93992606284658,0,0.4006764933197782,83.8948336414048,161.0637707948244,1.767097966728281,0.3798521256931608,0.06513829724228258
23.67088607594937,39.41605732159998,28.93992606284658,0,0.4006764933197782,83.8948336414048,161.0637707948244,1.767097966728281,0.3798521256931608,0.06620975185221901
23.860759493670887,39.41605732159998,28.93992606284658,0,0.4006764933197782,83.8948336414048,161.0637707948244,1.767097966728281,0.3798521256931608,0.06721316039657413
24.050632911392405,39.41605732159998,28.93992606284658,0,0.4006764933197782,83.8948336414048,161.0637707948244,1.767097966728281,0.3798521256931608,0.06813201220857507
24.240506329113927,39.41605732159998,28.93992606284658,0,0.4006764933197782,83.8948336414048,161.0637707948244,1.767097966728281,0.3798521256931608,0.06894941724941857
24.430379746835442,39.41605732159998,28.93992606284658,0,0.4006764933197782,83.8948336414048,161.0637707948244,1.767097966728281,0.3798521256931608,0.06964829895149319
24.620253164556964,39.41605732159998,28.93992606284658,0,0.4006764933197782,83.8948336414048,161.0637707948244,1.767097966728281,0.3798521256931608,0.07021309092087177
24.810126582278482,39.41605732159998,28.93992606284658,0,0.4006764933197782,83.8948336414048,161.0637707948244,1.767097966728281,0.3798521256931608,0.07064801785113152
25.0,39.41605732159998,28.93992606284658,0,0.4006764933197782,83.8948336414048,161.0637707948244,1.767097966728281,0.3798521256931608,0.07097194904047027
