replicate,group,ga,p
0,G1,10.0,0.7583128811749542
0,G1,10.1,0.7590527136269283
0,G1,10.2,0.7597915019328946
0,G1,10.3,0.7605292436572644
0,G1,10.4,0.7612659361200524
0,G1,10.5,0.7620015829588068
0,G1,10.6,0.7627361723842486
0,G1,10.7,0.7634696948968257
0,G1,10.8,0.764202154324972
0,G1,10.9,0.7649335486779056
0,G1,11.0,0.7656638751387871
0,G1,11.1,0.7663931377352761
0,G1,11.2,0.7671213234898694
0,G1,11.3,0.7678484240388008
0,G1,11.4,0.7685744428320084
0,G1,11.5,0.7692993786534518
0,G1,11.6,0.7700232285204179
0,G1,11.7,0.7707459967043525
0,G1,11.8,0.7714676693089481
0,G1,11.9,0.7721882391770784
0,G1,12.0,0.7729077088783971
0,G1,12.1,0.7736260783040352
0,G1,12.2,0.7743433443509375
0,G1,12.3,0.7750595113879678
0,G1,12.4,0.7757745647292994
0,G1,12.5,0.7764884982790958
0,G1,12.6,0.7772013140066022
0,G1,12.7,0.7779130125741113
0,G1,12.8,0.778623590890041
0,G1,12.9,0.7793330535441589
0,G1,13.0,0.7800413847743267
0,G1,13.1,0.7807485799330424
0,G1,13.2,0.7814546402462922
0,G1,13.3,0.7821595670799302
0,G1,13.4,0.7828633572531142
0,G1,13.5,0.783566015570599
0,G1,13.6,0.7842675255045731
0,G1,13.7,0.7849678836144157
0,G1,13.8,0.7856670904019992
0,G1,13.9,0.7863651480927735
0,G1,14.0,0.7870620533239813
0,G1,14.1,0.787757810960292
0,G1,14.2,0.7884524038805026
0,G1,14.3,0.7891458296777346
0,G1,14.4,0.7898380885422057
0,G1,14.5,0.7905291832235882
0,G1,14.6,0.7912191102238026
0,G1,14.7,0.7919078742134893
0,G1,14.8,0.7925954580913802
0,G1,14.9,0.7932818600865994
0,G1,15.0,0.7939670800524548
0,G1,15.1,0.7946511215266147
0,G1,15.2,0.795333980574806
0,G1,15.3,0.7960156617950125
0,G1,15.4,0.7966961480596535
0,G1,15.5,0.7973754382626497
0,G1,15.6,0.7980535320490572
0,G1,15.7,0.7987304336713666
0,G1,15.8,0.7994061389184454
0,G1,15.9,0.8000806517909197
0,G1,16.0,0.8007539557182074
0,G1,16.1,0.8014260496475529
0,G1,16.2,0.8020969339400399
0,G1,16.3,0.8027666126972857
0,G1,16.4,0.8034350818073708
0,G1,16.5,0.8041023445786655
0,G1,16.6,0.8047683849678386
0,G1,16.7,0.8054332020793643
0,G1,16.8,0.8060967971074907
0,G1,16.9,0.8067591736061708
0,G1,17.0,0.8074203281490934
0,G1,17.1,0.8080802629069342
0,G1,17.2,0.8087389621096296
0,G1,17.3,0.8093964258107212
0,G1,17.4,0.8100526555614556
0,G1,17.5,0.8107076541643675
0,G1,17.6,0.8113614195170247
0,G1,17.7,0.812013951905097
0,G1,17.8,0.8126652362781769
0,G1,17.9,0.8133152736856273
0,G1,18.0,0.8139640659531622
0,G1,18.1,0.8146116149617175
0,G1,18.2,0.8152579200613009
0,G1,18.3,0.8159029795906332
0,G1,18.4,0.8165467793501443
0,G1,18.5,0.817189321347532
0,G1,18.6,0.8178306078135492
0,G1,18.7,0.818470639321921
0,G1,18.8,0.8191094170017943
0,G1,18.9,0.8197469371285622
0,G1,19.0,0.8203831862881563
0,G1,19.1,0.8210181677504991
0,G1,19.2,0.8216518835820428
0,G1,19.3,0.822284333685866
0,G1,19.4,0.8229155205964365
0,G1,19.5,0.8235454387213884
0,G1,19.6,0.8241740751930631
0,G1,19.7,0.824801434778211
0,G1,19.8,0.8254275190837477
0,G1,19.9,0.8260523278157098
0,G1,20.0,0.8266758643219988
0,G1,20.1,0.8272981217057391
0,G1,20.2,0.8279190873850427
0,G1,20.3,0.8285387676316409
0,G1,20.4,0.8291571636115399
0,G1,20.5,0.8297742746345064
0,G1,20.6,0.8303901052908154
0,G1,20.7,0.8310046468439178
0,G1,20.8,0.8316178876026704
0,G1,20.9,0.8322298349764485
0,G1,21.0,0.8328404895644982
0,G1,21.1,0.8334498506141553
0,G1,21.2,0.834057923765767
0,G1,21.3,0.8346646984613204
0,G1,21.4,0.8352701641565332
0,G1,21.5,0.8358743288843213
0,G1,21.6,0.8364771929655042
0,G1,21.7,0.8370787558427885
0,G1,21.8,0.8376790236462145
0,G1,21.9,0.8382779844781055
0,G1,22.0,0.8388756288102348
0,G1,22.1,0.8394719649089066
0,G1,22.2,0.8400669935134798
0,G1,22.3,0.8406607138403093
0,G1,22.4,0.8412531324657888
0,G1,22.5,0.8418442362172376
0,G1,22.6,0.8424340168995983
0,G1,22.7,0.8430224824712356
0,G1,22.8,0.8436096344073256
0,G1,22.9,0.8441954716798585
0,G1,23.0,0.8447800011803114
0,G1,23.1,0.8453632085794481
0,G1,23.2,0.8459450873685057
0,G1,23.3,0.8465256444196678
0,G1,23.4,0.8471048824389572
0,G1,23.5,0.8476828001253923
0,G1,23.6,0.8482594044087359
0,G1,23.7,0.8488346803087048
0,G1,23.8,0.8494086225929055
0,G1,23.9,0.8499812372281917
0,G1,24.0,0.8505525279710721
0,G1,24.1,0.8511224933779306
0,G1,24.2,0.8516911405697959
0,G1,24.3,0.8522584534600285
0,G1,24.4,0.8528244285677711
0,G1,24.5,0.8533890709822891
0,G1,24.6,0.8539523851632304
0,G1,24.7,0.8545143695265578
0,G1,24.8,0.8550750314268436
0,G1,24.9,0.855634353943403
0,G1,25.0,0.8561923351206832
0,G2,10.0,0.6469476479639955
0,G2,10.1,0.6477936596029169
0,G2,10.2,0.6486391786628445
0,G2,10.3,0.6494842035031869
0,G2,10.4,0.6503287363521161
0,G2,10.5,0.6511727702425707
0,G2,10.6,0.6520163125327202
0,G2,10.7,0.6528593540223873
0,G2,10.8,0.6537018736611988
0,G2,10.9,0.6545438734417992
0,G2,11.0,0.6553853532500165
0,G2,11.1,0.6562263068443559
0,G2,11.2,0.6570667429871775
0,G2,11.3,0.6579066503773047
0,G2,11.4,0.6587460067148908
0,G2,11.5,0.6595848178111233
0,G2,11.6,0.6604230813120385
0,G2,11.7,0.6612607914250243
0,G2,11.8,0.662097958490237
0,G2,11.9,0.6629345687961055
0,G2,12.0,0.6637705994292047
0,G2,12.1,0.6646060593798266
0,G2,12.2,0.665440944468682
0,G2,12.3,0.6662752493184478
0,G2,12.4,0.6671089854712681
0,G2,12.5,0.6679421373157848
0,G2,12.6,0.6687746810291746
0,G2,12.7,0.6696066288323491
0,G2,12.8,0.6704379746618364
0,G2,12.9,0.6712687138015938
0,G2,13.0,0.6720988586932284
0,G2,13.1,0.6729283918252799
0,G2,13.2,0.6737572890050233
0,G2,13.3,0.6745855650983983
0,G2,13.4,0.6754132123603088
0,G2,13.5,0.6762402267371967
0,G2,13.6,0.6770666213966693
0,G2,13.7,0.6778923770472993
0,G2,13.8,0.6787174697518824
0,G2,13.9,0.6795419161185954
0,G2,14.0,0.6803657070684521
0,G2,14.1,0.6811888392103455
0,G2,14.2,0.6820113261256223
0,G2,14.3,0.6828331476599884
0,G2,14.4,0.6836542792030623
0,G2,14.5,0.6844747392256049
0,G2,14.6,0.685294518038307
0,G2,14.7,0.6861136121582535
0,G2,14.8,0.6869320357277496
0,G2,14.9,0.6877497680263269
0,G2,15.0,0.6885667834561467
0,G2,15.1,0.6893831024440578
0,G2,15.2,0.6901987148931504
0,G2,15.3,0.6910136169925063
0,G2,15.4,0.6918278235125508
0,G2,15.5,0.6926413131856397
0,G2,15.6,0.6934540593912093
0,G2,15.7,0.6942660845620943
0,G2,15.8,0.6950773782429336
0,G2,15.9,0.69588793621308
0,G2,16.0,0.6966977738866891
0,G2,16.1,0.697506869468368
0,G2,16.2,0.6983151952804719
0,G2,16.3,0.699122775809273
0,G2,16.4,0.6999295996223176
0,G2,16.5,0.7007356640134682
0,G2,16.6,0.7015409830502883
0,G2,16.7,0.7023455350980843
0,G2,16.8,0.7031492913887282
0,G2,16.9,0.7039522785068838
0,G2,17.0,0.7047544838509207
0,G2,17.1,0.7055559068762502
0,G2,17.2,0.7063565595908484
0,G2,17.3,0.7071564204630578
0,G2,17.4,0.7079554605638995
0,G2,17.5,0.7087537076567952
0,G2,17.6,0.7095511482717155
0,G2,17.7,0.7103477841584727
0,G2,17.8,0.7111436250668672
0,G2,17.9,0.7119386492690686
0,G2,18.0,0.7127328288170822
0,G2,18.1,0.713526191519694
0,G2,18.2,0.7143187234114525
0,G2,18.3,0.7151104286662219
0,G2,18.4,0.7159013145805562
0,G2,18.5,0.7166913585260625
0,G2,18.6,0.7174805358914961
0,G2,18.7,0.7182688721821222
0,G2,18.8,0.7190563537161542
0,G2,18.9,0.7198429872177967
0,G2,19.0,0.7206287773390551
0,G2,19.1,0.7214137005847245
0,G2,19.2,0.7221977355989744
0,G2,19.3,0.7229809057193525
0,G2,19.4,0.7237631981043438
0,G2,19.5,0.7245446211949069
0,G2,19.6,0.7253251772035813
0,G2,19.7,0.7261048415918219
0,G2,19.8,0.7268835968493834
0,G2,19.9,0.7276614637481144
0,G2,20.0,0.7284384300888239
0,G2,20.1,0.729214507081341
0,G2,20.2,0.7299896929953127
0,G2,20.3,0.7307639629219712
0,G2,20.4,0.7315373040301114
0,G2,20.5,0.7323097331847982
0,G2,20.6,0.7330812394547437
0,G2,20.7,0.7338518367449264
0,G2,20.8,0.7346215195400467
0,G2,20.9,0.735390262386905
0,G2,21.0,0.736158057260764
0,G2,21.1,0.7369249164917895
0,G2,21.2,0.7376908318188171
0,G2,21.3,0.7384558185584088
0,G2,21.4,0.7392198679740185
0,G2,21.5,0.7399829533096761
0,G2,21.6,0.7407450730514957
0,G2,21.7,0.7415062333760463
0,G2,21.8,0.7422664292660232
0,G2,21.9,0.7430256775077277
0,G2,22.0,0.7437839660066315
0,G2,22.1,0.744541266689551
0,G2,22.2,0.745297584021997
0,G2,22.3,0.7460529200906423
0,G2,22.4,0.7468072709230114
0,G2,22.5,0.7475606556033938
0,G2,22.6,0.7483130585475534
0,G2,22.7,0.7490644503523659
0,G2,22.8,0.7498148414730739
0,G2,22.9,0.7505642303238146
0,G2,23.0,0.7513126134290472
0,G2,23.1,0.7520600124454706
0,G2,23.2,0.7528064078458728
0,G2,23.3,0.7535517698663363
0,G2,23.4,0.7542961137464729
0,G2,23.5,0.7550394354852753
0,G2,23.6,0.7557817313915811
0,G2,23.7,0.7565230252181308
0,G2,23.8,0.7572632947106441
0,G2,23.9,0.758002508989775
0,G2,24.0,0.7587406880572322
0,G2,24.1,0.7594778253563071
0,G2,24.2,0.7602139178260188
0,G2,24.3,0.7609489904017749
0,G2,24.4,0.7616830180340758
0,G2,24.5,0.7624159701028066
0,G2,24.6,0.7631478699294748
0,G2,24.7,0.7638787089033932
0,G2,24.8,0.7646084845792726
0,G2,24.9,0.7653372226190046
0,G2,25.0,0.7660648961026808
1,G1,10.0,0.7806094205088419
1,G1,10.1,0.7811049306266148
1,G1,10.2,0.781599896400485
1,G1,10.3,0.7820943000373214
1,G1,10.4,0.7825881133180167
1,G1,10.5,0.7830813966447325
1,G1,10.6,0.7835740753706757
1,G1,10.7,0.7840662078400363
1,G1,10.8,0.7845577706711285
1,G1,10.9,0.7850487399724332
1,G1,11.0,0.785539174583952
1,G1,11.1,0.7860289994075378
1,G1,11.2,0.7865182763627622
1,G1,11.3,0.7870069756873356
1,G1,11.4,0.7874950792134954
1,G1,11.5,0.7879826428714714
1,G1,11.6,0.7884695917847382
1,G1,11.7,0.7889559913739865
1,G1,11.8,0.7894418051821609
1,G1,11.9,0.7899270214465849
1,G1,12.0,0.7904116924861848
1,G1,12.1,0.790895744230466
1,G1,12.2,0.7913792449275554
1,G1,12.3,0.7918621517290683
1,G1,12.4,0.7923444598765536
1,G1,12.5,0.7928262169409606
1,G1,12.6,0.7933073507887748
1,G1,12.7,0.7937879315028136
1,G1,12.8,0.7942679104489994
1,G1,12.9,0.7947472901706132
1,G1,13.0,0.7952261123602847
1,G1,13.1,0.7957043082938364
1,G1,13.2,0.7961819481322566
1,G1,13.3,0.7966589791613978
1,G1,13.4,0.7971354104661954
1,G1,13.5,0.7976112778207433
1,G1,13.6,0.7980865156554149
1,G1,13.7,0.7985611948289312
1,G1,13.8,0.7990352583572587
1,G1,13.9,0.7995087216605098
1,G1,14.0,0.7999816146418377
1,G1,14.1,0.80045387495809
1,G1,14.2,0.800925574147605
1,G1,14.3,0.8013966508374525
1,G1,14.4,0.8018671271815818
1,G1,14.5,0.8023370267943895
1,G1,14.6,0.8028062908454469
1,G1,14.7,0.8032749912349632
1,G1,14.8,0.8037430623506189
1,G1,14.9,0.8042105331371896
1,G1,15.0,0.804677420674959
1,G1,15.1,0.8051436702629698
1,G1,15.2,0.8056093534750387
1,G1,15.3,0.8060744008974695
1,G1,15.4,0.8065388481151389
1,G1,15.5,0.8070027056470427
1,G1,15.6,0.8074659228713976
1,G1,15.7,0.8079285711981942
1,G1,15.8,0.8083905773818852
1,G1,15.9,0.80885198339005
1,G1,16.0,0.8093127935842694
1,G1,16.1,0.8097729612280608
1,G1,16.2,0.8102325571206391
1,G1,16.3,0.8106915051252364
1,G1,16.4,0.8111498531554899
1,G1,16.5,0.8116075991687919
1,G1,16.6,0.8120647002921664
1,G1,16.7,0.8125212270562434
1,G1,16.8,0.8129771004438926
1,G1,16.9,0.8134323742000038
1,G1,17.0,0.8138870394541479
1,G1,17.1,0.8143410579923762
1,G1,17.2,0.8147944993890012
1,G1,17.3,0.8152472821140979
1,G1,17.4,0.815699465922999
1,G1,17.5,0.8161510345715653
1,G1,17.6,0.8166019549732537
1,G1,17.7,0.8170522949039066
1,G1,17.8,0.817501972034653
1,G1,17.9,0.8179510503592027
1,G1,18.0,0.8183995071702019
1,G1,18.1,0.8188473142345519
1,G1,18.2,0.8192945374386724
1,G1,18.3,0.8197410944232469
1,G1,18.4,0.820187052422488
1,G1,18.5,0.8206323825234575
1,G1,18.6,0.8210770618801478
1,G1,18.7,0.8215211538934214
1,G1,18.8,0.8219645761776219
1,G1,18.9,0.8224073998068248
1,G1,19.0,0.8228495886117148
1,G1,19.1,0.8232911266309434
1,G1,19.2,0.8237320732982899
1,G1,19.3,0.8241723472705281
1,G1,19.4,0.8246120227167936
1,G1,19.5,0.8250510564438256
1,G1,19.6,0.8254894397725824
1,G1,19.7,0.8259272276721866
1,G1,19.8,0.8263643402013952
1,G1,19.9,0.8268008541046002
1,G1,20.0,0.8272367195024611
1,G1,20.1,0.8276719356791193
1,G1,20.2,0.8281065515176229
1,G1,20.3,0.8285404903143898
1,G1,20.4,0.8289738297158732
1,G1,20.5,0.8294065142739379
1,G1,20.6,0.8298385510926204
1,G1,20.7,0.8302699824540803
1,G1,20.8,0.8307007355846286
1,G1,20.9,0.8311308879399233
1,G1,21.0,0.8315603799684697
1,G1,21.1,0.8319892257635358
1,G1,21.2,0.8324174609029766
1,G1,21.3,0.8328450165099741
1,G1,21.4,0.8332719703451363
1,G1,21.5,0.8336982585650322
1,G1,21.6,0.834123902036802
1,G1,21.7,0.8345489298968612
1,G1,21.8,0.8349732769627083
1,G1,21.9,0.8353970213208437
1,G1,22.0,0.8358200946860734
1,G1,22.1,0.8362425252722288
1,G1,22.2,0.8366643350261427
1,G1,22.3,0.8370854632455123
1,G1,22.4,0.8375059876556382
1,G1,22.5,0.8379258358969031
1,G1,22.6,0.8383450432715479
1,G1,22.7,0.8387636247980331
1,G1,22.8,0.8391815242662688
1,G1,22.9,0.8395988187516534
1,G1,23.0,0.8400154322202417
1,G1,23.1,0.8404314067752856
1,G1,23.2,0.8408467505220807
1,G1,23.3,0.8412614117873325
1,G1,23.4,0.841675467015806
1,G1,23.5,0.8420888366045199
1,G1,23.6,0.8425015691664863
1,G1,23.7,0.8429136662637503
1,G1,23.8,0.8433250805295673
1,G1,23.9,0.8437358874057089
1,G1,24.0,0.8441460045767251
1,G1,24.1,0.8445554869202034
1,G1,24.2,0.84496432893132
1,G1,24.3,0.8453724877174177
1,G1,24.4,0.8457800379949623
1,G1,24.5,0.84618689484499
1,G1,24.6,0.8465931191522399
1,G1,24.7,0.8469986979359436
1,G1,24.8,0.847403593713389
1,G1,24.9,0.8478078795077806
1,G1,25.0,0.8482114686283415
1,G2,10.0,0.6568393675984812
1,G2,10.1,0.6574307079987756
1,G2,10.2,0.6580217655455104
1,G2,10.3,0.6586125506462117
1,G2,10.4,0.6592030680619246
1,G2,10.5,0.6597932891845671
1,G2,10.6,0.660383247054374
1,G2,10.7,0.6609729115835459
1,G2,10.8,0.6615622985960642
1,G2,10.9,0.6621514087677567
1,G2,11.0,0.6627402141655535
1,G2,11.1,0.6633287510893517
1,G2,11.2,0.6639169837944904
1,G2,11.3,0.6645049340372025
1,G2,11.4,0.6650925982305765
1,G2,11.5,0.6656799492173874
1,G2,11.6,0.6662670266299201
1,G2,11.7,0.6668537889115641
1,G2,11.8,0.6674402639102386
1,G2,11.9,0.6680264436006542
1,G2,12.0,0.6686123017021015
1,G2,12.1,0.669197881092682
1,G2,12.2,0.6697831347245978
1,G2,12.3,0.6703680960913206
1,G2,12.4,0.6709527528244263
1,G2,12.5,0.6715370800638325
1,G2,12.6,0.6721211220992225
1,G2,12.7,0.6727048301224503
1,G2,12.8,0.6732882393816969
1,G2,12.9,0.6738713349850401
1,G2,13.0,0.6744540938710579
1,G2,13.1,0.6750365604336668
1,G2,13.2,0.6756186851343358
1,G2,13.3,0.6762005044379461
1,G2,13.4,0.6767820009474541
1,G2,13.5,0.6773631538585112
1,G2,13.6,0.6779440072230739
1,G2,13.7,0.6785245105221911
1,G2,13.8,0.679104702703169
1,G2,13.9,0.6796845621189065
1,G2,14.0,0.6802640719687644
1,G2,14.1,0.6808432746564542
1,G2,14.2,0.6814221191525525
1,G2,14.3,0.6820006462664379
1,G2,14.4,0.6825788318113131
1,G2,14.5,0.6831566613934695
1,G2,14.6,0.6837341761801082
1,G2,14.7,0.684311324728395
1,G2,14.8,0.6848881496315187
1,G2,14.9,0.685464623901959
1,G2,15.0,0.6860407366142365
1,G2,15.1,0.6866165265384377
1,G2,15.2,0.6871919422589082
1,G2,15.3,0.6877670275640979
1,G2,15.4,0.6883417534144307
1,G2,15.5,0.688916113443151
1,G2,15.6,0.689490141814383
1,G2,15.7,0.69006378811426
1,G2,15.8,0.6906370968380641
1,G2,15.9,0.6912100374052014
1,G2,16.0,0.6917826090629061
1,G2,16.1,0.6923548392487248
1,G2,16.2,0.6929266800553562
1,G2,16.3,0.6934981756722141
1,G2,16.4,0.6940692948224965
1,G2,16.5,0.6946400420665475
1,G2,16.6,0.695210437360746
1,G2,16.7,0.6957804371939643
1,G2,16.8,0.6963500836709918
1,G2,16.9,0.6969193454498683
1,G2,17.0,0.6974882320663542
1,G2,17.1,0.6980567562779526
1,G2,17.2,0.6986248792886605
1,G2,17.3,0.6991926417686606
1,G2,17.4,0.6997600105192132
1,G2,17.5,0.700327000864496
1,G2,17.6,0.7008936184135879
1,G2,17.7,0.7014598288231366
1,G2,17.8,0.7020256724087557
1,G2,17.9,0.7025911127819401
1,G2,18.0,0.7031561712979897
1,G2,18.1,0.7037208472876186
1,G2,18.2,0.7042851091116907
1,G2,18.3,0.704848999584889
1,G2,18.4,0.7054124765471438
1,G2,18.5,0.705975567989439
1,G2,18.6,0.7065382678422698
1,G2,18.7,0.7071005459631438
1,G2,18.8,0.7076624488785694
1,G2,18.9,0.7082239277193362
1,G2,19.0,0.708785017510883
1,G2,19.1,0.70934570663015
1,G2,19.2,0.7099059665279227
1,G2,19.3,0.7104658474965818
1,G2,19.4,0.7110252938357348
1,G2,19.5,0.7115843477297231
1,G2,19.6,0.7121429918208236
1,G2,19.7,0.7127011993406123
1,G2,19.8,0.7132590236718438
1,G2,19.9,0.7138164041030952
1,G2,20.0,0.7143733877171848
1,G2,20.1,0.71492995275886
1,G2,20.2,0.7154860746272215
1,G2,20.3,0.7160418072916026
1,G2,20.4,0.7165970894340828
1,G2,20.5,0.7171519687444479
1,G2,20.6,0.7177064209581877
1,G2,20.7,0.718260424341274
1,G2,20.8,0.7188140319234073
1,G2,20.9,0.7193671822934776
1,G2,21.0,0.7199199242326807
1,G2,21.1,0.720472230242416
1,G2,21.2,0.7210240821994207
1,G2,21.3,0.7215755316407615
1,G2,21.4,0.7221265168731745
1,G2,21.5,0.7226770887260915
1,G2,21.6,0.7232272154834916
1,G2,21.7,0.7237768837165706
1,G2,21.8,0.7243261423224024
1,G2,21.9,0.7248749298268067
1,G2,22.0,0.7254232985679424
1,G2,22.1,0.725971214079437
1,G2,22.2,0.7265186662405314
1,G2,22.3,0.7270657016868415
1,G2,22.4,0.7276122592451776
1,G2,22.5,0.7281583924901059
1,G2,22.6,0.7287040640988699
1,G2,22.7,0.7292492689861485
1,G2,22.8,0.729794049326403
1,G2,22.9,0.7303383450996441
1,G2,23.0,0.7308822102340925
1,G2,23.1,0.7314256060007657
1,G2,23.2,0.7319685330689416
1,G2,23.3,0.7325110267407585
1,G2,23.4,0.7330530292088413
1,G2,23.5,0.7335945945519176
1,G2,23.6,0.7341356829159716
1,G2,23.7,0.7346763015382247
1,G2,23.8,0.7352164768673114
1,G2,23.9,0.7357561553969085
1,G2,24.0,0.7362953897299312
1,G2,24.1,0.7368341399953805
1,G2,24.2,0.7373724193644638
1,G2,24.3,0.7379102448524246
1,G2,24.4,0.738447569376116
1,G2,24.5,0.7389844422168731
1,G2,24.6,0.7395208238526487
1,G2,24.7,0.7400567329331914
1,G2,24.8,0.7405921779728011
1,G2,24.9,0.7411271178645621
1,G2,25.0,0.7416616002419375
2,G1,10.0,0.7810283569859806
2,G1,10.1,0.7822352564354822
2,G1,10.2,0.7834388083169856
2,G1,10.3,0.7846390001553573
2,G1,10.4,0.7858358183746458
2,G1,10.5,0.7870292454948146
2,G1,10.6,0.7882192664843835
2,G1,10.7,0.7894058586358885
2,G1,10.8,0.790589008395924
2,G1,10.9,0.7917687175663947
2,G1,11.0,0.7929449804646559
2,G1,11.1,0.7941177796522976
2,G1,11.2,0.7952871040217246
2,G1,11.3,0.7964529385216425
2,G1,11.4,0.7976152663395532
2,G1,11.5,0.7987740609914266
2,G1,11.6,0.7999293290741581
2,G1,11.7,0.8010810663178608
2,G1,11.8,0.8022292614165522
2,G1,11.9,0.8033739041531551
2,G1,12.0,0.8045149779252405
2,G1,12.1,0.8056524710146709
2,G1,12.2,0.8067863599974862
2,G1,12.3,0.8079166378579055
2,G1,12.4,0.809043306926945
2,G1,12.5,0.8101663630724495
2,G1,12.6,0.8112857929808103
2,G1,12.7,0.8124015856544934
2,G1,12.8,0.8135137295087967
2,G1,12.9,0.8146222084075221
2,G1,13.0,0.8157269986003122
2,G1,13.1,0.8168281107446986
2,G1,13.2,0.817925542194753
2,G1,13.3,0.819019283039132
2,G1,13.4,0.8201093261753039
2,G1,13.5,0.8211956565406477
2,G1,13.6,0.8222782652755771
2,G1,13.7,0.823357128909511
2,G1,13.8,0.8244322463900581
2,G1,13.9,0.8255036209993913
2,G1,14.0,0.826571250569748
2,G1,14.1,0.8276351250696862
2,G1,14.2,0.8286952345221804
2,G1,14.3,0.829751569967222
2,G1,14.4,0.8308041166789821
2,G1,14.5,0.8318528543404172
2,G1,14.6,0.83289779632012
2,G1,14.7,0.8339389426502275
2,G1,14.8,0.8349762844301101
2,G1,14.9,0.8360098176234192
2,G1,15.0,0.8370395291517413
2,G1,15.1,0.8380654123131521
2,G1,15.2,0.8390874450211037
2,G1,15.3,0.8401056310023812
2,G1,15.4,0.8411199745772231
2,G1,15.5,0.8421304764692296
2,G1,15.6,0.8431371287610842
2,G1,15.7,0.8441399231580695
2,G1,15.8,0.845138853137865
2,G1,15.9,0.8461339052881547
2,G1,16.0,0.8471250643650922
2,G1,16.1,0.8481123441059796
2,G1,16.2,0.849095748541026
2,G1,16.3,0.8500752694746
2,G1,16.4,0.8510509055300042
2,G1,16.5,0.8520226466230918
2,G1,16.6,0.8529904869305666
2,G1,16.7,0.8539544067298869
2,G1,16.8,0.8549144147526362
2,G1,16.9,0.8558705154048976
2,G1,17.0,0.8568227127254492
2,G1,17.1,0.8577710005011853
2,G1,17.2,0.8587153727900257
2,G1,17.3,0.8596558248659274
2,G1,17.4,0.8605923453100327
2,G1,17.5,0.8615249233874492
2,G1,17.6,0.8624535738605243
2,G1,17.7,0.8633783035376051
2,G1,17.8,0.8642991060579784
2,G1,17.9,0.8652159815568792
2,G1,18.0,0.8661289238506842
2,G1,18.1,0.8670379274343261
2,G1,18.2,0.86794297519108
2,G1,18.3,0.8688440806739265
2,G1,18.4,0.8697412489562643
2,G1,18.5,0.870634486019682
2,G1,18.6,0.8715237880740363
2,G1,18.7,0.8724091514296666
2,G1,18.8,0.8732905730601178
2,G1,18.9,0.8741680430560559
2,G1,19.0,0.8750415565658628
2,G1,19.1,0.8759111281004265
2,G1,19.2,0.876776767110843
2,G1,19.3,0.8776384694462626
2,G1,19.4,0.8784962363739842
2,G1,19.5,0.8793500654001493
2,G1,19.6,0.8801999522315723
2,G1,19.7,0.8810458813081402
2,G1,19.8,0.8818878709646838
2,G1,19.9,0.8827259275582088
2,G1,20.0,0.8835600580742073
2,G1,20.1,0.8843902613901193
2,G1,20.2,0.8852165357912285
2,G1,20.3,0.8860388807371753
2,G1,20.4,0.8868572864108724
2,G1,20.5,0.8876717548502769
2,G1,20.6,0.8884822997827067
2,G1,20.7,0.889288932580274
2,G1,20.8,0.89009165263929
2,G1,20.9,0.8908904609766808
2,G1,21.0,0.8916853589083396
2,G1,21.1,0.8924763432998034
2,G1,21.2,0.8932634009787551
2,G1,21.3,0.8940465534830171
2,G1,21.4,0.8948258092291358
2,G1,21.5,0.8956011754310274
2,G1,21.6,0.8963726542397545
2,G1,21.7,0.8971402452309196
2,G1,21.8,0.8979039507902896
2,G1,21.9,0.8986637605558332
2,G1,22.0,0.8994196832258153
2,G1,22.1,0.9001717320845278
2,G1,22.2,0.9009199201257543
2,G1,22.3,0.901664249506709
2,G1,22.4,0.9024047221466966
2,G1,22.5,0.9031413420108579
2,G1,22.6,0.9038741066892646
2,G1,22.7,0.904603006694146
2,G1,22.8,0.9053280654979241
2,G1,22.9,0.9060492935351918
2,G1,23.0,0.9067666985661592
2,G1,23.1,0.9074802851159329
2,G1,23.2,0.908190054492403
2,G1,23.3,0.9088960112524364
2,G1,23.4,0.9095981458290798
2,G1,23.5,0.910296471433712
2,G1,23.6,0.9109910017187594
2,G1,23.7,0.9116817514388048
2,G1,23.8,0.9123687244869022
2,G1,23.9,0.9130519240920664
2,G1,24.0,0.9137313559657952
2,G1,24.1,0.9144070192660493
2,G1,24.2,0.9150789084968914
2,G1,24.3,0.9157470470036235
2,G1,24.4,0.916411448550649
2,G1,24.5,0.9170721204694332
2,G1,24.6,0.9177290698005086
2,G1,24.7,0.9183822997245531
2,G1,24.8,0.9190318156378721
2,G1,24.9,0.9196776101164585
2,G1,25.0,0.9203197002221017
2,G2,10.0,0.601765216662929
2,G2,10.1,0.6032408945003074
2,G2,10.2,0.6047158144553415
2,G2,10.3,0.6061899644370288
2,G2,10.4,0.6076633246923853
2,G2,10.5,0.6091358746270016
2,G2,10.6,0.6106075737398282
2,G2,10.7,0.6120784048919247
2,G2,10.8,0.6135483537157428
2,G2,10.9,0.61501738101066
2,G2,11.0,0.6164854728429188
2,G2,11.1,0.6179526078037942
2,G2,11.2,0.6194187721497476
2,G2,11.3,0.6208839336238776
2,G2,11.4,0.6223480578589692
2,G2,11.5,0.6238111327921266
2,G2,11.6,0.6252731352762537
2,G2,11.7,0.626734029875316
2,G2,11.8,0.6281938049148306
2,G2,11.9,0.6296524469147862
2,G2,12.0,0.6311099319282664
2,G2,12.1,0.632566217348733
2,G2,12.2,0.6340212880721092
2,G2,12.3,0.6354751297003969
2,G2,12.4,0.6369277010876584
2,G2,12.5,0.638378991209179
2,G2,12.6,0.6398289800284801
2,G2,12.7,0.6412776568013238
2,G2,12.8,0.6427249837092026
2,G2,12.9,0.6441709306382409
2,G2,13.0,0.6456154832914407
2,G2,13.1,0.6470586192883515
2,G2,13.2,0.648500303347004
2,G2,13.3,0.6499405246259377
2,G2,13.4,0.6513792759966631
2,G2,13.5,0.6528165291498682
2,G2,13.6,0.6542522413616612
2,G2,13.7,0.6556863987600487
2,G2,13.8,0.6571189877990187
2,G2,13.9,0.6585499653085667
2,G2,14.0,0.6599793227731501
2,G2,14.1,0.6614070448637713
2,G2,14.2,0.662833120426441
2,G2,14.3,0.6642575070925916
2,G2,14.4,0.6656801806661874
2,G2,14.5,0.6671011250540888
2,G2,14.6,0.6685203163600472
2,G2,14.7,0.6699377216435864
2,G2,14.8,0.6713533326547091
2,G2,14.9,0.6727671465520136
2,G2,15.0,0.6741791302341872
2,G2,15.1,0.6755892439037794
2,G2,15.2,0.676997472701715
2,G2,15.3,0.6784038056224012
2,G2,15.4,0.6798081972608861
2,G2,15.5,0.6812106416846889
2,G2,15.6,0.6826111299560422
2,G2,15.7,0.6840096487527597
2,G2,15.8,0.6854061523264912
2,G2,15.9,0.686800622482122
2,G2,16.0,0.6881930422592265
2,G2,16.1,0.6895833838356429
2,G2,16.2,0.6909716219073901
2,G2,16.3,0.6923577479227405
2,G2,16.4,0.6937417636743665
2,G2,16.5,0.6951236305714795
2,G2,16.6,0.6965033144110714
2,G2,16.7,0.6978807974376331
2,G2,16.8,0.699256072755565
2,G2,16.9,0.7006290926138165
2,G2,17.0,0.7019998535672196
2,G2,17.1,0.7033683547390281
2,G2,17.2,0.704734578804377
2,G2,17.3,0.7060984782305891
2,G2,17.4,0.7074600396435475
2,G2,17.5,0.7088192485425083
2,G2,17.6,0.7101760696621354
2,G2,17.7,0.7115304881778048
2,G2,17.8,0.7128824953277507
2,G2,17.9,0.7142320968959409
2,G2,18.0,0.7155792484120345
2,G2,18.1,0.7169239225181845
2,G2,18.2,0.7182660992118246
2,G2,18.3,0.7196057742194646
2,G2,18.4,0.7209429006449496
2,G2,18.5,0.722277475150671
2,G2,18.6,0.7236095067587711
2,G2,18.7,0.7249389721882735
2,G2,18.8,0.7262658250942019
2,G2,18.9,0.7275900546055563
2,G2,19.0,0.7289116495593008
2,G2,19.1,0.7302305705796406
2,G2,19.2,0.7315468097454864
2,G2,19.3,0.7328603603372572
2,G2,19.4,0.7341712307685699
2,G2,19.5,0.7354793721578918
2,G2,19.6,0.7367847631997398
2,G2,19.7,0.7380873833453415
2,G2,19.8,0.7393872297827779
2,G2,19.9,0.7406842570436771
2,G2,20.0,0.7419784631315258
2,G2,20.1,0.7432698658381013
2,G2,20.2,0.7445584367007131
2,G2,20.3,0.7458441312055597
2,G2,20.4,0.7471269394869934
2,G2,20.5,0.7484068550269267
2,G2,20.6,0.7496838366577379
2,G2,20.7,0.7509578804238269
2,G2,20.8,0.7522289836946788
2,G2,20.9,0.7534971562355237
2,G2,21.0,0.7547623459906591
2,G2,21.1,0.756024537388602
2,G2,21.2,0.7572837100325759
2,G2,21.3,0.7585398613714928
2,G2,21.4,0.7597929500957205
2,G2,21.5,0.7610429750054452
2,G2,21.6,0.7622899614140686
2,G2,21.7,0.7635338754985477
2,G2,21.8,0.7647746772198866
2,G2,21.9,0.7660123568795622
2,G2,22.0,0.7672469119859626
2,G2,22.1,0.7684783003513009
2,G2,22.2,0.7697065211235208
2,G2,22.3,0.77093157921317
2,G2,22.4,0.7721534813029831
2,G2,22.5,0.7733721751016738
2,G2,22.6,0.77458765125635
2,G2,22.7,0.7757998889704228
2,G2,22.8,0.7770088851385488
2,G2,22.9,0.7782146029663424
2,G2,23.0,0.7794170456300349
2,G2,23.1,0.7806162421073153
2,G2,23.2,0.7818121538936117
2,G2,23.3,0.7830047470598495
2,G2,23.4,0.7841940108709928
2,G2,23.5,0.7853799480400361
2,G2,23.6,0.7865625152396929
2,G2,23.7,0.7877417140770729
2,G2,23.8,0.788917559424719
2,G2,23.9,0.7900900521231505
2,G2,24.0,0.7912591411022256
2,G2,24.1,0.7924248227565287
2,G2,24.2,0.7935870781354271
2,G2,24.3,0.7947458994710132
2,G2,24.4,0.7959012597873223
2,G2,24.5,0.7970531652610753
2,G2,24.6,0.7982016463674813
2,G2,24.7,0.7993466597047554
2,G2,24.8,0.8004881818098853
2,G2,24.9,0.8016261968741829
2,G2,25.0,0.8027607148464788
3,G1,10.0,0.8106522135475294
3,G1,10.1,0.8110471002900864
3,G1,10.2,0.8114415453647374
3,G1,10.3,0.8118355244436751
3,G1,10.4,0.8122290611028599
3,G1,10.5,0.8126221307958872
3,G1,10.6,0.8130147573813404
3,G1,10.7,0.8134069160139856
3,G1,10.8,0.813798630871276
3,G1,10.9,0.8141898768295296
3,G1,11.0,0.8145806782945707
3,G1,11.1,0.8149710099798225
3,G1,11.2,0.8153608964093417
3,G1,11.3,0.8157503122344323
3,G1,11.4,0.8161392820178791
3,G1,11.5,0.8165277803934812
3,G1,11.6,0.816915831963192
3,G1,11.7,0.8173034113024125
3,G1,11.8,0.8176905430885923
3,G1,11.9,0.8180772018326653
3,G1,12.0,0.8184634123080508
3,G1,12.1,0.8188491489547728
3,G1,12.2,0.8192344365751433
3,G1,12.3,0.8196192496347041
3,G1,12.4,0.8200036128682839
3,G1,12.5,0.8203875008766853
3,G1,12.6,0.8207709382067944
3,G1,12.7,0.8211538997232312
3,G1,12.8,0.8215364096755665
3,G1,12.9,0.8219184432334964
3,G1,13.0,0.8223000243669093
3,G1,13.1,0.8226811285117857
3,G1,13.2,0.8230617794368018
3,G1,13.3,0.8234419527193002
3,G1,13.4,0.8238216720620601
3,G1,13.5,0.8242009130444118
3,G1,13.6,0.8245796994579436
3,G1,13.7,0.8249580067511337
3,G1,13.8,0.8253358588590743
3,G1,13.9,0.8257132310939341
3,G1,14.0,0.8260901475640814
3,G1,14.1,0.826466583395557
3,G1,14.2,0.8268425628898934
3,G1,14.3,0.827218061009181
3,G1,14.4,0.827593102220676
3,G1,14.5,0.8279676612968977
3,G1,14.6,0.8283417629757615
3,G1,14.7,0.8287153816608414
3,G1,14.8,0.8290885425836941
3,G1,14.9,0.8294612196113865
3,G1,15.0,0.8298334385324707
3,G1,15.1,0.8302051726539894
3,G1,15.2,0.8305764483472237
3,G1,15.3,0.8309472383105969
3,G1,15.4,0.8313175696006774
3,G1,15.5,0.8316874141980646
3,G1,15.6,0.8320567998755539
3,G1,15.7,0.8324256979430565
3,G1,15.8,0.8327941367887617
3,G1,15.9,0.8331620872046737
3,G1,16.0,0.8335295780332772
3,G1,16.1,0.8338965796807182
3,G1,16.2,0.8342631213559054
3,G1,16.3,0.8346291731060325
3,G1,16.4,0.8349947645125179
3,G1,16.5,0.8353598652367781
3,G1,16.6,0.8357245052763738
3,G1,16.7,0.8360886538918966
3,G1,16.8,0.8364523414735908
3,G1,16.9,0.8368155368988889
3,G1,17.0,0.8371782710047775
3,G1,17.1,0.8375405121553683
3,G1,17.2,0.8379022917694797
3,G1,17.3,0.838263577609551
3,G1,17.4,0.8386244017187051
3,G1,17.5,0.8389847312466393
3,G1,17.6,0.839344598850463
3,G1,17.7,0.8397039710722367
3,G1,17.8,0.8400628811844199
3,G1,17.9,0.8404212950924155
3,G1,18.0,0.8407792467788857
3,G1,18.1,0.841136701417596
3,G1,18.2,0.8414936937391717
3,G1,18.3,0.8418501881775663
3,G1,18.4,0.8422062201877024
3,G1,18.5,0.8425617535462
3,G1,18.6,0.8429168242716882
3,G1,18.7,0.8432713957248722
3,G1,18.8,0.8436255042336064
3,G1,18.9,0.8439791129505564
3,G1,19.0,0.8443322583516443
3,G1,19.1,0.8446849034808134
3,G1,19.2,0.8450370849527575
3,G1,19.3,0.8453887656356324
3,G1,19.4,0.8457399823737733
3,G1,19.5,0.8460906977929834
3,G1,19.6,0.8464409489690915
3,G1,19.7,0.8467906983282845
3,G1,19.8,0.8471399831515279
3,G1,19.9,0.8474887656738306
3,G1,20.0,0.8478370833735205
3,G1,20.1,0.8481848983130036
3,G1,20.2,0.84853224812028
3,G1,20.3,0.8488790947289271
3,G1,20.4,0.8492254759315174
3,G1,20.5,0.8495713534700073
3,G1,20.6,0.8499167653708714
3,G1,20.7,0.8502616731472906
3,G1,20.8,0.8506061150685106
3,G1,20.9,0.8509500523915094
3,G1,21.0,0.8512935236643187
3,G1,21.1,0.8516364898779094
3,G1,21.2,0.8519789898087611
3,G1,21.3,0.8523209842710878
3,G1,21.4,0.8526625122592131
3,G1,21.5,0.8530035343253144
3,G1,21.6,0.8533440897502311
3,G1,21.7,0.853684138838596
3,G1,21.8,0.8540237210882335
3,G1,21.9,0.8543627966241363
3,G1,22.0,0.8547014050783261
3,G1,22.1,0.8550395065152455
3,G1,22.2,0.8553771406344356
3,G1,22.3,0.8557142674063418
3,G1,22.4,0.856050926648749
3,G1,22.5,0.8563870782210342
3,G1,22.6,0.8567227620319877
3,G1,22.7,0.8570579379780152
3,G1,22.8,0.85739264584204
3,G1,22.9,0.8577268456898588
3,G1,23.0,0.8580605771144941
3,G1,23.1,0.8583938003855822
3,G1,23.2,0.8587265549138057
3,G1,23.3,0.8590588011681195
3,G1,23.4,0.8593905783353275
3,G1,23.5,0.8597218471647932
3,G1,23.6,0.8600526465296234
3,G1,23.7,0.8603829375382076
3,G1,23.8,0.8607127586885912
3,G1,23.9,0.8610420714889593
3,G1,24.0,0.8613709140167243
3,G1,24.1,0.8616992482389659
3,G1,24.2,0.8620271117451416
3,G1,24.3,0.8623544670546646
3,G1,24.4,0.8626813512164853
3,G1,24.5,0.8630077272477967
3,G1,24.6,0.863333631763237
3,G1,24.7,0.8636590281976553
3,G1,24.8,0.8639839527151663
3,G1,24.9,0.8643083692908131
3,G1,25.0,0.8646323135140012
3,G2,10.0,0.6963603181864605
3,G2,10.1,0.696849301917926
3,G2,10.2,0.6973380546766474
3,G2,10.3,0.6978264861393009
3,G2,10.4,0.698314686853956
3,G2,10.5,0.698802562449078
3,G2,10.6,0.6992902074354335
3,G2,10.7,0.6997775236207642
3,G2,10.8,0.7002646092810588
3,G2,10.9,0.700751362449192
3,G2,11.0,0.7012378850586096
3,G2,11.1,0.7017240717507078
3,G2,11.2,0.7022100277142289
3,G2,11.3,0.7026956443633601
3,G2,11.4,0.7031810301139877
3,G2,11.5,0.7036660731470865
3,G2,11.6,0.7041508851287942
3,G2,11.7,0.7046353509839005
3,G2,11.8,0.7051195856517253
3,G2,11.9,0.7056034707780761
3,G2,12.0,0.7060871245982102
3,G2,12.1,0.7065704254563339
3,G2,12.2,0.7070534947861098
3,G2,12.3,0.7075362079680251
3,G2,12.4,0.7080186892443603
3,G2,12.5,0.7085008112853145
3,G2,12.6,0.7089827010011038
3,G2,12.7,0.7094642284033623
3,G2,12.8,0.7099455229327923
3,G2,12.9,0.7104264523405079
3,G2,13.0,0.7109071482038577
3,G2,13.1,0.7113874761384492
3,G2,13.2,0.7118675698677177
3,G2,13.3,0.7123472928670922
3,G2,13.4,0.7128267810014202
3,G2,13.5,0.7133058956183795
3,G2,13.6,0.7137847747058206
3,G2,13.7,0.7142632774955862
3,G2,13.8,0.714741544105761
3,G2,13.9,0.7152194316356361
3,G2,14.0,0.7156970822583583
3,G2,14.1,0.7161743511997074
3,G2,14.2,0.7166513823866205
3,G2,14.3,0.7171280293734049
3,G2,14.4,0.7176044377289164
3,G2,14.5,0.7180804593669373
3,G2,14.6,0.7185562415078053
3,G2,14.7,0.7190316344152922
3,G2,14.8,0.7195067869707124
3,G2,14.9,0.7199815477784071
3,G2,15.0,0.7204560673900995
3,G2,15.1,0.7209301927413456
3,G2,15.2,0.7214040760636392
3,G2,15.3,0.7218775626144658
3,G2,15.4,0.7223508063143859
3,G2,15.5,0.7228236507335933
3,G2,15.6,0.7232962514909455
3,G2,15.7,0.7237684504601918
3,G2,15.8,0.7242404049676457
3,G2,15.9,0.7247119551815295
3,G2,16.0,0.7251832601447048
3,G2,16.1,0.7256541583108501
3,G2,16.2,0.726124810448399
3,G2,16.3,0.7265950532875395
3,G2,16.4,0.7270650493312303
3,G2,16.5,0.7275346335772913
3,G2,16.6,0.7280039702720907
3,G2,16.7,0.7284728926722732
3,G2,16.8,0.7289415667764293
3,G2,16.9,0.7294098240912921
3,G2,17.0,0.7298778323764157
3,G2,17.1,0.7303454213799564
3,G2,17.2,0.7308127606311026
3,G2,17.3,0.7312796781108397
3,G2,17.4,0.7317463451265892
3,G2,17.5,0.7322125878836425
3,G2,17.6,0.7326785794761809
3,G2,17.7,0.7331441443253532
3,G2,17.8,0.7336094573205526
3,G2,17.9,0.7340743410904077
3,G2,18.0,0.7345389722000634
3,G2,18.1,0.7350031718608482
3,G2,18.2,0.7354671178238769
3,G2,18.3,0.7359306303464821
3,G2,18.4,0.7363938879726564
3,G2,18.5,0.7368567102850382
3,G2,18.6,0.737319276345311
3,G2,18.7,0.7377814054423226
3,G2,18.8,0.7382432768276324
3,G2,18.9,0.7387047096123744
3,G2,19.0,0.739165883227838
3,G2,19.1,0.7396266166176196
3,G2,19.2,0.7400870893826096
3,G2,19.3,0.7405471203090234
3,G2,19.4,0.7410068891572446
3,G2,19.5,0.7414662145662442
3,G2,19.6,0.7419252764458075
3,G2,19.7,0.7423838932977815
3,G2,19.8,0.7428422451712822
3,G2,19.9,0.7433001504411296
3,G2,20.0,0.7437577892857199
3,G2,20.1,0.7442149799629243
3,G2,20.2,0.7446719027703872
3,G2,20.3,0.7451283758590902
3,G2,20.4,0.7455845796359157
3,G2,20.5,0.7460403321549909
3,G2,20.6,0.7464958139224472
3,G2,20.7,0.7469508429055711
3,G2,20.8,0.7474055996997776
3,G2,20.9,0.7478599021955046
3,G2,21.0,0.7483139310675043
3,G2,21.1,0.748767504139336
3,G2,21.2,0.7492208021551678
3,G2,21.3,0.7496736428816247
3,G2,21.4,0.7501262071223926
3,G2,21.5,0.7505783125970863
3,G2,21.6,0.7510301401590325
3,G2,21.7,0.7514815074120923
3,G2,21.8,0.7519325954853053
3,G2,21.9,0.7523832215010129
3,G2,22.0,0.7528335673519368
3,G2,22.1,0.7532834492688992
3,G2,22.2,0.7537330500402954
3,G2,22.3,0.7541821850125012
3,G2,22.4,0.7546310378625307
3,G2,22.5,0.7550794230594163
3,G2,22.6,0.7555275251617085
3,G2,22.7,0.7559751577682265
3,G2,22.8,0.756422506311946
3,G2,22.9,0.7568693835286321
3,G2,23.0,0.7573159757185445
3,G2,23.1,0.7577620947615836
3,G2,23.2,0.7582079277493244
3,G2,23.3,0.7586532859194145
3,G2,23.4,0.7590983567977407
3,G2,23.5,0.759542951485973
3,G2,23.6,0.7599872575060155
3,G2,23.7,0.7604310859767494
3,G2,23.8,0.7608746244055156
3,G2,23.9,0.7613176839390068
3,G2,24.0,0.7617604520594453
3,G2,24.1,0.7622027399519073
3,G2,24.2,0.7626447350629715
3,G2,24.3,0.7630862484878094
3,G2,24.4,0.7635274680433486
3,G2,24.5,0.7639682042575053
3,G2,24.6,0.7644086456600457
3,G2,24.7,0.7648486020071059
3,G2,24.8,0.7652882626048668
3,G2,24.9,0.7657274364446354
3,G2,25.0,0.7661663136020759
4,G1,10.0,0.784832814387832
4,G1,10.1,0.7853105158473765
4,G1,10.2,0.7857876697111221
4,G1,10.3,0.7862642948688389
4,G1,10.4,0.7867403681306808
4,G1,10.5,0.7872158989816714
4,G1,10.6,0.7876908954697885
4,G1,10.7,0.7881653402570861
4,G1,10.8,0.7886392521150021
4,G1,10.9,0.7891126080326258
4,G1,11.0,0.7895854173861517
4,G1,11.1,0.790057688722014
4,G1,11.2,0.7905294042425455
4,G1,11.3,0.7910005827628241
4,G1,11.4,0.791471201420762
4,G1,11.5,0.7919412694148693
4,G1,11.6,0.7924107958429291
4,G1,11.7,0.7928797624056803
4,G1,11.8,0.7933481879802422
4,G1,11.9,0.7938160499198742
4,G1,12.0,0.7942833571581471
4,G1,12.1,0.7947501193359204
4,G1,12.2,0.7952163177529509
4,G1,12.3,0.7956819712601081
4,G1,12.4,0.7961470574515351
4,G1,12.5,0.7966115849975884
4,G1,12.6,0.7970755640651481
4,G1,12.7,0.7975389755885169
4,G1,12.8,0.798001838372858
4,G1,12.9,0.7984641302559728
4,G1,13.0,0.7989258596243415
4,G1,13.1,0.7993870372150563
4,G1,13.2,0.7998476435552662
4,G1,13.3,0.8003076973975967
4,G1,13.4,0.8007671769039636
4,G1,13.5,0.8012260900834406
4,G1,13.6,0.8016844482935862
4,G1,13.7,0.8021422316358197
4,G1,13.8,0.8025994587898838
4,G1,13.9,0.803056108313629
4,G1,14.0,0.8035121877664604
4,G1,14.1,0.8039677091617401
4,G1,14.2,0.804422652163379
4,G1,14.3,0.804877035317713
4,G1,14.4,0.8053308377318572
4,G1,14.5,0.8057840663939445
4,G1,14.6,0.8062367340328647
4,G1,14.7,0.8066888198253581
4,G1,14.8,0.8071403421972734
4,G1,14.9,0.8075912807810944
4,G1,15.0,0.8080416421303304
4,G1,15.1,0.8084914395203704
4,G1,15.2,0.8089406516872897
4,G1,15.3,0.8093892970067922
4,G1,15.4,0.8098373555570302
4,G1,15.5,0.8102848334611238
4,G1,15.6,0.8107317446230945
4,G1,15.7,0.8111780672483925
4,G1,15.8,0.8116238196905133
4,G1,15.9,0.8120689825041595
4,G1,16.0,0.8125135613205432
4,G1,16.1,0.812957570732057
4,G1,16.2,0.8134009884008641
4,G1,16.3,0.8138438326284608
4,G1,16.4,0.8142860844565094
4,G1,16.5,0.8147277490484545
4,G1,16.6,0.8151688416752084
4,G1,16.7,0.8156093394415662
4,G1,16.8,0.8160492605990484
4,G1,16.9,0.8164885866849884
4,G1,17.0,0.8169273224035671
4,G1,17.1,0.8173654836885301
4,G1,17.2,0.8178030470837444
4,G1,17.3,0.8182400307983252
4,G1,17.4,0.8186764168910289
4,G1,17.5,0.8191122095535186
4,G1,17.6,0.8195474254213005
4,G1,17.7,0.819982040483233
4,G1,17.8,0.820416072877477
4,G1,17.9,0.8208495052056746
4,G1,18.0,0.8212823411243101
4,G1,18.1,0.8217145979897583
4,G1,18.2,0.822146251245326
4,G1,18.3,0.822577318920377
4,G1,18.4,0.8230077841747911
4,G1,18.5,0.8234376501898453
4,G1,18.6,0.823866934930413
4,G1,18.7,0.824295613417323
4,G1,18.8,0.8247237034726306
4,G1,18.9,0.8251511888505539
4,G1,19.0,0.8255780722707005
4,G1,19.1,0.8260043722734169
4,G1,19.2,0.826430063503033
4,G1,19.3,0.8268551635134266
4,G1,19.4,0.8272796567289609
4,G1,19.5,0.827703545347703
4,G1,19.6,0.8281268484713938
4,G1,19.7,0.8285495404622669
4,G1,19.8,0.8289716385208087
4,G1,19.9,0.829393127750904
4,G1,20.0,0.8298140098675542
4,G1,20.1,0.8302343044676808
4,G1,20.2,0.8306539857138534
4,G1,20.3,0.8310730704225389
4,G1,20.4,0.8314915443238934
4,G1,20.5,0.8319094087476975
4,G1,20.6,0.8323266836773378
4,G1,20.7,0.8327433431755467
4,G1,20.8,0.8331594036014516
4,G1,20.9,0.833574851372002
4,G1,21.0,0.8339896873804109
4,G1,21.1,0.8344039320152905
4,G1,21.2,0.8348175592098359
4,G1,21.3,0.8352305849560769
4,G1,21.4,0.8356429962697594
4,G1,21.5,0.83605479361834
4,G1,21.6,0.8364659978479008
4,G1,21.7,0.8368765826747202
4,G1,21.8,0.8372865638340952
4,G1,21.9,0.8376959288719558
4,G1,22.0,0.8381046778272508
4,G1,22.1,0.8385128320030647
4,G1,22.2,0.8389203649310202
4,G1,22.3,0.8393272920763513
4,G1,22.4,0.8397336015125163
4,G1,22.5,0.8401392928296578
4,G1,22.6,0.8405443878292846
4,G1,22.7,0.8409488598241355
4,G1,22.8,0.8413527239980226
4,G1,22.9,0.8417559689971307
4,G1,23.0,0.8421585939136009
4,G1,23.1,0.8425606211414491
4,G1,23.2,0.842962023664486
4,G1,23.3,0.8433628163894616
4,G1,23.4,0.8437629886471685
4,G1,23.5,0.8441625389195646
4,G1,23.6,0.8445614902342897
4,G1,23.7,0.8449598152459407
4,G1,23.8,0.8453575285679533
4,G1,23.9,0.8457546202393573
4,G1,24.0,0.846151088134047
4,G1,24.1,0.8465469558723434
4,G1,24.2,0.8469421958444328
4,G1,24.3,0.8473368223153728
4,G1,24.4,0.8477308260411318
4,G1,24.5,0.8481242043222472
4,G1,24.6,0.8485169813145753
4,G1,24.7,0.8489091291451354
4,G1,24.8,0.8493006618848086
4,G1,24.9,0.849691570781604
4,G1,25.0,0.8500818527286684
4,G2,10.0,0.6828521996706923
4,G2,10.1,0.6834136833288996
4,G2,10.2,0.6839748720724685
4,G2,10.3,0.6845357079330925
4,G2,10.4,0.6850962530460447
4,G2,10.5,0.685656452510422
4,G2,10.6,0.6862163282761284
4,G2,10.7,0.6867759033581659
4,G2,10.8,0.6873351174341202
4,G2,10.9,0.6878940344790022
4,G2,11.0,0.6884525992170623
4,G2,11.1,0.6890108331302762
4,G2,11.2,0.6895687606497456
4,G2,11.3,0.6901263191028673
4,G2,11.4,0.6906835742058125
4,G2,11.5,0.6912404705312201
4,G2,11.6,0.6917970288749955
4,G2,11.7,0.692353275080333
4,G2,11.8,0.6929091444131472
4,G2,11.9,0.6934647039427317
4,G2,12.0,0.6940198984227118
4,G2,12.1,0.6945747477302239
4,G2,12.2,0.6951292792206384
4,G2,12.3,0.6956834260891562
4,G2,12.4,0.6962372567179447
4,G2,12.5,0.6967907161257858
4,G2,12.6,0.6973438231873418
4,G2,12.7,0.6978966068203251
4,G2,12.8,0.6984489981394298
4,G2,12.9,0.6990010668024911
4,G2,13.0,0.699552758174006
4,G2,13.1,0.7001040899439019
4,G2,13.2,0.7006550929422304
4,G2,13.3,0.7012056957340458
4,G2,13.4,0.7017559697943898
4,G2,13.5,0.7023058604347832
4,G2,13.6,0.702855384217193
4,G2,13.7,0.7034045739967539
4,G2,13.8,0.7039533557147807
4,G2,13.9,0.7045018026528832
4,G2,14.0,0.705049860143546
4,G2,14.1,0.7055975435374682
4,G2,14.2,0.7061448877758825
4,G2,14.3,0.7066918161541292
4,G2,14.4,0.7072384036011697
4,G2,14.5,0.7077845959375412
4,G2,14.6,0.7083304068264867
4,G2,14.7,0.7088758734868386
4,G2,14.8,0.7094209165465037
4,G2,14.9,0.7099656125111472
4,G2,15.0,0.7105099078892531
4,G2,15.1,0.7110538144478901
4,G2,15.2,0.7115973717853444
4,G2,15.3,0.7121404978414192
4,G2,15.4,0.7126832706671345
4,G2,15.5,0.7132256375394336
4,G2,15.6,0.7137676082401525
4,G2,15.7,0.7143092248084956
4,G2,15.8,0.7148504024762873
4,G2,15.9,0.7153912208082727
4,G2,16.0,0.7159316279297332
4,G2,16.1,0.7164716315491316
4,G2,16.2,0.7170112760796686
4,G2,16.3,0.717550474408802
4,G2,16.4,0.7180893072004241
4,G2,16.5,0.7186277236349248
4,G2,16.6,0.7191657292602083
4,G2,16.7,0.7197033709043403
4,G2,16.8,0.7202405591489154
4,G2,16.9,0.7207773756680619
4,G2,17.0,0.7213137707947102
4,G2,17.1,0.7218497478300097
4,G2,17.2,0.7223853560723325
4,G2,17.3,0.7229205037903896
4,G2,17.4,0.7234552736257397
4,G2,17.5,0.723989617109103
4,G2,17.6,0.7245235353177049
4,G2,17.7,0.725057079966838
4,G2,17.8,0.7255901570419213
4,G2,17.9,0.7261228501091268
4,G2,18.0,0.7266551119421811
4,G2,18.1,0.7271869414158666
4,G2,18.2,0.7277183924856416
4,G2,18.3,0.7282493692578256
4,G2,18.4,0.7287799558056023
4,G2,18.5,0.7293101063454885
4,G2,18.6,0.7298398174808894
4,G2,18.7,0.7303691454235827
4,G2,18.8,0.730897992468274
4,G2,18.9,0.7314264430844063
4,G2,19.0,0.731954453027917
4,G2,19.1,0.7324820165629559
4,G2,19.2,0.7330091921921706
4,G2,19.3,0.7335358804090811
4,G2,19.4,0.7340621660263318
4,G2,19.5,0.7345880064157861
4,G2,19.6,0.7351133934355455
4,G2,19.7,0.7356383878312069
4,G2,19.8,0.7361628885510263
4,G2,19.9,0.7366869804529522
4,G2,20.0,0.73721062268198
4,G2,20.1,0.7377338046244767
4,G2,20.2,0.7382565892568574
4,G2,20.3,0.7387788741287067
4,G2,20.4,0.7393007439553826
4,G2,20.5,0.73982215977461
4,G2,20.6,0.7403431084364746
4,G2,20.7,0.7408636551764817
4,G2,20.8,0.7413836961689125
4,G2,20.9,0.7419033159225569
4,G2,21.0,0.7424224774451974
4,G2,21.1,0.7429411649872562
4,G2,21.2,0.7434594460708556
4,G2,21.3,0.743977215518522
4,G2,21.4,0.7444945575690229
4,G2,21.5,0.7450114372763709
4,G2,21.6,0.7455278362291308
4,G2,21.7,0.7460438242628069
4,G2,21.8,0.7465592948718975
4,G2,21.9,0.7470743319622426
4,G2,22.0,0.7475889027090653
4,G2,22.1,0.7481029859780973
4,G2,22.2,0.7486166539442181
4,G2,22.3,0.7491297987977888
4,G2,22.4,0.7496425040493919
4,G2,22.5,0.7501547390692234
4,G2,22.6,0.750666479940445
4,G2,22.7,0.7511778012025201
4,G2,22.8,0.7516885937657258
4,G2,22.9,0.752198940683652
4,G2,23.0,0.7527088135939832
4,G2,23.1,0.753218185738838
4,G2,23.2,0.7537271340466792
4,G2,23.3,0.7542355481719005
4,G2,23.4,0.754743510649988
4,G2,23.5,0.7552509954573521
4,G2,23.6,0.7557579729378875
4,G2,23.7,0.7562645224326587
4,G2,23.8,0.756770532317556
4,G2,23.9,0.7572760846904021
4,G2,24.0,0.7577811557953582
4,G2,24.1,0.7582857130691921
4,G2,24.2,0.7587898382883602
4,G2,24.3,0.7592934184481778
4,G2,24.4,0.7597965355286607
4,G2,24.5,0.7602991677306666
4,G2,24.6,0.760801279655854
4,G2,24.7,0.7613029555380255
4,G2,24.8,0.7618040810140638
4,G2,24.9,0.7623047378944816
4,G2,25.0,0.7628049063966631
5,G1,10.0,0.8054247357822286
5,G1,10.1,0.8059725441025438
5,G1,10.2,0.8065195109479157
5,G1,10.3,0.8070656370676021
5,G1,10.4,0.8076108979365793
5,G1,10.5,0.8081553190927032
5,G1,10.6,0.8086988939348849
5,G1,10.7,0.8092416093597745
5,G1,10.8,0.8097834834683436
5,G1,10.9,0.8103244896336125
5,G1,11.0,0.8108646487702734
5,G1,11.1,0.8114039594641934
5,G1,11.2,0.8119423952120539
5,G1,11.3,0.8124799856194795
5,G1,11.4,0.813016715535211
5,G1,11.5,0.8135525842077643
5,G1,11.6,0.8140875998219322
5,G1,11.7,0.8146217381992474
5,G1,11.8,0.8151550222830162
5,G1,11.9,0.815687449822266
5,G1,12.0,0.8162189960118876
5,G1,12.1,0.8167496905447533
5,G1,12.2,0.8172795110827986
5,G1,12.3,0.8178084671768182
5,G1,12.4,0.8183365605188779
5,G1,12.5,0.8188637682115424
5,G1,12.6,0.8193901147833049
5,G1,12.7,0.8199155953388721
5,G1,12.8,0.8204401924545667
5,G1,12.9,0.8209639290200017
5,G1,13.0,0.8214867792367693
5,G1,13.1,0.822008761378225
5,G1,13.2,0.8225298739122602
5,G1,13.3,0.8230500923426399
5,G1,13.4,0.8235694440461502
5,G1,13.5,0.8240879186216682
5,G1,13.6,0.8246055099151902
5,G1,13.7,0.8251222306022246
5,G1,13.8,0.8256380549392698
5,G1,13.9,0.82615300668965
5,G1,14.0,0.8266670828577852
5,G1,14.1,0.8271802577168804
5,G1,14.2,0.8276925627464502
5,G1,14.3,0.8282039775970813
5,G1,14.4,0.8287145089091388
5,G1,14.5,0.829224160057887
5,G1,14.6,0.8297329081571221
5,G1,14.7,0.8302407776208733
5,G1,14.8,0.8307477647530223
5,G1,14.9,0.8312538484803228
5,G1,15.0,0.8317590558065957
5,G1,15.1,0.8322633624474661
5,G1,15.2,0.8327667834121596
5,G1,15.3,0.8332693172684246
5,G1,15.4,0.8337709417528858
5,G1,15.5,0.8342716830319663
5,G1,15.6,0.8347715333785687
5,G1,15.7,0.8352704812207618
5,G1,15.8,0.835768544990612
5,G1,15.9,0.8362656980294692
5,G1,16.0,0.836761963069152
5,G1,16.1,0.8372573367892707
5,G1,16.2,0.8377517947846217
5,G1,16.3,0.8382453666991
5,G1,16.4,0.8387380374125741
5,G1,16.5,0.8392298077707028
5,G1,16.6,0.8397206849061855
5,G1,16.7,0.8402106455809599
5,G1,16.8,0.840699714446463
5,G1,16.9,0.8411878874772223
5,G1,17.0,0.8416751412360289
5,G1,17.1,0.8421615064803523
5,G1,17.2,0.8426469600674841
5,G1,17.3,0.8431315139506519
5,G1,17.4,0.8436151678707858
5,G1,17.5,0.8440979006898593
5,G1,17.6,0.8445797377665684
5,G1,17.7,0.8450606731589652
5,G1,17.8,0.8455406908121873
5,G1,17.9,0.8460198140279862
5,G1,18.0,0.8464980172507907
5,G1,18.1,0.8469753202312902
5,G1,18.2,0.84745171944417
5,G1,18.3,0.847927192928635
5,G1,18.4,0.8484017680439513
5,G1,18.5,0.8488754340120337
5,G1,18.6,0.8493481860565231
5,G1,18.7,0.849820036838692
5,G1,18.8,0.8502909608749554
5,G1,18.9,0.8507609835907162
5,G1,19.0,0.8512301001020715
5,G1,19.1,0.8516982869515446
5,G1,19.2,0.8521655755492736
5,G1,19.3,0.8526319454334479
5,G1,19.4,0.8530974049399895
5,G1,19.5,0.8535619564191542
5,G1,19.6,0.8540255783642898
5,G1,19.7,0.8544882960590473
5,G1,19.8,0.8549501043719278
5,G1,19.9,0.8554109839940627
5,G1,20.0,0.8558709623955469
5,G1,20.1,0.8563300150410369
5,G1,20.2,0.8567881587160314
5,G1,20.3,0.8572453902391824
5,G1,20.4,0.8577016897533215
5,G1,20.5,0.8581570834305688
5,G1,20.6,0.8586115628156736
5,G1,20.7,0.8590651178059712
5,G1,20.8,0.8595177670234303
5,G1,20.9,0.859969484126604
5,G1,21.0,0.8604202933503958
5,G1,21.1,0.8608701894462261
5,G1,21.2,0.8613191505299879
5,G1,21.3,0.8617672058056192
5,G1,21.4,0.8622143403496644
5,G1,21.5,0.862660556365485
5,G1,21.6,0.8631058603742591
5,G1,21.7,0.8635502300233117
5,G1,21.8,0.8639936912963303
5,G1,21.9,0.864436238405847
5,G1,22.0,0.8648778499914382
5,G1,22.1,0.8653185569845082
5,G1,22.2,0.86575833591341
5,G1,22.3,0.866197200793726
5,G1,22.4,0.8666351497204348
5,G1,22.5,0.8670721634247263
5,G1,22.6,0.8675082676555108
5,G1,22.7,0.8679434556192586
5,G1,22.8,0.8683777127482167
5,G1,22.9,0.8688110624552823
5,G1,23.0,0.8692434798022073
5,G1,23.1,0.8696749855923515
5,G1,23.2,0.8701055744452112
5,G1,23.3,0.8705352272538879
5,G1,23.4,0.8709639709739745
5,G1,23.5,0.8713917945334327
5,G1,23.6,0.8718186943936709
5,G1,23.7,0.8722446832683413
5,G1,23.8,0.8726697362172415
5,G1,23.9,0.8730938799072351
5,G1,24.0,0.8735171075725995
5,G1,24.1,0.8739393985650337
5,G1,24.2,0.8743607834660224
5,G1,24.3,0.8747812422645487
5,G1,24.4,0.8752007844303407
5,G1,24.5,0.8756194115834777
5,G1,24.6,0.8760371038680609
5,G1,24.7,0.8764538868940861
5,G1,24.8,0.8768697542539716
5,G1,24.9,0.8772846886670836
5,G1,25.0,0.8776987174735509
5,G2,10.0,0.6323487016453182
5,G2,10.1,0.6330547042413398
5,G2,10.2,0.6337604503324891
5,G2,10.3,0.6344658771222866
5,G2,10.4,0.6351709772356211
5,G2,10.5,0.6358758144949443
5,G2,10.6,0.6365802903248379
5,G2,10.7,0.6372844761648847
5,G2,10.8,0.6379883623936681
5,G2,10.9,0.6386918835796648
5,G2,11.0,0.6393951358887044
5,G2,11.1,0.640098030360864
5,G2,11.2,0.6408005921697082
5,G2,11.3,0.6415028646912344
5,G2,11.4,0.6422047498732623
5,G2,11.5,0.6429063373910299
5,G2,11.6,0.6436075921840321
5,G2,11.7,0.644308469159558
5,G2,11.8,0.6450090590139053
5,G2,11.9,0.6457092572412505
5,G2,12.0,0.646409117846833
5,G2,12.1,0.6471086598822569
5,G2,12.2,0.6478077940835256
5,G2,12.3,0.6485066205209781
5,G2,12.4,0.6492050775879117
5,G2,12.5,0.6499031481590845
5,G2,12.6,0.6506009085543574
5,G2,12.7,0.651298249319978
5,G2,12.8,0.6519952468773847
5,G2,12.9,0.6526918937272765
5,G2,13.0,0.6533881167132995
5,G2,13.1,0.6540840202621633
5,G2,13.2,0.6547795155389827
5,G2,13.3,0.6554746193448833
5,G2,13.4,0.6561693867123719
5,G2,13.5,0.6568637088777234
5,G2,13.6,0.6575576806611861
5,G2,13.7,0.6582512709384797
5,G2,13.8,0.6589444227881925
5,G2,13.9,0.659637241662985
5,G2,14.0,0.6603296133405618
5,G2,14.1,0.661021592144654
5,G2,14.2,0.6617132044616109
5,G2,14.3,0.6624043495153893
5,G2,14.4,0.6630951369725323
5,G2,14.5,0.663785506774561
5,G2,14.6,0.6644754306731896
5,G2,14.7,0.6651649986625366
5,G2,14.8,0.6658540912320791
5,G2,14.9,0.6665427857264231
5,G2,15.0,0.6672310833148356
5,G2,15.1,0.6679188971325132
5,G2,15.2,0.6686063420457244
5,G2,15.3,0.6692933320875049
5,G2,15.4,0.6699798706377895
5,G2,15.5,0.6706660282302211
5,G2,15.6,0.6713516843974866
5,G2,15.7,0.6720369390118012
5,G2,15.8,0.6727217622600214
5,G2,15.9,0.6734060900052591
5,G2,16.0,0.674090036770514
5,G2,16.1,0.674773488675761
5,G2,16.2,0.6754564886211878
5,G2,16.3,0.6761390784914951
5,G2,16.4,0.6768211435550262
5,G2,16.5,0.6775028012174565
5,G2,16.6,0.678183994984908
5,G2,16.7,0.6788646836258577
5,G2,16.8,0.679544973537925
5,G2,16.9,0.6802247332220647
5,G2,17.0,0.6809040416364733
5,G2,17.1,0.6815829079074489
5,G2,17.2,0.6822612329878205
5,G2,17.3,0.6829391413644685
5,G2,17.4,0.6836165491143288
5,G2,17.5,0.6842934476491724
5,G2,17.6,0.684969922618759
5,G2,17.7,0.685645841342645
5,G2,17.8,0.6863213069354828
5,G2,17.9,0.6869962961400533
5,G2,18.0,0.6876707328407009
5,G2,18.1,0.6883447412166434
5,G2,18.2,0.6890182101104152
5,G2,18.3,0.6896911694425142
5,G2,18.4,0.6903636770106618
5,G2,18.5,0.6910356055232231
5,G2,18.6,0.6917070771053994
5,G2,18.7,0.69237803994897
5,G2,18.8,0.6930484399198759
5,G2,18.9,0.693718399044298
5,G2,19.0,0.6943877790860833
5,G2,19.1,0.6950566532489906
5,G2,19.2,0.6957250438790777
5,G2,19.3,0.6963928359642213
5,G2,19.4,0.69706016582898
5,G2,19.5,0.697726951793496
5,G2,19.6,0.6983931716345624
5,G2,19.7,0.6990589271557895
5,G2,19.8,0.6997240756556139
5,G2,19.9,0.7003887180665556
5,G2,20.0,0.7010528440235336
5,G2,20.1,0.7017163606537384
5,G2,20.2,0.7023794038589984
5,G2,20.3,0.7030418664133538
5,G2,20.4,0.7037037618541189
5,G2,20.5,0.7043651668259484
5,G2,20.6,0.7050259408717836
5,G2,20.7,0.7056862102361607
5,G2,20.8,0.7063459257718485
5,G2,20.9,0.7070050256776249
5,G2,21.0,0.7076636408421803
5,G2,21.1,0.7083216350613493
5,G2,21.2,0.7089790672222817
5,G2,21.3,0.7096359782102447
5,G2,21.4,0.7102922376844903
5,G2,21.5,0.710947989033295
5,G2,21.6,0.7116031553912212
5,G2,21.7,0.7122576999323205
5,G2,21.8,0.7129117433443242
5,G2,21.9,0.71356512957738
5,G2,22.0,0.7142179602715462
5,G2,22.1,0.7148702355849236
5,G2,22.2,0.7155218475587287
5,G2,22.3,0.7161729434176116
5,G2,22.4,0.7168234186229737
5,G2,22.5,0.7174732726152805
5,G2,22.6,0.7181225994981163
5,G2,22.7,0.7187712459311324
5,G2,22.8,0.7194193387604068
5,G2,22.9,0.7200668409237558
5,G2,23.0,0.7207136735678445
5,G2,23.1,0.7213599786842771
5,G2,23.2,0.7220056256400196
5,G2,23.3,0.7226506555859095
5,G2,23.4,0.7232951292745043
5,G2,23.5,0.7239389028587391
5,G2,23.6,0.7245821231281973
5,G2,23.7,0.7252247186349996
5,G2,23.8,0.7258666398354727
5,G2,23.9,0.7265080220993109
5,G2,24.0,0.727148707112113
5,G2,24.1,0.7277887838222912
5,G2,24.2,0.7284282713454998
5,G2,24.3,0.7290670425907936
5,G2,24.4,0.7297052575250315
5,G2,24.5,0.7303428148034288
5,G2,24.6,0.7309796981011297
5,G2,24.7,0.7316160198519381
5,G2,24.8,0.7322516164959841
5,G2,24.9,0.7328866106296462
5,G2,25.0,0.7335209810365343
6,G1,10.0,0.7827171981249171
6,G1,10.1,0.783368452178357
6,G1,10.2,0.7840187219232313
6,G1,10.3,0.7846680096283685
6,G1,10.4,0.7853163154208843
6,G1,10.5,0.785963632480376
6,G1,10.6,0.7866099551473172
6,G1,10.7,0.7872552814259257
6,G1,10.8,0.7878996054674682
6,G1,10.9,0.7885429312221183
6,G1,11.0,0.7891852607272835
6,G1,11.1,0.789826593954987
6,G1,11.2,0.7904669238844336
6,G1,11.3,0.7911062453425448
6,G1,11.4,0.7917445560845222
6,G1,11.5,0.7923818506097302
6,G1,11.6,0.7930181334312258
6,G1,11.7,0.7936534063845532
6,G1,11.8,0.7942876693353768
6,G1,11.9,0.7949209150097757
6,G1,12.0,0.795553138730573
6,G1,12.1,0.7961843379812901
6,G1,12.2,0.7968145077503834
6,G1,12.3,0.7974436529567676
6,G1,12.4,0.7980717752121218
6,G1,12.5,0.7986988744288506
6,G1,12.6,0.7993249429479804
6,G1,12.7,0.7999499767076631
6,G1,12.8,0.8005739728667852
6,G1,12.9,0.8011969269328951
6,G1,13.0,0.8018188440506795
6,G1,13.1,0.8024397258895472
6,G1,13.2,0.8030595721617807
6,G1,13.3,0.8036783749792081
6,G1,13.4,0.8042961308156034
6,G1,13.5,0.8049128367060554
6,G1,13.6,0.8055284884068556
6,G1,13.7,0.806143091398048
6,G1,13.8,0.8067566473769098
6,G1,13.9,0.8073691558511471
6,G1,14.0,0.8079806088267265
6,G1,14.1,0.808591003185043
6,G1,14.2,0.8092003358438172
6,G1,14.3,0.8098086029989982
6,G1,14.4,0.8104158102342899
6,G1,14.5,0.811021959370384
6,G1,14.6,0.8116270495647209
6,G1,14.7,0.8122310729411872
6,G1,14.8,0.8128340266961521
6,G1,14.9,0.8134359076958457
6,G1,15.0,0.8140367123672828
6,G1,15.1,0.8146364467347454
6,G1,15.2,0.8152351124899182
6,G1,15.3,0.8158327084372154
6,G1,15.4,0.8164292269547461
6,G1,15.5,0.817024665421119
6,G1,15.6,0.8176190207388054
6,G1,15.7,0.818212289509925
6,G1,15.8,0.8188044782829088
6,G1,15.9,0.8193955886526374
6,G1,16.0,0.8199856189279715
6,G1,16.1,0.8205745617755063
6,G1,16.2,0.8211624147682295
6,G1,16.3,0.8217491748460172
6,G1,16.4,0.8223348388609035
6,G1,16.5,0.8229194138916212
6,G1,16.6,0.8235029011832771
6,G1,16.7,0.8240852989954969
6,G1,16.8,0.8246665998527573
6,G1,16.9,0.8252468018015645
6,G1,17.0,0.8258259015269618
6,G1,17.1,0.8264038965845247
6,G1,17.2,0.826980794066744
6,G1,17.3,0.8275565953150861
6,G1,17.4,0.8281312983598225
6,G1,17.5,0.8287048954249575
6,G1,17.6,0.8292773852443167
6,G1,17.7,0.8298487642123015
6,G1,17.8,0.8304190305966972
6,G1,17.9,0.8309881913053281
6,G1,18.0,0.8315562481575686
6,G1,18.1,0.8321231986063123
6,G1,18.2,0.8326890346435792
6,G1,18.3,0.8332537559338707
6,G1,18.4,0.8338173582812056
6,G1,18.5,0.8343798407733827
6,G1,18.6,0.8349412102383272
6,G1,18.7,0.8355014688290701
6,G1,18.8,0.8360606133262805
6,G1,18.9,0.8366186358470502
6,G1,19.0,0.83717553670376
6,G1,19.1,0.8377313110925064
6,G1,19.2,0.8382859591007541
6,G1,19.3,0.8388394875149956
6,G1,19.4,0.8393918985260748
6,G1,19.5,0.8399431883670747
6,G1,19.6,0.8404933494412693
6,G1,19.7,0.8410423825274259
6,G1,19.8,0.8415902823664837
6,G1,19.9,0.8421370499046692
6,G1,20.0,0.8426826919859753
6,G1,20.1,0.8432272106462806
6,G1,20.2,0.8437706017768821
6,G1,20.3,0.8443128579874383
6,G1,20.4,0.8448539806570986
6,G1,20.5,0.8453939638749279
6,G1,20.6,0.845932809606439
6,G1,20.7,0.8464705247301443
6,G1,20.8,0.8470071109051756
6,G1,20.9,0.8475425638240625
6,G1,21.0,0.8480768765387349
6,G1,21.1,0.8486100505389921
6,G1,21.2,0.8491420797591752
6,G1,21.3,0.8496729669342925
6,G1,21.4,0.850202718953916
6,G1,21.5,0.8507313372064645
6,G1,21.6,0.8512588171115095
6,G1,21.7,0.8517851522566908
6,G1,21.8,0.8523103440072983
6,G1,21.9,0.852834386252442
6,G1,22.0,0.8533572829215612
6,G1,22.1,0.8538790402085397
6,G1,22.2,0.8543996596944933
6,G1,22.3,0.8549191363419076
6,G1,22.4,0.8554374644380617
6,G1,22.5,0.8559546449018991
6,G1,22.6,0.8564706719458349
6,G1,22.7,0.8569855506282951
6,G1,22.8,0.8574992862394895
6,G1,22.9,0.8580118806670862
6,G1,23.0,0.8585233284343363
6,G1,23.1,0.8590336244983632
6,G1,23.2,0.859542769231968
6,G1,23.3,0.8600507575687242
6,G1,23.4,0.8605575951709107
6,G1,23.5,0.8610632868109045
6,G1,23.6,0.8615678344190306
6,G1,23.7,0.8620712321787815
6,G1,23.8,0.8625734757919172
6,G1,23.9,0.8630745650725858
6,G1,24.0,0.86357449558892
6,G1,24.1,0.8640732736200705
6,G1,24.2,0.8645709035198736
6,G1,24.3,0.8650673870818516
6,G1,24.4,0.8655627182912379
6,G1,24.5,0.8660568934962802
6,G1,24.6,0.8665499121512886
6,G1,24.7,0.8670417703180029
6,G1,24.8,0.8675324747931065
6,G1,24.9,0.8680220296601124
6,G1,25.0,0.8685104365146198
6,G2,10.0,0.7500314397546509
6,G2,10.1,0.7507282435592679
6,G2,10.2,0.7514241888722032
6,G2,10.3,0.7521192416292478
6,G2,10.4,0.7528134237432523
6,G2,10.5,0.7535067390079363
6,G2,10.6,0.7541991888300361
6,G2,10.7,0.7548907459228086
6,G2,10.8,0.7555814167722368
6,G2,10.9,0.7562712107990398
6,G2,11.0,0.7569600916753956
6,G2,11.1,0.7576480861287257
6,G2,11.2,0.7583351950674049
6,G2,11.3,0.7590214207208242
6,G2,11.4,0.7597067343081355
6,G2,11.5,0.7603911449340812
6,G2,11.6,0.7610746606696874
6,G2,11.7,0.7617572432845665
6,G2,11.8,0.7624389242539175
6,G2,11.9,0.7631197015411527
6,G2,12.0,0.7637995781157982
6,G2,12.1,0.7644785240115695
6,G2,12.2,0.76515655071847
6,G2,12.3,0.7658336641823185
6,G2,12.4,0.7665098266495165
6,G2,12.5,0.7671850720866318
6,G2,12.6,0.767859396185158
6,G2,12.7,0.7685328023835338
6,G2,12.8,0.7692052604028733
6,G2,12.9,0.7698767833184724
6,G2,13.0,0.7705473747464961
6,G2,13.1,0.7712169986495037
6,G2,13.2,0.7718856902948044
6,G2,13.3,0.7725534436066935
6,G2,13.4,0.7732202619437467
6,G2,13.5,0.7738861157458431
6,G2,13.6,0.7745510190216707
6,G2,13.7,0.7752149727757087
6,G2,13.8,0.7758779434177594
6,G2,13.9,0.7765399667308058
6,G2,14.0,0.7772010358241198
6,G2,14.1,0.777861153118744
6,G2,14.2,0.7785202898446498
6,G2,14.3,0.7791784617583551
6,G2,14.4,0.779835666351813
6,G2,14.5,0.7804918728818926
6,G2,14.6,0.7811471174625884
6,G2,14.7,0.7818013927994703
6,G2,14.8,0.7824546998162606
6,G2,14.9,0.783107010993803
6,G2,15.0,0.783758343622298
6,G2,15.1,0.7844086915112581
6,G2,15.2,0.7850580268723186
6,G2,15.3,0.7857063866811144
6,G2,15.4,0.7863537629433335
6,G2,15.5,0.7870001543720769
6,G2,15.6,0.7876455358224028
6,G2,15.7,0.7882899253636063
6,G2,15.8,0.788933312872596
6,G2,15.9,0.7895756747938656
6,G2,16.0,0.7902170478240931
6,G2,16.1,0.7908574235915204
6,G2,16.2,0.7914967985464567
6,G2,16.3,0.7921351500157672
6,G2,16.4,0.792772496433812
6,G2,16.5,0.793408824575226
6,G2,16.6,0.7940441149404743
6,G2,16.7,0.7946784033800002
6,G2,16.8,0.7953116814530199
6,G2,16.9,0.7959439432809065
6,G2,17.0,0.796575168755081
6,G2,17.1,0.7972053762921717
6,G2,17.2,0.7978345506064272
6,G2,17.3,0.7984626752632878
6,G2,17.4,0.799089785571231
6,G2,17.5,0.7997158730287113
6,G2,17.6,0.8003409293662682
6,G2,17.7,0.800964936707759
6,G2,17.8,0.8015879146944795
6,G2,17.9,0.8022098444408078
6,G2,18.0,0.8028307137862902
6,G2,18.1,0.8034505564275191
6,G2,18.2,0.8040693650003232
6,G2,18.3,0.8046871277310804
6,G2,18.4,0.8053038296431121
6,G2,18.5,0.8059194913699076
6,G2,18.6,0.8065340902195616
6,G2,18.7,0.8071476189736646
6,G2,18.8,0.8077601090034784
6,G2,18.9,0.8083715545890839
6,G2,19.0,0.8089819397586921
6,G2,19.1,0.8095912535903481
6,G2,19.2,0.8101995167314583
6,G2,19.3,0.8108067029423206
6,G2,19.4,0.8114128100664622
6,G2,19.5,0.8120178670578949
6,G2,19.6,0.8126218697969549
6,G2,19.7,0.8132247982886492
6,G2,19.8,0.8138266455156764
6,G2,19.9,0.8144274319735719
6,G2,20.0,0.8150271281281923
6,G2,20.1,0.8156257373880115
6,G2,20.2,0.8162232853769685
6,G2,20.3,0.8168197695499477
6,G2,20.4,0.8174151666800786
6,G2,20.5,0.8180094736278556
6,G2,20.6,0.818602709789915
6,G2,20.7,0.8191948432220362
6,G2,20.8,0.8197858826175052
6,G2,20.9,0.820375850139208
6,G2,21.0,0.8209647445696194
6,G2,21.1,0.8215525404851735
6,G2,21.2,0.8221392376333359
6,G2,21.3,0.822724854612303
6,G2,21.4,0.8233093570552407
6,G2,21.5,0.8238927590311802
6,G2,21.6,0.8244750791519349
6,G2,21.7,0.8250563175541075
6,G2,21.8,0.8256364465871476
6,G2,21.9,0.8262154689586623
6,G2,22.0,0.826793402414359
6,G2,22.1,0.8273702101562148
6,G2,22.2,0.8279459117105106
6,G2,22.3,0.8285205220547162
6,G2,22.4,0.829094042703721
6,G2,22.5,0.8296664437534597
6,G2,22.6,0.8302377309395571
6,G2,22.7,0.8308079211031463
6,G2,22.8,0.8313769750103884
6,G2,22.9,0.8319449177168307
6,G2,23.0,0.8325117604891474
6,G2,23.1,0.8330775061389193
6,G2,23.2,0.8336421227958721
6,G2,23.3,0.8342056189760994
6,G2,23.4,0.8347680106694588
6,G2,23.5,0.8353292562056004
6,G2,23.6,0.8358893862318083
6,G2,23.7,0.8364484082344017
6,G2,23.8,0.8370063260063033
6,G2,23.9,0.8375631065243562
6,G2,24.0,0.838118760653436
6,G2,24.1,0.838673303303563
6,G2,24.2,0.8392266905428467
6,G2,24.3,0.8397789586632118
6,G2,24.4,0.840330111307992
6,G2,24.5,0.8408801532621093
6,G2,24.6,0.8414290500694881
6,G2,24.7,0.8419768158274668
6,G2,24.8,0.8425234634758376
6,G2,24.9,0.843068947111862
6,G2,25.0,0.8436133087154177
7,G1,10.0,0.7766969767899292
7,G1,10.1,0.7776834543788353
7,G1,10.2,0.7786677555616837
7,G1,10.3,0.7796498731385094
7,G1,10.4,0.7806297998111935
7,G1,10.5,0.7816075285576332
7,G1,10.6,0.782583052279873
7,G1,10.7,0.7835563641461301
7,G1,10.8,0.7845274572984913
7,G1,10.9,0.7854963250083447
7,G1,11.0,0.7864629604513275
7,G1,11.1,0.7874273569873086
7,G1,11.2,0.7883895079734046
7,G1,11.3,0.7893494068256507
7,G1,11.4,0.7903070469419516
7,G1,11.5,0.7912624218166325
7,G1,11.6,0.7922155250195556
7,G1,11.7,0.7931663501489001
7,G1,11.8,0.7941148909934872
7,G1,11.9,0.7950611414805893
7,G1,12.0,0.796005095408617
7,G1,12.1,0.796946746411981
7,G1,12.2,0.7978860887096965
7,G1,12.3,0.7988231163397634
7,G1,12.4,0.799757823337032
7,G1,12.5,0.8006902039157402
7,G1,12.6,0.8016202522526875
7,G1,12.7,0.8025479627206242
7,G1,12.8,0.803473329702503
7,G1,12.9,0.8043963476717536
7,G1,13.0,0.8053170111047743
7,G1,13.1,0.8062353145975574
7,G1,13.2,0.8071512527131095
7,G1,13.3,0.8080648201688062
7,G1,13.4,0.8089760117969342
7,G1,13.5,0.8098848223738466
7,G1,13.6,0.8107912467169035
7,G1,13.7,0.8116952797242272
7,G1,13.8,0.8125969164190827
7,G1,13.9,0.8134961518419521
7,G1,14.0,0.8143929812218863
7,G1,14.1,0.8152873998435906
7,G1,14.2,0.8161794028867112
7,G1,14.3,0.8170689857433899
7,G1,14.4,0.8179561437297119
7,G1,14.5,0.8188408722751095
7,G1,14.6,0.8197231669421888
7,G1,14.7,0.8206030233895822
7,G1,14.8,0.8214804372388685
7,G1,14.9,0.8223554042537119
7,G1,15.0,0.8232279201812263
7,G1,15.1,0.8240979809278072
7,G1,15.2,0.8249655824439801
7,G1,15.3,0.8258307207115703
7,G1,15.4,0.8266933918127713
7,G1,15.5,0.8275535919656685
7,G1,15.6,0.8284113172866281
7,G1,15.7,0.8292665641446123
7,G1,15.8,0.8301193288152455
7,G1,15.9,0.830969607550034
7,G1,16.0,0.8318173966735488
7,G1,16.1,0.8326626928769348
7,G1,16.2,0.8335054929102488
7,G1,16.3,0.8343457933269781
7,G1,16.4,0.8351835908779259
7,G1,16.5,0.836018882405489
7,G1,16.6,0.8368516647437203
7,G1,16.7,0.8376819347804909
7,G1,16.8,0.8385096895589919
7,G1,16.9,0.8393349262465871
7,G1,17.0,0.8401576418389592
7,G1,17.1,0.8409778335788599
7,G1,17.2,0.8417954986413212
7,G1,17.3,0.842610634479948
7,G1,17.4,0.8434232384748489
7,G1,17.5,0.8442333081284138
7,G1,17.6,0.845040840938723
7,G1,17.7,0.8458458342177715
7,G1,17.8,0.8466482858535725
7,G1,17.9,0.8474481936736418
7,G1,18.0,0.848245555431335
7,G1,18.1,0.8490403688298579
7,G1,18.2,0.8498326319354516
7,G1,18.3,0.8506223425394692
7,G1,18.4,0.8514094988926731
7,G1,18.5,0.852194099017205
7,G1,18.6,0.8529761411416461
7,G1,18.7,0.8537556235786559
7,G1,18.8,0.8545325447467528
7,G1,18.9,0.8553069030522199
7,G1,19.0,0.8560786969492112
7,G1,19.1,0.8568479247975632
7,G1,19.2,0.8576145852111834
7,G1,19.3,0.8583786768349807
7,G1,19.4,0.8591401984220595
7,G1,19.5,0.8598991487758787
7,G1,19.6,0.8606555267563413
7,G1,19.7,0.8614093310018829
7,G1,19.8,0.862160560604091
7,G1,19.9,0.86290921482262
7,G1,20.0,0.8636552926979902
7,G1,20.1,0.8643987931941949
7,G1,20.2,0.865139715677547
7,G1,20.3,0.8658780593868902
7,G1,20.4,0.8666138237151204
7,G1,20.5,0.8673470081835265
7,G1,20.6,0.868077612315111
7,G1,20.7,0.8688056355950784
7,G1,20.8,0.869531077670902
7,G1,20.9,0.8702539381490798
7,G1,21.0,0.8709742167942979
7,G1,21.1,0.8716919133514827
7,G1,21.2,0.8724070277710112
7,G1,21.3,0.8731195600954103
7,G1,21.4,0.8738295101855712
7,G1,21.5,0.874536878222647
7,G1,21.6,0.8752416642376566
7,G1,21.7,0.8759438683944429
7,G1,21.8,0.8766434909723205
7,G1,21.9,0.8773405323152871
7,G1,22.0,0.878034992586089
7,G1,22.1,0.878726872428747
7,G1,22.2,0.8794161723206737
7,G1,22.3,0.8801028927434495
7,G1,22.4,0.8807870344320844
7,G1,22.5,0.881468598076021
7,G1,22.6,0.8821475842695771
7,G1,22.7,0.8828239938100287
7,G1,22.8,0.8834978275023085
7,G1,22.9,0.8841690863395093
7,G1,23.0,0.884837771063159
7,G1,23.1,0.8855038829243397
7,G1,23.2,0.8861674230232913
7,G1,23.3,0.8868283925706628
7,G1,23.4,0.8874867926936627
7,G1,23.5,0.8881426246816733
7,G1,23.6,0.8887958898861146
7,G1,23.7,0.8894465898289418
7,G1,23.8,0.8900947259576603
7,G1,23.9,0.8907402997776525
7,G1,24.0,0.8913833128519602
7,G1,24.1,0.8920237667296094
7,G1,24.2,0.8926616630831086
7,G1,24.3,0.893297003648505
7,G1,24.4,0.8939297901028593
7,G1,24.5,0.8945600243998733
7,G1,24.6,0.8951877083948682
7,G1,24.7,0.8958128441073983
7,G1,24.8,0.8964354334735556
7,G1,24.9,0.8970554784410064
7,G1,25.0,0.8976729811920902
7,G2,10.0,0.6241453982960332
7,G2,10.1,0.6253338026784088
7,G2,10.2,0.6265214648349441
7,G2,10.3,0.6277083724283584
7,G2,10.4,0.6288945131634904
7,G2,10.5,0.6300798747374159
7,G2,10.6,0.6312644447160114
7,G2,10.7,0.6324482110244141
7,G2,10.8,0.6336311614219561
7,G2,10.9,0.6348132836824665
7,G2,11.0,0.6359945653190453
7,G2,11.1,0.6371749943779489
7,G2,11.2,0.6383545587057022
7,G2,11.3,0.6395332461383819
7,G2,11.4,0.6407110445286772
7,G2,11.5,0.6418879417463136
7,G2,11.6,0.643063925678472
7,G2,11.7,0.6442389842302099
7,G2,11.8,0.6454131053248826
7,G2,11.9,0.6465862769045619
7,G2,12.0,0.6477584869304565
7,G2,12.1,0.6489297233833284
7,G2,12.2,0.6500999742639137
7,G2,12.3,0.6512692275933372
7,G2,12.4,0.652437471413532
7,G2,12.5,0.6536046937876522
7,G2,12.6,0.6547708828004912
7,G2,12.7,0.6559360265881744
7,G2,12.8,0.6571001132759604
7,G2,12.9,0.6582631309838872
7,G2,13.0,0.6594250678874202
7,G2,13.1,0.6605859121857283
7,G2,13.2,0.6617456521020942
7,G2,13.3,0.6629042758843249
7,G2,13.4,0.6640617718051592
7,G2,13.5,0.6652181281626758
7,G2,13.6,0.6663733332807009
7,G2,13.7,0.6675273755092139
7,G2,13.8,0.6686802432247513
7,G2,13.9,0.6698319248308114
7,G2,14.0,0.6709824086358454
7,G2,14.1,0.6721316825899315
7,G2,14.2,0.6732797357978538
7,G2,14.3,0.6744265567750329
7,G2,14.4,0.675572134065854
7,G2,14.5,0.6767164561423016
7,G2,14.6,0.6778595113565978
7,G2,14.7,0.679001288689517
7,G2,14.8,0.6801417768053047
7,G2,14.9,0.6812809643991465
7,G2,15.0,0.6824188401975582
7,G2,15.1,0.6835553929587767
7,G2,15.2,0.6846906114731468
7,G2,15.3,0.6858244845635102
7,G2,15.4,0.6869570010855903
7,G2,15.5,0.688088149928375
7,G2,15.6,0.6892179200145014
7,G2,15.7,0.6903463003006368
7,G2,15.8,0.6914732797778581
7,G2,15.9,0.69259884747203
7,G2,16.0,0.6937229924441832
7,G2,16.1,0.6948457037908882
7,G2,16.2,0.6959669706446298
7,G2,16.3,0.69708678217418
7,G2,16.4,0.6982051275849674
7,G2,16.5,0.6993219961194477
7,G2,16.6,0.7004373770574698
7,G2,16.7,0.7015512597166418
7,G2,16.8,0.7026636334526964
7,G2,16.9,0.7037744874291056
7,G2,17.0,0.7048838105152916
7,G2,17.1,0.70599159213719
7,G2,17.2,0.7070978226122746
7,G2,17.3,0.7082024911162393
7,G2,17.4,0.7093055876272233
7,G2,17.5,0.7104071017780546
7,G2,17.6,0.7115070232425361
7,G2,17.7,0.7126053417357938
7,G2,17.8,0.7137020470146227
7,G2,17.9,0.7147971288778306
7,G2,18.0,0.7158905771665822
7,G2,18.1,0.7169823815123758
7,G2,18.2,0.7180725317649153
7,G2,18.3,0.7191610182194981
7,G2,18.4,0.7202478308901454
7,G2,18.5,0.7213329598349174
7,G2,18.6,0.7224163951562411
7,G2,18.7,0.7234981270012432
7,G2,18.8,0.7245781455620715
7,G2,18.9,0.7256564410762222
7,G2,19.0,0.726733003826861
7,G2,19.1,0.7278078241431432
7,G2,19.2,0.7288808924005313
7,G2,19.3,0.7299521990211115
7,G2,19.4,0.731021734473906
7,G2,19.5,0.7320894892751847
7,G2,19.6,0.733155453988775
7,G2,19.7,0.7342196191261107
7,G2,19.8,0.7352819749223992
7,G2,19.9,0.7363425126070863
7,G2,20.0,0.7374012229373268
7,G2,20.1,0.7384580964138225
7,G2,20.2,0.7395131238163842
7,G2,20.3,0.740566296429276
7,G2,20.4,0.7416176048263716
7,G2,20.5,0.7426670403311444
7,G2,20.6,0.7437145939540456
7,G2,20.7,0.7447602565182607
7,G2,20.8,0.7458040193714394
7,G2,20.9,0.7468458735620872
7,G2,21.0,0.747885810698272
7,G2,21.1,0.7489238220929505
7,G2,21.2,0.7499598991334456
7,G2,21.3,0.7509940332189254
7,G2,21.4,0.752026215808965
7,G2,21.5,0.7530564381640256
7,G2,21.6,0.7540846918986971
7,G2,21.7,0.7551109688621996
7,G2,21.8,0.7561352607230674
7,G2,21.9,0.7571575585733806
7,G2,22.0,0.7581778548638372
7,G2,22.1,0.7591961410999262
7,G2,22.2,0.760212409366387
7,G2,22.3,0.7612266517721957
7,G2,22.4,0.7622388603291486
7,G2,22.5,0.7632490265139703
7,G2,22.6,0.7642571429913537
7,G2,22.7,0.7652632019569331
7,G2,22.8,0.7662671951045895
7,G2,22.9,0.7672691152916682
7,G2,23.0,0.7682689548664668
7,G2,23.1,0.7692667062341427
7,G2,23.2,0.7702623615531926
7,G2,23.3,0.7712559134168836
7,G2,23.4,0.7722473546130829
7,G2,23.5,0.7732366771206092
7,G2,23.6,0.7742238742997891
7,G2,23.7,0.7752089389015294
7,G2,23.8,0.7761918637350671
7,G2,23.9,0.7771726416681702
7,G2,24.0,0.7781512656273339
7,G2,24.1,0.7791277285979743
7,G2,24.2,0.780102023624618
7,G2,24.3,0.7810741438110914
7,G2,24.4,0.7820440823207033
7,G2,24.5,0.7830118323764294
7,G2,24.6,0.7839773871647912
7,G2,24.7,0.7849407397517593
7,G2,24.8,0.7859018839077266
7,G2,24.9,0.7868608130961297
7,G2,25.0,0.7878175206305227
8,G1,10.0,0.7838477390934402
8,G1,10.1,0.7846542092267885
8,G1,10.2,0.7854591397362627
8,G1,10.3,0.78626252607833
8,G1,10.4,0.787064365263143
8,G1,10.5,0.7878646532238636
8,G1,10.6,0.788663386968713
8,G1,10.7,0.7894605618070955
8,G1,10.8,0.7902561742008537
8,G1,10.9,0.7910502204512828
8,G1,11.0,0.7918426968267462
8,G1,11.1,0.7926336006461013
8,G1,11.2,0.7934229278124152
8,G1,11.3,0.7942106738574423
8,G1,11.4,0.794996835972319
8,G1,11.5,0.7957814103558261
8,G1,11.6,0.7965643939948112
8,G1,11.7,0.7973457832897167
8,G1,11.8,0.7981255738461012
8,G1,11.9,0.798903762276085
8,G1,12.0,0.7996803453782152
8,G1,12.1,0.8004553202705653
8,G1,12.2,0.8012286838678294
8,G1,12.3,0.8020004325614879
8,G1,12.4,0.8027705636723714
8,G1,12.5,0.803539073253817
8,G1,12.6,0.8043059584555191
8,G1,12.7,0.8050712161563257
8,G1,12.8,0.8058348433377994
8,G1,12.9,0.8065968364345806
8,G1,13.0,0.8073571929679431
8,G1,13.1,0.8081159094599274
8,G1,13.2,0.8088729823534859
8,G1,13.3,0.8096284089248534
8,G1,13.4,0.8103821867644174
8,G1,13.5,0.811134312966495
8,G1,13.6,0.8118847848668733
8,G1,13.7,0.8126335997655083
8,G1,13.8,0.8133807544327969
8,G1,13.9,0.8141262452951719
8,G1,14.0,0.8148700703762335
8,G1,14.1,0.8156122267949831
8,G1,14.2,0.8163527126622007
8,G1,14.3,0.8170915246363928
8,G1,14.4,0.8178286598219117
8,G1,14.5,0.8185641161592886
8,G1,14.6,0.8192978904479653
8,G1,14.7,0.8200299814480649
8,G1,14.8,0.8207603862943843
8,G1,14.9,0.8214891015272541
8,G1,15.0,0.8222161252857553
8,G1,15.1,0.8229414550723847
8,G1,15.2,0.823665088814488
8,G1,15.3,0.8243870243018758
8,G1,15.4,0.8251072582435226
8,G1,15.5,0.8258257881982539
8,G1,15.6,0.8265426120471775
8,G1,15.7,0.8272577280021339
8,G1,15.8,0.8279711342726982
8,G1,15.9,0.8286828283682564
8,G1,16.0,0.8293928086772481
8,G1,16.1,0.8301010725534391
8,G1,16.2,0.8308076180930194
8,G1,16.3,0.8315124433010908
8,G1,16.4,0.8322155463803056
8,G1,16.5,0.8329169249599864
8,G1,16.6,0.8336165774715267
8,G1,16.7,0.8343145018941294
8,G1,16.8,0.8350106955651236
8,G1,16.9,0.8357051568590393
8,G1,17.0,0.8363978846839115
8,G1,17.1,0.8370888771812368
8,G1,17.2,0.8377781328095579
8,G1,17.3,0.8384656502095106
8,G1,17.4,0.8391514272685224
8,G1,17.5,0.839835461454253
8,G1,17.6,0.8405177517760888
8,G1,17.7,0.8411982966995833
8,G1,17.8,0.8418770952602155
8,G1,17.9,0.8425541457413555
8,G1,18.0,0.8432294458938273
8,G1,18.1,0.8439029952056165
8,G1,18.2,0.8445747911638783
8,G1,18.3,0.8452448338872706
8,G1,18.4,0.8459131217843137
8,G1,18.5,0.8465796526025448
8,G1,18.6,0.8472444252751276
8,G1,18.7,0.8479074387699093
8,G1,18.8,0.8485686918927899
8,G1,18.9,0.8492281838437243
8,G1,19.0,0.8498859125421335
8,G1,19.1,0.8505418765190714
8,G1,19.2,0.8511960747180543
8,G1,19.3,0.851848506419759
8,G1,19.4,0.8524991711860596
8,G1,19.5,0.8531480676794883
8,G1,19.6,0.8537951952498369
8,G1,19.7,0.8544405528314403
8,G1,19.8,0.8550841392599674
8,G1,19.9,0.8557259537198654
8,G1,20.0,0.8563659956275625
8,G1,20.1,0.8570042639466992
8,G1,20.2,0.8576407578198442
8,G1,20.3,0.8582754767521091
8,G1,20.4,0.8589084191953797
8,G1,20.5,0.8595395844586358
8,G1,20.6,0.8601689726220383
8,G1,20.7,0.8607965830233707
8,G1,20.8,0.8614224153374974
8,G1,20.9,0.8620464692921622
8,G1,21.0,0.8626687440319241
8,G1,21.1,0.863289238209828
8,G1,21.2,0.8639079515532394
8,G1,21.3,0.8645248840181364
8,G1,21.4,0.8651400354572218
8,G1,21.5,0.8657534057984193
8,G1,21.6,0.8663649935266289
8,G1,21.7,0.8669747993935272
8,G1,21.8,0.8675828220303734
8,G1,21.9,0.8681890623845071
8,G1,22.0,0.8687935203600432
8,G1,22.1,0.8693961949105734
8,G1,22.2,0.8699970856731997
8,G1,22.3,0.8705961930566356
8,G1,22.4,0.8711935168217342
8,G1,22.5,0.8717890573415822
8,G1,22.6,0.8723828139084346
8,G1,22.7,0.8729747859070744
8,G1,22.8,0.8735649734144306
8,G1,22.9,0.8741533767034055
8,G1,23.0,0.874739996527542
8,G1,23.1,0.8753248328478137
8,G1,23.2,0.8759078858170469
8,G1,23.3,0.8764891558867808
8,G1,23.4,0.8770686425967906
8,G1,23.5,0.8776463464881206
8,G1,23.6,0.8782222678753557
8,G1,23.7,0.8787964070765256
8,G1,23.8,0.8793687639437852
8,G1,23.9,0.8799393394395542
8,G1,24.0,0.8805081330848626
8,G1,24.1,0.8810751451593181
8,G1,24.2,0.8816403766456393
8,G1,24.3,0.8822038283175132
8,G1,24.4,0.882765500754038
8,G1,24.5,0.8833253947957507
8,G1,24.6,0.8838835107146866
8,G1,24.7,0.8844398484553386
8,G1,24.8,0.8849944082757439
8,G1,24.9,0.8855471916709302
8,G1,25.0,0.8860981991572182
8,G2,10.0,0.6974195031650656
8,G2,10.1,0.6983534012541533
8,G2,10.2,0.6992862762613292
8,G2,10.3,0.7002181221060523
8,G2,10.4,0.7011489319384816
8,G2,10.5,0.7020786990691694
8,G2,10.6,0.703007418372319
8,G2,10.7,0.7039350830906336
8,G2,10.8,0.7048616859841517
8,G2,10.9,0.705787221746525
8,G2,11.0,0.706711684345098
8,G2,11.1,0.7076350683524191
8,G2,11.2,0.7085573674321813
8,G2,11.3,0.7094785748411121
8,G2,11.4,0.7103986836189292
8,G2,11.5,0.711317688620568
8,G2,11.6,0.7122355847230258
8,G2,11.7,0.7131523644687123
8,G2,11.8,0.7140680233559984
8,G2,11.9,0.7149825542489917
8,G2,12.0,0.7158959511146663
8,G2,12.1,0.7168082071046649
8,G2,12.2,0.7177193176407598
8,G2,12.3,0.7186292759324258
8,G2,12.4,0.7195380764091774
8,G2,12.5,0.7204457141361622
8,G2,12.6,0.7213521836596924
8,G2,12.7,0.7222574780028533
8,G2,12.8,0.7231615916493705
8,G2,12.9,0.724064519420262
8,G2,13.0,0.724966255140351
8,G2,13.1,0.7258667940905941
8,G2,13.2,0.7267661296752388
8,G2,13.3,0.7276642565895942
8,G2,13.4,0.7285611678398344
8,G2,13.5,0.7294568582565516
8,G2,13.6,0.7303513226903295
8,G2,13.7,0.7312445544794072
8,G2,13.8,0.7321365497809291
8,G2,13.9,0.7330273035301528
8,G2,14.0,0.7339168099059961
8,G2,14.1,0.7348050622331421
8,G2,14.2,0.7356920565892755
8,G2,14.3,0.7365777871706277
8,G2,14.4,0.7374622469126476
8,G2,14.5,0.7383454315482799
8,G2,14.6,0.7392273355323511
8,G2,14.7,0.7401079546234665
8,G2,14.8,0.7409872834480363
8,G2,14.9,0.7418653155408983
8,G2,15.0,0.7427420451975117
8,G2,15.1,0.7436174672635351
8,G2,15.2,0.7444915781153877
8,G2,15.3,0.7453643711372682
8,G2,15.4,0.7462358423018328
8,G2,15.5,0.7471059857187689
8,G2,15.6,0.7479747955112267
8,G2,15.7,0.748842266101373
8,G2,15.8,0.7497083936592962
8,G2,15.9,0.7505731719282185
8,G2,16.0,0.751436596373934
8,G2,16.1,0.7522986627771111
8,G2,16.2,0.7531593667898453
8,G2,16.3,0.754018702405941
8,G2,16.4,0.7548766644483258
8,G2,16.5,0.7557332492762927
8,G2,16.6,0.7565884508429832
8,G2,16.7,0.7574422656812736
8,G2,16.8,0.7582946884641674
8,G2,16.9,0.7591457141429465
8,G2,17.0,0.7599953375678472
8,G2,17.1,0.7608435530669746
8,G2,17.2,0.7616903573672904
8,G2,17.3,0.7625357443164406
8,G2,17.4,0.7633797105462273
8,G2,17.5,0.7642222525396749
8,G2,17.6,0.7650633657068435
8,G2,17.7,0.7659030435267847
8,G2,17.8,0.7667412833974284
8,G2,17.9,0.7675780807322904
8,G2,18.0,0.7684134287753869
8,G2,18.1,0.7692473244026825
8,G2,18.2,0.7700797626444481
8,G2,18.3,0.7709107406545521
8,G2,18.4,0.7717402540618352
8,G2,18.5,0.7725682971782034
8,G2,18.6,0.7733948654421068
8,G2,18.7,0.7742199541299066
8,G2,18.8,0.7750435607389606
8,G2,18.9,0.77586568006566
8,G2,19.0,0.7766863084460651
8,G2,19.1,0.7775054414762477
8,G2,19.2,0.7783230737594921
8,G2,19.3,0.779139201207903
8,G2,19.4,0.7799538200724636
8,G2,19.5,0.7807669261738892
8,G2,19.6,0.7815785149686627
8,G2,19.7,0.7823885834890569
8,G2,19.8,0.783197128367698
8,G2,19.9,0.7840041450737437
8,G2,20.0,0.7848096290680581
8,G2,20.1,0.7856135778768399
8,G2,20.2,0.7864159859922066
8,G2,20.3,0.7872168511395912
8,G2,20.4,0.7880161695835176
8,G2,20.5,0.7888139365466422
8,G2,20.6,0.7896101490061513
8,G2,20.7,0.7904048007738496
8,G2,20.8,0.7911978906995526
8,G2,20.9,0.7919894133396573
8,G2,21.0,0.7927793656101324
8,G2,21.1,0.7935677458174708
8,G2,21.2,0.79435455039838
8,G2,21.3,0.7951397741746458
8,G2,21.4,0.7959234148848278
8,G2,21.5,0.7967054694553889
8,G2,21.6,0.7974859323226392
8,G2,21.7,0.7982648006321457
8,G2,21.8,0.7990420708403131
8,G2,21.9,0.7998177411163023
8,G2,22.0,0.8005918083119234
8,G2,22.1,0.801364267946928
8,G2,22.2,0.8021351163349209
8,G2,22.3,0.8029043496257755
8,G2,22.4,0.8036719662212909
8,G2,22.5,0.8044379626434073
8,G2,22.6,0.8052023355851858
8,G2,22.7,0.8059650822722956
8,G2,22.8,0.8067261981181691
8,G2,22.9,0.8074856803845732
8,G2,23.0,0.8082435254704704
8,G2,23.1,0.8089997315981071
8,G2,23.2,0.8097542941381977
8,G2,23.3,0.810507211543307
8,G2,23.4,0.811258481377503
8,G2,23.5,0.8120081008578287
8,G2,23.6,0.8127560661304434
8,G2,23.7,0.8135023756164217
8,G2,23.8,0.8142470255105547
8,G2,23.9,0.8149900136520619
8,G2,24.0,0.815731338462389
8,G2,24.1,0.816470995461571
8,G2,24.2,0.8172089838007037
8,G2,24.3,0.8179452971649427
8,G2,24.4,0.8186799363138003
8,G2,24.5,0.8194128967369442
8,G2,24.6,0.8201441756371529
8,G2,24.7,0.8208737731488542
8,G2,24.8,0.8216016868754341
8,G2,24.9,0.8223279131156662
8,G2,25.0,0.8230524499632655
9,G1,10.0,0.779173530904998
9,G1,10.1,0.7799140701557846
9,G1,10.2,0.780653352741877
9,G1,10.3,0.7813913845601292
9,G1,10.4,0.7821281583562644
9,G1,10.5,0.7828636777961427
9,G1,10.6,0.7835979361115059
9,G1,10.7,0.7843309300896997
9,G1,10.8,0.7850626515971585
9,G1,10.9,0.7857930961729491
9,G1,11.0,0.7865222697359263
9,G1,11.1,0.7872501651781231
9,G1,11.2,0.7879767855192044
9,G1,11.3,0.7887021244556017
9,G1,11.4,0.7894261780516091
9,G1,11.5,0.7901489389883125
9,G1,11.6,0.7908704038173929
9,G1,11.7,0.7915905774984934
9,G1,11.8,0.7923094544703042
9,G1,11.9,0.7930270362516766
9,G1,12.0,0.7937433174176053
9,G1,12.1,0.7944582933352101
9,G1,12.2,0.7951719575351194
9,G1,12.3,0.7958843076904816
9,G1,12.4,0.7965953467294453
9,G1,12.5,0.7973050722597823
9,G1,12.6,0.7980134833547119
9,G1,12.7,0.7987205748873315
9,G1,12.8,0.7994263433673783
9,G1,12.9,0.8001307812522259
9,G1,13.0,0.8008338885234103
9,G1,13.1,0.8015356659323382
9,G1,13.2,0.8022361138614582
9,G1,13.3,0.8029352285435165
9,G1,13.4,0.8036330067945848
9,G1,13.5,0.804329444399857
9,G1,13.6,0.8050245339542736
9,G1,13.7,0.8057182771961553
9,G1,13.8,0.8064106726321181
9,G1,13.9,0.8071017237188842
9,G1,14.0,0.8077914240549245
9,G1,14.1,0.8084797720526181
9,G1,14.2,0.8091667627694713
9,G1,14.3,0.8098523890123427
9,G1,14.4,0.8105366541261251
9,G1,14.5,0.8112195552224504
9,G1,14.6,0.8119010970828064
9,G1,14.7,0.8125812724327534
9,G1,14.8,0.8132600805818568
9,G1,14.9,0.8139375155394283
9,G1,15.0,0.8146135707917576
9,G1,15.1,0.8152882509399317
9,G1,15.2,0.8159615522389505
9,G1,15.3,0.8166334800594658
9,G1,15.4,0.817304027239721
9,G1,15.5,0.8179731928161358
9,G1,15.6,0.8186409702823516
9,G1,15.7,0.8193073540788741
9,G1,15.8,0.8199723502455756
9,G1,15.9,0.8206359535766347
9,G1,16.0,0.8212981699071187
9,G1,16.1,0.8219589930424089
9,G1,16.2,0.8226184207067103
9,G1,16.3,0.8232764464716427
9,G1,16.4,0.8239330656258516
9,G1,16.5,0.8245882858300205
9,G1,16.6,0.8252421005817352
9,G1,16.7,0.82589451577202
9,G1,16.8,0.8265455258529361
9,G1,16.9,0.8271951276413798
9,G1,17.0,0.8278433147133707
9,G1,17.1,0.8284900841454393
9,G1,17.2,0.8291354433817004
9,G1,17.3,0.8297793863250643
9,G1,17.4,0.8304219180988331
9,G1,17.5,0.831063033479349
9,G1,17.6,0.8317027286829144
9,G1,17.7,0.8323409982306647
9,G1,17.8,0.8329778403323421
9,G1,17.9,0.8336132610432125
9,G1,18.0,0.8342472562705968
9,G1,18.1,0.8348798294338696
9,G1,18.2,0.8355109760076436
9,G1,18.3,0.8361406917974532
9,G1,18.4,0.8367689721900493
9,G1,18.5,0.8373958165753057
9,G1,18.6,0.8380212286154501
9,G1,18.7,0.8386452078943841
9,G1,18.8,0.8392677550945904
9,G1,18.9,0.8398888657890179
9,G1,19.0,0.8405085373670025
9,G1,19.1,0.841126763971613
9,G1,19.2,0.8417435474045281
9,G1,19.3,0.8423588888957781
9,G1,19.4,0.8429727911905874
9,G1,19.5,0.8435852518074738
9,G1,19.6,0.844196268280811
9,G1,19.7,0.8448058374448408
9,G1,19.8,0.8454139535916536
9,G1,19.9,0.8460206202489016
9,G1,20.0,0.8466258363342788
9,G1,20.1,0.8472296077574207
9,G1,20.2,0.8478319293671833
9,G1,20.3,0.848432800148999
9,G1,20.4,0.8490322164742065
9,G1,20.5,0.8496301727806754
9,G1,20.6,0.8502266741614277
9,G1,20.7,0.8508217181640726
9,G1,20.8,0.851415311984102
9,G1,20.9,0.8520074496363811
9,G1,21.0,0.8525981308841226
9,G1,21.1,0.8531873512201658
9,G1,21.2,0.8537751057947772
9,G1,21.3,0.8543614008039663
9,G1,21.4,0.8549462330977896
9,G1,21.5,0.855529610299218
9,G1,21.6,0.8561115266308569
9,G1,21.7,0.8566919814377607
9,G1,21.8,0.8572709699011493
9,G1,21.9,0.857848488116744
9,G1,22.0,0.8584245435615654
9,G1,22.1,0.8589991318445019
9,G1,22.2,0.8595722608275914
9,G1,22.3,0.860143925812426
9,G1,22.4,0.8607141246479265
9,G1,22.5,0.8612828528806873
9,G1,22.6,0.8618501073968818
9,G1,22.7,0.8624158970951193
9,G1,22.8,0.8629802165557253
9,G1,22.9,0.8635430734851065
9,G1,23.0,0.8641044638040652
9,G1,23.1,0.8646643845218833
9,G1,23.2,0.8652228312638596
9,G1,23.3,0.8657798027196831
9,G1,23.4,0.866335307350743
9,G1,23.5,0.8668893403599766
9,G1,23.6,0.8674419086138055
9,G1,23.7,0.8679930081865865
9,G1,23.8,0.868542635644073
9,G1,23.9,0.869090787606116
9,G1,24.0,0.8696374639436469
9,G1,24.1,0.8701826713755539
9,G1,24.2,0.8707264074557072
9,G1,24.3,0.8712686772164809
9,G1,24.4,0.8718094771975508
9,G1,24.5,0.872348803891096
9,G1,24.6,0.8728866547028334
9,G1,24.7,0.873423030665512
9,G1,24.8,0.8739579359015729
9,G1,24.9,0.8744913718922658
9,G1,25.0,0.8750233408151623
9,G2,10.0,0.6583965045833692
9,G2,10.1,0.6592754846285256
9,G2,10.2,0.6601538385401563
9,G2,10.3,0.6610315666024787
9,G2,10.4,0.6619086603077865
9,G2,10.5,0.6627851289736503
9,G2,10.6,0.6636609626934109
9,G2,10.7,0.664536149075395
9,G2,10.8,0.6654106746149075
9,G2,10.9,0.6662845404978454
9,G2,11.0,0.6671577424209141
9,G2,11.1,0.6680302773591777
9,G2,11.2,0.668902152166545
9,G2,11.3,0.6697733565346001
9,G2,11.4,0.6706438762151259
9,G2,11.5,0.6715136982027216
9,G2,11.6,0.6723828294492443
9,G2,11.7,0.6732512578881817
9,G2,11.8,0.674118987140004
9,G2,11.9,0.6749860212166292
9,G2,12.0,0.6758523506221903
9,G2,12.1,0.6767179571476405
9,G2,12.2,0.6775828308780475
9,G2,12.3,0.6784469824994073
9,G2,12.4,0.6793103936064839
9,G2,12.5,0.6801730733856881
9,G2,12.6,0.6810350232305715
9,G2,12.7,0.6818962346020225
9,G2,12.8,0.6827566855154752
9,G2,12.9,0.683616369258703
9,G2,13.0,0.684475299168998
9,G2,13.1,0.6853334526350925
9,G2,13.2,0.6861908427239187
9,G2,13.3,0.6870474684200352
9,G2,13.4,0.6879033212658405
9,G2,13.5,0.6887583784300457
9,G2,13.6,0.6896126337889112
9,G2,13.7,0.690466102835779
9,G2,13.8,0.6913187619864096
9,G2,13.9,0.6921706263027011
9,G2,14.0,0.6930216915660499
9,G2,14.1,0.6938719492618574
9,G2,14.2,0.6947213771312126
9,G2,14.3,0.6955699703510112
9,G2,14.4,0.696417743877783
9,G2,14.5,0.6972646755745185
9,G2,14.6,0.6981107813893355
9,G2,14.7,0.6989560537948111
9,G2,14.8,0.6998004842880952
9,G2,14.9,0.7006440512136034
9,G2,15.0,0.7014867518468024
9,G2,15.1,0.7023285997065462
9,G2,15.2,0.7031695739676345
9,G2,15.3,0.7040096922097315
9,G2,15.4,0.7048489441383955
9,G2,15.5,0.7056873194929547
9,G2,15.6,0.7065247972848449
9,G2,15.7,0.7073613797463246
9,G2,15.8,0.7081970750385591
9,G2,15.9,0.7090318674961329
9,G2,16.0,0.7098657727783504
9,G2,16.1,0.7106987805199558
9,G2,16.2,0.7115308768617046
9,G2,16.3,0.7123620433628486
9,G2,16.4,0.713192285601967
9,G2,16.5,0.7140216065800195
9,G2,16.6,0.7148499965826461
9,G2,16.7,0.7156774687683612
9,G2,16.8,0.716504012659442
9,G2,16.9,0.7173296107432521
9,G2,17.0,0.7181542474932043
9,G2,17.1,0.7189779325258799
9,G2,17.2,0.7198006622730228
9,G2,17.3,0.7206224336246749
9,G2,17.4,0.7214432572595142
9,G2,17.5,0.7222631217790391
9,G2,17.6,0.7230820072792122
9,G2,17.7,0.7238999000069933
9,G2,17.8,0.724716816473604
9,G2,17.9,0.7255327430624997
9,G2,18.0,0.7263476844219391
9,G2,18.1,0.727161648277395
9,G2,18.2,0.7279746241497016
9,G2,18.3,0.7287865868805531
9,G2,18.4,0.7295975277849612
9,G2,18.5,0.7304074674365827
9,G2,18.6,0.7312163844864228
9,G2,18.7,0.732024289562643
9,G2,18.8,0.7328311878633116
9,G2,18.9,0.7336370696004906
9,G2,19.0,0.7344419054831787
9,G2,19.1,0.7352456919050275
9,G2,19.2,0.73604845121735
9,G2,19.3,0.7368501575695099
9,G2,19.4,0.7376508257668335
9,G2,19.5,0.7384504582337175
9,G2,19.6,0.7392490449080659
9,G2,19.7,0.7400465563295874
9,G2,19.8,0.7408429903249822
9,G2,19.9,0.7416383705574583
9,G2,20.0,0.7424326704824498
9,G2,20.1,0.7432259071850733
9,G2,20.2,0.7440180789883293
9,G2,20.3,0.7448091754878874
9,G2,20.4,0.7455991689440133
9,G2,20.5,0.746388059154832
9,G2,20.6,0.7471758680783014
9,G2,20.7,0.7479625711308446
9,G2,20.8,0.7487481866506797
9,G2,20.9,0.7495327085845832
9,G2,21.0,0.7503161263459217
9,G2,21.1,0.7510984139047664
9,G2,21.2,0.7518795738817231
9,G2,21.3,0.7526596255765062
9,G2,21.4,0.7534385460564175
9,G2,21.5,0.7542163558938064
9,G2,21.6,0.754993045503919
9,G2,21.7,0.7557686018149208
9,G2,21.8,0.7565430005775492
9,G2,21.9,0.7573162505457509
9,G2,22.0,0.7580883638902484
9,G2,22.1,0.7588593236886847
9,G2,22.2,0.7596291485953013
9,G2,22.3,0.7603978287002273
9,G2,22.4,0.7611653465858947
9,G2,22.5,0.7619316816792222
9,G2,22.6,0.7626968468649539
9,G2,22.7,0.7634608476849558
9,G2,22.8,0.7642236738551899
9,G2,22.9,0.7649853416448855
9,G2,23.0,0.7657458406736566
9,G2,23.1,0.7665051492804251
9,G2,23.2,0.7672632509051642
9,G2,23.3,0.7680201633078201
9,G2,23.4,0.7687758837996165
9,G2,23.5,0.7695304094304455
9,G2,23.6,0.7702837541458831
9,G2,23.7,0.7710359061635508
9,G2,23.8,0.77178684102561
9,G2,23.9,0.7725365451607048
9,G2,24.0,0.7732850438771541
9,G2,24.1,0.7740323228090007
9,G2,24.2,0.774778387338485
9,G2,24.3,0.7755232485465322
9,G2,24.4,0.776266895632998
9,G2,24.5,0.7770092978905478
9,G2,24.6,0.777750448544396
9,G2,24.7,0.7784903769650046
9,G2,24.8,0.7792290601519275
9,G2,24.9,0.7799665094990798
9,G2,25.0,0.7807027338225099
10,G1,10.0,0.7941872221903739
10,G1,10.1,0.7949200909632347
10,G1,10.2,0.795651581998539
10,G1,10.3,0.7963817044208482
10,G1,10.4,0.797110451866704
10,G1,10.5,0.797837835434436
10,G1,10.6,0.7985638295557741
10,G1,10.7,0.7992884439196623
10,G1,10.8,0.8000116715339208
10,G1,10.9,0.8007335245587445
10,G1,11.0,0.8014539767766792
10,G1,11.1,0.8021730385481011
10,G1,11.2,0.8028907022011502
10,G1,11.3,0.8036069808119274
10,G1,11.4,0.8043218476463555
10,G1,11.5,0.8050353137707245
10,G1,11.6,0.8057473706533622
10,G1,11.7,0.8064580325263192
10,G1,11.8,0.8071672720142317
10,G1,11.9,0.8078751008834149
10,G1,12.0,0.8085815097433608
10,G1,12.1,0.8092865138924332
10,G1,12.2,0.8099900855990819
10,G1,12.3,0.810692237146303
10,G1,12.4,0.8113929582173649
10,G1,12.5,0.8120922652338609
10,G1,12.6,0.8127901301727163
10,G1,12.7,0.8134865657468937
10,G1,12.8,0.8141815607818658
10,G1,12.9,0.8148751327769725
10,G1,13.0,0.8155672533944296
10,G1,13.1,0.8162579358101976
10,G1,13.2,0.8169471681342353
10,G1,13.3,0.8176349686959209
10,G1,13.4,0.8183213089596154
10,G1,13.5,0.8190062025705229
10,G1,13.6,0.8196896369647851
10,G1,13.7,0.8203716311803979
10,G1,13.8,0.8210521566439064
10,G1,13.9,0.8217312272798216
10,G1,14.0,0.8224088301081827
10,G1,14.1,0.8230849846428757
10,G1,14.2,0.8237596623082745
10,G1,14.3,0.8244328773722376
10,G1,14.4,0.825104616422438
10,G1,14.5,0.8257748994612366
10,G1,14.6,0.8264436978716749
10,G1,14.7,0.8271110263060064
10,G1,14.8,0.8277768708543207
10,G1,14.9,0.8284412521247532
10,G1,15.0,0.8291041413595683
10,G1,15.1,0.8297655536168377
10,G1,15.2,0.8304254745365651
10,G1,15.3,0.8310839252252462
10,G1,15.4,0.8317408769022943
10,G1,15.5,0.8323963450038052
10,G1,15.6,0.8330503146460362
10,G1,15.7,0.8337028075065898
10,G1,15.8,0.8343537946710542
10,G1,15.9,0.8350032922008063
10,G1,16.0,0.8356512845091801
10,G1,16.1,0.836297793811245
10,G1,16.2,0.8369427910934958
10,G1,16.3,0.8375862931948237
10,G1,16.4,0.8382282835116485
10,G1,16.5,0.8388687851709009
10,G1,16.6,0.8395077688093111
10,G1,16.7,0.8401452519713056
10,G1,16.8,0.8407812173582513
10,G1,16.9,0.8414156887513503
10,G1,17.0,0.8420486365104575
10,G1,17.1,0.8426800788423532
10,G1,17.2,0.8433099978229669
10,G1,17.3,0.8439384178658652
10,G1,17.4,0.8445653090246846
10,G1,17.5,0.8451906901281591
10,G1,17.6,0.8458145428196958
10,G1,17.7,0.8464368919066919
10,G1,17.8,0.8470577072706339
10,G1,17.9,0.8476770083539491
10,G1,18.0,0.8482947763358019
10,G1,18.1,0.8489110363271481
10,G1,18.2,0.849525758292483
10,G1,18.3,0.8501389621384203
10,G1,18.4,0.8507506285359335
10,G1,18.5,0.8513607828938753
10,G1,18.6,0.8519693952600789
10,G1,18.7,0.8525764862676556
10,G1,18.8,0.8531820356713907
10,G1,18.9,0.8537860694094656
10,G1,19.0,0.8543885575961647
10,G1,19.1,0.8549895215368858
10,G1,19.2,0.8555889401658726
10,G1,19.3,0.856186839787972
10,G1,19.4,0.8567831907231342
10,G1,19.5,0.8573780148402333
10,G1,19.6,0.8579712904257045
10,G1,19.7,0.8585630440314594
10,G1,19.8,0.8591532461410373
10,G1,19.9,0.8597419192206606
10,G1,20.0,0.8603290410041335
10,G1,20.1,0.8609146381660986
10,G1,20.2,0.8614986813671827
10,G1,20.3,0.862081193740264
10,G1,20.4,0.8626621524158289
10,G1,20.5,0.8632415842120736
10,G1,20.6,0.8638194599858499
10,G1,20.7,0.8643958033551687
10,G1,20.8,0.8649705911632972
10,G1,20.9,0.8655438502077276
10,G1,21.0,0.8661155515113316
10,G1,21.1,0.8666857191971853
10,G1,21.2,0.8672543298246033
10,G1,21.3,0.8678214101950124
10,G1,21.4,0.8683869314670825
10,G1,21.5,0.8689509181752614
10,G1,21.6,0.8695133469256575
10,G1,21.7,0.8700742441125037
10,G1,21.8,0.8706335813515035
10,G1,21.9,0.8711913832939895
10,G1,22.0,0.8717476268436316
10,G1,22.1,0.8723023379090159
10,G1,22.2,0.8728554885160748
10,G1,22.3,0.8734071034265644
10,G1,22.4,0.8739571598990866
10,G1,22.5,0.8745056833440401
10,G1,22.6,0.8750526461229462
10,G1,22.7,0.8755980732231663
10,G1,22.8,0.8761419421876189
10,G1,22.9,0.876684277946207
10,G1,23.0,0.877225053160807
10,G1,23.1,0.8777642931082635
10,G1,23.2,0.8783019756311342
10,G1,23.3,0.8788381250870949
10,G1,23.4,0.8793727144699092
10,G1,23.5,0.8799057693285323
10,G1,23.6,0.8804372679305495
10,G1,23.7,0.8809672338404168
10,G1,23.8,0.8814956406112929
10,G1,23.9,0.8820225138343927
10,G1,24.0,0.8825478324600959
10,G1,24.1,0.8830716190452044
10,G1,24.2,0.8835938477418961
10,G1,24.3,0.8841145443042783
10,G1,24.4,0.8846336882365092
10,G1,24.5,0.8851513010386307
10,G1,24.6,0.8856673576793065
10,G1,24.7,0.8861818839576585
10,G1,24.8,0.8866948598584603
10,G1,24.9,0.8872063058345873
10,G1,25.0,0.8877161978317265
10,G2,10.0,0.613587232515648
10,G2,10.1,0.6145075453286442
10,G2,10.2,0.6154275150370598
10,G2,10.3,0.6163470933707317
10,G2,10.4,0.6172662871373447
10,G2,10.5,0.6181851177400408
10,G2,10.6,0.619103582203555
10,G2,10.7,0.6200216309547676
10,G2,10.8,0.6209392726319357
10,G2,10.9,0.6218565297839731
10,G2,11.0,0.6227733976444184
10,G2,11.1,0.6236898255607234
10,G2,11.2,0.6246058239712043
10,G2,11.3,0.6255214168220777
10,G2,11.4,0.6264365967364814
10,G2,11.5,0.6273513127800281
10,G2,11.6,0.6282655769684946
10,G2,11.7,0.62917941466455
10,G2,11.8,0.6300928155653883
10,G2,11.9,0.631005729134333
10,G2,12.0,0.6319181683995345
10,G2,12.1,0.6328301603460121
10,G2,12.2,0.6337416914376921
10,G2,12.3,0.6346527121366611
10,G2,12.4,0.6355632361232432
10,G2,12.5,0.6364732920144334
10,G2,12.6,0.63738286297924
10,G2,12.7,0.6382919005892111
10,G2,12.8,0.6392004192024495
10,G2,12.9,0.6401084490518172
10,G2,13.0,0.6410159698996728
10,G2,13.1,0.6419229345366753
10,G2,13.2,0.642829358024452
10,G2,13.3,0.6437352720825176
10,G2,13.4,0.6446406532932902
10,G2,13.5,0.6455454554384963
10,G2,13.6,0.6464496944213451
10,G2,13.7,0.6473534032172277
10,G2,13.8,0.6482565557592366
10,G2,13.9,0.6491591062889779
10,G2,14.0,0.6500610717900497
10,G2,14.1,0.6509624864649601
10,G2,14.2,0.6518633215213516
10,G2,14.3,0.6527635317370392
10,G2,14.4,0.6536631352119648
10,G2,14.5,0.6545621673463653
10,G2,14.6,0.6554605965476126
10,G2,14.7,0.6563583782055434
10,G2,14.8,0.6572555315721821
10,G2,14.9,0.6581520931489678
10,G2,15.0,0.6590480286690988
10,G2,15.1,0.6599432940101331
10,G2,15.2,0.6608379096781817
10,G2,15.3,0.6617319131294218
10,G2,15.4,0.6626252676984059
10,G2,15.5,0.6635179294774951
10,G2,15.6,0.6644099203779485
10,G2,15.7,0.6653012787664146
10,G2,15.8,0.6661919655474436
10,G2,15.9,0.6670819367748931
10,G2,16.0,0.6679712166774325
10,G2,16.1,0.6688598436231594
10,G2,16.2,0.6697477763445426
10,G2,16.3,0.6706349708269144
10,G2,16.4,0.6715214538572858
10,G2,16.5,0.6724072635666197
10,G2,16.6,0.6732923565508069
10,G2,16.7,0.674176688751862
10,G2,16.8,0.6750602895888096
10,G2,16.9,0.6759431968832474
10,G2,17.0,0.6768253650756356
10,G2,17.1,0.6777067500898014
10,G2,17.2,0.6785873840490375
10,G2,17.3,0.6794673043938422
10,G2,17.4,0.6803464632459615
10,G2,17.5,0.6812248169722572
10,G2,17.6,0.6821024000348934
10,G2,17.7,0.6829792495700968
10,G2,17.8,0.6838553153140159
10,G2,17.9,0.6847305542356277
10,G2,18.0,0.6856050030763531
10,G2,18.1,0.6864786986405176
10,G2,18.2,0.6873515882470033
10,G2,18.3,0.6882236295335585
10,G2,18.4,0.6890948615485423
10,G2,18.5,0.6899653206940187
10,G2,18.6,0.6908349517846786
10,G2,18.7,0.6917037134481988
10,G2,18.8,0.6925716467827082
10,G2,18.9,0.6934387878174072
10,G2,19.0,0.6943050788093615
10,G2,19.1,0.6951704796002858
10,G2,19.2,0.6960350331759996
10,G2,19.3,0.6968987751906371
10,G2,19.4,0.6977616453455388
10,G2,19.5,0.698623604757987
10,G2,19.6,0.6994846982999873
10,G2,19.7,0.7003449611950076
10,G2,19.8,0.701204330592052
10,G2,19.9,0.702062768944437
10,G2,20.0,0.7029203230078666
10,G2,20.1,0.7037770275200272
10,G2,20.2,0.7046328170824686
10,G2,20.3,0.7054876555439092
10,G2,20.4,0.7063415915402795
10,G2,20.5,0.7071946590199603
10,G2,20.6,0.708046790790189
10,G2,20.7,0.708897951406559
10,G2,20.8,0.7097481916296886
10,G2,20.9,0.7105975444629297
10,G2,21.0,0.711445941232079
10,G2,21.1,0.7122933469516786
10,G2,21.2,0.7131398146032523
10,G2,21.3,0.7139853761826634
10,G2,21.4,0.7148299614564734
10,G2,21.5,0.7156735362694029
10,G2,21.6,0.7165161554841342
10,G2,21.7,0.7173578501415658
10,G2,21.8,0.7181985482902553
10,G2,21.9,0.7190382170532259
10,G2,22.0,0.7198769130911933
10,G2,22.1,0.7207146661224043
10,G2,22.2,0.7215514026721365
10,G2,22.3,0.7223870910904252
10,G2,22.4,0.7232217901369962
10,G2,22.5,0.7240555278258923
10,G2,22.6,0.7248882289671084
10,G2,22.7,0.725719864176966
10,G2,22.8,0.7265504933240928
10,G2,22.9,0.7273801429665245
10,G2,23.0,0.7282087362153636
10,G2,23.1,0.7290362460706544
10,G2,23.2,0.7298627334395077
10,G2,23.3,0.730688223366613
10,G2,23.4,0.7315126372962121
10,G2,23.5,0.7323359506834539
10,G2,23.6,0.7331582254473864
10,G2,23.7,0.7339794850484643
10,G2,23.8,0.7347996492970037
10,G2,23.9,0.7356186961727136
10,G2,24.0,0.7364366885797475
10,G2,24.1,0.7372536483246506
10,G2,24.2,0.7380694936176404
10,G2,24.3,0.738884205030467
10,G2,24.4,0.7396978464252899
10,G2,24.5,0.7405104378863225
10,G2,24.6,0.7413218960583882
10,G2,24.7,0.742132204170746
10,G2,24.8,0.742941426855245
10,G2,24.9,0.7437495828895145
10,G2,25.0,0.7445565867872066
11,G1,10.0,0.7484186987115213
11,G1,10.1,0.7493559769900143
11,G1,10.2,0.750291694180029
11,G1,10.3,0.7512258438734063
11,G1,10.4,0.7521584196618998
11,G1,10.5,0.7530894150841786
11,G1,10.6,0.7540188237984129
11,G1,10.7,0.7549466395331921
11,G1,10.8,0.7558728560365371
11,G1,10.9,0.7567974670423502
11,G1,11.0,0.7577204663711657
11,G1,11.1,0.7586418478174842
11,G1,11.2,0.7595616052170617
11,G1,11.3,0.7604797324790974
11,G1,11.4,0.7613962234982958
11,G1,11.5,0.7623110723134909
11,G1,11.6,0.7632242729315675
11,G1,11.7,0.764135819392808
11,G1,11.8,0.7650457057452233
11,G1,11.9,0.7659539260549633
11,G1,12.0,0.7668604744681274
11,G1,12.1,0.7677653452361524
11,G1,12.2,0.7686685325331816
11,G1,12.3,0.7695700306104705
11,G1,12.4,0.7704698337634662
11,G1,12.5,0.7713679363656721
11,G1,12.6,0.7722643328028462
11,G1,12.7,0.7731590174281397
11,G1,12.8,0.7740519846958879
11,G1,12.9,0.7749432291269027
11,G1,13.0,0.7758327452590036
11,G1,13.1,0.7767205276742924
11,G1,13.2,0.7776065709648182
11,G1,13.3,0.778490869741762
11,G1,13.4,0.7793734186892213
11,G1,13.5,0.7802542125489117
11,G1,13.6,0.7811332461253244
11,G1,13.7,0.782010514217071
11,G1,13.8,0.78288601157405
11,G1,13.9,0.7837597329271779
11,G1,14.0,0.784631673350952
11,G1,14.1,0.7855018278530203
11,G1,14.2,0.7863701913754033
11,G1,14.3,0.7872367589404023
11,G1,14.4,0.7881015256301627
11,G1,14.5,0.7889644865813836
11,G1,14.6,0.7898256369259308
11,G1,14.7,0.7906849718545353
11,G1,14.8,0.7915424866297501
11,G1,14.9,0.7923981765627779
11,G1,15.0,0.7932520369419199
11,G1,15.1,0.7941040631614078
11,G1,15.2,0.7949542505366906
11,G1,15.3,0.7958025945305224
11,G1,15.4,0.7966490906355641
11,G1,15.5,0.7974937343616606
11,G1,15.6,0.7983365212829922
11,G1,15.7,0.7991774470519074
11,G1,15.8,0.800016507264277
11,G1,15.9,0.8008536976481895
11,G1,16.0,0.8016890139087719
11,G1,16.1,0.8025224517265025
11,G1,16.2,0.803354006976975
11,G1,16.3,0.8041836755659677
11,G1,16.4,0.8050114534359285
11,G1,16.5,0.8058373363444487
11,G1,16.6,0.8066613203382611
11,G1,16.7,0.8074834015131102
11,G1,16.8,0.8083035759031519
11,G1,16.9,0.8091218396951609
11,G1,17.0,0.8099381889846957
11,G1,17.1,0.8107526199784387
11,G1,17.2,0.8115651289419378
11,G1,17.3,0.8123757121673021
11,G1,17.4,0.8131843659513687
11,G1,17.5,0.8139910866188479
11,G1,17.6,0.8147958705765352
11,G1,17.7,0.8155987142136546
11,G1,17.8,0.8163996140163832
11,G1,17.9,0.817198566504661
11,G1,18.0,0.8179955682503252
11,G1,18.1,0.8187906159832286
11,G1,18.2,0.8195837063888994
11,G1,18.3,0.8203748361539606
11,G1,18.4,0.821164001929311
11,G1,18.5,0.8219512005323495
11,G1,18.6,0.8227364288812549
11,G1,18.7,0.8235196838121946
11,G1,18.8,0.8243009622306461
11,G1,18.9,0.8250802611365358
11,G1,19.0,0.8258575775050573
11,G1,19.1,0.82663290833571
11,G1,19.2,0.8274062507547809
11,G1,19.3,0.8281776018878696
11,G1,19.4,0.8289469589068036
11,G1,19.5,0.829714319109495
11,G1,19.6,0.8304796797854908
11,G1,19.7,0.83124303825925
11,G1,19.8,0.8320043918542408
11,G1,19.9,0.8327637379875451
11,G1,20.0,0.8335210740865427
11,G1,20.1,0.8342763976292027
11,G1,20.2,0.835029706231697
11,G1,20.3,0.8357809974686744
11,G1,20.4,0.836530268834186
11,G1,20.5,0.8372775179949179
11,G1,20.6,0.838022742694944
11,G1,20.7,0.8387659408074852
11,G1,20.8,0.8395071100946229
11,G1,20.9,0.840246248399406
11,G1,21.0,0.8409833536120066
11,G1,21.1,0.8417184236781451
11,G1,21.2,0.8424514564871245
11,G1,21.3,0.843182450096007
11,G1,21.4,0.8439114026259629
11,G1,21.5,0.8446383120822204
11,G1,21.6,0.8453631766127284
11,G1,21.7,0.846085994440459
11,G1,21.8,0.846806763808853
11,G1,21.9,0.8475254830137819
11,G1,22.0,0.8482421502991315
11,G1,22.1,0.8489567640910265
11,G1,22.2,0.8496693226647113
11,G1,22.3,0.8503798245320029
11,G1,22.4,0.8510882682278356
11,G1,22.5,0.8517946521807988
11,G1,22.6,0.8524989749422217
11,G1,22.7,0.8532012351618877
11,G1,22.8,0.853901431677076
11,G1,22.9,0.854599563159958
11,G1,23.0,0.8552956284037141
11,G1,23.1,0.8559896262811074
11,G1,23.2,0.8566815556196862
11,G1,23.3,0.8573714152900855
11,G1,23.4,0.8580592042010871
11,G1,23.5,0.8587449213560115
11,G1,23.6,0.8594285657230861
11,G1,23.7,0.8601101363125193
11,G1,23.8,0.8607896322565987
11,G1,23.9,0.861467052725083
11,G1,24.0,0.8621423968464833
11,G1,24.1,0.8628156639326249
11,G1,24.2,0.863486853326574
11,G1,24.3,0.8641559643606932
11,G1,24.4,0.8648229963975315
11,G1,24.5,0.8654879488422796
11,G1,24.6,0.8661508210502976
11,G1,24.7,0.8668116124488144
11,G1,24.8,0.8674703226541787
11,G1,24.9,0.8681269512459024
11,G1,25.0,0.8687814977619283
11,G2,10.0,0.6142316880891735
11,G2,10.1,0.6153033859892264
11,G2,10.2,0.6163745929173648
11,G2,10.3,0.6174452998258039
11,G2,10.4,0.6185154976716827
11,G2,10.5,0.6195851774173188
11,G2,10.6,0.6206543300365619
11,G2,10.7,0.6217229465740547
11,G2,10.8,0.6227910179277039
11,G2,10.9,0.623858535083053
11,G2,11.0,0.6249254890320882
11,G2,11.1,0.6259918707734903
11,G2,11.2,0.6270576712762236
11,G2,11.3,0.6281228815051616
11,G2,11.4,0.6291874925607388
11,G2,11.5,0.6302514954709448
11,G2,11.6,0.6313148811123371
11,G2,11.7,0.6323776406484506
11,G2,11.8,0.6334397651676082
11,G2,11.9,0.6345012457311505
11,G2,12.0,0.635562073409383
11,G2,12.1,0.6366222392818263
11,G2,12.2,0.637681734437469
11,G2,12.3,0.6387405499750163
11,G2,12.4,0.6397986770031423
11,G2,12.5,0.64085610664074
11,G2,12.6,0.6419128298794264
11,G2,12.7,0.642968837961438
11,G2,12.8,0.6440241220690327
11,G2,12.9,0.6450786733644832
11,G2,13.0,0.6461324830215298
11,G2,13.1,0.6471855422256267
11,G2,13.2,0.6482378421741923
11,G2,13.3,0.6492893740768559
11,G2,13.4,0.6503401291557048
11,G2,13.5,0.6513900986455325
11,G2,13.6,0.6524392737940855
11,G2,13.7,0.6534876458623088
11,G2,13.8,0.6545352060913043
11,G2,13.9,0.6555819455688661
11,G2,14.0,0.6566278558265645
11,G2,14.1,0.6576729281806128
11,G2,14.2,0.6587171539616475
11,G2,14.3,0.6597605245149751
11,G2,14.4,0.6608030312008129
11,G2,14.5,0.6618446653945332
11,G2,14.6,0.6628854184869051
11,G2,14.7,0.6639252818335911
11,G2,14.8,0.6649642466429325
11,G2,14.9,0.6660023046143114
11,G2,15.0,0.6670394472025183
11,G2,15.1,0.6680756658789433
11,G2,15.2,0.6691109521318179
11,G2,15.3,0.6701452974664519
11,G2,15.4,0.6711786932802709
11,G2,15.5,0.6722111309079468
11,G2,15.6,0.6732426022073751
11,G2,15.7,0.6742730987776304
11,G2,15.8,0.6753026122129996
11,G2,15.9,0.676331134126269
11,G2,16.0,0.6773586561489556
11,G2,16.1,0.6783851699315433
11,G2,16.2,0.6794106671437147
11,G2,16.3,0.6804351394745823
11,G2,16.4,0.6814585786329227
11,G2,16.5,0.6824809763474055
11,G2,16.6,0.6835023243668238
11,G2,16.7,0.6845226144603249
11,G2,16.8,0.6855418384176382
11,G2,16.9,0.6865599880493035
11,G2,17.0,0.6875770551868979
11,G2,17.1,0.6885930316832638
11,G2,17.2,0.689607909361601
11,G2,17.3,0.6906216799592736
11,G2,17.4,0.6916343354337046
11,G2,17.5,0.692645867787846
11,G2,17.6,0.6936562690837889
11,G2,17.7,0.6946655313067102
11,G2,17.8,0.6956736464646187
11,G2,17.9,0.6966806063520382
11,G2,18.0,0.6976864032121642
11,G2,18.1,0.698691029166554
11,G2,18.2,0.6996944763167486
11,G2,18.3,0.7006967367882132
11,G2,18.4,0.7016978027305538
11,G2,18.5,0.7026976663177315
11,G2,18.6,0.7036963197482774
11,G2,18.7,0.7046937552455076
11,G2,18.8,0.705689965053626
11,G2,18.9,0.7066849411318091
11,G2,19.0,0.7076786760937833
11,G2,19.1,0.7086711622641393
11,G2,19.2,0.7096623919933064
11,G2,19.3,0.710652357657762
11,G2,19.4,0.7116410516602387
11,G2,19.5,0.712628466429929
11,G2,19.6,0.7136145944226927
11,G2,19.7,0.7145994281212613
11,G2,19.8,0.7155829599868557
11,G2,19.9,0.7165651823807457
11,G2,20.0,0.7175460880879054
11,G2,20.1,0.7185256697005941
11,G2,20.2,0.7195039194328406
11,G2,20.3,0.7204808300297874
11,G2,20.4,0.7214563941395146
11,G2,20.5,0.7224306047094705
11,G2,20.6,0.7234034545593253
11,G2,20.7,0.724374936451654
11,G2,20.8,0.7253450431780888
11,G2,20.9,0.7263137675595123
11,G2,21.0,0.7272811024462497
11,G2,21.1,0.7282470407182582
11,G2,21.2,0.729211575285318
11,G2,21.3,0.7301746990872194
11,G2,21.4,0.731136405093952
11,G2,21.5,0.732096686305889
11,G2,21.6,0.7330555354894399
11,G2,21.7,0.7340129458969575
11,G2,21.8,0.7349689106914084
11,G2,21.9,0.7359234229965695
11,G2,22.0,0.7368764759675183
11,G2,22.1,0.7378280627908119
11,G2,22.2,0.7387781766846679
11,G2,22.3,0.7397268108991404
11,G2,22.4,0.7406739587162972
11,G2,22.5,0.7416196134503946
11,G2,22.6,0.7425637684480526
11,G2,22.7,0.7435064170884274
11,G2,22.8,0.7444475525706195
11,G2,22.9,0.7453871682664169
11,G2,23.0,0.7463252575607536
11,G2,23.1,0.7472618142662092
11,G2,23.2,0.7481968319935368
11,G2,23.3,0.7491303040365636
11,G2,23.4,0.7500622240520836
11,G2,23.5,0.7509925855682597
11,G2,23.6,0.7519213826165733
11,G2,23.7,0.752848608910933
11,G2,23.8,0.7537742581996112
11,G2,23.9,0.7546983242654044
11,G2,24.0,0.75562080077047
11,G2,24.1,0.7565416815259844
11,G2,24.2,0.7574609606122844
11,G2,24.3,0.7583786319518493
11,G2,24.4,0.7592946895024569
11,G2,24.5,0.7602091272573381
11,G2,24.6,0.7611219392453253
11,G2,24.7,0.7620331195310024
11,G2,24.8,0.7629426622148507
11,G2,24.9,0.7638505614333978
11,G2,25.0,0.7647568112789871
12,G1,10.0,0.7746144560155875
12,G1,10.1,0.7753503928939548
12,G1,10.2,0.7760851491054381
12,G1,10.3,0.7768187228444576
12,G1,10.4,0.777551108792097
12,G1,10.5,0.7782822983680588
12,G1,10.6,0.7790122923245978
12,G1,10.7,0.7797410867308351
12,G1,10.8,0.7804686834348308
12,G1,10.9,0.781195071088915
12,G1,11.0,0.7819202558923766
12,G1,11.1,0.7826442340973098
12,G1,11.2,0.7833669991063534
12,G1,11.3,0.7840885456481529
12,G1,11.4,0.7848088727946334
12,G1,11.5,0.7855279779312702
12,G1,11.6,0.7862458613579439
12,G1,11.7,0.78696251368629
12,G1,11.8,0.7876779411437006
12,G1,11.9,0.788392139403769
12,G1,12.0,0.7891051000504998
12,G1,12.1,0.7898168210663485
12,G1,12.2,0.7905273000863386
12,G1,12.3,0.7912365364078119
12,G1,12.4,0.7919445272492573
12,G1,12.5,0.7926512672846859
12,G1,12.6,0.7933567609643495
12,G1,12.7,0.7940610037878938
12,G1,12.8,0.7947639862633931
12,G1,12.9,0.7954657091779834
12,G1,13.0,0.796166168355912
12,G1,13.1,0.7968653658663085
12,G1,13.2,0.7975632946244499
12,G1,13.3,0.7982599546958904
12,G1,13.4,0.7989553479906852
12,G1,13.5,0.7996494695874568
12,G1,13.6,0.8003423102536958
12,G1,13.7,0.8010338716978975
12,G1,13.8,0.8017241493799947
12,G1,13.9,0.8024131474040114
12,G1,14.0,0.8031008550828836
12,G1,14.1,0.8037872773241634
12,G1,14.2,0.8044724127999692
12,G1,14.3,0.805156256797049
12,G1,14.4,0.8058388013586368
12,G1,14.5,0.8065200479932634
12,G1,14.6,0.8071999933852719
12,G1,14.7,0.8078786403962858
12,G1,14.8,0.8085559782152112
12,G1,14.9,0.8092320142338636
12,G1,15.0,0.8099067452889094
12,G1,15.1,0.8105801652482076
12,G1,15.2,0.8112522697394844
12,G1,15.3,0.8119230583626696
12,G1,15.4,0.8125925294135181
12,G1,15.5,0.813260683883675
12,G1,15.6,0.8139275132611883
12,G1,15.7,0.8145930247810169
12,G1,15.8,0.8152572147644903
12,G1,15.9,0.8159200751132666
12,G1,16.0,0.816581604964914
12,G1,16.1,0.8172418022571752
12,G1,16.2,0.8179006674358406
12,G1,16.3,0.8185581983082377
12,G1,16.4,0.8192143905521557
12,G1,16.5,0.8198692495122649
12,G1,16.6,0.8205227712143236
12,G1,16.7,0.8211749467304614
12,G1,16.8,0.8218257779058974
12,G1,16.9,0.8224752608003002
12,G1,17.0,0.8231233989363019
12,G1,17.1,0.8237701854298636
12,G1,17.2,0.8244156217001679
12,G1,17.3,0.8250597102641662
12,G1,17.4,0.8257024470047756
12,G1,17.5,0.8263438230333957
12,G1,17.6,0.8269838412602319
12,G1,17.7,0.8276224974502121
12,G1,17.8,0.8282597970018996
12,G1,17.9,0.8288957295003885
12,G1,18.0,0.8295303012695359
12,G1,18.1,0.8301635115313718
12,G1,18.2,0.8307953561454583
12,G1,18.3,0.8314258281538994
12,G1,18.4,0.8320549295923748
12,G1,18.5,0.8326826578851512
12,G1,18.6,0.8333090169051445
12,G1,18.7,0.8339339965229549
12,G1,18.8,0.8345576051557333
12,G1,18.9,0.8351798403665965
12,G1,19.0,0.8358006964841747
12,G1,19.1,0.8364201702369503
12,G1,19.2,0.8370382616980407
12,G1,19.3,0.8376549700905483
12,G1,19.4,0.8382702971454842
12,G1,19.5,0.838884235312141
12,G1,19.6,0.8394967926734426
12,G1,19.7,0.8401079663096616
12,G1,19.8,0.8407177485712819
12,G1,19.9,0.8413261398007028
12,G1,20.0,0.8419331382097469
12,G1,20.1,0.8425387454182948
12,G1,20.2,0.843142959823404
12,G1,20.3,0.8437457782124013
12,G1,20.4,0.8443472066890415
12,G1,20.5,0.844947241879982
12,G1,20.6,0.8455458755814654
12,G1,20.7,0.8461431106352083
12,G1,20.8,0.8467389434302786
12,G1,20.9,0.8473333788424404
12,G1,21.0,0.8479264103609084
12,G1,21.1,0.8485180406542369
12,G1,21.2,0.8491082727805387
12,G1,21.3,0.8496971035114328
12,G1,21.4,0.8502845244735193
12,G1,21.5,0.850870539636531
12,G1,21.6,0.8514551453445434
12,G1,21.7,0.852038347945785
12,G1,21.8,0.8526201375831274
12,G1,21.9,0.8532005218437428
12,G1,22.0,0.8537795004477333
12,G1,22.1,0.8543570699544679
12,G1,22.2,0.8549332245100406
12,G1,22.3,0.8555079665875972
12,G1,22.4,0.8560812944305587
12,G1,22.5,0.8566532128287305
12,G1,22.6,0.8572237124540115
12,G1,22.7,0.8577928026282928
12,G1,22.8,0.8583604816124508
12,G1,22.9,0.8589267442848065
12,G1,23.0,0.8594915885771648
12,G1,23.1,0.8600550149458694
12,G1,23.2,0.8606170236050806
12,G1,23.3,0.8611776169117059
12,G1,23.4,0.8617367884340608
12,G1,23.5,0.8622945468777076
12,G1,23.6,0.8628508901438698
12,G1,23.7,0.8634058111200272
12,G1,23.8,0.8639593113987727
12,G1,23.9,0.8645113894024666
12,G1,24.0,0.8650620479299759
12,G1,24.1,0.865611285909315
12,G1,24.2,0.8661591013101323
12,G1,24.3,0.8667055008335346
12,G1,24.4,0.8672504817290955
12,G1,24.5,0.8677940366932934
12,G1,24.6,0.8683361694054912
12,G1,24.7,0.868876876724672
12,G1,24.8,0.8694161646937004
12,G1,24.9,0.8699540272851813
12,G1,25.0,0.8704904683199549
12,G2,10.0,0.6812236665124053
12,G2,10.1,0.6820709334061201
12,G2,10.2,0.6829174718731199
12,G2,10.3,0.6837632739287418
12,G2,10.4,0.6846083591641167
12,G2,10.5,0.6854527258678418
12,G2,10.6,0.6862963555023622
12,G2,10.7,0.6871392469986941
12,G2,10.8,0.6879813971259606
12,G2,10.9,0.6888227963310753
12,G2,11.0,0.6896634278176733
12,G2,11.1,0.6905032893787679
12,G2,11.2,0.6913424008294556
12,G2,11.3,0.6921807539947351
12,G2,11.4,0.6930183341988988
12,G2,11.5,0.6938551390899204
12,G2,11.6,0.6946911660024152
12,G2,11.7,0.6955264024657171
12,G2,11.8,0.6963608323413253
12,G2,11.9,0.697194461614128
12,G2,12.0,0.6980273068239301
12,G2,12.1,0.6988593533088595
12,G2,12.2,0.6996905925774656
12,G2,12.3,0.7005210201567772
12,G2,12.4,0.7013506329786636
12,G2,12.5,0.7021794183543123
12,G2,12.6,0.70300735737345
12,G2,12.7,0.7038344673843648
12,G2,12.8,0.7046607592543425
12,G2,12.9,0.7054862120918461
12,G2,13.0,0.7063108238701905
12,G2,13.1,0.7071345891981498
12,G2,13.2,0.7079575036807975
12,G2,13.3,0.7087795518356508
12,G2,13.4,0.7096007197804473
12,G2,13.5,0.7104210285383113
12,G2,13.6,0.7112404847107212
12,G2,13.7,0.712059064209642
12,G2,13.8,0.7128767685649409
12,G2,13.9,0.7136935923761182
12,G2,14.0,0.7145095300853596
12,G2,14.1,0.7153245619715549
12,G2,14.2,0.7161386821253177
12,G2,14.3,0.7169519147905802
12,G2,14.4,0.7177642582843273
12,G2,14.5,0.7185756914346777
12,G2,14.6,0.7193862144671007
12,G2,14.7,0.7201958240819762
12,G2,14.8,0.7210045102278598
12,G2,14.9,0.7218122549540505
12,G2,15.0,0.7226190591510127
12,G2,15.1,0.7234249464120889
12,G2,15.2,0.7242299074227098
12,G2,15.3,0.7250339261335479
12,G2,15.4,0.7258370011617902
12,G2,15.5,0.7266391296755501
12,G2,15.6,0.7274402988736881
12,G2,15.7,0.7282404912513467
12,G2,15.8,0.7290397175197106
12,G2,15.9,0.729837996839697
12,G2,16.0,0.7306353122377762
12,G2,16.1,0.7314316552885034
12,G2,16.2,0.7322270221267859
12,G2,16.3,0.733021409414001
12,G2,16.4,0.7338148042479341
12,G2,16.5,0.73460718663323
12,G2,16.6,0.7353985792736351
12,G2,16.7,0.7361889949385834
12,G2,16.8,0.7369784095515312
12,G2,16.9,0.7377668223860431
12,G2,17.0,0.7385542282891743
12,G2,17.1,0.7393406224646343
12,G2,17.2,0.7401259887298972
12,G2,17.3,0.7409103142323951
12,G2,17.4,0.7416936242806192
12,G2,17.5,0.7424759267407066
12,G2,17.6,0.7432571944916497
12,G2,17.7,0.7440374306843837
12,G2,17.8,0.7448166299047165
12,G2,17.9,0.7455947865946174
12,G2,18.0,0.7463718794372137
12,G2,18.1,0.7471479054259944
12,G2,18.2,0.7479228925859878
12,G2,18.3,0.7486968391678469
12,G2,18.4,0.7494697219778852
12,G2,18.5,0.7502415425619057
12,G2,18.6,0.7510122975852825
12,G2,18.7,0.7517819767770478
12,G2,18.8,0.7525505614629147
12,G2,18.9,0.753318055835071
12,G2,19.0,0.7540844866666945
12,G2,19.1,0.7548498435009079
12,G2,19.2,0.7556141094760532
12,G2,19.3,0.7563772842107359
12,G2,19.4,0.7571393647364916
12,G2,19.5,0.7579003382358354
12,G2,19.6,0.7586601863152439
12,G2,19.7,0.759418924346815
12,G2,19.8,0.7601765735838508
12,G2,19.9,0.760933114892841
12,G2,20.0,0.7616885404089117
12,G2,20.1,0.7624428468915211
12,G2,20.2,0.76319603077689
12,G2,20.3,0.7639480792762531
12,G2,20.4,0.7646989718928132
12,G2,20.5,0.7654487362303052
12,G2,20.6,0.7661973865864197
12,G2,20.7,0.7669448961456732
12,G2,20.8,0.7676912656703064
12,G2,20.9,0.7684364903276234
12,G2,21.0,0.769180564997799
12,G2,21.1,0.7699234731553344
12,G2,21.2,0.7706652035076254
12,G2,21.3,0.771405785088561
12,G2,21.4,0.7721452266585338
12,G2,21.5,0.7728834987375168
12,G2,21.6,0.7736206060828661
12,G2,21.7,0.7743565433297844
12,G2,21.8,0.7750913050922656
12,G2,21.9,0.7758248690053411
12,G2,22.0,0.7765572351561765
12,G2,22.1,0.7772884346986323
12,G2,22.2,0.7780184656760374
12,G2,22.3,0.7787473035189637
12,G2,22.4,0.7794749510794652
12,G2,22.5,0.780201405019191
12,G2,22.6,0.7809266551348694
12,G2,22.7,0.7816506824617842
12,G2,22.8,0.7823734945689829
12,G2,22.9,0.7830951207363537
12,G2,23.0,0.7838155494205842
12,G2,23.1,0.7845347634949605
12,G2,23.2,0.7852527635864911
12,G2,23.3,0.7859695466227733
12,G2,23.4,0.7866851000773577
12,G2,23.5,0.7873994051651608
12,G2,23.6,0.7881124816700573
12,G2,23.7,0.7888243523824665
12,G2,23.8,0.7895349962427816
12,G2,23.9,0.7902444063863757
12,G2,24.0,0.7909525801951681
12,G2,24.1,0.7916595139323784
12,G2,24.2,0.7923651952281857
12,G2,24.3,0.7930696037023784
12,G2,24.4,0.7937727711942243
12,G2,24.5,0.7944747131542168
12,G2,24.6,0.7951754005570428
12,G2,24.7,0.7958748357747549
12,G2,24.8,0.7965730143628199
12,G2,24.9,0.7972699309640117
12,G2,25.0,0.7979655690820595
13,G1,10.0,0.8090621317629922
13,G1,10.1,0.8094623807030455
13,G1,10.2,0.8098621857849239
13,G1,10.3,0.8102615142630398
13,G1,10.4,0.8106603989464135
13,G1,10.5,0.8110588053302853
13,G1,10.6,0.8114567677527668
13,G1,10.7,0.8118542503751107
13,G1,10.8,0.8122512888072335
13,G1,10.9,0.8126478457980891
13,G1,11.0,0.813043958540263
13,G1,11.1,0.8134395881872916
13,G1,11.2,0.8138347735362464
13,G1,11.3,0.8142294740950071
13,G1,11.4,0.8146237304024732
13,G1,11.5,0.8150175003346255
13,G1,11.6,0.815410825811583
13,G1,11.7,0.8158036636060887
13,G1,11.8,0.8161960565454811
13,G1,11.9,0.8165879605637082
13,G1,12.0,0.8169794193632629
13,G1,12.1,0.8173703879548544
13,G1,12.2,0.8177609110348779
13,G1,12.3,0.8181509425164055
13,G1,12.4,0.81854052836144
13,G1,12.5,0.8189296211995463
13,G1,12.6,0.8193182681598872
13,G1,12.7,0.8197064208760196
13,G1,12.8,0.8200941273693453
13,G1,12.9,0.8204813384935732
13,G1,13.0,0.8208681029519548
13,G1,13.1,0.8212543710483088
13,G1,13.2,0.8216401918718899
13,G1,13.3,0.8220255154965291
13,G1,13.4,0.8224103911964222
13,G1,13.5,0.8227947688553043
13,G1,13.6,0.8231786979739792
13,G1,13.7,0.8235621282207362
13,G1,13.8,0.8239451092518782
13,G1,13.9,0.824327590694227
13,G1,14.0,0.8247096221727255
13,G1,14.1,0.8250911534082801
13,G1,14.2,0.825472233960613
13,G1,14.3,0.8258528135467582
13,G1,14.4,0.8262329417872297
13,G1,14.5,0.8266125684343244
13,G1,14.6,0.8269917429300251
13,G1,14.7,0.8273704153393237
13,G1,14.8,0.82774863474927
13,G1,14.9,0.8281263515997963
13,G1,15.0,0.8285036145722597
13,G1,15.1,0.8288803745116866
13,G1,15.2,0.8292566796605196
13,G1,15.3,0.829632481512278
13,G1,15.4,0.8300078275009051
13,G1,15.5,0.8303826699959895
13,G1,15.6,0.8307570555126012
13,G1,15.7,0.831130937420336
13,G1,15.8,0.831504361216191
13,G1,15.9,0.8318772812496388
13,G1,16.0,0.8322497420556508
13,G1,16.1,0.8326216991491896
13,G1,16.2,0.8329931958374617
13,G1,16.3,0.8333641886974191
13,G1,16.4,0.8337347201530934
13,G1,16.5,0.8341047474797514
13,G1,16.6,0.8344743125796262
13,G1,16.7,0.8348433732703573
13,G1,16.8,0.8352119709242004
13,G1,16.9,0.835580063817291
13,G1,17.0,0.8359476929281696
13,G1,17.1,0.8363148168930522
13,G1,17.2,0.8366814762160633
13,G1,17.3,0.8370476302991319
13,G1,17.4,0.837413318630565
13,G1,17.5,0.8377785017489393
13,G1,17.6,0.8381432180045773
13,G1,17.7,0.8385074291620433
13,G1,17.8,0.8388711722551352
13,G1,17.9,0.8392344105572195
13,G1,18.0,0.8395971793949082
13,G1,18.1,0.8399594437872503
13,G1,18.2,0.8403212373867593
13,G1,18.3,0.840682526801315
13,G1,18.4,0.8410433442618996
13,G1,18.5,0.8414036577853012
13,G1,18.6,0.8417634981185522
13,G1,18.7,0.8421228346870635
13,G1,18.8,0.8424816970979979
13,G1,18.9,0.8428400556648151
13,G1,19.0,0.8431979392947321
13,G1,19.1,0.8435553189849834
13,G1,19.2,0.8439122227893576
13,G1,19.3,0.8442686228699877
13,G1,19.4,0.8446245458395676
13,G1,19.5,0.844979965560901
13,G1,19.6,0.8453349067362523
13,G1,19.7,0.8456893452357162
13,G1,19.8,0.84604330380064
13,G1,19.9,0.846396760219852
13,G1,20.0,0.8467497353718967
13,G1,20.1,0.8471022089130616
13,G1,20.2,0.8474541998418972
13,G1,20.3,0.8478056896959724
13,G1,20.4,0.8481566957005515
13,G1,20.5,0.8485072010668135
13,G1,20.6,0.8488572213079594
13,G1,20.7,0.8492067415347867
13,G1,20.8,0.8495557750416287
13,G1,20.9,0.8499043095731903
13,G1,21.0,0.8502523555467469
13,G1,21.1,0.8505999036542418
13,G1,21.2,0.8509469613860527
13,G1,21.3,0.8512935224266998
13,G1,21.4,0.8516395912875935
13,G1,21.5,0.8519851645349119
13,G1,21.6,0.8523302438857947
13,G1,21.7,0.8526748286649161
13,G1,21.8,0.8530189178905979
13,G1,21.9,0.8533625135030852
13,G1,22.0,0.8537056120018848
13,G1,22.1,0.8540482178334474
13,G1,22.2,0.8543903250429595
13,G1,22.3,0.8547319404294033
13,G1,22.4,0.8550730558564873
13,G1,22.5,0.8554136801245397
13,G1,22.6,0.8557538032025935
13,G1,22.7,0.8560934358568182
13,G1,22.8,0.8564325660900741
13,G1,22.9,0.8567712065045967
13,G1,23.0,0.857109343348602
13,G1,23.1,0.857446991043987
13,G1,23.2,0.8577841338672179
13,G1,23.3,0.858120788403358
13,G1,23.4,0.8584569367296518
13,G1,23.5,0.858792597631504
13,G1,23.6,0.8591277509945575
13,G1,23.7,0.8594624179195834
13,G1,23.8,0.8597965758508895
13,G1,23.9,0.8601302483370259
13,G1,24.0,0.8604634104650714
13,G1,24.1,0.8607960880331559
13,G1,24.2,0.8611282539866144
13,G1,24.3,0.8614599361739315
13,G1,24.4,0.8617911055227869
13,G1,24.5,0.8621217918834699
13,G1,24.6,0.8624519643683088
13,G1,24.7,0.8627816545548481
13,G1,24.8,0.8631108297953977
13,G1,24.9,0.8634395235845227
13,G1,25.0,0.8637677011544278
13,G2,10.0,0.6902839853745135
13,G2,10.1,0.6907806195257441
13,G2,10.2,0.6912769759175309
13,G2,10.3,0.691773072011241
13,G2,10.4,0.6922688896593516
13,G2,10.5,0.6927644439055028
13,G2,10.6,0.693259719040396
13,G2,10.7,0.6937547276593149
13,G2,10.8,0.6942494565217898
13,G2,10.9,0.6947439157442694
13,G2,11.0,0.6952380945855648
13,G2,11.1,0.6957320006529663
13,G2,11.2,0.6962256257348626
13,G2,11.3,0.6967189748992155
13,G2,11.4,0.697212042494134
13,G2,11.5,0.6977048308863262
13,G2,11.6,0.6981973374093402
13,G2,11.7,0.6986895611857449
13,G2,11.8,0.6991815026331037
13,G2,11.9,0.6996731584890059
13,G2,12.0,0.7001645308507461
13,G2,12.1,0.7006556153967723
13,G2,12.2,0.7011464150412761
13,G2,12.3,0.7016369245319125
13,G2,12.4,0.7021271477790029
13,G2,12.5,0.7026170785396988
13,G2,12.6,0.7031067217204547
13,G2,12.7,0.7035960699274699
13,G2,12.8,0.7040851295448566
13,G2,12.9,0.7045738913879726
13,G2,13.0,0.7050623639543254
13,G2,13.1,0.705550535789279
13,G2,13.2,0.7060384176740654
13,G2,13.3,0.7065259958682486
13,G2,13.4,0.7070132834525595
13,G2,13.5,0.7075002642235968
13,G2,13.6,0.7079869540617649
13,G2,13.7,0.7084733336782647
13,G2,13.8,0.7089594222973022
13,G2,13.9,0.7094451971579594
13,G2,14.0,0.7099306809786471
13,G2,14.1,0.7104158474942133
13,G2,14.2,0.7109007227673312
13,G2,14.3,0.7113852775426986
13,G2,14.4,0.711869540687652
13,G2,14.5,0.7123534801216123
13,G2,14.6,0.7128371273438103
13,G2,14.7,0.7133204478691487
13,G2,14.8,0.7138034758740729
13,G2,14.9,0.7142861737301539
13,G2,15.0,0.7147685790390361
13,G2,15.1,0.7152506509450107
13,G2,15.2,0.7157324300658241
13,G2,15.3,0.7162138725117876
13,G2,15.4,0.7166950217503044
13,G2,15.5,0.7171758314349854
13,G2,15.6,0.7176563470035373
13,G2,15.7,0.718136520744551
13,G2,15.8,0.7186163991683132
13,G2,15.9,0.719095933496058
13,G2,16.0,0.7195751713130674
13,G2,16.1,0.7200540627708908
13,G2,16.2,0.720532656532134
13,G2,16.3,0.7210109014746726
13,G2,16.4,0.721488847945931
13,G2,16.5,0.7219664426654339
13,G2,16.6,0.7224437387011334
13,G2,16.7,0.7229206797379744
13,G2,16.8,0.7233973219708576
13,G2,16.9,0.7238736057990405
13,G2,17.0,0.724349590820199
13,G2,17.1,0.7248252141769143
13,G2,17.2,0.7253005384403928
13,G2,17.3,0.7257754981116435
13,G2,17.4,0.7262501582507361
13,G2,17.5,0.7267244508703349
13,G2,17.6,0.7271984435318875
13,G2,17.7,0.7276720657473252
13,G2,17.8,0.7281453872745989
13,G2,17.9,0.7286183360643574
13,G2,18.0,0.7290909830525589
13,G2,18.1,0.7295632551707499
13,G2,18.2,0.7300352243044871
13,G2,18.3,0.7305068164435722
13,G2,18.4,0.7309781044213728
13,G2,18.5,0.7314490132878093
13,G2,18.6,0.731919616822209
13,G2,18.7,0.7323898391365381
13,G2,18.8,0.7328597549541609
13,G2,18.9,0.7333292873332713
13,G2,19.0,0.7337985122310299
13,G2,19.1,0.7342673514285998
13,G2,19.2,0.7347358818187053
13,G2,19.3,0.7352040249932231
13,G2,19.4,0.7356718576471178
13,G2,19.5,0.7361393015742508
13,G2,19.6,0.7366064332778234
13,G2,19.7,0.7370731747477136
13,G2,19.8,0.7375396023013797
13,G2,19.9,0.7380056381187247
13,G2,20.0,0.7384713583375089
13,G2,20.1,0.7389366853216444
13,G2,20.2,0.7394016950352597
13,G2,20.3,0.7398663100202385
13,G2,20.4,0.740330606073167
13,G2,20.5,0.7407945059078407
13,G2,20.6,0.7412580851594133
13,G2,20.7,0.7417212667075108
13,G2,20.8,0.7421841260319852
13,G2,20.9,0.7426465861721915
13,G2,21.0,0.7431087221977376
13,G2,21.1,0.7435704580848669
13,G2,21.2,0.7440318675758785
13,G2,21.3,0.7444928762587175
13,G2,21.4,0.7449535561313423
13,G2,21.5,0.7454138345372748
13,G2,21.6,0.7458737817229253
13,G2,21.7,0.7463333267945752
13,G2,21.8,0.7467925382400042
13,G2,21.9,0.7472513469353117
13,G2,22.0,0.7477098196026889
13,G2,22.1,0.7481678888949868
13,G2,22.2,0.7486256197619723
13,G2,22.3,0.749082946141923
13,G2,22.4,0.7495399326998815
13,G2,22.5,0.7499965131650763
13,G2,22.6,0.7504527521432338
13,G2,22.7,0.7509085839982764
13,G2,22.8,0.751364072347061
13,G2,22.9,0.7518191527017836
13,G2,23.0,0.7522738874595534
13,G2,23.1,0.7527282133674051
13,G2,23.2,0.7531821915883687
13,G2,23.3,0.7536357601186428
13,G2,23.4,0.7540889788729292
13,G2,23.5,0.7545417871108332
13,G2,23.6,0.7549942431223753
13,G2,23.7,0.7554462885312917
13,G2,23.8,0.7558979787805692
13,G2,23.9,0.7563492585994537
13,G2,24.0,0.7568001800593209
13,G2,24.1,0.7572506915670132
13,G2,24.2,0.7577008410526174
13,G2,24.3,0.7581505817180626
13,G2,24.4,0.7585999561849202
13,G2,24.5,0.7590489233692294
13,G2,24.6,0.7594975197438416
13,G2,24.7,0.7599457108698136
13,G2,24.8,0.760393526328036
13,G2,24.9,0.760840937760923
13,G2,25.0,0.761287970336178
14,G1,10.0,0.8060299149259222
14,G1,10.1,0.8063363047666524
14,G1,10.2,0.8066424445476498
14,G1,10.3,0.8069483096709855
14,G1,10.4,0.8072539161075237
14,G1,10.5,0.807559268220676
14,G1,10.6,0.8078643354987733
14,G1,10.7,0.808169152227822
14,G1,10.8,0.8084736923985887
14,G1,10.9,0.8087779738252727
14,G1,11.0,0.8090819992996123
14,G1,11.1,0.8093857393541252
14,G1,11.2,0.8096892281125563
14,G1,11.3,0.809992438489534
14,G1,11.4,0.8102953901438232
14,G1,11.5,0.8105980840378836
14,G1,11.6,0.8109004921880288
14,G1,11.7,0.8112026482003407
14,G1,11.8,0.8115045238660562
14,G1,11.9,0.8118061411379727
14,G1,12.0,0.8121074983286687
14,G1,12.1,0.8124085702068152
14,G1,12.2,0.8127093887188034
14,G1,12.3,0.8130099251556538
14,G1,12.4,0.8133102033358055
14,G1,12.5,0.8136102190865435
14,G1,12.6,0.8139099500770487
14,G1,12.7,0.8142094266558185
14,G1,12.8,0.8145086193396529
14,G1,12.9,0.8148075537724753
14,G1,13.0,0.8151062233042099
14,G1,13.1,0.8154046092063508
14,G1,13.2,0.8157027394086029
14,G1,13.3,0.8160005838725578
14,G1,13.4,0.8162981700420743
14,G1,13.5,0.816595488908016
14,G1,13.6,0.8168925253243378
14,G1,13.7,0.8171893048016118
14,G1,13.8,0.817485796917973
14,G1,13.9,0.8177820305026046
14,G1,14.0,0.8180779942419103
14,G1,14.1,0.8183736768099352
14,G1,14.2,0.8186691014122504
14,G1,14.3,0.8189642370490128
14,G1,14.4,0.8192591135616997
14,G1,14.5,0.819553718030514
14,G1,14.6,0.8198480424569593
14,G1,14.7,0.8201421080841442
14,G1,14.8,0.8204358831397035
14,G1,14.9,0.8207293983303402
14,G1,15.0,0.8210226395286396
14,G1,15.1,0.8213156017193161
14,G1,15.2,0.8216083044357579
14,G1,15.3,0.8219007145825736
14,G1,15.4,0.8221928646181333
14,G1,15.5,0.8224847384905117
14,G1,15.6,0.8227763345150636
14,G1,15.7,0.8230676702846383
14,G1,15.8,0.823358711542877
14,G1,15.9,0.8236494925759688
14,G1,16.0,0.8239399952428161
14,G1,16.1,0.8242302211263117
14,G1,16.2,0.8245201860136372
14,G1,16.3,0.8248098546412344
14,G1,16.4,0.8250992629112983
14,G1,16.5,0.8253883906348977
14,G1,16.6,0.8256772426394248
14,G1,16.7,0.8259658326065731
14,G1,16.8,0.8262541252253636
14,G1,16.9,0.8265421566796176
14,G1,17.0,0.8268299058831475
14,G1,17.1,0.827117380321065
14,G1,17.2,0.8274045915265451
14,G1,17.3,0.8276915047012989
14,G1,17.4,0.8279781559223489
14,G1,17.5,0.8282645229449469
14,G1,17.6,0.8285506161935905
14,G1,17.7,0.8288364448295018
14,G1,17.8,0.8291219750378795
14,G1,17.9,0.8294072427667695
14,G1,18.0,0.8296922241735353
14,G1,18.1,0.8299769327515015
14,G1,18.2,0.8302613751986213
14,G1,18.3,0.830545518968584
14,G1,18.4,0.8308293997888663
14,G1,18.5,0.8311129924818299
14,G1,18.6,0.8313963127558237
14,G1,18.7,0.8316793659071248
14,G1,18.8,0.8319621197827968
14,G1,18.9,0.8322446103831495
14,G1,19.0,0.8325268112893592
14,G1,19.1,0.8328087398825459
14,G1,19.2,0.8330904005423677
14,G1,19.3,0.8333717611299806
14,G1,19.4,0.8336528583620874
14,G1,19.5,0.833933664302468
14,G1,19.6,0.8342141982283742
14,G1,19.7,0.8344944630063242
14,G1,19.8,0.8347744274053903
14,G1,19.9,0.8350541281031126
14,G1,20.0,0.8353335360402846
14,G1,20.1,0.8356126723913871
14,G1,20.2,0.8358915380705363
14,G1,20.3,0.8361701034622607
14,G1,20.4,0.8364484046195697
14,G1,20.5,0.836726411462646
14,G1,20.6,0.8370041473935308
14,G1,20.7,0.8372816107012225
14,G1,20.8,0.8375587745039021
14,G1,20.9,0.8378356731940512
14,G1,21.0,0.8381122761508656
14,G1,21.1,0.8383886087979566
14,G1,21.2,0.8386646667419982
14,G1,21.3,0.8389404261898606
14,G1,21.4,0.8392159197396234
14,G1,21.5,0.8394911161709668
14,G1,21.6,0.8397660426584244
14,G1,21.7,0.8400406923131236
14,G1,21.8,0.8403150449200932
14,G1,21.9,0.8405891307432894
14,G1,22.0,0.8408629179127809
14,G1,22.1,0.8411364355633807
14,G1,22.2,0.8414096741783507
14,G1,22.3,0.8416826174892355
14,G1,22.4,0.8419552929931028
14,G1,22.5,0.842227668598448
14,G1,22.6,0.8424997748708822
14,G1,22.7,0.8427715998573307
14,G1,22.8,0.8430431313038907
14,G1,22.9,0.8433143941661022
14,G1,23.0,0.8435853558628615
14,G1,23.1,0.8438560481707785
14,G1,23.2,0.8441264570811964
14,G1,23.3,0.8443965741744095
14,G1,23.4,0.8446664220905752
14,G1,23.5,0.8449359676905067
14,G1,23.6,0.8452052434452493
14,G1,23.7,0.8454742341889788
14,G1,23.8,0.8457429346264613
14,G1,23.9,0.8460113654696753
14,G1,24.0,0.8462794924872981
14,G1,24.1,0.8465473496343984
14,G1,24.2,0.8468149199823157
14,G1,24.3,0.8470822015861483
14,G1,24.4,0.847349213248862
14,G1,24.5,0.8476159194042054
14,G1,24.6,0.8478823559695583
14,G1,24.7,0.8481485038166339
14,G1,24.8,0.8484143644985823
14,G1,24.9,0.8486799548031794
14,G1,25.0,0.8489452381360096
14,G2,10.0,0.7009325501063576
14,G2,10.1,0.7013058960185428
14,G2,10.2,0.7016791305852107
14,G2,10.3,0.7020521817469915
14,G2,10.4,0.7024250387143572
14,G2,10.5,0.7027977888324162
14,G2,10.6,0.7031702867420286
14,G2,10.7,0.7035426755156328
14,G2,10.8,0.7039148739891476
14,G2,10.9,0.7042868814128803
14,G2,11.0,0.7046587768193958
14,G2,11.1,0.7050304174848487
14,G2,11.2,0.7054019505328053
14,G2,11.3,0.7057732863123722
14,G2,11.4,0.7061444342844092
14,G2,11.5,0.7065154648446131
14,G2,11.6,0.7068862381741728
14,G2,11.7,0.7072569059424403
14,G2,11.8,0.7076273685243692
14,G2,11.9,0.7079976477579366
14,G2,12.0,0.708367803097021
14,G2,12.1,0.7087376995709824
14,G2,12.2,0.7091074923597779
14,G2,12.3,0.7094770717629495
14,G2,12.4,0.7098464725738285
14,G2,12.5,0.7102157425143033
14,G2,12.6,0.7105847526405008
14,G2,12.7,0.710953660714189
14,G2,12.8,0.7113223469408074
14,G2,12.9,0.7116908593620608
14,G2,13.0,0.7120592342981436
14,G2,13.1,0.7124273485672548
14,G2,13.2,0.7127953619696689
14,G2,13.3,0.7131631454941283
14,G2,13.4,0.7135307598570271
14,G2,13.5,0.7138982301195784
14,G2,13.6,0.7142654388580993
14,G2,13.7,0.7146325474600765
14,G2,13.8,0.714999419083402
14,G2,13.9,0.7153661256226116
14,G2,14.0,0.715732681119878
14,G2,14.1,0.7160989753467126
14,G2,14.2,0.7164651693780097
14,G2,14.3,0.7168311196745134
14,G2,14.4,0.7171969084331772
14,G2,14.5,0.7175625397493094
14,G2,14.6,0.7179279101980488
14,G2,14.7,0.7182931797917623
14,G2,14.8,0.7186581995663974
14,G2,14.9,0.7190230607483183
14,G2,15.0,0.7193877575926645
14,G2,15.1,0.7197521959127535
14,G2,15.2,0.7201165314936866
14,G2,15.3,0.7204806112110305
14,G2,15.4,0.7208445351599347
14,G2,15.5,0.721208288125841
14,G2,15.6,0.7215717853315347
14,G2,15.7,0.721935177527768
14,G2,15.8,0.7222983075124763
14,G2,15.9,0.7226612851528633
14,G2,16.0,0.7230240848512288
14,G2,16.1,0.7233866316394965
14,G2,16.2,0.7237490710642972
14,G2,16.3,0.7241112420422441
14,G2,16.4,0.724473264120744
14,G2,16.5,0.7248351012330366
14,G2,16.6,0.725196688370427
14,G2,16.7,0.7255581655985692
14,G2,16.8,0.7259193684751282
14,G2,16.9,0.7262804253132202
14,G2,17.0,0.7266412910875638
14,G2,17.1,0.7270019094110455
14,G2,17.2,0.7273624152678987
14,G2,17.3,0.7277226408405498
14,G2,17.4,0.7280827231859466
14,G2,17.5,0.7284426085832577
14,G2,17.6,0.7288022490052095
14,G2,17.7,0.7291617740447391
14,G2,17.8,0.7295210135267394
14,G2,17.9,0.7298801123306127
14,G2,18.0,0.7302390076255082
14,G2,18.1,0.7305976617580735
14,G2,18.2,0.7309561962032336
14,G2,18.3,0.7313144412848848
14,G2,18.4,0.7316725475711092
14,G2,18.5,0.7320304437357028
14,G2,18.6,0.7323881026402077
14,G2,18.7,0.7327456375151937
14,G2,18.8,0.7331028792332298
14,G2,18.9,0.733459984099192
14,G2,19.0,0.733816872180351
14,G2,19.1,0.7341735269916724
14,G2,19.2,0.7345300532715966
14,G2,19.3,0.734886282290327
14,G2,19.4,0.7352423774785303
14,G2,19.5,0.7355982485986832
14,G2,19.6,0.7359538905260451
14,G2,19.7,0.7363093984308515
14,G2,19.8,0.7366646068369399
14,G2,19.9,0.7370196836487068
14,G2,20.0,0.7373745290066451
14,G2,20.1,0.7377291493344066
14,G2,20.2,0.738083629968943
14,G2,20.3,0.7384378088958001
14,G2,20.4,0.738791858929175
14,G2,20.5,0.7391456693177398
14,G2,20.6,0.7394992598892774
14,G2,20.7,0.7398527038851042
14,G2,20.8,0.740205845105294
14,G2,20.9,0.7405588600231702
14,G2,21.0,0.7409116265906313
14,G2,21.1,0.7412641790485122
14,G2,21.2,0.7416165775715906
14,G2,21.3,0.7419686727239659
14,G2,21.4,0.7423206440215749
14,G2,21.5,0.7426723578693702
14,G2,21.6,0.7430238636932452
14,G2,21.7,0.7433752081450062
14,G2,21.8,0.7437262491562456
14,G2,21.9,0.7440771682243995
14,G2,22.0,0.7444278208957816
14,G2,22.1,0.7447782716134796
14,G2,22.2,0.7451285537400285
14,G2,22.3,0.7454785322010553
14,G2,22.4,0.745828390074392
14,G2,22.5,0.7461779737262114
14,G2,22.6,0.7465273609438066
14,G2,22.7,0.7468765719474533
14,G2,22.8,0.7472254800555448
14,G2,22.9,0.7475742680640854
14,G2,23.0,0.747922774738448
14,G2,23.1,0.7482710896967639
14,G2,23.2,0.748619221541805
14,G2,23.3,0.7489670513187737
14,G2,23.4,0.7493147609662368
14,G2,23.5,0.7496621826936141
14,G2,23.6,0.7500094167660329
14,G2,23.7,0.750356460573
14,G2,23.8,0.75070320499535
14,G2,23.9,0.7510498278465647
14,G2,24.0,0.751396156663216
14,G2,24.1,0.7517423013347607
14,G2,24.2,0.7520882487514599
14,G2,24.3,0.7524339004990174
14,G2,24.4,0.7527794285013774
14,G2,24.5,0.7531246558833651
14,G2,24.6,0.7534697035135746
14,G2,24.7,0.7538145465587415
14,G2,24.8,0.7541590976561938
14,G2,24.9,0.7545035228128684
14,G2,25.0,0.7548476407758998
15,G1,10.0,0.7996380558387435
15,G1,10.1,0.8005021044489287
15,G1,10.2,0.8013641738263227
15,G1,10.3,0.802224259062036
15,G1,10.4,0.8030823562508468
15,G1,10.5,0.8039384601867098
15,G1,10.6,0.8047925661284456
15,G1,10.7,0.8056446708263214
15,G1,10.8,0.8064947690431613
15,G1,10.9,0.807342856299748
15,G1,11.0,0.8081889279892382
15,G1,11.1,0.8090329794186332
15,G1,11.2,0.8098750061567968
15,G1,11.3,0.81071500499717
15,G1,11.4,0.811552971757212
15,G1,11.5,0.8123889015381998
15,G1,11.6,0.8132227906880837
15,G1,11.7,0.8140546352252157
15,G1,11.8,0.8148844303205857
15,G1,11.9,0.8157121720473646
15,G1,12.0,0.816537856807328
15,G1,12.1,0.8173614801658282
15,G1,12.2,0.8181830390573395
15,G1,12.3,0.8190025288343854
15,G1,12.4,0.8198199469111747
15,G1,12.5,0.8206352892317378
15,G1,12.6,0.8214485518490662
15,G1,12.7,0.822259731204103
15,G1,12.8,0.8230688238312193
15,G1,12.9,0.8238758252694814
15,G1,13.0,0.8246807334628918
15,G1,13.1,0.8254835453311142
15,G1,13.2,0.826284257476619
15,G1,13.3,0.8270828654787591
15,G1,13.4,0.8278793672855842
15,G1,13.5,0.8286737596033205
15,G1,13.6,0.8294660386617141
15,G1,13.7,0.8302562020422026
15,G1,13.8,0.8310442475196927
15,G1,13.9,0.8318301708965975
15,G1,14.0,0.8326139694902384
15,G1,14.1,0.8333956401972478
15,G1,14.2,0.8341751793616966
15,G1,14.3,0.8349525853822433
15,G1,14.4,0.8357278557438182
15,G1,14.5,0.8365009875248014
15,G1,14.6,0.8372719775263567
15,G1,14.7,0.8380408238569765
15,G1,14.8,0.8388075235161548
15,G1,14.9,0.8395720736406372
15,G1,15.0,0.8403344716435228
15,G1,15.1,0.8410947152250737
15,G1,15.2,0.8418528023526158
15,G1,15.3,0.8426087300866747
15,G1,15.4,0.8433624967772588
15,G1,15.5,0.8441141005872035
15,G1,15.6,0.8448635388271252
15,G1,15.7,0.8456108088938027
15,G1,15.8,0.8463559099614163
15,G1,15.9,0.8470988379555381
15,G1,16.0,0.8478395920305022
15,G1,16.1,0.8485781713817604
15,G1,16.2,0.8493145737540974
15,G1,16.3,0.8500487968987791
15,G1,16.4,0.850780838891192
15,G1,16.5,0.8515106989690792
15,G1,16.6,0.8522383747551784
15,G1,16.7,0.8529638645745737
15,G1,16.8,0.8536871682416375
15,G1,16.9,0.854408283330364
15,G1,17.0,0.8551272083957399
15,G1,17.1,0.8558439416544267
15,G1,17.2,0.8565584813517149
15,G1,17.3,0.8572708261279236
15,G1,17.4,0.8579809758435301
15,G1,17.5,0.8586889292699603
15,G1,17.6,0.8593946843859522
15,G1,17.7,0.8600982405741165
15,G1,17.8,0.8607995968557425
15,G1,17.9,0.8614987514513137
15,G1,18.0,0.862195703314077
15,G1,18.1,0.8628904518725581
15,G1,18.2,0.8635829955785228
15,G1,18.3,0.8642733343850548
15,G1,18.4,0.864961466672727
15,G1,18.5,0.8656473928241272
15,G1,18.6,0.8663311116528215
15,G1,18.7,0.8670126222562291
15,G1,18.8,0.8676919241125273
15,G1,18.9,0.8683690166197924
15,G1,19.0,0.8690438983042551
15,G1,19.1,0.8697165702371286
15,G1,19.2,0.870387032242219
15,G1,19.3,0.8710552838432523
15,G1,19.4,0.8717213235296525
15,G1,19.5,0.8723851523214726
15,G1,19.6,0.8730467699451835
15,G1,19.7,0.8737061755261286
15,G1,19.8,0.8743633697219575
15,G1,19.9,0.875018353178141
15,G1,20.0,0.8756711246857332
15,G1,20.1,0.8763216844260571
15,G1,20.2,0.8769700321781835
15,G1,20.3,0.8776161672629469
15,G1,20.4,0.8782600911398729
15,G1,20.5,0.8789018042378928
15,G1,20.6,0.8795413064909574
15,G1,20.7,0.8801785976790958
15,G1,20.8,0.8808136788066281
15,G1,20.9,0.8814465498818561
15,G1,21.0,0.8820772110084729
15,G1,21.1,0.88270566243724
15,G1,21.2,0.8833319047947799
15,G1,21.3,0.8839559389504148
15,G1,21.4,0.8845777648478843
15,G1,21.5,0.8851973838307156
15,G1,21.6,0.8858147968789853
15,G1,21.7,0.8864300041925482
15,G1,21.8,0.8870430060807547
15,G1,21.9,0.8876538046234258
15,G1,22.0,0.8882623986001994
15,G1,22.1,0.8888687900890908
15,G1,22.2,0.8894729811916703
15,G1,22.3,0.8900749724663415
15,G1,22.4,0.8906747644467665
15,G1,22.5,0.8912723581076156
15,G1,22.6,0.8918677556379458
15,G1,22.7,0.8924609574180031
15,G1,22.8,0.8930519647256462
15,G1,22.9,0.893640780178869
15,G1,23.0,0.8942274040973418
15,G1,23.1,0.8948118379121361
15,G1,23.2,0.8953940825411995
15,G1,23.3,0.8959741390279982
15,G1,23.4,0.8965520089208101
15,G1,23.5,0.8971276948635405
15,G1,23.6,0.8977011983934954
15,G1,23.7,0.8982725202367654
15,G1,23.8,0.8988416625739191
15,G1,23.9,0.8994086272028031
15,G1,24.0,0.8999734152119694
15,G1,24.1,0.9005360282258885
15,G1,24.2,0.9010964684324148
15,G1,24.3,0.9016547369737347
15,G1,24.4,0.9022108365192618
15,G1,24.5,0.9027647682792125
15,G1,24.6,0.9033165352293538
15,G1,24.7,0.9038661388798942
15,G1,24.8,0.904413581051966
15,G1,24.9,0.9049588639884178
15,G1,25.0,0.9055019896455145
15,G2,10.0,0.7031574221850815
15,G2,10.1,0.7041876265648033
15,G2,10.2,0.7052165494266452
15,G2,10.3,0.706244181824142
15,G2,10.4,0.7072705145712704
15,G2,10.5,0.7082955401989329
15,G2,10.6,0.7093192490319028
15,G2,10.7,0.7103416326116239
15,G2,10.8,0.7113626822454471
15,G2,10.9,0.712382388182439
15,G2,11.0,0.713400741492606
15,G2,11.1,0.7144177359179206
15,G2,11.2,0.7154333607884167
15,G2,11.3,0.7164476105233942
15,G2,11.4,0.7174604741895055
15,G2,11.5,0.7184719471548097
15,G2,11.6,0.7194820212671218
15,G2,11.7,0.7204906876896817
15,G2,11.8,0.7214979379164395
15,G2,11.9,0.7225037649365884
15,G2,12.0,0.723508160487486
15,G2,12.1,0.7245111156632049
15,G2,12.2,0.7255126224932618
15,G2,12.3,0.7265126707691548
15,G2,12.4,0.7275112539120118
15,G2,12.5,0.7285083632388538
15,G2,12.6,0.7295039902907342
15,G2,12.7,0.7304981288942087
15,G2,12.8,0.7314907728246288
15,G2,12.9,0.7324819125730861
15,G2,13.0,0.7334715388052325
15,G2,13.1,0.7344596465037643
15,G2,13.2,0.7354462282564196
15,G2,13.3,0.7364312768388797
15,G2,13.4,0.7374147832927525
15,G2,13.5,0.7383967410621743
15,G2,13.6,0.7393771428540936
15,G2,13.7,0.7403559791093421
15,G2,13.8,0.7413332433276444
15,G2,13.9,0.7423089277748791
15,G2,14.0,0.7432830218493168
15,G2,14.1,0.7442555215349554
15,G2,14.2,0.7452264176744714
15,G2,14.3,0.7461957037226778
15,G2,14.4,0.747163372389463
15,G2,14.5,0.7481294173332957
15,G2,14.6,0.7490938332089642
15,G2,14.7,0.7500566129098559
15,G2,14.8,0.7510177475116125
15,G2,14.9,0.751977231629988
15,G2,15.0,0.7529350582031835
15,G2,15.1,0.7538912198023051
15,G2,15.2,0.7548457087753572
15,G2,15.3,0.7557985175030321
15,G2,15.4,0.756749637447527
15,G2,15.5,0.7576990630805416
15,G2,15.6,0.7586467875081963
15,G2,15.7,0.7595928024990825
15,G2,15.8,0.7605371052593127
15,G2,15.9,0.7614796893769488
15,G2,16.0,0.7624205432549918
15,G2,16.1,0.7633596641888898
15,G2,16.2,0.7642970455439753
15,G2,16.3,0.7652326820316362
15,G2,16.4,0.7661665666053117
15,G2,16.5,0.7670986920510602
15,G2,16.6,0.7680290534232147
15,G2,16.7,0.7689576429423869
15,G2,16.8,0.7698844543655793
15,G2,16.9,0.7708094810098152
15,G2,17.0,0.7717327150238581
15,G2,17.1,0.7726541499352773
15,G2,17.2,0.7735737816861576
15,G2,17.3,0.7744916014426562
15,G2,17.4,0.7754076065042342
15,G2,17.5,0.7763217877610169
15,G2,17.6,0.777234143582635
15,G2,17.7,0.7781446680772598
15,G2,17.8,0.7790533544426392
15,G2,17.9,0.7799601964945609
15,G2,18.0,0.7808651897892466
15,G2,18.1,0.7817683276862439
15,G2,18.2,0.7826696038437873
15,G2,18.3,0.7835690128400874
15,G2,18.4,0.7844665461503509
15,G2,18.5,0.7853621999568022
15,G2,18.6,0.7862559677690951
15,G2,18.7,0.7871478430967933
15,G2,18.8,0.7880378229889438
15,G2,18.9,0.7889259040839545
15,G2,19.0,0.7898120787638253
15,G2,19.1,0.7906963397457355
15,G2,19.2,0.7915786849516494
15,G2,19.3,0.7924591096893062
15,G2,19.4,0.793337609415012
15,G2,19.5,0.7942141771905847
15,G2,19.6,0.7950888093746944
15,G2,19.7,0.7959615011424817
15,G2,19.8,0.7968322453811848
15,G2,19.9,0.797701037931935
15,G2,20.0,0.798567873718462
15,G2,20.1,0.7994327441964562
15,G2,20.2,0.800295648515178
15,G2,20.3,0.8011565795083535
15,G2,20.4,0.8020155335886763
15,G2,20.5,0.8028725058490929
15,G2,20.6,0.8037274929524618
15,G2,20.7,0.8045804922820781
15,G2,20.8,0.805431499340583
15,G2,20.9,0.8062805073853406
15,G2,21.0,0.8071275141282326
15,G2,21.1,0.8079725147657647
15,G2,21.2,0.8088155043330446
15,G2,21.3,0.8096564780425702
15,G2,21.4,0.8104954307608303
15,G2,21.5,0.811332356388638
15,G2,21.6,0.8121672521696552
15,G2,21.7,0.813000113979618
15,G2,21.8,0.8138309358360516
15,G2,21.9,0.81465971869619
15,G2,22.0,0.8154864588528186
15,G2,22.1,0.8163111463421847
15,G2,22.2,0.8171337820230462
15,G2,22.3,0.8179543617857751
15,G2,22.4,0.8187728835514327
15,G2,22.5,0.8195893428273867
15,G2,22.6,0.8204037351191326
15,G2,22.7,0.8212160584701823
15,G2,22.8,0.8220263077205925
15,G2,22.9,0.8228344794463862
15,G2,23.0,0.8236405696448225
15,G2,23.1,0.8244445730269054
15,G2,23.2,0.8252464862802701
15,G2,23.3,0.8260463078623785
15,G2,23.4,0.8268440316548362
15,G2,23.5,0.8276396580489958
15,G2,23.6,0.8284331807060638
15,G2,23.7,0.8292246010695207
15,G2,23.8,0.8300139160738124
15,G2,23.9,0.8308011215513478
15,G2,24.0,0.8315862142477258
15,G2,24.1,0.8323691926723538
15,G2,24.2,0.8331500523419598
15,G2,24.3,0.8339287901229083
15,G2,24.4,0.8347054036281184
15,G2,24.5,0.8354798867248727
15,G2,24.6,0.8362522387613934
15,G2,24.7,0.8370224559818124
15,G2,24.8,0.8377905343782968
15,G2,24.9,0.8385564746044505
15,G2,25.0,0.8393202763745822
16,G1,10.0,0.7829195766336001
16,G1,10.1,0.7839338230943735
16,G1,10.2,0.7849456763747044
16,G1,10.3,0.7859551250494378
16,G1,10.4,0.7869621642339208
16,G1,10.5,0.78796678609354
16,G1,10.6,0.788968982295564
16,G1,10.7,0.7899687500139039
16,G1,10.8,0.7909660750530637
16,G1,10.9,0.7919609427053133
16,G1,11.0,0.7929533500204359
16,G1,11.1,0.793943294297279
16,G1,11.2,0.794930770456344
16,G1,11.3,0.7959157719879374
16,G1,11.4,0.7968982874580599
16,G1,11.5,0.7978783117907873
16,G1,11.6,0.7988558389221199
16,G1,11.7,0.7998308602890762
16,G1,11.8,0.80080337513755
16,G1,11.9,0.8017733709265207
16,G1,12.0,0.8027408338628643
16,G1,12.1,0.8037057578702517
16,G1,12.2,0.8046681432555393
16,G1,12.3,0.8056279852224718
16,G1,12.4,0.8065852793676936
16,G1,12.5,0.8075400163250799
16,G1,12.6,0.8084921886282513
16,G1,12.7,0.8094417927779519
16,G1,12.8,0.8103888207678689
16,G1,12.9,0.8113332722638593
16,G1,13.0,0.8122751376605801
16,G1,13.1,0.8132144033480021
16,G1,13.2,0.8141510624232035
16,G1,13.3,0.8150851153421692
16,G1,13.4,0.8160165588214415
16,G1,13.5,0.8169453907864498
16,G1,13.6,0.817871602604652
16,G1,13.7,0.818795186080273
16,G1,13.8,0.8197161394767364
16,G1,13.9,0.8206344562976114
16,G1,14.0,0.8215501349099984
16,G1,14.1,0.8224631695258869
16,G1,14.2,0.823373547949217
16,G1,14.3,0.8242812606863388
16,G1,14.4,0.8251863098894138
16,G1,14.5,0.8260886926125229
16,G1,14.6,0.8269884090050991
16,G1,14.7,0.8278854515267393
16,G1,14.8,0.8287798121458457
16,G1,14.9,0.8296714897369629
16,G1,15.0,0.830560479890467
16,G1,15.1,0.83144677901671
16,G1,15.2,0.8323303861125266
16,G1,15.3,0.8332112896040238
16,G1,15.4,0.8340894784856379
16,G1,15.5,0.8349649550408942
16,G1,15.6,0.8358377186241164
16,G1,15.7,0.8367077693172877
16,G1,15.8,0.8375751022403329
16,G1,15.9,0.8384397093035324
16,G1,16.0,0.8393015901897248
16,G1,16.1,0.8401607416870503
16,G1,16.2,0.8410171591930536
16,G1,16.3,0.8418708455991628
16,G1,16.4,0.8427217902501563
16,G1,16.5,0.8435699824478312
16,G1,16.6,0.8444154218813431
16,G1,16.7,0.8452581116646506
16,G1,16.8,0.84609805112841
16,G1,16.9,0.8469352383130071
16,G1,17.0,0.8477696665132578
16,G1,17.1,0.8486013335409377
16,G1,17.2,0.8494302387097112
16,G1,17.3,0.850256377684634
16,G1,17.4,0.8510797544240609
16,G1,17.5,0.8519003609338662
16,G1,17.6,0.8527181871788843
16,G1,17.7,0.8535332307421675
16,G1,17.8,0.8543454962717545
16,G1,17.9,0.855154983640079
16,G1,18.0,0.8559616935877505
16,G1,18.1,0.8567656210097672
16,G1,18.2,0.8575667619480284
16,G1,18.3,0.8583651177322669
16,G1,18.4,0.8591606851725909
16,G1,18.5,0.8599534677712203
16,G1,18.6,0.8607434610676139
16,G1,18.7,0.8615306561034521
16,G1,18.8,0.862315048261612
16,G1,18.9,0.8630966433479507
16,G1,19.0,0.8638754421754843
16,G1,19.1,0.8646514477870391
16,G1,19.2,0.8654246557826065
16,G1,19.3,0.8661950619004922
16,G1,19.4,0.866962668726449
16,G1,19.5,0.8677274749194667
16,G1,19.6,0.8684894823948983
16,G1,19.7,0.8692486909000214
16,G1,19.8,0.8700050923778133
16,G1,19.9,0.8707586807267539
16,G1,20.0,0.871509462012522
16,G1,20.1,0.8722574383138372
16,G1,20.2,0.8730026141768646
16,G1,20.3,0.8737449865880069
16,G1,20.4,0.8744845516126342
16,G1,20.5,0.8752213126110113
16,G1,20.6,0.8759552695293061
16,G1,20.7,0.876686422479804
16,G1,20.8,0.8774147763440863
16,G1,20.9,0.8781403232948753
16,G1,21.0,0.8788630563949177
16,G1,21.1,0.8795829811577807
16,G1,21.2,0.8803001022703439
16,G1,21.3,0.8810144233304529
16,G1,21.4,0.881725944777638
16,G1,21.5,0.8824346625676859
16,G1,21.6,0.883140580131649
16,G1,21.7,0.8838436988103981
16,G1,21.8,0.8845440183635307
16,G1,21.9,0.8852415462055767
16,G1,22.0,0.8859362761430088
16,G1,22.1,0.8866282022982274
16,G1,22.2,0.8873173264499749
16,G1,22.3,0.8880036568398503
16,G1,22.4,0.888687196740218
16,G1,22.5,0.889367948920193
16,G1,22.6,0.8900459115639077
16,G1,22.7,0.8907210852239393
16,G1,22.8,0.8913934738683068
16,G1,22.9,0.8920630777410029
16,G1,23.0,0.8927299046913858
16,G1,23.1,0.8933939515972857
16,G1,23.2,0.8940552125794642
16,G1,23.3,0.8947136887778395
16,G1,23.4,0.8953693881352799
16,G1,23.5,0.8960223151919479
16,G1,23.6,0.8966724752279496
16,G1,23.7,0.8973198670847204
16,G1,23.8,0.8979644903366512
16,G1,23.9,0.8986063507087182
16,G1,24.0,0.8992454496313749
16,G1,24.1,0.8998817936284175
16,G1,24.2,0.9005153834555586
16,G1,24.3,0.9011462144972048
16,G1,24.4,0.9017742853370831
16,G1,24.5,0.9023996054442881
16,G1,24.6,0.9030221792413671
16,G1,24.7,0.9036420143720074
16,G1,24.8,0.9042591103918157
16,G1,24.9,0.9048734669043933
16,G1,25.0,0.9054850902547218
16,G2,10.0,0.6830367068926229
16,G2,10.1,0.6842238727008697
16,G2,10.2,0.685409618316509
16,G2,10.3,0.6865939168698895
16,G2,10.4,0.6877767469738073
16,G2,10.5,0.6889581160984938
16,G2,10.6,0.6901380120343018
16,G2,10.7,0.6913164203426526
16,G2,10.8,0.6924933213080997
16,G2,10.9,0.6936686901560781
16,G2,11.0,0.6948425259469365
16,G2,11.1,0.696014812935447
16,G2,11.2,0.6971855479128405
16,G2,11.3,0.6983547243054965
16,G2,11.4,0.699522319112051
16,G2,11.5,0.7006883059428561
16,G2,11.6,0.7018526902164025
16,G2,11.7,0.703015465352366
16,G2,11.8,0.7041766175242756
16,G2,11.9,0.7053361252843082
16,G2,12.0,0.7064939657399578
16,G2,12.1,0.7076501356121327
16,G2,12.2,0.7088046217621234
16,G2,12.3,0.7099574178317952
16,G2,12.4,0.7111085219454003
16,G2,12.5,0.712257915050905
16,G2,12.6,0.713405567358689
16,G2,12.7,0.7145514793939385
16,G2,12.8,0.7156956518080768
16,G2,12.9,0.7168380696090603
16,G2,13.0,0.7179787136541464
16,G2,13.1,0.7191175614635761
16,G2,13.2,0.7202546056959096
16,G2,13.3,0.72138983698284
16,G2,13.4,0.7225232459440595
16,G2,13.5,0.7236548344178355
16,G2,13.6,0.7247845884420617
16,G2,13.7,0.7259124754376839
16,G2,13.8,0.7270384893423738
16,G2,13.9,0.7281626387945964
16,G2,14.0,0.7292849080334153
16,G2,14.1,0.7304052812878923
16,G2,14.2,0.7315237356528553
16,G2,14.3,0.7326402579550376
16,G2,14.4,0.733754844874632
16,G2,14.5,0.7348674849887394
16,G2,14.6,0.7359781807039394
16,G2,14.7,0.7370869233037188
16,G2,14.8,0.7381936817518869
16,G2,14.9,0.7392984411199536
16,G2,15.0,0.7404012154586846
16,G2,15.1,0.7415019920026347
16,G2,15.2,0.7426007565079262
16,G2,15.3,0.7436974868343816
16,G2,15.4,0.7447921625033194
16,G2,15.5,0.7458847872275229
16,G2,15.6,0.746975347326627
16,G2,15.7,0.7480638455851204
16,G2,15.8,0.7491502780890815
16,G2,15.9,0.7502346169953638
16,G2,16.0,0.7513168398763901
16,G2,16.1,0.7523969621760868
16,G2,16.2,0.7534749762867244
16,G2,16.3,0.7545508699022125
16,G2,16.4,0.7556246190993732
16,G2,16.5,0.756696201482175
16,G2,16.6,0.7577656232274776
16,G2,16.7,0.7588328706682431
16,G2,16.8,0.7598979449223662
16,G2,16.9,0.7609608466973315
16,G2,17.0,0.7620215540357334
16,G2,17.1,0.7630800387617342
16,G2,17.2,0.7641363122069733
16,G2,17.3,0.7651903747208008
16,G2,17.4,0.7662422143923071
16,G2,17.5,0.7672918069538609
16,G2,17.6,0.7683391327892924
16,G2,17.7,0.7693841925390597
16,G2,17.8,0.7704269786402855
16,G2,17.9,0.771467485728919
16,G2,18.0,0.7725057213841711
16,G2,18.1,0.7735416696912553
16,G2,18.2,0.7745752974960151
16,G2,18.3,0.7756066104277693
16,G2,18.4,0.7766356177531348
16,G2,18.5,0.7776623052766793
16,G2,18.6,0.7786866557381289
16,G2,18.7,0.7797086461131522
16,G2,18.8,0.7807282728421363
16,G2,18.9,0.7817455333497669
16,G2,19.0,0.7827604205681046
16,G2,19.1,0.7837729431983173
16,G2,19.2,0.7847830923931187
16,G2,19.3,0.785790834509344
16,G2,19.4,0.7867961655590714
16,G2,19.5,0.7877991029530715
16,G2,19.6,0.7887996341445793
16,G2,19.7,0.7897977452014252
16,G2,19.8,0.7907934133302683
16,G2,19.9,0.7917866265117238
16,G2,20.0,0.7927773905507169
16,G2,20.1,0.7937656958586439
16,G2,20.2,0.794751551122367
16,G2,20.3,0.7957349544657295
16,G2,20.4,0.7967158739516939
16,G2,20.5,0.7976942961619693
16,G2,20.6,0.7986702434952856
16,G2,20.7,0.799643707651404
16,G2,20.8,0.8006146774081244
16,G2,20.9,0.8015831296696827
16,G2,21.0,0.8025490453453977
16,G2,21.1,0.8035124371434075
16,G2,21.2,0.8044732937218113
16,G2,21.3,0.8054316233161318
16,G2,21.4,0.8063874287831312
16,G2,21.5,0.8073406854019237
16,G2,21.6,0.8082913700563339
16,G2,21.7,0.8092395046619786
16,G2,21.8,0.8101850881507129
16,G2,21.9,0.811128111696944
16,G2,22.0,0.8120685490533222
16,G2,22.1,0.8130063835634848
16,G2,22.2,0.8139416254837241
16,G2,22.3,0.8148742670579237
16,G2,22.4,0.815804311563533
16,G2,22.5,0.8167317683164182
16,G2,22.6,0.81765661967476
16,G2,22.7,0.8185788368681206
16,G2,22.8,0.8194984358337644
16,G2,22.9,0.8204154249643885
16,G2,23.0,0.8213297943371622
16,G2,23.1,0.822241522545937
16,G2,23.2,0.8231505916948993
16,G2,23.3,0.8240570069646616
16,G2,23.4,0.8249607668461206
16,G2,23.5,0.8258618686696905
16,G2,23.6,0.8267603275811204
16,G2,23.7,0.8276561338244414
16,G2,23.8,0.8285492534673282
16,G2,23.9,0.8294396955895402
16,G2,24.0,0.8303274781666553
16,G2,24.1,0.8312125896223072
16,G2,24.2,0.8320950164110403
16,G2,24.3,0.8329747371557074
16,G2,24.4,0.8338517505011573
16,G2,24.5,0.8347260624910505
16,G2,24.6,0.8355976686105157
16,G2,24.7,0.8364665832650376
16,G2,24.8,0.8373328045527926
16,G2,24.9,0.8381963007076396
16,G2,25.0,0.8390570691825933
17,G1,10.0,0.7762452422312177
17,G1,10.1,0.7768541946437587
17,G1,10.2,0.7774622888050445
17,G1,10.3,0.7780695710994691
17,G1,10.4,0.7786760322583326
17,G1,10.5,0.7792816317332715
17,G1,10.6,0.7798864278380048
17,G1,10.7,0.7804903746811925
17,G1,10.8,0.7810934725359188
17,G1,10.9,0.781695760691536
17,G1,11.0,0.7822971783586185
17,G1,11.1,0.7828977644936398
17,G1,11.2,0.7834975221981932
17,G1,11.3,0.7840964023548715
17,G1,11.4,0.7846944619851507
17,G1,11.5,0.7852916714225757
17,G1,11.6,0.785888007955639
17,G1,11.7,0.7864835249790874
17,G1,11.8,0.7870781634520655
17,G1,11.9,0.7876719508207679
17,G1,12.0,0.7882649015911102
17,G1,12.1,0.7888569620430121
17,G1,12.2,0.7894481842034787
17,G1,12.3,0.7900385520607749
17,G1,12.4,0.7906280288316957
17,G1,12.5,0.7912166743546103
17,G1,12.6,0.7918044351769703
17,G1,12.7,0.7923913234588349
17,G1,12.8,0.7929773695372356
17,G1,12.9,0.7935625148191348
17,G1,13.0,0.7941468030042393
17,G1,13.1,0.794730230416139
17,G1,13.2,0.7953127530674214
17,G1,13.3,0.7958944294074002
17,G1,13.4,0.7964752202203953
17,G1,13.5,0.797055115428627
17,G1,13.6,0.7976341623755958
17,G1,13.7,0.7982122994999307
17,G1,13.8,0.7987895618980045
17,G1,13.9,0.7993659580517424
17,G1,14.0,0.7999414356860354
17,G1,14.1,0.8005160511195756
17,G1,14.2,0.8010897812920669
17,G1,14.3,0.8016625958042642
17,G1,14.4,0.8022345528597528
17,G1,14.5,0.8028055951583756
17,G1,14.6,0.8033757439284186
17,G1,14.7,0.8039450203187342
17,G1,14.8,0.8045133692389517
17,G1,14.9,0.8050808393549207
17,G1,15.0,0.80564741991209
17,G1,15.1,0.8062130711955798
17,G1,15.2,0.8067778533601156
17,G1,15.3,0.8073417182908086
17,G1,15.4,0.8079046691673173
17,G1,15.5,0.8084667447353698
17,G1,15.6,0.8090278836772465
17,G1,15.7,0.8095881273290607
17,G1,15.8,0.8101474774935482
17,G1,15.9,0.8107058860506503
17,G1,16.0,0.8112634115952895
17,G1,16.1,0.8118200226418779
17,G1,16.2,0.8123756986142023
17,G1,16.3,0.8129304933923636
17,G1,16.4,0.8134843465484719
17,G1,16.5,0.8140372883214091
17,G1,16.6,0.8145893320023065
17,G1,16.7,0.8151404243922831
17,G1,16.8,0.81569061940707
17,G1,16.9,0.8162398996983296
17,G1,17.0,0.8167882296131777
17,G1,17.1,0.8173356702919854
17,G1,17.2,0.8178821666193173
17,G1,17.3,0.818427733559077
17,G1,17.4,0.8189724002414729
17,G1,17.5,0.8195161086479996
17,G1,17.6,0.8200589042436356
17,G1,17.7,0.8206007819945959
17,G1,17.8,0.8211416992734015
17,G1,17.9,0.8216817157304661
17,G1,18.0,0.8222207903272075
17,G1,18.1,0.8227589158324026
17,G1,18.2,0.8232961390699935
17,G1,18.3,0.8238323979639669
17,G1,18.4,0.8243677299731412
17,G1,18.5,0.8249021422110329
17,G1,18.6,0.8254355835348225
17,G1,18.7,0.8259681116664159
17,G1,18.8,0.8264997020933772
17,G1,18.9,0.8270303263700024
17,G1,19.0,0.8275600428439155
17,G1,19.1,0.8280887935355837
17,G1,19.2,0.8286166022009539
17,G1,19.3,0.8291434882141343
17,G1,19.4,0.8296693979596579
17,G1,19.5,0.8301943813696488
17,G1,19.6,0.8307184263883052
17,G1,19.7,0.831241494998288
17,G1,19.8,0.831763647945134
17,G1,19.9,0.8322848357916276
17,G1,20.0,0.8328050646818316
17,G1,20.1,0.8333243718000177
17,G1,20.2,0.8338426968933549
17,G1,20.3,0.8343600825600029
17,G1,20.4,0.8348765293202113
17,G1,20.5,0.8353919910525409
17,G1,20.6,0.8359065267194447
17,G1,20.7,0.8364201036077933
17,G1,20.8,0.8369327037676304
17,G1,20.9,0.8374443803836953
17,G1,21.0,0.8379550729670968
17,G1,21.1,0.838464813834232
17,G1,21.2,0.8389736147773666
17,G1,21.3,0.8394814242527355
17,G1,21.4,0.8399882969119448
17,G1,21.5,0.8404942144833514
17,G1,21.6,0.8409991430984634
17,G1,21.7,0.8415031439265049
17,G1,21.8,0.842006161398484
17,G1,21.9,0.8425082129402853
17,G1,22.0,0.8430093257651817
17,G1,22.1,0.8435094437247734
17,G1,22.2,0.8440086130651027
17,G1,22.3,0.8445068274675401
17,G1,22.4,0.8450040466104467
17,G1,22.5,0.8455003299673328
17,G1,22.6,0.8459956357242675
17,G1,22.7,0.8464899594418329
17,G1,22.8,0.8469833464690162
17,G1,22.9,0.8474757356085671
17,G1,23.0,0.8479671657277045
17,G1,23.1,0.8484576426025566
17,G1,23.2,0.8489471171319768
17,G1,23.3,0.8494356472909096
17,G1,23.4,0.8499232075733992
17,G1,23.5,0.8504097721228854
17,G1,23.6,0.8508953981299592
17,G1,23.7,0.8513800281768507
17,G1,23.8,0.8518636880144241
17,G1,23.9,0.8523463948890236
17,G1,24.0,0.8528280976898489
17,G1,24.1,0.8533088465890208
17,G1,24.2,0.8537886285097626
17,G1,24.3,0.8542674078124426
17,G1,24.4,0.854745244619472
17,G1,24.5,0.8552220891705326
17,G1,24.6,0.8556979504425664
17,G1,24.7,0.8561728632925052
17,G1,24.8,0.856646769737472
17,G1,24.9,0.8571197127182109
17,G1,25.0,0.8575916915506282
17,G2,10.0,0.5929064885529384
17,G2,10.1,0.5936474001842558
17,G2,10.2,0.5943881512472422
17,G2,10.3,0.5951287427934185
17,G2,10.4,0.5958691607354158
17,G2,10.5,0.5966094108322442
17,G2,10.6,0.597349488500249
17,G2,10.7,0.598089385963222
17,G2,10.8,0.598829110555074
17,G2,10.9,0.5995686447319493
17,G2,11.0,0.6003079947448052
17,G2,11.1,0.6010471640522782
17,G2,11.2,0.601786133823761
17,G2,11.3,0.602524910883455
17,G2,11.4,0.6032634980859601
17,G2,11.5,0.604001875851146
17,G2,11.6,0.6047400595608641
17,G2,11.7,0.6054780324333678
17,G2,11.8,0.6062157936449357
17,G2,11.9,0.6069533537436447
17,G2,12.0,0.6076906889663454
17,G2,12.1,0.608427807981665
17,G2,12.2,0.6091647156434102
17,G2,12.3,0.6099013889559717
17,G2,12.4,0.6106378440530595
17,G2,12.5,0.6113740699474132
17,G2,12.6,0.6121100565127202
17,G2,12.7,0.6128458203911946
17,G2,12.8,0.6135813361633929
17,G2,12.9,0.614316611371166
17,G2,13.0,0.6150516537449362
17,G2,13.1,0.6157864380443799
17,G2,13.2,0.6165209774918474
17,G2,13.3,0.617255271880764
17,G2,13.4,0.6179892977699433
17,G2,13.5,0.6187230788168984
17,G2,13.6,0.6194565911435563
17,G2,13.7,0.6201898360733886
17,G2,13.8,0.6209228297245187
17,G2,13.9,0.6216555387538434
17,G2,14.0,0.6223879771889778
17,G2,14.1,0.6231201527894166
17,G2,14.2,0.623852032851771
17,G2,14.3,0.6245836457858706
17,G2,14.4,0.6253149720965305
17,G2,14.5,0.6260460015296666
17,G2,14.6,0.6267767586577059
17,G2,14.7,0.6275072093775353
17,G2,14.8,0.6282373648093166
17,G2,14.9,0.6289672359313283
17,G2,15.0,0.6296967887689051
17,G2,15.1,0.6304260479170491
17,G2,15.2,0.6311550044278516
17,G2,15.3,0.6318836349803516
17,G2,15.4,0.63261197218814
17,G2,15.5,0.6333399817763714
17,G2,15.6,0.6340676700116711
17,G2,15.7,0.6347950547867576
17,G2,15.8,0.6355220971240164
17,G2,15.9,0.636248817904906
17,G2,16.0,0.6369752214663538
17,G2,16.1,0.6377012705731336
17,G2,16.2,0.6384270041972221
17,G2,16.3,0.6391523931758029
17,G2,16.4,0.639877430177978
17,G2,16.5,0.6406021454605815
17,G2,16.6,0.6413264956094188
17,G2,16.7,0.6420504976757042
17,G2,16.8,0.6427741640110681
17,G2,16.9,0.6434974521804828
17,G2,17.0,0.6442203991959994
17,G2,17.1,0.6449429866779804
17,G2,17.2,0.6456651921253199
17,G2,17.3,0.6463870555749083
17,G2,17.4,0.6471085339466924
17,G2,17.5,0.647829637739911
17,G2,17.6,0.6485503867797038
17,G2,17.7,0.6492707355918406
17,G2,17.8,0.6499907144145219
17,G2,17.9,0.6507103211853141
17,G2,18.0,0.6514295161078153
17,G2,18.1,0.6521483473013477
17,G2,18.2,0.6528667760968758
17,G2,18.3,0.6535848011919112
17,G2,18.4,0.6543024557108068
17,G2,18.5,0.6550196858652294
17,G2,18.6,0.6557365170647877
17,G2,18.7,0.6564529620682532
17,G2,18.8,0.6571689693760973
17,G2,18.9,0.6578845899368229
17,G2,19.0,0.6585997940113834
17,G2,19.1,0.6593145622412647
17,G2,19.2,0.660028940572671
17,G2,19.3,0.660742876396411
17,G2,19.4,0.6614563867553506
17,G2,19.5,0.6621694919318017
17,G2,19.6,0.6628821385783803
17,G2,19.7,0.6635943704700218
17,G2,19.8,0.6643061735799828
17,G2,19.9,0.6650175100684763
17,G2,20.0,0.6657284372023093
17,G2,20.1,0.6664389042023018
17,G2,20.2,0.6671489178695402
17,G2,20.3,0.6678585098787949
17,G2,20.4,0.6685676215409657
17,G2,20.5,0.669276288258269
17,G2,20.6,0.6699845152590759
17,G2,20.7,0.6706922480867779
17,G2,20.8,0.6713995493217038
17,G2,20.9,0.672106377364752
17,G2,21.0,0.6728127189619695
17,G2,21.1,0.6735186236197906
17,G2,21.2,0.6742240283725676
17,G2,21.3,0.6749289591396762
17,G2,21.4,0.6756334352729241
17,G2,21.5,0.6763373953934301
17,G2,21.6,0.6770408975096782
17,G2,21.7,0.6777439154538786
17,G2,21.8,0.6784464152866634
17,G2,21.9,0.6791484596118329
17,G2,22.0,0.6798499881117088
17,G2,22.1,0.6805510147123961
17,G2,22.2,0.6812515705341629
17,G2,22.3,0.6819515906650643
17,G2,22.4,0.6826511225297646
17,G2,22.5,0.6833501616344714
17,G2,22.6,0.6840486522837472
17,G2,22.7,0.6847466672858145
17,G2,22.8,0.6854441527788
17,G2,22.9,0.6861411057914383
17,G2,23.0,0.6868375752165983
17,G2,23.1,0.6875334878385998
17,G2,23.2,0.6882288810192191
17,G2,23.3,0.6889237710597794
17,G2,23.4,0.6896180889580926
17,G2,23.5,0.6903119078182148
17,G2,23.6,0.6910051875440136
17,G2,23.7,0.6916979006096378
17,G2,23.8,0.6923901133043212
17,G2,23.9,0.6930817551457478
17,G2,24.0,0.6937728494932777
17,G2,24.1,0.6944634250463783
17,G2,24.2,0.6951534100861372
17,G2,24.3,0.6958428672981714
17,G2,24.4,0.6965317774007882
17,G2,24.5,0.6972200890413729
17,G2,24.6,0.697907882987032
17,G2,24.7,0.6985950925977622
17,G2,24.8,0.699281725658155
17,G2,24.9,0.6999678268104701
17,G2,25.0,0.7006533184909693
18,G1,10.0,0.7841206860728526
18,G1,10.1,0.7848073947993077
18,G1,10.2,0.785492977612765
18,G1,10.3,0.7861774367677546
18,G1,10.4,0.7868607751592858
18,G1,10.5,0.7875429971790743
18,G1,10.6,0.7882240835972534
18,G1,10.7,0.7889040354943898
18,G1,10.8,0.7895828582057607
18,G1,10.9,0.7902605507830835
18,G1,11.0,0.7909371066014463
18,G1,11.1,0.7916125174077527
18,G1,11.2,0.7922867855531313
18,G1,11.3,0.7929599110038644
18,G1,11.4,0.7936318999438863
18,G1,11.5,0.7943027323114162
18,G1,11.6,0.7949724101807323
18,G1,11.7,0.7956409393510978
18,G1,11.8,0.7963083219255546
18,G1,11.9,0.7969745407131513
18,G1,12.0,0.7976395960071735
18,G1,12.1,0.7983034920034183
18,G1,12.2,0.7989662292606836
18,G1,12.3,0.7996278036293316
18,G1,12.4,0.8002882046760273
18,G1,12.5,0.8009474337480238
18,G1,12.6,0.8016054929947364
18,G1,12.7,0.8022623894431831
18,G1,12.8,0.802918101618319
18,G1,12.9,0.8035726311211138
18,G1,13.0,0.8042259861755189
18,G1,13.1,0.8048781671994599
18,G1,13.2,0.8055291598198525
18,G1,13.3,0.8061789628192663
18,G1,13.4,0.8068275786296916
18,G1,13.5,0.8074750089150183
18,G1,13.6,0.8081212545466003
18,G1,13.7,0.8087663000124702
18,G1,13.8,0.8094101473150925
18,G1,13.9,0.8100528010650396
18,G1,14.0,0.8106942672681611
18,G1,14.1,0.8113345246339124
18,G1,14.2,0.811973575017427
18,G1,14.3,0.8126114261324067
18,G1,14.4,0.81324807835466
18,G1,14.5,0.8138835223822406
18,G1,14.6,0.8145177516552561
18,G1,14.7,0.815150769698245
18,G1,14.8,0.8157825780606043
18,G1,14.9,0.8164131822368493
18,G1,15.0,0.8170425622678051
18,G1,15.1,0.8176707211426244
18,G1,15.2,0.8182976652733688
18,G1,15.3,0.8189233993579951
18,G1,15.4,0.8195479037616835
18,G1,15.5,0.8201711794843987
18,G1,15.6,0.8207932333518533
18,G1,15.7,0.8214140667740341
18,G1,15.8,0.8220336739301772
18,G1,15.9,0.8226520451885097
18,G1,16.0,0.8232691833407787
18,G1,16.1,0.8238850916940901
18,G1,16.2,0.8244997774387094
18,G1,16.3,0.8251132190630451
18,G1,16.4,0.8257254181712823
18,G1,16.5,0.8263363849424111
18,G1,16.6,0.8269461216911971
18,G1,16.7,0.8275546110438556
18,G1,16.8,0.8281618533475391
18,G1,16.9,0.8287678533199501
18,G1,17.0,0.8293726139005272
18,G1,17.1,0.8299761333531102
18,G1,17.2,0.8305783983707966
18,G1,17.3,0.8311794112369751
18,G1,17.4,0.8317791777402215
18,G1,17.5,0.8323777050834829
18,G1,17.6,0.8329749709309395
18,G1,17.7,0.8335709774340949
18,G1,17.8,0.8341657348248296
18,G1,17.9,0.8347592446017285
18,G1,18.0,0.8353514945188298
18,G1,18.1,0.8359424806163012
18,G1,18.2,0.8365322070183648
18,G1,18.3,0.8371206773612078
18,G1,18.4,0.8377078954201098
18,G1,18.5,0.8382938422273851
18,G1,18.6,0.8388785216090009
18,G1,18.7,0.8394619408887644
18,G1,18.8,0.8400441064099583
18,G1,18.9,0.8406249968551728
18,G1,19.0,0.8412046138972382
18,G1,19.1,0.8417829668411003
18,G1,19.2,0.8423600580342436
18,G1,19.3,0.8429358796493598
18,G1,19.4,0.8435104233843658
18,G1,19.5,0.8440836935051238
18,G1,19.6,0.8446556942515993
18,G1,19.7,0.8452264326642137
18,G1,19.8,0.8457958872649104
18,G1,19.9,0.8463640609652918
18,G1,20.0,0.8469309643632511
18,G1,20.1,0.8474966016904235
18,G1,20.2,0.8480609536550728
18,G1,20.3,0.8486240215850716
18,G1,20.4,0.8491858124276104
18,G1,20.5,0.8497463306091302
18,G1,20.6,0.8503055714289951
18,G1,20.7,0.8508635241111453
18,G1,20.8,0.8514201914200047
18,G1,20.9,0.8519755800144483
18,G1,21.0,0.8525296979853193
18,G1,21.1,0.8530825224965141
18,G1,21.2,0.8536340559564052
18,G1,21.3,0.8541843107060562
18,G1,21.4,0.8547332898239445
18,G1,21.5,0.8552809776954832
18,G1,21.6,0.855827373328514
18,G1,21.7,0.8563724814168981
18,G1,21.8,0.8569163077980161
18,G1,21.9,0.8574588535784815
18,G1,22.0,0.8580001021846413
18,G1,22.1,0.8585400573197085
18,G1,22.2,0.8590787276015
18,G1,22.3,0.8596161205772364
18,G1,22.4,0.8601522138034595
18,G1,22.5,0.8606870096195357
18,G1,22.6,0.8612205194515877
18,G1,22.7,0.8617527467175083
18,G1,22.8,0.8622836812688647
18,G1,22.9,0.8628133165757297
18,G1,23.0,0.8633416581663482
18,G1,23.1,0.8638687116873117
18,G1,23.2,0.8643944829928107
18,G1,23.3,0.8649189515357721
18,G1,23.4,0.8654421212292401
18,G1,23.5,0.8659640027828922
18,G1,23.6,0.866484602559871
18,G1,23.7,0.8670038999021296
18,G1,23.8,0.8675218963095431
18,G1,23.9,0.8680386015429449
18,G1,24.0,0.8685540206914505
18,G1,24.1,0.8690681469101723
18,G1,24.2,0.8695809713121483
18,G1,24.3,0.8700924976494078
18,G1,24.4,0.8706027334975698
18,G1,24.5,0.871111686751063
18,G1,24.6,0.8716193354502434
18,G1,24.7,0.8721256816438876
18,G1,24.8,0.8726307396181084
18,G1,24.9,0.8731345138294914
18,G1,25.0,0.8736369860641583
18,G2,10.0,0.655548933014418
18,G2,10.1,0.656375150534638
18,G2,10.2,0.6572008362157208
18,G2,10.3,0.6580259648467172
18,G2,10.4,0.6588505578323661
18,G2,10.5,0.6596746100035659
18,G2,10.6,0.6604981301028265
18,G2,10.7,0.661321069524374
18,G2,10.8,0.662143450617382
18,G2,10.9,0.6629652754537472
18,G2,11.0,0.6637865514311319
18,G2,11.1,0.6646072389527651
18,G2,11.2,0.6654273404867619
18,G2,11.3,0.6662468737957392
18,G2,11.4,0.6670658289705599
18,G2,11.5,0.6678842048493565
18,G2,11.6,0.6687019658199342
18,G2,11.7,0.6695191348970069
18,G2,11.8,0.6703357092460103
18,G2,11.9,0.671151701618103
18,G2,12.0,0.6719670565243459
18,G2,12.1,0.6727817958314254
18,G2,12.2,0.673595928629941
18,G2,12.3,0.6744094536751537
18,G2,12.4,0.6752223462664728
18,G2,12.5,0.6760345931434395
18,G2,12.6,0.6768462180740975
18,G2,12.7,0.6776572084022219
18,G2,12.8,0.6784675734573908
18,G2,12.9,0.6792772676661224
18,G2,13.0,0.680086313589052
18,G2,13.1,0.6808947126380528
18,G2,13.2,0.6817024782419037
18,G2,13.3,0.6825095556261549
18,G2,13.4,0.6833159591693506
18,G2,13.5,0.6841217062310947
18,G2,13.6,0.6849267895956009
18,G2,13.7,0.6857311970152296
18,G2,13.8,0.686534900776733
18,G2,13.9,0.6873379278921077
18,G2,14.0,0.6881402682143669
18,G2,14.1,0.6889419373362352
18,G2,14.2,0.6897428809979862
18,G2,14.3,0.6905431212696981
18,G2,14.4,0.6913426641202352
18,G2,14.5,0.6921415197096811
18,G2,14.6,0.692939642532883
18,G2,14.7,0.6937370349866728
18,G2,14.8,0.6945337208634563
18,G2,14.9,0.6953296877648257
18,G2,15.0,0.6961249359616145
18,G2,15.1,0.6969194253147509
18,G2,15.2,0.6977131845475366
18,G2,15.3,0.698506207427065
18,G2,15.4,0.6992985124512885
18,G2,15.5,0.7000900393453205
18,G2,15.6,0.7008808096112911
18,G2,15.7,0.7016708348783567
18,G2,15.8,0.7024601177161544
18,G2,15.9,0.703248627796521
18,G2,16.0,0.7040363514319672
18,G2,16.1,0.7048233193384169
18,G2,16.2,0.7056095139191664
18,G2,16.3,0.706394948515566
18,G2,16.4,0.7071795730655551
18,G2,16.5,0.707963413873007
18,G2,16.6,0.7087464707317893
18,G2,16.7,0.7095287627576838
18,G2,16.8,0.7103102289992134
18,G2,16.9,0.7110908838728709
18,G2,17.0,0.7118707495436122
18,G2,17.1,0.7126498187473546
18,G2,17.2,0.7134280772434487
18,G2,17.3,0.714205495805649
18,G2,17.4,0.7149821084369419
18,G2,17.5,0.7157578977781232
18,G2,17.6,0.7165328866391081
18,G2,17.7,0.7173070163522368
18,G2,17.8,0.7180803091840617
18,G2,17.9,0.7188527733060123
18,G2,18.0,0.7196244233531556
18,G2,18.1,0.7203952065226937
18,G2,18.2,0.7211651262082543
18,G2,18.3,0.7219342117615019
18,G2,18.4,0.7227024492242958
18,G2,18.5,0.7234698392568149
18,G2,18.6,0.7242363380696426
18,G2,18.7,0.7250019805503449
18,G2,18.8,0.725766755964279
18,G2,18.9,0.7265306890436481
18,G2,19.0,0.7272937152063861
18,G2,19.1,0.7280558560453231
18,G2,19.2,0.7288171242489621
18,G2,19.3,0.7295775280594925
18,G2,19.4,0.7303370301296771
18,G2,19.5,0.7310956172640489
18,G2,19.6,0.7318533266856738
18,G2,19.7,0.732610137523818
18,G2,19.8,0.733366064783974
18,G2,19.9,0.7341210551065322
18,G2,20.0,0.7348751398540073
18,G2,20.1,0.7356283150625711
18,G2,20.2,0.7363806069257232
18,G2,20.3,0.7371319473068311
18,G2,20.4,0.7378823534207525
18,G2,20.5,0.73863184911653
18,G2,20.6,0.7393804290308045
18,G2,20.7,0.7401280758695375
18,G2,20.8,0.7408747597283245
18,G2,20.9,0.7416205211084799
18,G2,21.0,0.7423653374131884
18,G2,21.1,0.743109235826429
18,G2,21.2,0.7438521542159713
18,G2,21.3,0.7445941179788311
18,G2,21.4,0.7453351336299199
18,G2,21.5,0.74607522254905
18,G2,21.6,0.746814323633704
18,G2,21.7,0.7475524420942811
18,G2,21.8,0.7482896123002912
18,G2,21.9,0.7490258197695714
18,G2,22.0,0.749761063874635
18,G2,22.1,0.7504952994996061
18,G2,22.2,0.7512285668948582
18,G2,22.3,0.7519608500654964
18,G2,22.4,0.7526921804181448
18,G2,22.5,0.7534224895579276
18,G2,22.6,0.754151798717553
18,G2,22.7,0.7548801227580765
18,G2,22.8,0.7556074744725373
18,G2,22.9,0.7563338098325111
18,G2,23.0,0.7570591172935687
18,G2,23.1,0.7577834387624492
18,G2,23.2,0.7585067521778079
18,G2,23.3,0.7592290723481061
18,G2,23.4,0.7599503434873418
18,G2,23.5,0.7606706029010787
18,G2,23.6,0.7613898419805079
18,G2,23.7,0.7621080929019606
18,G2,23.8,0.7628252839846928
18,G2,23.9,0.7635414327951191
18,G2,24.0,0.7642565639229879
18,G2,24.1,0.7649706767899916
18,G2,24.2,0.7656837486808097
18,G2,24.3,0.7663957501870146
18,G2,24.4,0.7671067282558385
18,G2,24.5,0.7678166555207095
18,G2,24.6,0.7685255623512381
18,G2,24.7,0.7692333840001019
18,G2,24.8,0.769940150228022
18,G2,24.9,0.770645863802561
18,G2,25.0,0.7713505528891227
19,G1,10.0,0.7672172484615891
19,G1,10.1,0.7677515264710194
19,G1,10.2,0.7682851994492401
19,G1,10.3,0.7688182915345909
19,G1,10.4,0.7693507927314897
19,G1,10.5,0.7698826816839266
19,G1,10.6,0.7704139806871989
19,G1,10.7,0.7709446927353987
19,G1,10.8,0.7714747887188287
19,G1,10.9,0.7720042847894014
19,G1,11.0,0.7725331942564795
19,G1,11.1,0.773061490112644
19,G1,11.2,0.7735891750710167
19,G1,11.3,0.7741162696397106
19,G1,11.4,0.7746427564317006
19,G1,11.5,0.7751686211280676
19,G1,11.6,0.7756938889614523
19,G1,11.7,0.7762185541836648
19,G1,11.8,0.7767425916486264
19,G1,11.9,0.7772660229882603
19,G1,12.0,0.7777888541556778
19,G1,12.1,0.7783110556924181
19,G1,12.2,0.7788326411835286
19,G1,12.3,0.7793536265587327
19,G1,12.4,0.779873985958396
19,G1,12.5,0.780393717760179
19,G1,12.6,0.780912844599737
19,G1,12.7,0.7814313521769837
19,G1,12.8,0.7819492225669905
19,G1,12.9,0.7824664801404766
19,G1,13.0,0.782983123778141
19,G1,13.1,0.7834991255609413
19,G1,13.2,0.7840145054555246
19,G1,13.3,0.784529272628941
19,G1,13.4,0.7850433987968941
19,G1,13.5,0.7855568923810362
19,G1,13.6,0.7860697726298713
19,G1,13.7,0.7865820164493033
19,G1,13.8,0.7870936162572938
19,G1,13.9,0.7876045975444163
19,G1,14.0,0.7881149485185721
19,G1,14.1,0.7886246482201005
19,G1,14.2,0.789133720424041
19,G1,14.3,0.7896421677042073
19,G1,14.4,0.7901499601108697
19,G1,14.5,0.79065711518163
19,G1,14.6,0.7911636466334968
19,G1,14.7,0.7916695259940361
19,G1,14.8,0.7921747572334542
19,G1,14.9,0.7926793621659199
19,G1,15.0,0.7931833213715989
19,G1,15.1,0.793686621366152
19,G1,15.2,0.7941892891614892
19,G1,15.3,0.7946913174878867
19,G1,15.4,0.79519268086074
19,G1,15.5,0.7956934030941422
19,G1,15.6,0.7961934895847902
19,G1,15.7,0.7966929093835063
19,G1,15.8,0.7971916781398622
19,G1,15.9,0.797689812190466
19,G1,16.0,0.7981872838518131
19,G1,16.1,0.7986840932762547
19,G1,16.2,0.7991802638718688
19,G1,16.3,0.7996757798343811
19,G1,16.4,0.8001706234476392
19,G1,16.5,0.8006648212636566
19,G1,16.6,0.8011583706219167
19,G1,16.7,0.8016512433844598
19,G1,16.8,0.802143461502412
19,G1,16.9,0.8026350334129816
19,G1,17.0,0.8031259295630692
19,G1,17.1,0.8036161606773586
19,G1,17.2,0.8041057463530433
19,G1,17.3,0.8045946612986776
19,G1,17.4,0.8050828998096151
19,G1,17.5,0.8055704882875254
19,G1,17.6,0.8060574134830387
19,G1,17.7,0.806543654723861
19,G1,17.8,0.8070292374303526
19,G1,17.9,0.8075141632910928
19,G1,18.0,0.807998402036596
19,G1,18.1,0.8084819726010695
19,G1,18.2,0.80896488863146
19,G1,18.3,0.8094471205115324
19,G1,18.4,0.8099286737045815
19,G1,18.5,0.8104095709403346
19,G1,18.6,0.8108897908552017
19,G1,18.7,0.8113693212066235
19,G1,18.8,0.8118481903905628
19,G1,18.9,0.8123263893598973
19,G1,19.0,0.8128038930581307
19,G1,19.1,0.8132807270215069
19,G1,19.2,0.8137568959121237
19,G1,19.3,0.8142323679455251
19,G1,19.4,0.8147071604452815
19,G1,19.5,0.8151812898140774
19,G1,19.6,0.8156547272181115
19,G1,19.7,0.8161274742285285
19,G1,19.8,0.8165995550470531
19,G1,19.9,0.8170709522877704
19,G1,20.0,0.8175416488179015
19,G1,20.1,0.8180116731993495
19,G1,20.2,0.818481021005394
19,G1,20.3,0.8189496641828894
19,G1,20.4,0.8194176264548028
19,G1,20.5,0.8198849157527359
19,G1,20.6,0.8203515011500132
19,G1,20.7,0.8208173957197141
19,G1,20.8,0.8212826191243447
19,G1,20.9,0.8217471442776966
19,G1,21.0,0.822210967499127
19,G1,21.1,0.8226741154626939
19,G1,21.2,0.8231365739885181
19,G1,21.3,0.823598322639682
19,G1,21.4,0.8240593884056299
19,G1,21.5,0.824519771911398
19,G1,21.6,0.8249794426888183
19,G1,21.7,0.8254384216627917
19,G1,21.8,0.8258967213943594
19,G1,21.9,0.8263543116259406
19,G1,22.0,0.8268111997230658
19,G1,22.1,0.8272674086767156
19,G1,22.2,0.8277229152951686
19,G1,22.3,0.8281777091104521
19,G1,22.4,0.8286318193621961
19,G1,22.5,0.8290852351932042
19,G1,22.6,0.8295379326331725
19,G1,22.7,0.8299899382279297
19,G1,22.8,0.8304412560707499
19,G1,22.9,0.8308918540470733
19,G1,23.0,0.8313417506251071
19,G1,23.1,0.8317909623799258
19,G1,23.2,0.8322394594221046
19,G1,23.3,0.832687244818954
19,G1,23.4,0.8331343433677918
19,G1,23.5,0.833580736090721
19,G1,23.6,0.8340264068309344
19,G1,23.7,0.8344713856762123
19,G1,23.8,0.8349156666271977
19,G1,23.9,0.8353592219606469
19,G1,24.0,0.8358020768367113
19,G1,24.1,0.8362442387942135
19,G1,24.2,0.8366856756990563
19,G1,24.3,0.8371264028593056
19,G1,24.4,0.8375664396075171
19,G1,24.5,0.8380057577305784
19,G1,24.6,0.8384443553897611
19,G1,24.7,0.8388822593806274
19,G1,24.8,0.8393194544784774
19,G1,24.9,0.8397559207387253
19,G1,25.0,0.8401916867798516
19,G2,10.0,0.6902446109825784
19,G2,10.1,0.6908458781610871
19,G2,10.2,0.6914467505303239
19,G2,10.3,0.6920472118807637
19,G2,10.4,0.6926472795515513
19,G2,10.5,0.6932469457021904
19,G2,10.6,0.6938462047103852
19,G2,10.7,0.694445054835297
19,G2,10.8,0.6950435040345031
19,G2,10.9,0.6956415451900673
19,G2,11.0,0.6962391620973948
19,G2,11.1,0.6968363796689933
19,G2,11.2,0.697433187413873
19,G2,11.3,0.6980295604055832
19,G2,11.4,0.6986255303646589
19,G2,11.5,0.6992210822444874
19,G2,11.6,0.6998162046975167
19,G2,11.7,0.7004109093096199
19,G2,11.8,0.7010051922123459
19,G2,11.9,0.701599048268486
19,G2,12.0,0.7021924703300826
19,G2,12.1,0.702785473471805
19,G2,12.2,0.7033780482268449
19,G2,12.3,0.7039701739891845
19,G2,12.4,0.7045618814044686
19,G2,12.5,0.705153157759953
19,G2,12.6,0.7057439791757131
19,G2,12.7,0.7063343751738687
19,G2,12.8,0.7069243324108255
19,G2,12.9,0.7075138409361599
19,G2,13.0,0.7081029081281767
19,G2,13.1,0.7086915340937803
19,G2,13.2,0.7092797144182773
19,G2,13.3,0.7098674359722263
19,G2,13.4,0.7104547203397279
19,G2,13.5,0.7110415569661952
19,G2,13.6,0.7116279215455001
19,G2,13.7,0.7122138478048939
19,G2,13.8,0.7127993225021504
19,G2,13.9,0.7133843237553792
19,G2,14.0,0.7139688762204133
19,G2,14.1,0.7145529703151905
19,G2,14.2,0.7151365971706365
19,G2,14.3,0.7157197586006235
19,G2,14.4,0.7163024620949122
19,G2,14.5,0.7168847001664347
19,G2,14.6,0.7174664553207563
19,G2,14.7,0.7180477559368982
19,G2,14.8,0.7186285904502904
19,G2,14.9,0.7192089297590355
19,G2,15.0,0.7197888118322242
19,G2,15.1,0.7203682207292708
19,G2,15.2,0.7209471399674052
19,G2,15.3,0.7215255873338804
19,G2,15.4,0.7221035569475885
19,G2,15.5,0.7226810422988417
19,G2,15.6,0.7232580375340637
19,G2,15.7,0.7238345592131464
19,G2,15.8,0.724410596578148
19,G2,15.9,0.7249861270942978
19,G2,16.0,0.7255611862665977
19,G2,16.1,0.7261357595692692
19,G2,16.2,0.7267098186998885
19,G2,16.3,0.727283400376574
19,G2,16.4,0.7278564887608668
19,G2,16.5,0.7284290711032771
19,G2,16.6,0.7290011582432012
19,G2,16.7,0.7295727506470396
19,G2,16.8,0.7301438414933082
19,G2,16.9,0.7307144186533399
19,G2,17.0,0.731284506114998
19,G2,17.1,0.7318540913223603
19,G2,17.2,0.7324231478310345
19,G2,17.3,0.7329917148696086
19,G2,17.4,0.7335597776867397
19,G2,17.5,0.7341273088969673
19,G2,17.6,0.7346943410558777
19,G2,17.7,0.7352608621543713
19,G2,17.8,0.7358268601495246
19,G2,17.9,0.7363923409383626
19,G2,18.0,0.7369573108489447
19,G2,18.1,0.7375217622433498
19,G2,18.2,0.7380856769954192
19,G2,18.3,0.7386490861891227
19,G2,18.4,0.7392119770452523
19,G2,18.5,0.7397743176872726
19,G2,18.6,0.7403361509583426
19,G2,18.7,0.7408974606022103
19,G2,18.8,0.7414582246533222
19,G2,18.9,0.7420184674568202
19,G2,19.0,0.7425781815237352
19,G2,19.1,0.7431373579232482
19,G2,19.2,0.7436959932717044
19,G2,19.3,0.7442541047729756
19,G2,19.4,0.7448116802851215
19,G2,19.5,0.745368696604666
19,G2,19.6,0.7459251926405357
19,G2,19.7,0.7464811531742915
19,G2,19.8,0.7470365448144916
19,G2,19.9,0.747591411736448
19,G2,20.0,0.7481457357090396
19,G2,20.1,0.7486995006905851
19,G2,20.2,0.7492527221213958
19,G2,20.3,0.7498053997976457
19,G2,20.4,0.7503575243443961
19,G2,20.5,0.7509090858974291
19,G2,20.6,0.7514601095247523
19,G2,20.7,0.7520105817620091
19,G2,20.8,0.7525604735077619
19,G2,20.9,0.7531098294610918
19,G2,21.0,0.7536586331861479
19,G2,21.1,0.7542068524455465
19,G2,21.2,0.7547545273962029
19,G2,21.3,0.755301643407068
19,G2,21.4,0.7558481854580356
19,G2,21.5,0.7563941638485037
19,G2,21.6,0.7569395831526562
19,G2,21.7,0.7574844357448391
19,G2,21.8,0.7580287035220109
19,G2,21.9,0.7585724195128649
19,G2,22.0,0.75911556970672
19,G2,22.1,0.7596581202798406
19,G2,22.2,0.7602001186021295
19,G2,22.3,0.7607415478245187
19,G2,22.4,0.761282380500582
19,G2,22.5,0.7618226480078174
19,G2,22.6,0.7623623409596212
19,G2,22.7,0.7629014475041137
19,G2,22.8,0.7634399682779534
19,G2,22.9,0.763977919250585
19,G2,23.0,0.7645152881177738
19,G2,23.1,0.7650520512968122
19,G2,23.2,0.7655882500406517
19,G2,23.3,0.766123868964703
19,G2,23.4,0.7666588696532926
19,G2,23.5,0.7671933035703948
19,G2,23.6,0.767727150516927
19,G2,23.7,0.7682603903211134
19,G2,23.8,0.7687930445301683
19,G2,23.9,0.7693251105182326
19,G2,24.0,0.7698565777302058
19,G2,24.1,0.7703874381496962
19,G2,24.2,0.7709177175611223
19,G2,24.3,0.7714474014476357
19,G2,24.4,0.771976459615899
19,G2,24.5,0.772504940640019
19,G2,24.6,0.7730328265051752
19,G2,24.7,0.7735600812376945
19,G2,24.8,0.7740867517771902
19,G2,24.9,0.7746128205635702
19,G2,25.0,0.7751382706746756
20,G1,10.0,0.8162499204441414
20,G1,10.1,0.8164661916785487
20,G1,10.2,0.8166823193653786
20,G1,10.3,0.8168983110459621
20,G1,10.4,0.8171141576362575
20,G1,10.5,0.8173298594465417
20,G1,10.6,0.817545425092076
20,G1,10.7,0.8177608477244369
20,G1,10.8,0.8179761218756765
20,G1,10.9,0.8181912615990035
20,G1,11.0,0.8184062573581998
20,G1,11.1,0.8186211078814885
20,G1,11.2,0.8188358193332608
20,G1,11.3,0.8190503885297874
20,G1,11.4,0.8192648142085929
20,G1,11.5,0.819479094767607
20,G1,11.6,0.8196932388467986
20,G1,11.7,0.8199072355846468
20,G1,11.8,0.8201210881173752
20,G1,11.9,0.8203348031175667
20,G1,12.0,0.8205483734996593
20,G1,12.1,0.8207617958424661
20,G1,12.2,0.820975082121451
20,G1,12.3,0.8211882245031952
20,G1,12.4,0.8214012182069749
20,G1,12.5,0.82161407526119
20,G1,12.6,0.8218267869278406
20,G1,12.7,0.8220393548450982
20,G1,12.8,0.8222517781722882
20,G1,12.9,0.8224640621792471
20,G1,13.0,0.8226761990501041
20,G1,13.1,0.8228881908191259
20,G1,13.2,0.823100044546673
20,G1,13.3,0.8233117515698004
20,G1,13.4,0.8235233115216383
20,G1,13.5,0.8237347335962718
20,G1,13.6,0.8239460110261603
20,G1,13.7,0.8241571380650654
20,G1,13.8,0.8243681286205475
20,G1,13.9,0.824578973122173
20,G1,14.0,0.8247896715416418
20,G1,14.1,0.8250002276933295
20,G1,14.2,0.825210640758951
20,G1,14.3,0.8254209079638479
20,G1,14.4,0.8256310282207899
20,G1,14.5,0.8258410102550733
20,G1,14.6,0.8260508435729751
20,G1,14.7,0.8262605302925249
20,G1,14.8,0.8264700779604873
20,G1,14.9,0.8266794794876722
20,G1,15.0,0.8268887305535599
20,G1,15.1,0.8270978441753787
20,G1,15.2,0.8273068119768408
20,G1,15.3,0.8275156300198032
20,G1,15.4,0.8277243087085141
20,G1,15.5,0.8279328409042288
20,G1,15.6,0.8281412275899331
20,G1,15.7,0.8283494671318671
20,G1,15.8,0.8285575665547249
20,G1,15.9,0.8287655167340816
20,G1,16.0,0.828973320164349
20,G1,16.1,0.8291809836973167
20,G1,16.2,0.8293884992186769
20,G1,16.3,0.8295958654198504
20,G1,16.4,0.8298030923301644
20,G1,16.5,0.8300101730493318
20,G1,16.6,0.8302171017661574
20,G1,16.7,0.830423892206401
20,G1,16.8,0.8306305347245961
20,G1,16.9,0.8308370303863742
20,G1,17.0,0.8310433806413838
20,G1,17.1,0.8312495874157064
20,G1,17.2,0.8314556459325092
20,G1,17.3,0.8316615561406686
20,G1,17.4,0.8318673263216718
20,G1,17.5,0.8320729467966668
20,G1,17.6,0.832278418431145
20,G1,17.7,0.8324837496217812
20,G1,17.8,0.8326889333910873
20,G1,17.9,0.8328939645265994
20,G1,18.0,0.8330988570282101
20,G1,18.1,0.8333036017889626
20,G1,18.2,0.833508196144169
20,G1,18.3,0.8337126484052205
20,G1,18.4,0.8339169534525868
20,G1,18.5,0.8341211112394975
20,G1,18.6,0.8343251197604035
20,G1,18.7,0.8345289875598105
20,G1,18.8,0.8347327040797138
20,G1,18.9,0.8349362723371841
20,G1,19.0,0.8351396989620694
20,G1,19.1,0.8353429767580671
20,G1,19.2,0.8355461029767978
20,G1,19.3,0.8357490886921624
20,G1,19.4,0.8359519268930231
20,G1,19.5,0.8361546117572809
20,G1,19.6,0.836357156603311
20,G1,19.7,0.836559552055508
20,G1,19.8,0.8367617996118218
20,G1,19.9,0.8369638993204686
20,G1,20.0,0.8371658551106553
20,G1,20.1,0.8373676605224727
20,G1,20.2,0.8375693164097086
20,G1,20.3,0.8377708307516691
20,G1,20.4,0.8379721944474117
20,G1,20.5,0.838173407325872
20,G1,20.6,0.8383744784964341
20,G1,20.7,0.8385754012967697
20,G1,20.8,0.8387761696156506
20,G1,20.9,0.8389767980111741
20,G1,21.0,0.8391772770291734
20,G1,21.1,0.8393776052304605
20,G1,21.2,0.8395777885997865
20,G1,21.3,0.8397778244987177
20,G1,21.4,0.8399777113485879
20,G1,21.5,0.8401774473574382
20,G1,21.6,0.8403770417422745
20,G1,21.7,0.8405764833963573
20,G1,21.8,0.8407757751765229
20,G1,21.9,0.8409749241784367
20,G1,22.0,0.8411739235047057
20,G1,22.1,0.8413727690180753
20,G1,22.2,0.8415714733273815
20,G1,22.3,0.8417700287034311
20,G1,22.4,0.8419684299573666
20,G1,22.5,0.8421666892709496
20,G1,22.6,0.8423647981611734
20,G1,22.7,0.8425627581457973
20,G1,22.8,0.8427605680626
20,G1,22.9,0.8429582338674911
20,G1,23.0,0.8431557473634586
20,G1,23.1,0.8433531104667428
20,G1,23.2,0.8435503305877856
20,G1,23.3,0.8437473991708899
20,G1,23.4,0.843944315301454
20,G1,23.5,0.8441410886600507
20,G1,23.6,0.8443377126936376
20,G1,23.7,0.8445341810597258
20,G1,23.8,0.8447305080687856
20,G1,23.9,0.8449266842554157
20,G1,24.0,0.8451227095115803
20,G1,24.1,0.845318587347427
20,G1,24.2,0.8455143175791017
20,G1,24.3,0.8457098970832129
20,G1,24.4,0.8459053246049444
20,G1,24.5,0.8461006093490601
20,G1,24.6,0.8462957407727102
20,G1,24.7,0.8464907205588221
20,G1,24.8,0.8466855566879098
20,G1,24.9,0.8468802422921966
20,G1,25.0,0.8470747723889187
20,G2,10.0,0.7629779569485358
20,G2,10.1,0.7632246526096718
20,G2,10.2,0.763471240806478
20,G2,10.3,0.7637176987329999
20,G2,10.4,0.7639640340453676
20,G2,10.5,0.7642102646941945
20,G2,10.6,0.7644563589374892
20,G2,10.7,0.7647023347281672
20,G2,10.8,0.7649481986290912
20,G2,10.9,0.765193935249965
20,G2,11.0,0.7654395510861498
20,G2,11.1,0.7656850468266131
20,G2,11.2,0.7659304251250645
20,G2,11.3,0.7661756774804213
20,G2,11.4,0.7664208036595982
20,G2,11.5,0.7666658186257277
20,G2,11.6,0.7669107063450636
20,G2,11.7,0.7671554662897933
20,G2,11.8,0.767400121624684
20,G2,11.9,0.7676446387495933
20,G2,12.0,0.7678890344384001
20,G2,12.1,0.7681333212207595
20,G2,12.2,0.7683774736389124
20,G2,12.3,0.7686215061212391
20,G2,12.4,0.7688654191312482
20,G2,12.5,0.7691092098393836
20,G2,12.6,0.7693528740522887
20,G2,12.7,0.7695964143744642
20,G2,12.8,0.769839836776378
20,G2,12.9,0.7700831326789968
20,G2,13.0,0.7703262997872492
20,G2,13.1,0.7705693579855742
20,G2,13.2,0.770812280080807
20,G2,13.3,0.7710550772884963
20,G2,13.4,0.7712977666103339
20,G2,13.5,0.7715403164110897
20,G2,13.6,0.7717827447003826
20,G2,13.7,0.7720250562406388
20,G2,13.8,0.7722672390282072
20,G2,13.9,0.7725092970275108
20,G2,14.0,0.7727512309767304
20,G2,14.1,0.7729930442421988
20,G2,14.2,0.7732347285742533
20,G2,14.3,0.7734762836332829
20,G2,14.4,0.7737177250022521
20,G2,14.5,0.7739590341460315
20,G2,14.6,0.7742002135585658
20,G2,14.7,0.7744412849019334
20,G2,14.8,0.7746822142052469
20,G2,14.9,0.7749230197352528
20,G2,15.0,0.7751637121185658
20,G2,15.1,0.7754042676990264
20,G2,15.2,0.7756446999523874
20,G2,15.3,0.7758850088608362
20,G2,15.4,0.7761251933238165
20,G2,15.5,0.7763652478733498
20,G2,15.6,0.7766051736927259
20,G2,15.7,0.7768449801261692
20,G2,15.8,0.7770846564878551
20,G2,15.9,0.7773242002598486
20,G2,16.0,0.7775636336580916
20,G2,16.1,0.7778029257270368
20,G2,16.2,0.7780420905784914
20,G2,16.3,0.7782811440972988
20,G2,16.4,0.7785200554819733
20,G2,16.5,0.7787588430027407
20,G2,16.6,0.7789975085520763
20,G2,16.7,0.7792360441335563
20,G2,16.8,0.779474450620165
20,G2,16.9,0.7797127300195222
20,G2,17.0,0.7799508851104741
20,G2,17.1,0.7801889089576229
20,G2,17.2,0.7804268003322447
20,G2,17.3,0.7806645757651981
20,G2,17.4,0.7809022139377196
20,G2,17.5,0.7811397208877621
20,G2,17.6,0.7813771162588617
20,G2,17.7,0.7816143661089986
20,G2,17.8,0.7818514899604779
20,G2,17.9,0.782088496076547
20,G2,18.0,0.7823253640988947
20,G2,18.1,0.7825621050774594
20,G2,18.2,0.7827987190021424
20,G2,18.3,0.7830352062536554
20,G2,18.4,0.7832715607085844
20,G2,18.5,0.7835077815640457
20,G2,18.6,0.7837438821688807
20,G2,18.7,0.7839798487246594
20,G2,18.8,0.7842156795466925
20,G2,18.9,0.7844513983548616
20,G2,19.0,0.7846869710147464
20,G2,19.1,0.784922414239467
20,G2,19.2,0.7851577426246725
20,G2,19.3,0.785392926706382
20,G2,19.4,0.7856279844339252
20,G2,19.5,0.7858629156951651
20,G2,19.6,0.7860977155672673
20,G2,19.7,0.7863323822115809
20,G2,19.8,0.7865669186319397
20,G2,19.9,0.7868013280359765
20,G2,20.0,0.7870356036247101
20,G2,20.1,0.7872697436211136
20,G2,20.2,0.787503765881953
20,G2,20.3,0.787737645785756
20,G2,20.4,0.7879713930065747
20,G2,20.5,0.7882050256267072
20,G2,20.6,0.7884385094376956
20,G2,20.7,0.7886718651014584
20,G2,20.8,0.7889050985146605
20,G2,20.9,0.7891381928657358
20,G2,21.0,0.7893711565492579
20,G2,21.1,0.7896039896408937
20,G2,21.2,0.7898366939749463
20,G2,21.3,0.7900692620168239
20,G2,21.4,0.7903016934499095
20,G2,21.5,0.790534003155247
20,G2,21.6,0.7907661745979375
20,G2,21.7,0.7909982080088851
20,G2,21.8,0.7912301272060991
20,G2,21.9,0.7914618959426346
20,G2,22.0,0.7916935338263802
20,G2,22.1,0.791925052988138
20,G2,22.2,0.7921564258886484
20,G2,22.3,0.7923876694982497
20,G2,22.4,0.7926187834210842
20,G2,22.5,0.7928497639021874
20,G2,22.6,0.7930806079646509
20,G2,22.7,0.7933113179488038
20,G2,22.8,0.7935418992822773
20,G2,22.9,0.7937723439456297
20,G2,23.0,0.7940026496607531
20,G2,23.1,0.794232836945561
20,G2,23.2,0.7944628764067583
20,G2,23.3,0.7946927816340931
20,G2,23.4,0.7949225695905278
20,G2,23.5,0.7951522062888823
20,G2,23.6,0.7953817123888997
20,G2,23.7,0.795611091838259
20,G2,23.8,0.7958403315142275
20,G2,23.9,0.7960694370295411
20,G2,24.0,0.7962984085928251
20,G2,24.1,0.7965272486894287
20,G2,24.2,0.7967559502176744
20,G2,24.3,0.7969845126469354
20,G2,24.4,0.7972129515458898
20,G2,24.5,0.7974412475475188
20,G2,24.6,0.7976694044550368
20,G2,24.7,0.7978974440706683
20,G2,24.8,0.7981253301876363
20,G2,24.9,0.798353083694703
20,G2,25.0,0.7985807147048875
21,G1,10.0,0.8002783795633642
21,G1,10.1,0.800972769565732
21,G1,10.2,0.8016658525756352
21,G1,10.3,0.8023576288686263
21,G1,10.4,0.8030481143828812
21,G1,10.5,0.8037373092585538
21,G1,10.6,0.8044252155380373
21,G1,10.7,0.8051118148511464
21,G1,10.8,0.8057970945120854
21,G1,10.9,0.8064810487240006
21,G1,11.0,0.8071636974449927
21,G1,11.1,0.8078450408089182
21,G1,11.2,0.8085250828890157
21,G1,11.3,0.8092038081640839
21,G1,11.4,0.8098812008368016
21,G1,11.5,0.8105572547549131
21,G1,11.6,0.8112319859796033
21,G1,11.7,0.8119053985056428
21,G1,11.8,0.81257749670095
21,G1,11.9,0.8132482693443459
21,G1,12.0,0.8139176977716125
21,G1,12.1,0.8145857749668814
21,G1,12.2,0.8152525128354926
21,G1,12.3,0.8159179200623149
21,G1,12.4,0.8165819984502051
21,G1,12.5,0.8172447439678264
21,G1,12.6,0.8179061357319364
21,G1,12.7,0.8185661650513641
21,G1,12.8,0.8192248376672769
21,G1,12.9,0.8198821681238131
21,G1,13.0,0.8205381565183594
21,G1,13.1,0.8211928040496488
21,G1,13.2,0.8218460898027654
21,G1,13.3,0.8224980037745163
21,G1,13.4,0.8231485448069163
21,G1,13.5,0.8237977316443797
21,G1,13.6,0.82444556498358
21,G1,13.7,0.8250920482079523
21,G1,13.8,0.8257371636686879
21,G1,13.9,0.8263808980672932
21,G1,14.0,0.8270232456755997
21,G1,14.1,0.8276642277003032
21,G1,14.2,0.8283038448907573
21,G1,14.3,0.8289421028829375
21,G1,14.4,0.8295789873561293
21,G1,14.5,0.8302144815867912
21,G1,14.6,0.8308485798539152
21,G1,14.7,0.8314812984991374
21,G1,14.8,0.8321126434792023
21,G1,14.9,0.8327426192755936
21,G1,15.0,0.8333712166664802
21,G1,15.1,0.8339984166022418
21,G1,15.2,0.8346242119340715
21,G1,15.3,0.8352486145273181
21,G1,15.4,0.8358716350198749
21,G1,15.5,0.8364932753397225
21,G1,15.6,0.8371135340117062
21,G1,15.7,0.8377323896789047
21,G1,15.8,0.8383498337993057
21,G1,15.9,0.8389658714127873
21,G1,16.0,0.8395805188694416
21,G1,16.1,0.8401937770786472
21,G1,16.2,0.8408056486885995
21,G1,16.3,0.8414161140806128
21,G1,16.4,0.8420251622361214
21,G1,16.5,0.8426327912232355
21,G1,16.6,0.8432390221612263
21,G1,16.7,0.8438438562507833
21,G1,16.8,0.84444729807329
21,G1,16.9,0.8450493310548015
21,G1,17.0,0.8456499412073427
21,G1,17.1,0.8462491240028003
21,G1,17.2,0.8468468999271229
21,G1,17.3,0.8474432715349673
21,G1,17.4,0.8480382453803241
21,G1,17.5,0.8486318086826548
21,G1,17.6,0.8492239440446463
21,G1,17.7,0.849814646557322
21,G1,17.8,0.8504039319394279
21,G1,17.9,0.8509918084245125
21,G1,18.0,0.8515782800053106
21,G1,18.1,0.8521633404923705
21,G1,18.2,0.8527469702264158
21,G1,18.3,0.8533291621612357
21,G1,18.4,0.8539099272384525
21,G1,18.5,0.8544892786501389
21,G1,18.6,0.8550672183359966
21,G1,18.7,0.8556437468546684
21,G1,18.8,0.8562188433410639
21,G1,18.9,0.856792499285874
21,G1,19.0,0.8573647185229191
21,G1,19.1,0.8579355194511035
21,G1,19.2,0.8585049036284977
21,G1,19.3,0.85907287500879
21,G1,19.4,0.8596394152793668
21,G1,19.5,0.8602045130288518
21,G1,19.6,0.8607681656084086
21,G1,19.7,0.8613303959514798
21,G1,19.8,0.8618912053816151
21,G1,19.9,0.862450600123277
21,G1,20.0,0.8630085646850415
21,G1,20.1,0.8635650845971395
21,G1,20.2,0.8641201564706071
21,G1,20.3,0.8646737996440569
21,G1,20.4,0.8652260190393998
21,G1,20.5,0.865776821403209
21,G1,20.6,0.8663261957889116
21,G1,20.7,0.8668741246304122
21,G1,20.8,0.8674206034774015
21,G1,20.9,0.8679656475180614
21,G1,21.0,0.8685092666192272
21,G1,21.1,0.8690514645964282
21,G1,21.2,0.8695922382852733
21,G1,21.3,0.8701315678034623
21,G1,21.4,0.8706694464868089
21,G1,21.5,0.8712058834278787
21,G1,21.6,0.871740894742694
21,G1,21.7,0.872274482105264
21,G1,21.8,0.8728066481270647
21,G1,21.9,0.873337372734799
21,G1,22.0,0.8738666476609083
21,G1,22.1,0.8743944750947988
21,G1,22.2,0.874920875596397
21,G1,22.3,0.8754458511421486
21,G1,22.4,0.8759694069399739
21,G1,22.5,0.8764915259981585
21,G1,22.6,0.877012196687609
21,G1,22.7,0.8775314163432647
21,G1,22.8,0.8780492084937941
21,G1,22.9,0.8785655748209105
21,G1,23.0,0.8790805229471252
21,G1,23.1,0.8795940391266599
21,G1,23.2,0.8801061084115448
21,G1,23.3,0.8806167278885191
21,G1,23.4,0.8811259164365606
21,G1,23.5,0.8816336807870805
21,G1,23.6,0.8821400274672274
21,G1,23.7,0.882644947907522
21,G1,23.8,0.8831484248108636
21,G1,23.9,0.8836504535466562
21,G1,24.0,0.8841510487593968
21,G1,24.1,0.8846502218950159
21,G1,24.2,0.8851479766210405
21,G1,24.3,0.8856443125273082
21,G1,24.4,0.886139209903049
21,G1,24.5,0.886632662309987
21,G1,24.6,0.8871246777771503
21,G1,24.7,0.8876152737340912
21,G1,24.8,0.8881044523909162
21,G1,24.9,0.8885922178377309
21,G1,25.0,0.8890785518196186
21,G2,10.0,0.6985876019553271
21,G2,10.1,0.6994225717959033
21,G2,10.2,0.7002567290857633
21,G2,10.3,0.7010900920282614
21,G2,10.4,0.7019226235139195
21,G2,10.5,0.7027543177739678
21,G2,10.6,0.7035851622038524
21,G2,10.7,0.7044151485912054
21,G2,10.8,0.7052442844732669
21,G2,10.9,0.7060725991794422
21,G2,11.0,0.7069000641377756
21,G2,11.1,0.7077266631919007
21,G2,11.2,0.7085523897113487
21,G2,11.3,0.7093772340777913
21,G2,11.4,0.710201189541372
21,G2,11.5,0.7110242962164823
21,G2,11.6,0.7118465359694073
21,G2,11.7,0.712667880813864
21,G2,11.8,0.7134883307750468
21,G2,11.9,0.7143078737633689
21,G2,12.0,0.71512649489492
21,G2,12.1,0.7159442364495576
21,G2,12.2,0.7167610943969495
21,G2,12.3,0.7175770296700132
21,G2,12.4,0.7183920477602415
21,G2,12.5,0.7192061319328632
21,G2,12.6,0.7200192674302006
21,G2,12.7,0.7208314895637812
21,G2,12.8,0.7216428101369524
21,G2,12.9,0.7224531850513564
21,G2,13.0,0.7232626177933441
21,G2,13.1,0.7240710899627505
21,G2,13.2,0.7248785909720291
21,G2,13.3,0.7256851422780356
21,G2,13.4,0.7264907705051539
21,G2,13.5,0.7272954358299792
21,G2,13.6,0.7280991314211052
21,G2,13.7,0.7289018444378365
21,G2,13.8,0.7297035651571714
21,G2,13.9,0.7305042989638882
21,G2,14.0,0.7313040843990379
21,G2,14.1,0.7321028928276435
21,G2,14.2,0.7329007038743339
21,G2,14.3,0.7336975136188776
21,G2,14.4,0.7344933097900234
21,G2,14.5,0.7352880822482241
21,G2,14.6,0.7360818800855637
21,G2,14.7,0.7368746879167358
21,G2,14.8,0.7376664708703514
21,G2,14.9,0.738457233465329
21,G2,15.0,0.7392469595482469
21,G2,15.1,0.7400356335989464
21,G2,15.2,0.7408233022413481
21,G2,15.3,0.7416099676538958
21,G2,15.4,0.7423955835225031
21,G2,15.5,0.7431801594944163
21,G2,15.6,0.7439636741538718
21,G2,15.7,0.7447461138931174
21,G2,15.8,0.7455275150456
21,G2,15.9,0.7463078976773445
21,G2,16.0,0.7470872125502231
21,G2,16.1,0.7478654631731521
21,G2,16.2,0.7486426302063235
21,G2,16.3,0.7494187035828095
21,G2,16.4,0.7501937027269854
21,G2,16.5,0.7509676626753932
21,G2,16.6,0.7517405429124242
21,G2,16.7,0.7525123336046133
21,G2,16.8,0.75328302429849
21,G2,16.9,0.7540526024936782
21,G2,17.0,0.7548210700916379
21,G2,17.1,0.7555884754435278
21,G2,17.2,0.7563547913905216
21,G2,17.3,0.7571199920276241
21,G2,17.4,0.7578840772142077
21,G2,17.5,0.758647031808126
21,G2,17.6,0.7594088430317593
21,G2,17.7,0.7601695665088685
21,G2,17.8,0.760929192004487
21,G2,17.9,0.7616876766748579
21,G2,18.0,0.7624450306253622
21,G2,18.1,0.7632012334609377
21,G2,18.2,0.7639562690142505
21,G2,18.3,0.7647101869948318
21,G2,18.4,0.7654629970230175
21,G2,18.5,0.766214645990103
21,G2,18.6,0.7669651470668515
21,G2,18.7,0.7677144752226273
21,G2,18.8,0.768462617548863
21,G2,18.9,0.7692096101440822
21,G2,19.0,0.7699554814389769
21,G2,19.1,0.7707001791511926
21,G2,19.2,0.7714437058837736
21,G2,19.3,0.7721860429364238
21,G2,19.4,0.7729271794349587
21,G2,19.5,0.7736671317621089
21,G2,19.6,0.7744059433866142
21,G2,19.7,0.7751435750275936
21,G2,19.8,0.7758800124915818
21,G2,19.9,0.7766152488151424
21,G2,20.0,0.7773492692214279
21,G2,20.1,0.7780820706392392
21,G2,20.2,0.778813710928868
21,G2,20.3,0.7795441661218715
21,G2,20.4,0.7802734036826369
21,G2,20.5,0.7810014283301909
21,G2,20.6,0.7817282217634846
21,G2,20.7,0.7824537689506026
21,G2,20.8,0.7831781302776778
21,G2,20.9,0.7839013017755486
21,G2,21.0,0.7846232339726756
21,G2,21.1,0.7853439413041561
21,G2,21.2,0.7860633995250377
21,G2,21.3,0.7867815926335991
21,G2,21.4,0.7874985713820165
21,G2,21.5,0.7882143535942266
21,G2,21.6,0.7889288813289137
21,G2,21.7,0.7896421687983204
21,G2,21.8,0.7903541894293281
21,G2,21.9,0.7910649317424289
21,G2,22.0,0.7917744283647836
21,G2,22.1,0.7924827164168309
21,G2,22.2,0.7931897438273037
21,G2,22.3,0.7938955105200318
21,G2,22.4,0.7945999997106331
21,G2,22.5,0.795303198673214
21,G2,22.6,0.7960051198500081
21,G2,22.7,0.7967058154094302
21,G2,22.8,0.7974052487727854
21,G2,22.9,0.798103400237053
21,G2,23.0,0.7988002674527924
21,G2,23.1,0.7994958329198731
21,G2,23.2,0.8001900892662174
21,G2,23.3,0.8008831017541821
21,G2,23.4,0.8015748515750339
21,G2,23.5,0.80226529871559
21,G2,23.6,0.8029544536545836
21,G2,23.7,0.8036422942702792
21,G2,23.8,0.8043288051255802
21,G2,23.9,0.8050140481861813
21,G2,24.0,0.805698027576448
21,G2,24.1,0.8063806871218845
21,G2,24.2,0.8070620458332111
21,G2,24.3,0.8077420752281422
21,G2,24.4,0.8084207612784537
21,G2,24.5,0.8090981528189314
21,G2,24.6,0.8097742767560769
21,G2,24.7,0.8104490720282125
21,G2,24.8,0.8111225518133001
21,G2,24.9,0.8117946903467399
21,G2,25.0,0.8124654767448644
22,G1,10.0,0.7901893572773504
22,G1,10.1,0.7910090641700291
22,G1,10.2,0.7918271135819848
22,G1,10.3,0.7926434994133768
22,G1,10.4,0.79345821234072
22,G1,10.5,0.7942712430082516
22,G1,10.6,0.7950825937650019
22,G1,10.7,0.7958922605635878
22,G1,10.8,0.7967002324644548
22,G1,10.9,0.7975065155993306
22,G1,11.0,0.7983111057939763
22,G1,11.1,0.7991140016524405
22,G1,11.2,0.7999152007216157
22,G1,11.3,0.80071469549158
22,G1,11.4,0.8015124752090004
22,G1,11.5,0.8023085352829264
22,G1,11.6,0.8031028823485274
22,G1,11.7,0.8038955001196993
22,G1,11.8,0.8046863936804207
22,G1,11.9,0.8054755607319616
22,G1,12.0,0.8062630006042395
22,G1,12.1,0.8070487117565924
22,G1,12.2,0.8078326890036536
22,G1,12.3,0.8086149217870243
22,G1,12.4,0.809395401855684
22,G1,12.5,0.8101741365064072
22,G1,12.6,0.8109511165772252
22,G1,12.7,0.811726335949595
22,G1,12.8,0.8124998002639413
22,G1,12.9,0.8132715061536152
22,G1,13.0,0.8140414535484897
22,G1,13.1,0.8148096392780257
22,G1,13.2,0.8155760548054201
22,G1,13.3,0.81634069147218
22,G1,13.4,0.8171035482562595
22,G1,13.5,0.8178646286739238
22,G1,13.6,0.8186239175831423
22,G1,13.7,0.8193814237650994
22,G1,13.8,0.8201371435199665
22,G1,13.9,0.8208910775647186
22,G1,14.0,0.8216432245483298
22,G1,14.1,0.8223935788778125
22,G1,14.2,0.8231421302174974
22,G1,14.3,0.8238888725162302
22,G1,14.4,0.8246338151775557
22,G1,14.5,0.8253769452060244
22,G1,14.6,0.8261182624529535
22,G1,14.7,0.8268577705696626
22,G1,14.8,0.8275954675338243
22,G1,14.9,0.8283313550583994
22,G1,15.0,0.8290654279952546
22,G1,15.1,0.8297976779668667
22,G1,15.2,0.8305280975071269
22,G1,15.3,0.831256690964523
22,G1,15.4,0.8319834557724802
22,G1,15.5,0.8327083820940181
22,G1,15.6,0.8334314784848765
22,G1,15.7,0.8341527420453069
22,G1,15.8,0.8348721738851975
22,G1,15.9,0.8355897732911551
22,G1,16.0,0.8363055333113157
22,G1,16.1,0.8370194452303417
22,G1,16.2,0.8377315059199739
22,G1,16.3,0.8384417243709713
22,G1,16.4,0.8391500848852231
22,G1,16.5,0.8398565949404417
22,G1,16.6,0.8405612537458672
22,G1,16.7,0.8412640625477601
22,G1,16.8,0.8419650221623788
22,G1,16.9,0.842664128306954
22,G1,17.0,0.8433613717654135
22,G1,17.1,0.844056746116004
22,G1,17.2,0.8447502608449629
22,G1,17.3,0.8454419078998002
22,G1,17.4,0.8461316827188525
22,G1,17.5,0.846819593157487
22,G1,17.6,0.8475056370757142
22,G1,17.7,0.8481898171265735
22,G1,17.8,0.848872131455257
22,G1,17.9,0.8495525723738099
22,G1,18.0,0.8502311334390394
22,G1,18.1,0.8509078152228851
22,G1,18.2,0.8515826231885824
22,G1,18.3,0.8522555431394656
22,G1,18.4,0.8529265861680771
22,G1,18.5,0.8535957499573013
22,G1,18.6,0.8542630373564807
22,G1,18.7,0.8549284491230214
22,G1,18.8,0.8555919803867664
22,G1,18.9,0.856253622723891
22,G1,19.0,0.8569133717926136
22,G1,19.1,0.8575712390329939
22,G1,19.2,0.8582272125428635
22,G1,19.3,0.8588812940984326
22,G1,19.4,0.8595334890215547
22,G1,19.5,0.860183796916432
22,G1,19.6,0.8608322219614055
22,G1,19.7,0.8614787601318614
22,G1,19.8,0.8621234042917688
22,G1,19.9,0.8627661491100319
22,G1,20.0,0.8634070006816276
22,G1,20.1,0.864045957955868
22,G1,20.2,0.8646830125465933
22,G1,20.3,0.8653181749720867
22,G1,20.4,0.8659514436624635
22,G1,20.5,0.8665828220920893
22,G1,20.6,0.867212311228985
22,G1,20.7,0.8678399049152763
22,G1,20.8,0.8684655967532113
22,G1,20.9,0.8690893851453493
22,G1,21.0,0.8697112809507079
22,G1,21.1,0.8703312696458951
22,G1,21.2,0.8709493606925637
22,G1,21.3,0.8715655547416898
22,G1,21.4,0.8721798548189941
22,G1,21.5,0.87279226394352
22,G1,21.6,0.8734027788349689
22,G1,21.7,0.8740113919441929
22,G1,21.8,0.8746180988233242
22,G1,21.9,0.8752229106613697
22,G1,22.0,0.8758258207537437
22,G1,22.1,0.8764268261973779
22,G1,22.2,0.8770259365969064
22,G1,22.3,0.8776231510587391
22,G1,22.4,0.8782184747011552
22,G1,22.5,0.8788119069673611
22,G1,22.6,0.8794034412590371
22,G1,22.7,0.8799930734882953
22,G1,22.8,0.8805808056986376
22,G1,22.9,0.8811666449528652
22,G1,23.0,0.8817505784921538
22,G1,23.1,0.8823326191264864
22,G1,23.2,0.8829127659080356
22,G1,23.3,0.8834910235739152
22,G1,23.4,0.8840673948227644
22,G1,23.5,0.8846418756185496
22,G1,23.6,0.885214459676108
22,G1,23.7,0.8857851444070033
22,G1,23.8,0.8863539426902449
22,G1,23.9,0.8869208441132435
22,G1,24.0,0.887485852149765
22,G1,24.1,0.8880489734364183
22,G1,24.2,0.8886102091196065
22,G1,24.3,0.8891695654927958
22,G1,24.4,0.8897270397135807
22,G1,24.5,0.8902826260680523
22,G1,24.6,0.8908363214105797
22,G1,24.7,0.8913881332155948
22,G1,24.8,0.8919380618538961
22,G1,24.9,0.8924861005917637
22,G1,25.0,0.8930322613385431
22,G2,10.0,0.6605787486688535
22,G2,10.1,0.6615736779286455
22,G2,10.2,0.6625678019562132
22,G2,10.3,0.6635611089122551
22,G2,10.4,0.6645535934432357
22,G2,10.5,0.6655452378839113
22,G2,10.6,0.6665360398174328
22,G2,10.7,0.6675259979041317
22,G2,10.8,0.6685151132258453
22,G2,10.9,0.669503365318583
22,G2,11.0,0.6704907531457598
22,G2,11.1,0.6714772689802478
22,G2,11.2,0.6724629016021301
22,G2,11.3,0.6734476460280443
22,G2,11.4,0.6744314871665005
22,G2,11.5,0.675414420668613
22,G2,11.6,0.6763964350754624
22,G2,11.7,0.6773775429582499
22,G2,11.8,0.6783577269818325
22,G2,11.9,0.679336979557138
22,G2,12.0,0.6803152933900802
22,G2,12.1,0.6812926610019814
22,G2,12.2,0.6822690740025558
22,G2,12.3,0.6832445247785148
22,G2,12.4,0.6842189977469982
22,G2,12.5,0.6851924875577345
22,G2,12.6,0.68616500125887
22,G2,12.7,0.6871365340373052
22,G2,12.8,0.6881070666021449
22,G2,12.9,0.6890765974345299
22,G2,13.0,0.6900451201313245
22,G2,13.1,0.6910126239486012
22,G2,13.2,0.6919791042194683
22,G2,13.3,0.6929445414927368
22,G2,13.4,0.6939089366869255
22,G2,13.5,0.6948722821574298
22,G2,13.6,0.6958345879353782
22,G2,13.7,0.6967958325738449
22,G2,13.8,0.6977560148725821
22,G2,13.9,0.6987151233655612
22,G2,14.0,0.6996731513399012
22,G2,14.1,0.7006300939706936
22,G2,14.2,0.7015859389629984
22,G2,14.3,0.702540675603296
22,G2,14.4,0.7034942959293965
22,G2,14.5,0.7044468134646242
22,G2,14.6,0.705398216335178
22,G2,14.7,0.7063484913759406
22,G2,14.8,0.7072976333371491
22,G2,14.9,0.7082456358245875
22,G2,15.0,0.7091924907374332
22,G2,15.1,0.7101381928811299
22,G2,15.2,0.71108272133348
22,G2,15.3,0.7120260784204757
22,G2,15.4,0.7129682631887552
22,G2,15.5,0.7139092805043254
22,G2,15.6,0.7148491084889171
22,G2,15.7,0.7157877468636347
22,G2,15.8,0.7167251865414556
22,G2,15.9,0.7176614186674066
22,G2,16.0,0.7185964412038442
22,G2,16.1,0.7195302356563802
22,G2,16.2,0.7204628011576968
22,G2,16.3,0.7213941255883701
22,G2,16.4,0.722324227034301
22,G2,16.5,0.7232530871702683
22,G2,16.6,0.7241806995844379
22,G2,16.7,0.7251070551255757
22,G2,16.8,0.7260321473716101
22,G2,16.9,0.726955972084763
22,G2,17.0,0.7278785206574617
22,G2,17.1,0.7287997762965388
22,G2,17.2,0.7297197368257018
22,G2,17.3,0.7306384118284874
22,G2,17.4,0.7315557982838929
22,G2,17.5,0.7324718767620848
22,G2,17.6,0.7333866455487652
22,G2,17.7,0.7343000977243317
22,G2,17.8,0.7352122263047947
22,G2,17.9,0.7361230281726032
22,G2,18.0,0.7370324803205899
22,G2,18.1,0.7379405886898583
22,G2,18.2,0.738847345328727
22,G2,18.3,0.7397527648489848
22,G2,18.4,0.7406568248040291
22,G2,18.5,0.7415595256256093
22,G2,18.6,0.7424608536355056
22,G2,18.7,0.7433608044929418
22,G2,18.8,0.7442593772371223
22,G2,18.9,0.7451565576548901
22,G2,19.0,0.7460523361423255
22,G2,19.1,0.7469467062219732
22,G2,19.2,0.7478396854715564
22,G2,19.3,0.7487312624218657
22,G2,19.4,0.749621425005049
22,G2,19.5,0.750510166822048
22,G2,19.6,0.7513974819886317
22,G2,19.7,0.7522833667069252
22,G2,19.8,0.7531678161548878
22,G2,19.9,0.7540508071992382
22,G2,20.0,0.754932346879884
22,G2,20.1,0.7558124347196299
22,G2,20.2,0.7566910792104706
22,G2,20.3,0.7575682581284249
22,G2,20.4,0.7584439719665017
22,G2,20.5,0.7593182107163406
22,G2,20.6,0.7601909684689813
22,G2,20.7,0.7610622462605419
22,G2,20.8,0.7619320229892241
22,G2,20.9,0.7628003015169861
22,G2,21.0,0.7636670695866837
22,G2,21.1,0.7645323500649605
22,G2,21.2,0.7653961244956713
22,G2,21.3,0.7662583880091304
22,G2,21.4,0.7671191299862196
22,G2,21.5,0.7679783454484542
22,G2,21.6,0.768836034625899
22,G2,21.7,0.7696921882934942
22,G2,21.8,0.7705467893009897
22,G2,21.9,0.7713998387640023
22,G2,22.0,0.7722513484699882
22,G2,22.1,0.7731013172963462
22,G2,22.2,0.7739497266697541
22,G2,22.3,0.774796574751003
22,G2,22.4,0.7756418543951741
22,G2,22.5,0.7764855628933636
22,G2,22.6,0.7773276988134366
22,G2,22.7,0.7781682366389433
22,G2,22.8,0.7790071871744804
22,G2,22.9,0.7798445425395601
22,G2,23.0,0.7806803212964364
22,G2,23.1,0.7815145010480158
22,G2,23.2,0.7823470838771951
22,G2,23.3,0.783178054499039
22,G2,23.4,0.7840074112588371
22,G2,23.5,0.7848351571470558
22,G2,23.6,0.7856612766416087
22,G2,23.7,0.7864857618298816
22,G2,23.8,0.7873086079717836
22,G2,23.9,0.7881298359633881
22,G2,24.0,0.7889494352682305
22,G2,24.1,0.7897673955066653
22,G2,24.2,0.7905837094258448
22,G2,24.3,0.7913983719274953
22,G2,24.4,0.7922113838024786
22,G2,24.5,0.7930227407865171
22,G2,24.6,0.7938324186632081
22,G2,24.7,0.7946404288725863
22,G2,24.8,0.7954467714530582
22,G2,24.9,0.7962514581617192
22,G2,25.0,0.7970544674610137
23,G1,10.0,0.751920284859245
23,G1,10.1,0.7529825070454815
23,G1,10.2,0.7540426697461806
23,G1,10.3,0.755100765110334
23,G1,10.4,0.7561567830359192
23,G1,10.5,0.7572107194484412
23,G1,10.6,0.7582625569795579
23,G1,10.7,0.7593122952086347
23,G1,10.8,0.7603599160835225
23,G1,10.9,0.7614054154970465
23,G1,11.0,0.7624487847290575
23,G1,11.1,0.7634900142338847
23,G1,11.2,0.7645290929673652
23,G1,11.3,0.7655660183778192
23,G1,11.4,0.7666007730718722
23,G1,11.5,0.7676333521493964
23,G1,11.6,0.7686637512225027
23,G1,11.7,0.7696919557435612
23,G1,11.8,0.770717959320449
23,G1,11.9,0.7717417563184352
23,G1,12.0,0.7727633329651052
23,G1,12.1,0.7737826823593983
23,G1,12.2,0.7747998023901429
23,G1,12.3,0.7758146767722295
23,G1,12.4,0.7768273032185484
23,G1,12.5,0.777837670312737
23,G1,12.6,0.7788457702867251
23,G1,12.7,0.7798515944037103
23,G1,12.8,0.7808551413623274
23,G1,12.9,0.7818563937574042
23,G1,13.0,0.7828553532569436
23,G1,13.1,0.7838520035269514
23,G1,13.2,0.7848463417615978
23,G1,13.3,0.7858383600184842
23,G1,13.4,0.7868280516417088
23,G1,13.5,0.7878154056312171
23,G1,13.6,0.7888004217681629
23,G1,13.7,0.7897830841852626
23,G1,13.8,0.7907633889380554
23,G1,13.9,0.7917413338456515
23,G1,14.0,0.7927169053461975
23,G1,14.1,0.7936900981770263
23,G1,14.2,0.7946609096276239
23,G1,14.3,0.7956293263206595
23,G1,14.4,0.7965953430086968
23,G1,14.5,0.7975589594776648
23,G1,14.6,0.7985201609439383
23,G1,14.7,0.7994789457859305
23,G1,14.8,0.800435305922886
23,G1,14.9,0.8013892337904488
23,G1,15.0,0.8023407220912884
23,G1,15.1,0.8032897723516702
23,G1,15.2,0.8042363674278729
23,G1,15.3,0.8051805110082941
23,G1,15.4,0.8061221887493423
23,G1,15.5,0.8070613992679392
23,G1,15.6,0.8079981353679341
23,G1,15.7,0.8089323935660134
23,G1,15.8,0.8098641628993501
23,G1,15.9,0.8107934456223673
23,G1,16.0,0.8117202275735866
23,G1,16.1,0.8126445058324916
23,G1,16.2,0.813566280357688
23,G1,16.3,0.8144855389605031
23,G1,16.4,0.8154022775399092
23,G1,16.5,0.8163164962520375
23,G1,16.6,0.8172281823903397
23,G1,16.7,0.818137332437847
23,G1,16.8,0.8190439479679263
23,G1,16.9,0.81994801602423
23,G1,17.0,0.8208495356979403
23,G1,17.1,0.8217485022386728
23,G1,17.2,0.8226449085006478
23,G1,17.3,0.8235387486949889
23,G1,17.4,0.8244300270573004
23,G1,17.5,0.8253187271296802
23,G1,17.6,0.8262048543611415
23,G1,17.7,0.8270883967490497
23,G1,17.8,0.8279693542251145
23,G1,17.9,0.8288477205609014
23,G1,18.0,0.829723495474725
23,G1,18.1,0.8305966680140183
23,G1,18.2,0.8314672430254871
23,G1,18.3,0.8323352081903179
23,G1,18.4,0.833200561705824
23,G1,18.5,0.8340633054199135
23,G1,18.6,0.8349234290616997
23,G1,18.7,0.8357809294459054
23,G1,18.8,0.8366358096424343
23,G1,18.9,0.8374880577365181
23,G1,19.0,0.8383376722105632
23,G1,19.1,0.8391846560575347
23,G1,19.2,0.8400289984701681
23,G1,19.3,0.8408706992701378
23,G1,19.4,0.8417097569024876
23,G1,19.5,0.8425461650056226
23,G1,19.6,0.8433799192436534
23,G1,19.7,0.8442110263173652
23,G1,19.8,0.8450394708086532
23,G1,19.9,0.8458652598497282
23,G1,20.0,0.8466883838843016
23,G1,20.1,0.8475088440170375
23,G1,20.2,0.8483266352743449
23,G1,20.3,0.8491417604035837
23,G1,20.4,0.8499542085552262
23,G1,20.5,0.8507639870933342
23,G1,20.6,0.8515710856557787
23,G1,20.7,0.8523755038085313
23,G1,20.8,0.8531772447123804
23,G1,20.9,0.8539763006326385
23,G1,21.0,0.8547726691468371
23,G1,21.1,0.8555663558983075
23,G1,21.2,0.8563573502301534
23,G1,21.3,0.8571456524558865
23,G1,21.4,0.8579312669295832
23,G1,21.5,0.8587141850473339
23,G1,21.6,0.8594944074305921
23,G1,21.7,0.860271935484283
23,G1,21.8,0.8610467639716012
23,G1,21.9,0.8618188898188408
23,G1,22.0,0.8625883219797216
23,G1,22.1,0.8633550466256209
23,G1,22.2,0.8641190719314322
23,G1,22.3,0.8648803912738909
23,G1,22.4,0.8656390066096163
23,G1,22.5,0.866394914229819
23,G1,22.6,0.8671481199170644
23,G1,22.7,0.8678986131529315
23,G1,22.8,0.8686464033402963
23,G1,22.9,0.8693914822957435
23,G1,23.0,0.8701338511451339
23,G1,23.1,0.8708735138372428
23,G1,23.2,0.8716104654901192
23,G1,23.3,0.8723447044431224
23,G1,23.4,0.8730762384109412
23,G1,23.5,0.8738050586336804
23,G1,23.6,0.8745311666546897
23,G1,23.7,0.8752545684999002
23,G1,23.8,0.8759752575891678
23,G1,23.9,0.8766932352529077
23,G1,24.0,0.8774085057881948
23,G1,24.1,0.8781210651603658
23,G1,24.2,0.8788309114097851
23,G1,24.3,0.8795380555477816
23,G1,24.4,0.8802424856496001
23,G1,24.5,0.8809442105481773
23,G1,24.6,0.8816432266184968
23,G1,24.7,0.8823395365161484
23,G1,24.8,0.8830331378825926
23,G1,24.9,0.8837240392031878
23,G1,25.0,0.8844122305778108
23,G2,10.0,0.6482204446926166
23,G2,10.1,0.6494214211808607
23,G2,10.2,0.6506213776587393
23,G2,10.3,0.6518203206048262
23,G2,10.4,0.6530182242929906
23,G2,10.5,0.6542150957987816
23,G2,10.6,0.6554109285897771
23,G2,10.7,0.6566056837695571
23,G2,10.8,0.6577993446951252
23,G2,10.9,0.6589919109124006
23,G2,11.0,0.6601833641686163
23,G2,11.1,0.6613737104499897
23,G2,11.2,0.6625629376280643
23,G2,11.3,0.6637510043315046
23,G2,11.4,0.6649379053822947
23,G2,11.5,0.6661236294430034
23,G2,11.6,0.6673081692104362
23,G2,11.7,0.6684915282844652
23,G2,11.8,0.6696736864476722
23,G2,11.9,0.67085460171043
23,G2,12.0,0.6720342843178468
23,G2,12.1,0.673212705625478
23,G2,12.2,0.6743898743867439
23,G2,12.3,0.6755657901488175
23,G2,12.4,0.6767404192761648
23,G2,12.5,0.6779137316962646
23,G2,12.6,0.6790857375075111
23,G2,12.7,0.6802564067526565
23,G2,12.8,0.6814257527035559
23,G2,12.9,0.6825937723918831
23,G2,13.0,0.683760421747592
23,G2,13.1,0.6849256853129873
23,G2,13.2,0.6860895635071518
23,G2,13.3,0.6872520366952409
23,G2,13.4,0.6884131160221703
23,G2,13.5,0.689572792624337
23,G2,13.6,0.6907310194987158
23,G2,13.7,0.6918877936732607
23,G2,13.8,0.693043103940817
23,G2,13.9,0.6941969429546814
23,G2,14.0,0.6953493196387359
23,G2,14.1,0.6965002152653509
23,G2,14.2,0.69764958266489
23,G2,14.3,0.6987974358432246
23,G2,14.4,0.6999437440405878
23,G2,14.5,0.7010885192316908
23,G2,14.6,0.7022317653311678
23,G2,14.7,0.7033734472890624
23,G2,14.8,0.7045135326853381
23,G2,14.9,0.7056520354905739
23,G2,15.0,0.7067889216989557
23,G2,15.1,0.7079242106492659
23,G2,15.2,0.7090579031900964
23,G2,15.3,0.7101899509887756
23,G2,15.4,0.7113203398050397
23,G2,15.5,0.7124490711620226
23,G2,15.6,0.7135761239032002
23,G2,15.7,0.7147015144948088
23,G2,15.8,0.7158252378534615
23,G2,15.9,0.7169472418612879
23,G2,16.0,0.7180675256876878
23,G2,16.1,0.7191860789880958
23,G2,16.2,0.7203028936341593
23,G2,16.3,0.7214179842328132
23,G2,16.4,0.722531334112447
23,G2,16.5,0.723642891996549
23,G2,16.6,0.7247526746892625
23,G2,16.7,0.7258606503307655
23,G2,16.8,0.7269668335229051
23,G2,16.9,0.7280712326561771
23,G2,17.0,0.7291738124991688
23,G2,17.1,0.7302745380603176
23,G2,17.2,0.7313734273656464
23,G2,17.3,0.7324704430029929
23,G2,17.4,0.7335656096969877
23,G2,17.5,0.7346589323477579
23,G2,17.6,0.7357503595446665
23,G2,17.7,0.736839877787766
23,G2,17.8,0.7379274908548219
23,G2,17.9,0.7390131750827655
23,G2,18.0,0.7400969526113997
23,G2,18.1,0.74117882254089
23,G2,18.2,0.7422587282526558
23,G2,18.3,0.7433366709064106
23,G2,18.4,0.7444126418996113
23,G2,18.5,0.7454866314672878
23,G2,18.6,0.746558660146161
23,G2,18.7,0.747628713941022
23,G2,18.8,0.7486967382769508
23,G2,18.9,0.7497627521266309
23,G2,19.0,0.7508267233929714
23,G2,19.1,0.751888668704145
23,G2,19.2,0.7529486008010614
23,G2,19.3,0.7540064858287692
23,G2,19.4,0.7550622857125225
23,G2,19.5,0.7561160228768458
23,G2,19.6,0.7571676568313522
23,G2,19.7,0.7582172172829414
23,G2,19.8,0.7592647130093286
23,G2,19.9,0.7603100912818637
23,G2,20.0,0.7613533383056806
23,G2,20.1,0.7623944613430549
23,G2,20.2,0.763433433556101
23,G2,20.3,0.7644702826991531
23,G2,20.4,0.7655050124387859
23,G2,20.5,0.7665375623540798
23,G2,20.6,0.7675679354853069
23,G2,20.7,0.7685961252073166
23,G2,20.8,0.7696221207268942
23,G2,20.9,0.7706459473322583
23,G2,21.0,0.7716675947141052
23,G2,21.1,0.7726870056356909
23,G2,21.2,0.7737042006738933
23,G2,21.3,0.7747191487394421
23,G2,21.4,0.7757318673766883
23,G2,21.5,0.7767423734910717
23,G2,21.6,0.7777506364484709
23,G2,21.7,0.7787566143046278
23,G2,21.8,0.779760334245486
23,G2,21.9,0.7807617530945673
23,G2,22.0,0.7817609050429634
23,G2,22.1,0.7827578026615357
23,G2,22.2,0.7837523930901014
23,G2,22.3,0.7847446619674601
23,G2,22.4,0.7857346204837085
23,G2,22.5,0.7867222385399345
23,G2,22.6,0.7877075491736568
23,G2,22.7,0.7886905607738365
23,G2,22.8,0.7896712101351911
23,G2,22.9,0.7906495018163306
23,G2,23.0,0.7916254315000848
23,G2,23.1,0.7925989877048494
23,G2,23.2,0.7935701995267512
23,G2,23.3,0.794539061107052
23,G2,23.4,0.7955055132238797
23,G2,23.5,0.7964695774846245
23,G2,23.6,0.7974312250664095
23,G2,23.7,0.7983904732530257
23,G2,23.8,0.7993473430648217
23,G2,23.9,0.8003018081776467
23,G2,24.0,0.8012538227321327
23,G2,24.1,0.8022034187133097
23,G2,24.2,0.8031505507080882
23,G2,24.3,0.8040952568119522
23,G2,24.4,0.8050375532158696
23,G2,24.5,0.8059773880478462
23,G2,24.6,0.8069147461813895
23,G2,24.7,0.8078496426947309
23,G2,24.8,0.8087820452761186
23,G2,24.9,0.8097119907824026
23,G2,25.0,0.8106394924719081
24,G1,10.0,0.7901958862500378
24,G1,10.1,0.7908280648540196
24,G1,10.2,0.7914592459758748
24,G1,10.3,0.7920894383897996
24,G1,10.4,0.7927186542980487
24,G1,10.5,0.7933468856958359
24,G1,10.6,0.7939741314616969
24,G1,10.7,0.794600363665654
24,G1,10.8,0.7952256076236853
24,G1,10.9,0.7958498639416116
24,G1,11.0,0.7964731268044143
24,G1,11.1,0.7970953866319049
24,G1,11.2,0.7977166280687704
24,G1,11.3,0.7983368772883259
24,G1,11.4,0.7989561284046356
24,G1,11.5,0.799574377143008
24,G1,11.6,0.8001916028088243
24,G1,11.7,0.8008078141481505
24,G1,11.8,0.8014230238573947
24,G1,11.9,0.8020372242586152
24,G1,12.0,0.8026504145308071
24,G1,12.1,0.8032625661255296
24,G1,12.2,0.8038737049897544
24,G1,12.3,0.8044838318524921
24,G1,12.4,0.8050929414391615
24,G1,12.5,0.8057010241852368
24,G1,12.6,0.806308064182617
24,G1,12.7,0.8069140884694893
24,G1,12.8,0.8075190912569337
24,G1,12.9,0.8081230686033014
24,G1,13.0,0.8087259997055214
24,G1,13.1,0.8093278932480358
24,G1,13.2,0.8099287624015316
24,G1,13.3,0.8105285998281374
24,G1,13.4,0.8111274049910681
24,G1,13.5,0.8117251488675215
24,G1,13.6,0.8123218578725725
24,G1,13.7,0.8129175329228148
24,G1,13.8,0.8135121692638083
24,G1,13.9,0.8141057573871824
24,G1,14.0,0.8146982808527641
24,G1,14.1,0.8152897675095309
24,G1,14.2,0.8158802116738488
24,G1,14.3,0.816469609746429
24,G1,14.4,0.8170579408756546
24,G1,14.5,0.8176452136368675
24,G1,14.6,0.8182314416778487
24,G1,14.7,0.8188166179874643
24,G1,14.8,0.8194007423228294
24,G1,14.9,0.819983785275392
24,G1,15.0,0.8205657736147909
24,G1,15.1,0.8211467085099444
24,G1,15.2,0.8217265856835052
24,G1,15.3,0.8223053957269948
24,G1,15.4,0.8228831216994259
24,G1,15.5,0.8234597921959945
24,G1,15.6,0.8240354016462264
24,G1,15.7,0.8246099467963197
24,G1,15.8,0.8251834068319791
24,G1,15.9,0.8257557901476769
24,G1,16.0,0.8263271108651957
24,G1,16.1,0.8268973623000887
24,G1,16.2,0.8274665445022955
24,G1,16.3,0.8280346277788253
24,G1,16.4,0.8286016391440738
24,G1,16.5,0.8291675800442442
24,G1,16.6,0.8297324466713563
24,G1,16.7,0.830296229747927
24,G1,16.8,0.8308589118766451
24,G1,16.9,0.8314205223163571
24,G1,17.0,0.8319810556153149
24,G1,17.1,0.8325405088895104
24,G1,17.2,0.8330988614184337
24,G1,17.3,0.8336561213711409
24,G1,17.4,0.8342123033162515
24,G1,17.5,0.8347674009066861
24,G1,17.6,0.835321414491271
24,G1,17.7,0.8358743141475937
24,G1,17.8,0.8364261271027806
24,G1,17.9,0.8369768550406889
24,G1,18.0,0.8375264946320808
24,G1,18.1,0.8380750367816642
24,G1,18.2,0.8386224636423006
24,G1,18.3,0.8391688050676882
24,G1,18.4,0.8397140557686904
24,G1,18.5,0.8402582131934935
24,G1,18.6,0.8408012567945301
24,G1,18.7,0.841343194474292
24,G1,18.8,0.8418840412374443
24,G1,18.9,0.8424237910558329
24,G1,19.0,0.8429624445903257
24,G1,19.1,0.843499971758015
24,G1,19.2,0.8440363999347091
24,G1,19.3,0.8445717310304701
24,G1,19.4,0.8451059621897042
24,G1,19.5,0.8456390845365575
24,G1,19.6,0.8461710798321047
24,G1,19.7,0.8467019784012513
24,G1,19.8,0.8472317751926894
24,G1,19.9,0.8477604679254123
24,G1,20.0,0.8482880363175086
24,G1,20.1,0.8488144879453723
24,G1,20.2,0.8493398382597445
24,G1,20.3,0.8498640815225952
24,G1,20.4,0.8503872187119345
24,G1,20.5,0.8509092196786828
24,G1,20.6,0.8514301118478862
24,G1,20.7,0.8519498973586784
24,G1,20.8,0.8524685738308027
24,G1,20.9,0.8529861326424989
24,G1,21.0,0.8535025552103638
24,G1,21.1,0.8540178722450461
24,G1,21.2,0.8545320789220519
24,G1,21.3,0.8550451732481323
24,G1,21.4,0.8555571352583637
24,G1,21.5,0.8560679721708577
24,G1,21.6,0.8565776998629073
24,G1,21.7,0.8570863128783046
24,G1,21.8,0.8575938125182196
24,G1,21.9,0.8581001686317019
24,G1,22.0,0.858605408606536
24,G1,22.1,0.8591095348642726
24,G1,22.2,0.8596125454414847
24,G1,22.3,0.8601144320115068
24,G1,22.4,0.8606151756803806
24,G1,22.5,0.8611148074812505
24,G1,22.6,0.8616133228145174
24,G1,22.7,0.8621107199782193
24,G1,22.8,0.8626069793724808
24,G1,22.9,0.863102107821837
24,G1,23.0,0.863596121627705
24,G1,23.1,0.8640890155870481
24,G1,23.2,0.8645807913199197
24,G1,23.3,0.8650714187818532
24,G1,23.4,0.8655609252020035
24,G1,23.5,0.8660493133269094
24,G1,23.6,0.8665365815722061
24,G1,23.7,0.8670227219387622
24,G1,23.8,0.8675077152577291
24,G1,23.9,0.8679915928169236
24,G1,24.0,0.8684743502441614
24,G1,24.1,0.8689559861230092
24,G1,24.2,0.8694364812810912
24,G1,24.3,0.8699158421055431
24,G1,24.4,0.8703940853055702
24,G1,24.5,0.8708712059194567
24,G1,24.6,0.8713472058756598
24,G1,24.7,0.8718220553332485
24,G1,24.8,0.8722957812722231
24,G1,24.9,0.8727683867635538
24,G1,25.0,0.8732398705914473
24,G2,10.0,0.6951544518423922
24,G2,10.1,0.6958972041425988
24,G2,10.2,0.696639316051612
24,G2,10.3,0.6973807913549736
24,G2,10.4,0.6981216429182988
24,G2,10.5,0.6988618870621128
24,G2,10.6,0.6996014961241159
24,G2,10.7,0.7003404454466886
24,G2,10.8,0.7010787514410484
24,G2,10.9,0.7018164195544562
24,G2,11.0,0.7025534642532285
24,G2,11.1,0.7032898495353044
24,G2,11.2,0.7040255591238942
24,G2,11.3,0.7047606165070092
24,G2,11.4,0.7054950285629066
24,G2,11.5,0.7062287923402951
24,G2,11.6,0.7069618704575015
24,G2,11.7,0.7076942669630243
24,G2,11.8,0.7084259959149031
24,G2,11.9,0.7091570755771437
24,G2,12.0,0.7098874758957613
24,G2,12.1,0.7106171718198114
24,G2,12.2,0.711346180206725
24,G2,12.3,0.7120745080424226
24,G2,12.4,0.7128021706928658
24,G2,12.5,0.7135291298657295
24,G2,12.6,0.7142553690812045
24,G2,12.7,0.7149809129166058
24,G2,12.8,0.7157057696462779
24,G2,12.9,0.7164299361643421
24,G2,13.0,0.7171533732408703
24,G2,13.1,0.7178760851665622
24,G2,13.2,0.7185980871633016
24,G2,13.3,0.7193193993758326
24,G2,13.4,0.7200399895901609
24,G2,13.5,0.7207598322500586
24,G2,13.6,0.7214789446603473
24,G2,13.7,0.7221973353218387
24,G2,13.8,0.722915020524462
24,G2,13.9,0.7236319597448447
24,G2,14.0,0.7243481363284806
24,G2,14.1,0.7250635758868973
24,G2,14.2,0.7257782880498932
24,G2,14.3,0.7264922696446454
24,G2,14.4,0.7272054796474424
24,G2,14.5,0.7279179225495138
24,G2,14.6,0.7286296147101771
24,G2,14.7,0.7293405781285587
24,G2,14.8,0.7300507785433444
24,G2,14.9,0.7307601899069733
24,G2,15.0,0.7314688299316102
24,G2,15.1,0.7321767086030493
24,G2,15.2,0.7328838431571104
24,G2,15.3,0.7335901909036995
24,G2,15.4,0.7342957350444342
24,G2,15.5,0.7350005021659716
24,G2,15.6,0.7357045032100993
24,G2,15.7,0.7364077349489633
24,G2,15.8,0.7371101548447713
24,G2,15.9,0.7378117673296465
24,G2,16.0,0.7385125899419809
24,G2,16.1,0.7392126465039653
24,G2,16.2,0.7399119008243085
24,G2,16.3,0.7406103263798458
24,G2,16.4,0.7413079412503467
24,G2,16.5,0.7420047568707109
24,G2,16.6,0.7427007914419371
24,G2,16.7,0.7433960001764789
24,G2,16.8,0.7440903661652384
24,G2,16.9,0.7447839169072036
24,G2,17.0,0.7454766646100417
24,G2,17.1,0.7461686060740286
24,G2,17.2,0.7468596973097191
24,G2,17.3,0.7475499426550394
24,G2,17.4,0.7482393607898643
24,G2,17.5,0.7489279772286538
24,G2,17.6,0.7496157542553329
24,G2,17.7,0.7503026646049323
24,G2,17.8,0.7509887267801111
24,G2,17.9,0.7516739536232364
24,G2,18.0,0.7523583643169072
24,G2,18.1,0.7530419120501646
24,G2,18.2,0.7537245798385181
24,G2,18.3,0.7544063960270637
24,G2,18.4,0.7550873740407922
24,G2,18.5,0.7557675107882874
24,G2,18.6,0.7564467608947619
24,G2,18.7,0.7571251285722139
24,G2,18.8,0.7578026335991427
24,G2,18.9,0.7584793031346526
24,G2,19.0,0.7591550980826842
24,G2,19.1,0.7598299904360478
24,G2,19.2,0.7605039990881608
24,G2,19.3,0.7611771382416901
24,G2,19.4,0.7618494280741809
24,G2,19.5,0.762520819829878
24,G2,19.6,0.7631912964861927
24,G2,19.7,0.7638608871649898
24,G2,19.8,0.7645296064577767
24,G2,19.9,0.7651974514582159
24,G2,20.0,0.7658643754761914
24,G2,20.1,0.7665303825695098
24,G2,20.2,0.7671954935673835
24,G2,20.3,0.76785973722382
24,G2,20.4,0.7685230732028067
24,G2,20.5,0.769185472764131
24,G2,20.6,0.7698469551579286
24,G2,20.7,0.7705075358947298
24,G2,20.8,0.7711672361570969
24,G2,20.9,0.771826005327467
24,G2,21.0,0.772483826384212
24,G2,21.1,0.7731407291538285
24,G2,21.2,0.7737967293414847
24,G2,21.3,0.7744518242988901
24,G2,21.4,0.7751059660941113
24,G2,21.5,0.7757591586060563
24,G2,21.6,0.7764114236619284
24,G2,21.7,0.7770627915570133
24,G2,21.8,0.7777132208557045
24,G2,21.9,0.7783626820979184
24,G2,22.0,0.7790111948565583
24,G2,22.1,0.7796587758925847
24,G2,22.2,0.7803054474002008
24,G2,22.3,0.780951156987168
24,G2,22.4,0.7815958876734297
24,G2,22.5,0.7822396699155081
24,G2,22.6,0.7828825204775237
24,G2,22.7,0.7835244370380325
24,G2,22.8,0.7841653705000847
24,G2,22.9,0.7848053245425894
24,G2,23.0,0.7854443219334775
24,G2,23.1,0.7860823944519465
24,G2,23.2,0.7867194997028923
24,G2,23.3,0.7873556074304294
24,G2,23.4,0.7879907377756223
24,G2,23.5,0.7886249084085584
24,G2,23.6,0.78925814263116
24,G2,23.7,0.7898903863675494
24,G2,23.8,0.7905216227211656
24,G2,23.9,0.7911518827018337
24,G2,24.0,0.7917811840762476
24,G2,24.1,0.7924095249141269
24,G2,24.2,0.7930368550333439
24,G2,24.3,0.793663177891091
24,G2,24.4,0.7942885171473091
24,G2,24.5,0.7949129059913521
24,G2,24.6,0.7955363012121458
24,G2,24.7,0.7961586717717479
24,G2,24.8,0.7967800383678758
24,G2,24.9,0.7974004194912208
24,G2,25.0,0.7980198395580439
25,G1,10.0,0.8139029089912619
25,G1,10.1,0.8144466937188299
25,G1,10.2,0.8149895792828938
25,G1,10.3,0.81553158944316
25,G1,10.4,0.8160727086211262
25,G1,10.5,0.8166129255595466
25,G1,10.6,0.8171522642185015
25,G1,10.7,0.817690708234338
25,G1,10.8,0.81822824742015
25,G1,10.9,0.8187649054263872
25,G1,11.0,0.8193006647821204
25,G1,11.1,0.8198355174671893
25,G1,11.2,0.8203694857418975
25,G1,11.3,0.8209025513432826
25,G1,11.4,0.8214347088975498
25,G1,11.5,0.8219659787265349
25,G1,11.6,0.8224963418981298
25,G1,11.7,0.8230257957013924
25,G1,11.8,0.8235543585746985
25,G1,11.9,0.8240820107986853
25,G1,12.0,0.8246087525702978
25,G1,12.1,0.8251346001934798
25,G1,12.2,0.8256595333292645
25,G1,12.3,0.8261835550071238
25,G1,12.4,0.8267066791170504
25,G1,12.5,0.8272288854531155
25,G1,12.6,0.8277501792580596
25,G1,12.7,0.8282705718114008
25,G1,12.8,0.8287900437772044
25,G1,12.9,0.8293086021634658
25,G1,13.0,0.8298262554962397
25,G1,13.1,0.8303429857230612
25,G1,13.2,0.8308588011972544
25,G1,13.3,0.8313737078404054
25,G1,13.4,0.8318876894168867
25,G1,13.5,0.8324007548707558
25,G1,13.6,0.8329129076941716
25,G1,13.7,0.8334241337050906
25,G1,13.8,0.8339344420755815
25,G1,13.9,0.8344438343999766
25,G1,14.0,0.8349522979932007
25,G1,14.1,0.8354598427510682
25,G1,14.2,0.8359664678926013
25,G1,14.3,0.8364721626838281
25,G1,14.4,0.8369769374255828
25,G1,14.5,0.8374807891864949
25,G1,14.6,0.8379837090231542
25,G1,14.7,0.8384857073915869
25,G1,14.8,0.8389867798212872
25,G1,14.9,0.8394869187259726
25,G1,15.0,0.8399861346365775
25,G1,15.1,0.8404844221321393
25,G1,15.2,0.8409817742333402
25,G1,15.3,0.8414782018003045
25,G1,15.4,0.8419736990766699
25,G1,15.5,0.8424682587256976
25,G1,15.6,0.8429618923869212
25,G1,15.7,0.8434545942950029
25,G1,15.8,0.8439463560242206
25,G1,15.9,0.8444371908073925
25,G1,16.0,0.8449270923271766
25,G1,16.1,0.845416050993365
25,G1,16.2,0.8459040818116604
25,G1,16.3,0.8463911783323681
25,G1,16.4,0.8468773289518206
25,G1,16.5,0.8473625511476128
25,G1,16.6,0.8478468381415463
25,G1,16.7,0.8483301760938239
25,G1,16.8,0.8488125854890413
25,G1,16.9,0.849294058350953
25,G1,17.0,0.8497745795218428
25,G1,17.1,0.8502541719542641
25,G1,17.2,0.8507328264691896
25,G1,17.3,0.8512105267390396
25,G1,17.4,0.8516872983692451
25,G1,17.5,0.8521631304720397
25,G1,17.6,0.8526380061510905
25,G1,17.7,0.8531119533477407
25,G1,17.8,0.8535849591317364
25,G1,17.9,0.8540570069240522
25,G1,18.0,0.8545281261833221
25,G1,18.1,0.8549983019319889
25,G1,18.2,0.8554675188002389
25,G1,18.3,0.8559358068201288
25,G1,18.4,0.8564031491925616
25,G1,18.5,0.8568695322818425
25,G1,18.6,0.8573349860455675
25,G1,18.7,0.8577994921040379
25,G1,18.8,0.8582630386123055
25,G1,18.9,0.8587256553918503
25,G1,19.0,0.8591873225736888
25,G1,19.1,0.8596480299669683
25,G1,19.2,0.8601078070074721
25,G1,19.3,0.8605666329981526
25,G1,19.4,0.8610244990005577
25,G1,19.5,0.8614814336400006
25,G1,19.6,0.8619374164530551
25,G1,19.7,0.8623924390443275
25,G1,19.8,0.8628465289697976
25,G1,19.9,0.8632996669313469
25,G1,20.0,0.8637518442336153
25,G1,20.1,0.8642030875625565
25,G1,20.2,0.8646533789484914
25,G1,20.3,0.8651027092478545
25,G1,20.4,0.8655511045084927
25,G1,20.5,0.8659985477285774
25,G1,20.6,0.8664450296121219
25,G1,20.7,0.8668905755895709
25,G1,20.8,0.8673351694956879
25,G1,20.9,0.8677788016411424
25,G1,21.0,0.8682214973659668
25,G1,21.1,0.8686632407846046
25,G1,21.2,0.869104022184013
25,G1,21.3,0.8695438670420931
25,G1,21.4,0.8699827589981554
25,G1,21.5,0.8704206890425967
25,G1,21.6,0.8708576825042947
25,G1,21.7,0.8712937220861475
25,G1,21.8,0.8717288005921366
25,G1,21.9,0.872162942306757
25,G1,22.0,0.872596128907813
25,G1,22.1,0.8730283559681882
25,G1,22.2,0.8734596457118791
25,G1,22.3,0.8738899791891837
25,G1,22.4,0.8743193548039419
25,G1,22.5,0.8747477927105757
25,G1,22.6,0.8751752731426272
25,G1,22.7,0.8756017975552356
25,G1,22.8,0.8760273838720398
25,G1,22.9,0.8764520116315053
25,G1,23.0,0.8768756853273131
25,G1,23.1,0.8772984204735534
25,G1,23.2,0.8777201963153043
25,G1,23.3,0.8781410200473243
25,G1,23.4,0.8785609044907373
25,G1,23.5,0.8789798294454275
25,G1,23.6,0.8793978042028046
25,G1,23.7,0.8798148386475747
25,G1,23.8,0.8802309138951353
25,G1,23.9,0.8806460407367915
25,G1,24.0,0.8810602263209054
25,G1,24.1,0.8814734533476283
25,G1,24.2,0.8818857335888414
25,G1,24.3,0.8822970715411961
25,G1,24.4,0.8827074520552578
25,G1,24.5,0.8831168871444923
25,G1,24.6,0.8835253791688235
25,G1,24.7,0.8839329148797535
25,G1,24.8,0.8843395065745309
25,G1,24.9,0.8847451545050297
25,G1,25.0,0.8851498472681751
25,G2,10.0,0.6945409330152343
25,G2,10.1,0.695223104620882
25,G2,10.2,0.6959047505051151
25,G2,10.3,0.6965858435075698
25,G2,10.4,0.6972664099811369
25,G2,10.5,0.6979464455498527
25,G2,10.6,0.6986259174358099
25,G2,10.7,0.6993048568856146
25,G2,10.8,0.6999832599689586
25,G2,10.9,0.7006610893289934
25,G2,11.0,0.701338379999559
25,G2,11.1,0.7020151285606337
25,G2,11.2,0.7026912941270751
25,G2,11.3,0.7033669142565493
25,G2,11.4,0.7040419866072848
25,G2,11.5,0.7047164671882942
25,G2,11.6,0.7053903950627599
25,G2,11.7,0.7060637700684218
25,G2,11.8,0.706736544296477
25,G2,11.9,0.707408758570714
25,G2,12.0,0.7080804143272381
25,G2,12.1,0.7087514616682834
25,G2,12.2,0.7094219411431181
25,G2,12.3,0.7100918557966802
25,G2,12.4,0.710761155960382
25,G2,12.5,0.7114298795850783
25,G2,12.6,0.7120980321843184
25,G2,12.7,0.7127655642765652
25,G2,12.8,0.7134325111511874
25,G2,12.9,0.7140988808962034
25,G2,13.0,0.7147646241747948
25,G2,13.1,0.7154297735525509
25,G2,13.2,0.7160943397972187
25,G2,13.3,0.716758273674179
25,G2,13.4,0.7174216049637413
25,G2,13.5,0.7180843472180152
25,G2,13.6,0.7187464508119633
25,G2,13.7,0.7194079440296828
25,G2,13.8,0.7200688419618698
25,G2,13.9,0.7207290948621464
25,G2,14.0,0.7213887298724682
25,G2,14.1,0.7220477633114812
25,G2,14.2,0.7227061453963698
25,G2,14.3,0.7233639020980994
25,G2,14.4,0.7240210510356833
25,G2,14.5,0.7246775422053494
25,G2,14.6,0.7253334008031576
25,G2,14.7,0.7259886453960919
25,G2,14.8,0.726643225170063
25,G2,14.9,0.7272971665813982
25,G2,15.0,0.7279504871536757
25,G2,15.1,0.7286031356349919
25,G2,15.2,0.7292551405302711
25,G2,15.3,0.7299065169955459
25,G2,15.4,0.730557215287262
25,G2,15.5,0.7312072642573619
25,G2,15.6,0.731856677230318
25,G2,15.7,0.7325054060782933
25,G2,15.8,0.7331534793295679
25,G2,15.9,0.7338009097603112
25,G2,16.0,0.7344476504802054
25,G2,16.1,0.7350937287567592
25,G2,16.2,0.7357391573567678
25,G2,16.3,0.7363838914920497
25,G2,16.4,0.7370279559046075
25,G2,16.5,0.7376713632622014
25,G2,16.6,0.738314072645963
25,G2,16.7,0.738956104484309
25,G2,16.8,0.7395974717440889
25,G2,16.9,0.7402381380132351
25,G2,17.0,0.7408781187482204
25,G2,17.1,0.7415174274135075
25,G2,17.2,0.7421560322102998
25,G2,17.3,0.7427939434958214
25,G2,17.4,0.7434311752449735
25,G2,17.5,0.7440677004046342
25,G2,17.6,0.7447035240795867
25,G2,17.7,0.7453386607886048
25,G2,17.8,0.7459730883205814
25,G2,17.9,0.7466068064107786
25,G2,18.0,0.7472398301436299
25,G2,18.1,0.74787214224508
25,G2,18.2,0.7485037364889302
25,G2,18.3,0.7491346299756566
25,G2,18.4,0.7497648090333112
25,G2,18.5,0.7503942611805614
25,G2,18.6,0.751023007306036
25,G2,18.7,0.7516510351958098
25,G2,18.8,0.7522783287417981
25,G2,18.9,0.752904909662141
25,G2,19.0,0.7535307692034662
25,G2,19.1,0.7541558873755224
25,G2,19.2,0.7547802859397647
25,G2,19.3,0.7554039591767321
25,G2,19.4,0.7560268858710432
25,G2,19.5,0.7566490850644997
25,G2,19.6,0.757270554223772
25,G2,19.7,0.7578912736093534
25,G2,19.8,0.75851125609188
25,G2,19.9,0.7591305047750491
25,G2,20.0,0.7597490005682945
25,G2,20.1,0.760366749776478
25,G2,20.2,0.7609837611443614
25,G2,20.3,0.7616000173276299
25,G2,20.4,0.7622155169003423
25,G2,20.5,0.7628302746614339
25,G2,20.6,0.7634442750740197
25,G2,20.7,0.7640575088540614
25,G2,20.8,0.764669996920973
25,G2,20.9,0.7652817256059059
25,G2,21.0,0.7658926776416151
25,G2,21.1,0.766502880132677
25,G2,21.2,0.7671123213382999
25,G2,21.3,0.7677209758851297
25,G2,21.4,0.7683288771259587
25,G2,21.5,0.76893601517275
25,G2,21.6,0.7695423568295345
25,G2,21.7,0.7701479413545707
25,G2,21.8,0.7707527603180675
25,G2,21.9,0.7713567743471221
25,G2,22.0,0.7719600269011307
25,G2,22.1,0.7725625110134596
25,G2,22.2,0.7731641829420091
25,G2,22.3,0.7737650879673542
25,G2,22.4,0.7743652227428972
25,G2,22.5,0.7749645377544965
25,G2,22.6,0.7755630803368236
25,G2,22.7,0.7761608510602915
25,G2,22.8,0.7767577945653323
25,G2,22.9,0.7773539600792329
25,G2,23.0,0.7779493506797708
25,G2,23.1,0.7785439097998675
25,G2,23.2,0.7791376838361034
25,G2,23.3,0.7797306797635145
25,G2,23.4,0.7803228405321155
25,G2,23.5,0.7809142088989559
25,G2,23.6,0.7815047960764622
25,G2,23.7,0.7820945444887049
25,G2,23.8,0.7826834932132267
25,G2,23.9,0.7832716577828277
25,G2,24.0,0.783858980052728
25,G2,24.1,0.7844454953820847
25,G2,24.2,0.7850312237058019
25,G2,24.3,0.7856161060774196
25,G2,24.4,0.7862001746701404
25,G2,24.5,0.7867834533312252
25,G2,24.6,0.7873658819227329
25,G2,24.7,0.7879474910070497
25,G2,24.8,0.7885283068111588
25,G2,24.9,0.7891082684948115
25,G2,25.0,0.7896874049910133
26,G1,10.0,0.7852347510460416
26,G1,10.1,0.7860063394831107
26,G1,10.2,0.7867765161714181
26,G1,10.3,0.7875452773372906
26,G1,10.4,0.7883126200186934
26,G1,10.5,0.7890785409700201
26,G1,10.6,0.7898430368513719
26,G1,10.7,0.790606104436763
26,G1,10.8,0.7913677396750058
26,G1,10.9,0.7921279387699672
26,G1,11.0,0.7928866987632084
26,G1,11.1,0.793644016536458
26,G1,11.2,0.794399888994197
26,G1,11.3,0.7951543131396622
26,G1,11.4,0.7959072857014353
26,G1,11.5,0.7966588033751816
26,G1,11.6,0.7974088632400463
26,G1,11.7,0.7981574616129907
26,G1,11.8,0.7989045953520479
26,G1,11.9,0.7996502615479993
26,G1,12.0,0.8003944573547881
26,G1,12.1,0.8011371793176963
26,G1,12.2,0.8018784246108972
26,G1,12.3,0.8026181903829608
26,G1,12.4,0.8033564738005295
26,G1,12.5,0.8040932721231044
26,G1,12.6,0.804828582425069
26,G1,12.7,0.8055624022208308
26,G1,12.8,0.8062947277774414
26,G1,12.9,0.8070255566751667
26,G1,13.0,0.8077548851506535
26,G1,13.1,0.8084827106182662
26,G1,13.2,0.8092090310454969
26,G1,13.3,0.8099338440519188
26,G1,13.4,0.8106571469141766
26,G1,13.5,0.8113789371554221
26,G1,13.6,0.812099211674278
26,G1,13.7,0.812817967247836
26,G1,13.8,0.8135352020108148
26,G1,13.9,0.8142509136820953
26,G1,14.0,0.8149650987456962
26,G1,14.1,0.8156777552543651
26,G1,14.2,0.8163888807078572
26,G1,14.3,0.8170984727481538
26,G1,14.4,0.8178065287186066
26,G1,14.5,0.818513046794501
26,G1,14.6,0.8192180247542705
26,G1,14.7,0.8199214603408161
26,G1,14.8,0.8206233513721997
26,G1,14.9,0.8213236946879404
26,G1,15.0,0.8220224876843071
26,G1,15.1,0.8227197285014403
26,G1,15.2,0.823415415103473
26,G1,15.3,0.8241095455089421
26,G1,15.4,0.8248021177661734
26,G1,15.5,0.8254931296175512
26,G1,15.6,0.8261825789993753
26,G1,15.7,0.8268704638359107
26,G1,15.8,0.827556781684632
26,G1,15.9,0.82824153043244
26,G1,16.0,0.8289247082717995
26,G1,16.1,0.8296063134984064
26,G1,16.2,0.8302863436019059
26,G1,16.3,0.830964796983407
26,G1,16.4,0.8316416718160895
26,G1,16.5,0.8323169664078047
26,G1,16.6,0.832990679117023
26,G1,16.7,0.8336628080941243
26,G1,16.8,0.8343333519593695
26,G1,16.9,0.8350023080223948
26,G1,17.0,0.8356696749554642
26,G1,17.1,0.8363354499571908
26,G1,17.2,0.8369996318167042
26,G1,17.3,0.8376622195692599
26,G1,17.4,0.838323211866287
26,G1,17.5,0.8389826071384038
26,G1,17.6,0.8396404039578149
26,G1,17.7,0.8402966003093535
26,G1,17.8,0.840951194071727
26,G1,17.9,0.8416041846261672
26,G1,18.0,0.8422555706193547
26,G1,18.1,0.8429053496966231
26,G1,18.2,0.8435535209973677
26,G1,18.3,0.8442000831985473
26,G1,18.4,0.8448450349926752
26,G1,18.5,0.8454883748730817
26,G1,18.6,0.8461301021889028
26,G1,18.7,0.8467702158172493
26,G1,18.8,0.8474087145971494
26,G1,18.9,0.8480455974254021
26,G1,19.0,0.8486808621254256
26,G1,19.1,0.8493145073318625
26,G1,19.2,0.84994653230312
26,G1,19.3,0.8505769361723913
26,G1,19.4,0.8512057180513777
26,G1,19.5,0.8518328770768648
26,G1,19.6,0.852458412043215
26,G1,19.7,0.8530823221954184
26,G1,19.8,0.8537046062780766
26,G1,19.9,0.8543252631744835
26,G1,20.0,0.8549442918274724
26,G1,20.1,0.8555616915599144
26,G1,20.2,0.8561774617689968
26,G1,20.3,0.8567916010555211
26,G1,20.4,0.8574041089483986
26,G1,20.5,0.8580149847353813
26,G1,20.6,0.8586242278411069
26,G1,20.7,0.859231837730052
26,G1,20.8,0.8598378137369722
26,G1,20.9,0.8604421554679781
26,G1,21.0,0.8610448614233376
26,G1,21.1,0.8616459312577878
26,G1,21.2,0.8622453633239388
26,G1,21.3,0.8628431576746401
26,G1,21.4,0.8634393144342656
26,G1,21.5,0.8640338332731424
26,G1,21.6,0.8646267138211582
26,G1,21.7,0.865217955667396
26,G1,21.8,0.865807557862901
26,G1,21.9,0.8663955195168285
26,G1,22.0,0.8669818411434624
26,G1,22.1,0.8675665223476068
26,G1,22.2,0.8681495619615792
26,G1,22.3,0.8687309601650625
26,G1,22.4,0.8693107168246849
26,G1,22.5,0.8698888316596666
26,G1,22.6,0.8704653043646439
26,G1,22.7,0.8710401353723574
26,G1,22.8,0.8716133246782847
26,G1,22.9,0.8721848721843282
26,G1,23.0,0.8727547778224887
26,G1,23.1,0.873323040456362
26,G1,23.2,0.8738896599272926
26,G1,23.3,0.8744546366559609
26,G1,23.4,0.8750179708032139
26,G1,23.5,0.8755796625837698
26,G1,23.6,0.8761397122093755
26,G1,23.7,0.8766981194953659
26,G1,23.8,0.8772548849569943
26,G1,23.9,0.8778100081591165
26,G1,24.0,0.8783634892574727
26,G1,24.1,0.878915328247788
26,G1,24.2,0.8794655255214024
26,G1,24.3,0.8800140815515521
26,G1,24.4,0.8805609959918768
26,G1,24.5,0.8811062695299929
26,G1,24.6,0.8816499024557835
26,G1,24.7,0.8821918953023875
26,G1,24.8,0.8827322485931652
26,G1,24.9,0.883270962763725
26,G1,25.0,0.8838080383483575
26,G2,10.0,0.7048792940489162
26,G2,10.1,0.7057663923115461
26,G2,10.2,0.7066525189696709
26,G2,10.3,0.7075376692137171
26,G2,10.4,0.7084218376471069
26,G2,10.5,0.7093050191940732
26,G2,10.6,0.7101872087690252
26,G2,10.7,0.7110683990869053
26,G2,10.8,0.7119485856947405
26,G2,10.9,0.7128277642108719
26,G2,11.0,0.7137059283827798
26,G2,11.1,0.7145830736535672
26,G2,11.2,0.7154591939671808
26,G2,11.3,0.7163342843728022
26,G2,11.4,0.7172083387286763
26,G2,11.5,0.7180813514596666
26,G2,11.6,0.718953319033723
26,G2,11.7,0.719824236138342
26,G2,11.8,0.7206940959309095
26,G2,11.9,0.7215628936686802
26,G2,12.0,0.722430624491932
26,G2,12.1,0.7232972819268172
26,G2,12.2,0.7241628629286031
26,G2,12.3,0.7250273623128224
26,G2,12.4,0.7258907743918276
26,G2,12.5,0.7267530949044451
26,G2,12.6,0.7276143187921547
26,G2,12.7,0.728474441014807
26,G2,12.8,0.7293334556419453
26,G2,12.9,0.730191357930506
26,G2,13.0,0.7310481426660099
26,G2,13.1,0.731903803896044
26,G2,13.2,0.7327583369475416
26,G2,13.3,0.7336117384205267
26,G2,13.4,0.7344640027441968
26,G2,13.5,0.7353151248772638
26,G2,13.6,0.7361650999021966
26,G2,13.7,0.7370139238111741
26,G2,13.8,0.7378615917734368
26,G2,13.9,0.7387080989778335
26,G2,14.0,0.739553440632923
26,G2,14.1,0.7403976119670717
26,G2,14.2,0.7412406082285522
26,G2,14.3,0.742082422781939
26,G2,14.4,0.742923052170974
26,G2,14.5,0.7437624913739541
26,G2,14.6,0.7446007363849579
26,G2,14.7,0.7454377826766186
26,G2,14.8,0.7462736233637466
26,G2,14.9,0.7471082552511951
26,G2,15.0,0.7479416747257969
26,G2,15.1,0.748773876005325
26,G2,15.2,0.7496048556305867
26,G2,15.3,0.7504346081338407
26,G2,15.4,0.7512631293221825
26,G2,15.5,0.7520904136561486
26,G2,15.6,0.7529164568382473
26,G2,15.7,0.7537412560331611
26,G2,15.8,0.7545648065682029
26,G2,15.9,0.7553871023112616
26,G2,16.0,0.7562081393207001
26,G2,16.1,0.7570279135377523
26,G2,16.2,0.7578464192960804
26,G2,16.3,0.7586636547747129
26,G2,16.4,0.7594796153292105
26,G2,16.5,0.7602942962429017
26,G2,16.6,0.7611076941166719
26,G2,16.7,0.7619198047280425
26,G2,16.8,0.7627306238755123
26,G2,16.9,0.7635401461675606
26,G2,17.0,0.7643483678438302
26,G2,17.1,0.7651552843623185
26,G2,17.2,0.7659608904764443
26,G2,17.3,0.7667651830013149
26,G2,17.4,0.767568159279321
26,G2,17.5,0.7683698143664479
26,G2,17.6,0.7691701442054965
26,G2,17.7,0.7699691448837858
26,G2,17.8,0.7707668132700614
26,G2,17.9,0.77156314541487
26,G2,18.0,0.7723581373919737
26,G2,18.1,0.7731517852984248
26,G2,18.2,0.7739440852546395
26,G2,18.3,0.7747350334044747
26,G2,18.4,0.775524623495073
26,G2,18.5,0.7763128536924533
26,G2,18.6,0.7770997194125021
26,G2,18.7,0.7778852179344313
26,G2,18.8,0.778669345289623
26,G2,18.9,0.7794520954553898
26,G2,19.0,0.780233466489971
26,G2,19.1,0.7810134555797945
26,G2,19.2,0.7817920578639261
26,G2,19.3,0.7825692708111378
26,G2,19.4,0.7833450899539175
26,G2,19.5,0.7841195118362738
26,G2,19.6,0.7848925317550152
26,G2,19.7,0.7856641469051133
26,G2,19.8,0.7864343551972601
26,G2,19.9,0.7872031527306997
26,G2,20.0,0.7879705341411208
26,G2,20.1,0.7887364968878589
26,G2,20.2,0.7895010372680289
26,G2,20.3,0.7902641511247731
26,G2,20.4,0.7910258376305616
26,G2,20.5,0.7917860928627202
26,G2,20.6,0.7925449133040539
26,G2,20.7,0.7933022964966112
26,G2,20.8,0.7940582391935974
26,G2,20.9,0.7948127380320003
26,G2,21.0,0.7955657887102819
26,G2,21.1,0.7963173881891132
26,G2,21.2,0.7970675328489455
26,G2,21.3,0.7978162183951873
26,G2,21.4,0.798563443258488
26,G2,21.5,0.7993092055608304
26,G2,21.6,0.8000535011098487
26,G2,21.7,0.8007963269967482
26,G2,21.8,0.8015376804731538
26,G2,21.9,0.8022775593544357
26,G2,22.0,0.803015960699271
26,G2,22.1,0.8037528815920632
26,G2,22.2,0.8044883191429917
26,G2,22.3,0.8052222704880548
26,G2,22.4,0.8059547326637333
26,G2,22.5,0.8066857003131951
26,G2,22.6,0.8074151730217525
26,G2,22.7,0.8081431468261668
26,G2,22.8,0.8088696204361613
26,G2,22.9,0.8095945904345581
26,G2,23.0,0.81031805205572
26,G2,23.1,0.8110400045584322
26,G2,23.2,0.8117604459559099
26,G2,23.3,0.8124793726318185
26,G2,23.4,0.8131967828819756
26,G2,23.5,0.8139126734816343
26,G2,23.6,0.8146270417538684
26,G2,23.7,0.8153398839970981
26,G2,23.8,0.8160511990247384
26,G2,23.9,0.8167609855223705
26,G2,24.0,0.8174692404026502
26,G2,24.1,0.8181759593625928
26,G2,24.2,0.8188811413074072
26,G2,24.3,0.8195847828285865
26,G2,24.4,0.8202868817242016
26,G2,24.5,0.8209874379548292
26,G2,24.6,0.8216864484546715
26,G2,24.7,0.8223839110659823
26,G2,24.8,0.8230798243133868
26,G2,24.9,0.8237741860190207
26,G2,25.0,0.8244669937238996
27,G1,10.0,0.7926320624921562
27,G1,10.1,0.7933591417011413
27,G1,10.2,0.7940848841750057
27,G1,10.3,0.7948092980871474
27,G1,10.4,0.7955323718343394
27,G1,10.5,0.7962541002245087
27,G1,10.6,0.7969744775739144
27,G1,10.7,0.7976934992793515
27,G1,10.8,0.7984111677156325
27,G1,10.9,0.7991274921312246
27,G1,11.0,0.7998424583648037
27,G1,11.1,0.8005560636667867
27,G1,11.2,0.8012682999641824
27,G1,11.3,0.8019791664050163
27,G1,11.4,0.8026886650708839
27,G1,11.5,0.8033968048388056
27,G1,11.6,0.8041035688501323
27,G1,11.7,0.8048089563910161
27,G1,11.8,0.8055129591824517
27,G1,11.9,0.8062155775912415
27,G1,12.0,0.8069168151340663
27,G1,12.1,0.8076166786532265
27,G1,12.2,0.8083151501472714
27,G1,12.3,0.8090122313159335
27,G1,12.4,0.8097079123165472
27,G1,12.5,0.810402195164263
27,G1,12.6,0.811095085644558
27,G1,12.7,0.8117865857824548
27,G1,12.8,0.8124766800447654
27,G1,12.9,0.8131653705264524
27,G1,13.0,0.8138526458102622
27,G1,13.1,0.814538510547247
27,G1,13.2,0.8152229724053952
27,G1,13.3,0.8159060273023193
27,G1,13.4,0.8165876645527922
27,G1,13.5,0.8172678839671502
27,G1,13.6,0.8179466753854506
27,G1,13.7,0.8186240446960429
27,G1,13.8,0.8193000000385957
27,G1,13.9,0.8199745334832989
27,G1,14.0,0.8206476383580765
27,G1,14.1,0.8213193123346633
27,G1,14.2,0.8219895464238834
27,G1,14.3,0.8226583470005532
27,G1,14.4,0.8233257232875343
27,G1,14.5,0.823991664534514
27,G1,14.6,0.8246561664419709
27,G1,14.7,0.8253192236789925
27,G1,14.8,0.8259808324589896
27,G1,14.9,0.8266409966258225
27,G1,15.0,0.8272997266042869
27,G1,15.1,0.8279570089577732
27,G1,15.2,0.828612841999773
27,G1,15.3,0.8292672177084023
27,G1,15.4,0.8299201365753903
27,G1,15.5,0.8305716017474765
27,G1,15.6,0.831221623503211
27,G1,15.7,0.8318701854575149
27,G1,15.8,0.8325172881352708
27,G1,15.9,0.8331629232074792
27,G1,16.0,0.8338070926766171
27,G1,16.1,0.834449800801032
27,G1,16.2,0.8350910561008389
27,G1,16.3,0.8357308407926772
27,G1,16.4,0.8363691578874182
27,G1,16.5,0.8370059975487674
27,G1,16.6,0.8376413635416454
27,G1,16.7,0.8382752622497718
27,G1,16.8,0.8389076974122975
27,G1,16.9,0.839538653706062
27,G1,17.0,0.8401681344890422
27,G1,17.1,0.8407961284286802
27,G1,17.2,0.8414226419851605
27,G1,17.3,0.8420476834090979
27,G1,17.4,0.8426712501489672
27,G1,17.5,0.8432933320047922
27,G1,17.6,0.8439139297357516
27,G1,17.7,0.8445330335766837
27,G1,17.8,0.8451506511053175
27,G1,17.9,0.8457667910836311
27,G1,18.0,0.846381446923352
27,G1,18.1,0.8469946127175091
27,G1,18.2,0.8476062868241148
27,G1,18.3,0.8482164608847218
27,G1,18.4,0.848825142801647
27,G1,18.5,0.8494323425868002
27,G1,18.6,0.8500380506119856
27,G1,18.7,0.8506422635461662
27,G1,18.8,0.8512449765342132
27,G1,18.9,0.8518461866572364
27,G1,19.0,0.8524458991122115
27,G1,19.1,0.8530441251969266
27,G1,19.2,0.853640852540697
27,G1,19.3,0.8542360805172505
27,G1,19.4,0.8548298013505296
27,G1,19.5,0.8554220168017503
27,G1,19.6,0.8560127309871233
27,G1,19.7,0.8566019553016415
27,G1,19.8,0.857189674220721
27,G1,19.9,0.8577758894706636
27,G1,20.0,0.8583605928492123
27,G1,20.1,0.8589437878857317
27,G1,20.2,0.8595254794602227
27,G1,20.3,0.8601056775176983
27,G1,20.4,0.860684364919767
27,G1,20.5,0.861261545877475
27,G1,20.6,0.861837210768926
27,G1,20.7,0.8624113649616928
27,G1,20.8,0.8629840152525129
27,G1,20.9,0.8635551669699607
27,G1,21.0,0.8641248053541499
27,G1,21.1,0.8646929348958801
27,G1,21.2,0.8652595446057508
27,G1,21.3,0.865824642517679
27,G1,21.4,0.8663882372486756
27,G1,21.5,0.8669503277991228
27,G1,21.6,0.8675109046705995
27,G1,21.7,0.8680699695143573
27,G1,21.8,0.8686275131459616
27,G1,21.9,0.869183544602301
27,G1,22.0,0.8697380730083004
27,G1,22.1,0.8702910932586068
27,G1,22.2,0.8708426002969812
27,G1,22.3,0.8713925931746912
27,G1,22.4,0.8719410643152149
27,G1,22.5,0.8724880229007245
27,G1,22.6,0.8730334794489142
27,G1,22.7,0.8735774256520868
27,G1,22.8,0.8741198591677359
27,G1,22.9,0.8746607757212569
27,G1,23.0,0.8752001732377083
27,G1,23.1,0.8757380581099592
27,G1,23.2,0.8762744421852293
27,G1,23.3,0.8768093144220115
27,G1,23.4,0.8773426752019521
27,G1,23.5,0.8778745171572075
27,G1,23.6,0.8784048431859941
27,G1,23.7,0.8789336582403802
27,G1,23.8,0.8794609745085366
27,G1,23.9,0.8799867776515852
27,G1,24.0,0.880511070495961
27,G1,24.1,0.8810338451182443
27,G1,24.2,0.8815551063988367
27,G1,24.3,0.8820748597068775
27,G1,24.4,0.8825931160952155
27,G1,24.5,0.883109859440237
27,G1,24.6,0.8836250949920997
27,G1,24.7,0.8841388135151853
27,G1,24.8,0.8846510217651269
27,G1,24.9,0.885161726758986
27,G1,25.0,0.885670935221144
27,G2,10.0,0.6618687619507594
27,G2,10.1,0.6627560851051827
27,G2,10.2,0.6636427545635585
27,G2,10.3,0.6645287761575337
27,G2,10.4,0.6654141225644111
27,G2,10.5,0.6662988003677994
27,G2,10.6,0.6671828016454314
27,G2,10.7,0.6680661289847669
27,G2,10.8,0.6689487704224908
27,G2,10.9,0.6698307309281434
27,G2,11.0,0.6707119854809032
27,G2,11.1,0.6715925400162526
27,G2,11.2,0.6724723851599788
27,G2,11.3,0.6733515280777537
27,G2,11.4,0.6742299532217473
27,G2,11.5,0.6751076642914329
27,G2,11.6,0.675984639350471
27,G2,11.7,0.6768608831227507
27,G2,11.8,0.6777363849549961
27,G2,11.9,0.6786111550373969
27,G2,12.0,0.679485179514037
27,G2,12.1,0.6803584549826476
27,G2,12.2,0.6812309639235846
27,G2,12.3,0.6821027121532471
27,G2,12.4,0.682973686051025
27,G2,12.5,0.6838438981163739
27,G2,12.6,0.6847133386853469
27,G2,12.7,0.6855819940187948
27,G2,12.8,0.6864498532488033
27,G2,12.9,0.6873169220445975
27,G2,13.0,0.6881831868461444
27,G2,13.1,0.6890486580657574
27,G2,13.2,0.6899133333571613
27,G2,13.3,0.6907771845600235
27,G2,13.4,0.6916402142628357
27,G2,13.5,0.6925024224114438
27,G2,13.6,0.6933637998940405
27,G2,13.7,0.6942243501013757
27,G2,13.8,0.6950840770017804
27,G2,13.9,0.6959429479358721
27,G2,14.0,0.6968009704856973
27,G2,14.1,0.6976581379924102
27,G2,14.2,0.6985144515144269
27,G2,14.3,0.6993699046990373
27,G2,14.4,0.7002245059537032
27,G2,14.5,0.7010782205396648
27,G2,14.6,0.7019310596587128
27,G2,14.7,0.7027830112728773
27,G2,14.8,0.7036340846931071
27,G2,14.9,0.7044842678772281
27,G2,15.0,0.7053335683728148
27,G2,15.1,0.7061819539363822
27,G2,15.2,0.7070294358525094
27,G2,15.3,0.7078759993859258
27,G2,15.4,0.7087216606291379
27,G2,15.5,0.7095664023017485
27,G2,15.6,0.710410230357157
27,G2,15.7,0.7112531165104742
27,G2,15.8,0.7120950703157517
27,G2,15.9,0.7129360765166571
27,G2,16.0,0.7137761543299022
27,G2,16.1,0.7146152880327542
27,G2,16.2,0.715453475075954
27,G2,16.3,0.7162906932435674
27,G2,16.4,0.7171269522173918
27,G2,16.5,0.7179622347339395
27,G2,16.6,0.7187965620692072
27,G2,16.7,0.7196299232554432
27,G2,16.8,0.7204623032983009
27,G2,16.9,0.7212936886655819
27,G2,17.0,0.7221240874232373
27,G2,17.1,0.7229534847097303
27,G2,17.2,0.7237818978053935
27,G2,17.3,0.7246093246295169
27,G2,17.4,0.7254357326310564
27,G2,17.5,0.7262611251004834
27,G2,17.6,0.7270855024805053
27,G2,17.7,0.7279088564206918
27,G2,17.8,0.7287311950138121
27,G2,17.9,0.729552523881956
27,G2,18.0,0.730372804454113
27,G2,18.1,0.7311920471395928
27,G2,18.2,0.7320102434758085
27,G2,18.3,0.7328273982844944
27,G2,18.4,0.7336435075420057
27,G2,18.5,0.7344585819860142
27,G2,18.6,0.7352725803838798
27,G2,18.7,0.7360855182554515
27,G2,18.8,0.736897379760796
27,G2,18.9,0.7377081807261762
27,G2,19.0,0.7385179095151351
27,G2,19.1,0.7393265760785227
27,G2,19.2,0.7401341417489267
27,G2,19.3,0.7409406229454578
27,G2,19.4,0.7417459998224489
27,G2,19.5,0.7425502971334784
27,G2,19.6,0.7433534964594521
27,G2,19.7,0.7441556058561027
27,G2,19.8,0.7449565913516131
27,G2,19.9,0.7457564671966975
27,G2,20.0,0.7465552138071515
27,G2,20.1,0.7473528591005898
27,G2,20.2,0.7481493859220721
27,G2,20.3,0.748944792747253
27,G2,20.4,0.74973905315901
27,G2,20.5,0.7505321805412694
27,G2,20.6,0.7513241542838126
27,G2,20.7,0.7521150041289517
27,G2,20.8,0.7529047180692742
27,G2,20.9,0.7536932803673686
27,G2,21.0,0.7544806750700339
27,G2,21.1,0.7552669125257297
27,G2,21.2,0.7560519768274686
27,G2,21.3,0.7568358919181671
27,G2,21.4,0.7576186559740798
27,G2,21.5,0.758400233042922
27,G2,21.6,0.7591806269185456
27,G2,21.7,0.7599598385865849
27,G2,21.8,0.7607378605803061
27,G2,21.9,0.7615147057929399
27,G2,22.0,0.7622903812163008
27,G2,22.1,0.763064843470175
27,G2,22.2,0.7638381054573742
27,G2,22.3,0.7646101572007102
27,G2,22.4,0.7653810070718566
27,G2,22.5,0.766150653698345
27,G2,22.6,0.766919109827233
27,G2,22.7,0.7676863288639093
27,G2,22.8,0.7684523301971568
27,G2,22.9,0.7692170946118306
27,G2,23.0,0.7699806440216387
27,G2,23.1,0.7707429676557116
27,G2,23.2,0.7715040776067741
27,G2,23.3,0.7722639297982238
27,G2,23.4,0.7730225453593197
27,G2,23.5,0.7737798998192749
27,G2,23.6,0.7745360259722142
27,G2,23.7,0.7752909048739535
27,G2,23.8,0.7760445464832715
27,G2,23.9,0.7767969119857765
27,G2,24.0,0.7775480200222552
27,G2,24.1,0.7782978470897601
27,G2,24.2,0.7790464291874934
27,G2,24.3,0.7797937482097806
27,G2,24.4,0.7805398037715994
27,G2,24.5,0.7812845658950608
27,G2,24.6,0.7820280513524799
27,G2,24.7,0.7827702366306377
27,G2,24.8,0.7835111592902184
27,G2,24.9,0.7842508066021777
27,G2,25.0,0.784989162592435
28,G1,10.0,0.7876712369896531
28,G1,10.1,0.7882154730884261
28,G1,10.2,0.788758989200511
28,G1,10.3,0.7893017667337288
28,G1,10.4,0.7898438343175821
28,G1,10.5,0.7903851744503362
28,G1,10.6,0.7909257756722001
28,G1,10.7,0.7914656637706684
28,G1,10.8,0.7920048178041632
28,G1,10.9,0.7925432319405502
28,G1,11.0,0.7930809299753419
28,G1,11.1,0.7936178872170483
28,G1,11.2,0.7941541036777185
28,G1,11.3,0.7946896014450455
28,G1,11.4,0.7952243505333007
28,G1,11.5,0.7957583610951795
28,G1,11.6,0.7962916479116078
28,G1,11.7,0.7968241780997106
28,G1,11.8,0.7973559742532428
28,G1,11.9,0.7978870385637091
28,G1,12.0,0.7984173414694357
28,G1,12.1,0.798946914006156
28,G1,12.2,0.7994757440353069
28,G1,12.3,0.8000038129653378
28,G1,12.4,0.8005311500130209
28,G1,12.5,0.8010577374783424
28,G1,12.6,0.8015835639111459
28,G1,12.7,0.8021086556671349
28,G1,12.8,0.8026329916323669
28,G1,12.9,0.8031565659562088
28,G1,13.0,0.8036794030374339
28,G1,13.1,0.8042014779201254
28,G1,13.2,0.8047227907396118
28,G1,13.3,0.805243364104101
28,G1,13.4,0.8057631677419539
28,G1,13.5,0.8062822120820277
28,G1,13.6,0.8068005122138985
28,G1,13.7,0.8073180350116788
28,G1,13.8,0.8078348035617918
28,G1,13.9,0.8083508200904004
28,G1,14.0,0.8088660549277211
28,G1,14.1,0.8093805396660602
28,G1,14.2,0.8098942620011269
28,G1,14.3,0.8104072034013665
28,G1,14.4,0.8109193935796406
28,G1,14.5,0.811430814692416
28,G1,14.6,0.8119414553354019
28,G1,14.7,0.8124513423465302
28,G1,14.8,0.812960454508001
28,G1,14.9,0.813468785974249
28,G1,15.0,0.8139763616578995
28,G1,15.1,0.8144831564255496
28,G1,15.2,0.8149891705418929
28,G1,15.3,0.815494427048467
28,G1,15.4,0.8159988954920688
28,G1,15.5,0.8165025865449244
28,G1,15.6,0.8170055155506305
28,G1,15.7,0.81750764925017
28,G1,15.8,0.8180090111513493
28,G1,15.9,0.8185096035003858
28,G1,16.0,0.8190093966187371
28,G1,16.1,0.819508422552315
28,G1,16.2,0.8200066688695791
28,G1,16.3,0.8205041171541337
28,G1,16.4,0.8210007975290164
28,G1,16.5,0.8214966920560696
28,G1,16.6,0.8219917894132074
28,G1,16.7,0.8224861168344205
28,G1,16.8,0.8229796530661915
28,G1,16.9,0.8234723922882881
28,G1,17.0,0.8239643598402273
28,G1,17.1,0.8244555304971224
28,G1,17.2,0.8249459046516386
28,G1,17.3,0.8254355056987119
28,G1,17.4,0.8259243031036986
28,G1,17.5,0.8264123077485515
28,G1,17.6,0.8268995351764625
28,G1,17.7,0.8273859521030807
28,G1,17.8,0.827871582385289
28,G1,17.9,0.828356428275473
28,G1,18.0,0.8288404601827493
28,G1,18.1,0.8293237105028812
28,G1,18.2,0.8298061667182993
28,G1,18.3,0.830287810580396
28,G1,18.4,0.8307686725286926
28,G1,18.5,0.8312487345876218
28,G1,18.6,0.8317279855486313
28,G1,18.7,0.8322064529560129
28,G1,18.8,0.8326841155876995
28,G1,18.9,0.8331609676657802
28,G1,19.0,0.8336370348735127
28,G1,19.1,0.8341122919743091
28,G1,19.2,0.8345867394884754
28,G1,19.3,0.8350604010855295
28,G1,19.4,0.8355332462463957
28,G1,19.5,0.8360052860285858
28,G1,19.6,0.8364765361210045
28,G1,19.7,0.8369469633187984
28,G1,19.8,0.8374165917552135
28,G1,19.9,0.8378854236756677
28,G1,20.0,0.8383534296696538
28,G1,20.1,0.838820642377927
28,G1,20.2,0.8392870492438792
28,G1,20.3,0.8397526322298948
28,G1,20.4,0.8402174220015974
28,G1,20.5,0.8406814006018082
28,G1,20.6,0.8411445569646734
28,G1,20.7,0.8416069188600835
28,G1,20.8,0.842068465162247
28,G1,20.9,0.8425291901515567
28,G1,21.0,0.8429891197723943
28,G1,21.1,0.8434482288538523
28,G1,21.2,0.8439065180426295
28,G1,21.3,0.8443640112046774
28,G1,21.4,0.8448206779304079
28,G1,21.5,0.8452765294185463
28,G1,21.6,0.8457315814506907
28,G1,21.7,0.8461858010025097
28,G1,21.8,0.8466392124111137
28,G1,21.9,0.8470918179025855
28,G1,22.0,0.8475435883350907
28,G1,22.1,0.8479945564939025
28,G1,22.2,0.8484447098216725
28,G1,22.3,0.8488940305393018
28,G1,22.4,0.8493425494474044
28,G1,22.5,0.8497902486611113
28,G1,22.6,0.8502371172840892
28,G1,22.7,0.8506831832287627
28,G1,22.8,0.851128425527572
28,G1,22.9,0.8515728385341068
28,G1,23.0,0.852016448372381
28,G1,23.1,0.8524592300114858
28,G1,23.2,0.8529011842224339
28,G1,23.3,0.8533423349906745
28,G1,23.4,0.8537826521061473
28,G1,23.5,0.8542221468746328
28,G1,23.6,0.8546608351185725
28,G1,23.7,0.8550986840905712
28,G1,23.8,0.8555357182599468
28,G1,23.9,0.8559719398176153
28,G1,24.0,0.8564073199863453
28,G1,24.1,0.8568418915852649
28,G1,24.2,0.8572756420976698
28,G1,24.3,0.8577085540466163
28,G1,24.4,0.8581406582791509
28,G1,24.5,0.8585719370343
28,G1,24.6,0.8590023796095957
28,G1,24.7,0.8594320139791439
28,G1,24.8,0.8598608193921773
28,G1,24.9,0.8602887902892677
28,G1,25.0,0.8607159528911479
28,G2,10.0,0.6626958763864432
28,G2,10.1,0.6633525828381829
28,G2,10.2,0.6640089393417737
28,G2,10.3,0.6646649475483353
28,G2,10.4,0.6653205590033143
28,G2,10.5,0.6659758213960055
28,G2,10.6,0.6666307139816537
28,G2,10.7,0.6672852104846083
28,G2,10.8,0.6679393612571591
28,G2,10.9,0.6685931175623238
28,G2,11.0,0.6692464806679349
28,G2,11.1,0.669899498380253
28,G2,11.2,0.6705521020242623
28,G2,11.3,0.671204313484873
28,G2,11.4,0.671856175739171
28,G2,11.5,0.6725076112087536
28,G2,11.6,0.6731586504823214
28,G2,11.7,0.6738093357421152
28,G2,11.8,0.674459582703241
28,G2,11.9,0.6751094363559351
28,G2,12.0,0.6757589198888384
28,G2,12.1,0.6764079620125348
28,G2,12.2,0.6770566132486272
28,G2,12.3,0.6777048728883188
28,G2,12.4,0.678352693781081
28,G2,12.5,0.6790001248009366
28,G2,12.6,0.6796471419474807
28,G2,12.7,0.6802937221397743
28,G2,12.8,0.680939915835499
28,G2,12.9,0.6815856705141645
28,G2,13.0,0.6822309920298072
28,G2,13.1,0.6828759273464324
28,G2,13.2,0.683520404089855
28,G2,13.3,0.6841644491761247
28,G2,13.4,0.6848081040355118
28,G2,13.5,0.6854512882365733
28,G2,13.6,0.6860940365550149
28,G2,13.7,0.6867363899744608
28,G2,13.8,0.6873782618584224
28,G2,13.9,0.6880197009040814
28,G2,14.0,0.6886607282423249
28,G2,14.1,0.6893012723874202
28,G2,14.2,0.6899413858974531
28,G2,14.3,0.6905810656726155
28,G2,14.4,0.6912202661066021
28,G2,14.5,0.6918590370494262
28,G2,14.6,0.6924973512987214
28,G2,14.7,0.6931351891270753
28,G2,14.8,0.6937726008705235
28,G2,14.9,0.6944095303936197
28,G2,15.0,0.6950459881864224
28,G2,15.1,0.6956820201484653
28,G2,15.2,0.6963175504712714
28,G2,15.3,0.6969526110444837
28,G2,15.4,0.697587241557624
28,G2,15.5,0.6982213590504469
28,G2,15.6,0.6988550023541135
28,G2,15.7,0.6994882110869083
28,G2,15.8,0.700120896605524
28,G2,15.9,0.700753111137266
28,G2,16.0,0.7013848736283644
28,G2,16.1,0.7020161127373105
28,G2,16.2,0.7026468828305407
28,G2,16.3,0.7032771783972814
28,G2,16.4,0.7039069556070097
28,G2,16.5,0.7045362650734165
28,G2,16.6,0.7051650764611421
28,G2,16.7,0.7057933735380947
28,G2,16.8,0.706421206274153
28,G2,16.9,0.7070485151611781
28,G2,17.0,0.7076753152955325
28,G2,17.1,0.7083016513154313
28,G2,17.2,0.7089274442576516
28,G2,17.3,0.7095527309048942
28,G2,17.4,0.7101775490214115
28,G2,17.5,0.7108018134515259
28,G2,17.6,0.7114255669331722
28,G2,17.7,0.7120488475594302
28,G2,17.8,0.7126715650325003
28,G2,17.9,0.7132937749167859
28,G2,18.0,0.7139154938593344
28,G2,18.1,0.7145366509989712
28,G2,18.2,0.7151573022763187
28,G2,18.3,0.7157774397610771
28,G2,18.4,0.7163970216198753
28,G2,18.5,0.717016099015485
28,G2,18.6,0.7176346385635534
28,G2,18.7,0.7182526276510034
28,G2,18.8,0.7188701156510903
28,G2,18.9,0.7194870399077351
28,G2,19.0,0.7201034201041998
28,G2,19.1,0.7207192994172191
28,G2,19.2,0.7213345960214524
28,G2,19.3,0.721949351489454
28,G2,19.4,0.7225636014862705
28,G2,19.5,0.7231772590013511
28,G2,19.6,0.7237903705143895
28,G2,19.7,0.7244029724412445
28,G2,19.8,0.7250149731874299
28,G2,19.9,0.7256264314462764
28,G2,20.0,0.7262373614643128
28,G2,20.1,0.7268476931902718
28,G2,20.2,0.7274574839001199
28,G2,20.3,0.7280667232470781
28,G2,20.4,0.7286753716046458
28,G2,20.5,0.7292834804690498
28,G2,20.6,0.7298910135056738
28,G2,20.7,0.7304979618250853
28,G2,20.8,0.7311043739815288
28,G2,20.9,0.7317101843992337
28,G2,21.0,0.7323154173169706
28,G2,21.1,0.732920114255179
28,G2,21.2,0.7335241908305042
28,G2,21.3,0.7341276932798976
28,G2,21.4,0.7347306550069496
28,G2,21.5,0.7353329874920497
28,G2,21.6,0.7359347407761506
28,G2,21.7,0.7365359494546749
28,G2,21.8,0.737136520997666
28,G2,21.9,0.7377365170051642
28,G2,22.0,0.7383359492358023
28,G2,22.1,0.7389347487691944
28,G2,22.2,0.7395329739744846
28,G2,22.3,0.7401306121032414
28,G2,22.4,0.7407276259325126
28,G2,22.5,0.7413240670765535
28,G2,22.6,0.7419198963635922
28,G2,22.7,0.7425151087125499
28,G2,22.8,0.7431097516421583
28,G2,22.9,0.743703756898162
28,G2,23.0,0.7442971532207862
28,G2,23.1,0.7448899802894637
28,G2,23.2,0.7454821514767621
28,G2,23.3,0.7460737175368444
28,G2,23.4,0.746664709462316
28,G2,23.5,0.7472550375416905
28,G2,23.6,0.7478447552779129
28,G2,23.7,0.7484338952166765
28,G2,23.8,0.7490223642870076
28,G2,23.9,0.7496102267605751
28,G2,24.0,0.7501974918353872
28,G2,24.1,0.7507840920323119
28,G2,24.2,0.7513700865695162
28,G2,24.3,0.751955460323672
28,G2,24.4,0.7525401786576652
28,G2,24.5,0.7531242930897861
28,G2,24.6,0.7537077617381617
28,G2,24.7,0.7542905833941
28,G2,24.8,0.7548728043315426
28,G2,24.9,0.755454353870644
28,G2,25.0,0.7560352651764626
29,G1,10.0,0.7905743401761621
29,G1,10.1,0.7913203278225539
29,G1,10.2,0.7920649277028143
29,G1,10.3,0.7928081427109275
29,G1,10.4,0.7935499682630685
29,G1,10.5,0.7942904026360326
29,G1,10.6,0.7950294419897074
29,G1,10.7,0.7957670811938639
29,G1,10.8,0.7965033162195229
29,G1,10.9,0.7972381413074255
29,G1,11.0,0.7979715607318228
29,G1,11.1,0.798703570698593
29,G1,11.2,0.799434168686586
29,G1,11.3,0.8001633516891223
29,G1,11.4,0.8008911147099234
29,G1,11.5,0.8016174550816112
29,G1,11.6,0.8023423642888637
29,G1,11.7,0.8030658480249565
29,G1,11.8,0.8037879035428399
29,G1,11.9,0.8045085277405878
29,G1,12.0,0.8052277177466183
29,G1,12.1,0.8059454693422776
29,G1,12.2,0.8066617809948198
29,G1,12.3,0.8073766412881144
29,G1,12.4,0.8080900577377859
29,G1,12.5,0.8088020278691985
29,G1,12.6,0.8095125491464289
29,G1,12.7,0.8102216179232136
29,G1,12.8,0.8109292310841743
29,G1,12.9,0.8116353878301478
29,G1,13.0,0.812340074973596
29,G1,13.1,0.813043300375298
29,G1,13.2,0.8137450628142361
29,G1,13.3,0.8144453600129726
29,G1,13.4,0.8151441879978862
29,G1,13.5,0.815841543963766
29,G1,13.6,0.8165374274414414
29,G1,13.7,0.8172318257496868
29,G1,13.8,0.8179247452043402
29,G1,13.9,0.8186161863166003
29,G1,14.0,0.8193061461738188
29,G1,14.1,0.8199946218383638
29,G1,14.2,0.8206816103918685
29,G1,14.3,0.8213671107153683
29,G1,14.4,0.8220511126692389
29,G1,14.5,0.8227336197374404
29,G1,14.6,0.8234146340095697
29,G1,14.7,0.8240941519093694
29,G1,14.8,0.8247721722493471
29,G1,14.9,0.8254486917341822
29,G1,15.0,0.8261237077183418
29,G1,15.1,0.8267972140936237
29,G1,15.2,0.827469210414875
29,G1,15.3,0.8281397005050145
29,G1,15.4,0.8288086808255207
29,G1,15.5,0.8294761508299134
29,G1,15.6,0.830142107758965
29,G1,15.7,0.8308065474526506
29,G1,15.8,0.8314694669273343
29,G1,15.9,0.8321308627650577
29,G1,16.0,0.8327907399074984
29,G1,16.1,0.833449095691068
29,G1,16.2,0.8341059291406092
29,G1,16.3,0.8347612380090554
29,G1,16.4,0.8354150183559649
29,G1,16.5,0.8360672684871014
29,G1,16.6,0.836717982399104
29,G1,16.7,0.8373671663732234
29,G1,16.8,0.838014818883079
29,G1,16.9,0.8386609381035363
29,G1,17.0,0.8393055223733936
29,G1,17.1,0.8399485681744358
29,G1,17.2,0.840590075149369
29,G1,17.3,0.8412300343051562
29,G1,17.4,0.8418684538261076
29,G1,17.5,0.8425053323601016
29,G1,17.6,0.8431406687916084
29,G1,17.7,0.8437744601999168
29,G1,17.8,0.8444067048947586
29,G1,17.9,0.8450374032178765
29,G1,18.0,0.8456665436373542
29,G1,18.1,0.8462941354066257
29,G1,18.2,0.8469201781088032
29,G1,18.3,0.8475446711288441
29,G1,18.4,0.8481676109270421
29,G1,18.5,0.8487889966393668
29,G1,18.6,0.8494088285645882
29,G1,18.7,0.8500270952030707
29,G1,18.8,0.8506438048557242
29,G1,18.9,0.8512589589324628
29,G1,19.0,0.8518725561331804
29,G1,19.1,0.8524845937336136
29,G1,19.2,0.8530950705782557
29,G1,19.3,0.8537039870993853
29,G1,19.4,0.8543113333840404
29,G1,19.5,0.8549171154812945
29,G1,19.6,0.8555213362705059
29,G1,19.7,0.8561239937147694
29,G1,19.8,0.8567250869657809
29,G1,19.9,0.8573246143506043
29,G1,20.0,0.8579225749562694
29,G1,20.1,0.8585189625633537
29,G1,20.2,0.8591137797325057
29,G1,20.3,0.859707030765376
29,G1,20.4,0.8602987135431716
29,G1,20.5,0.8608888283668532
29,G1,20.6,0.8614773737493112
29,G1,20.7,0.8620643468747748
29,G1,20.8,0.8626497455325183
29,G1,20.9,0.8632335687507217
29,G1,21.0,0.8638158219962087
29,G1,21.1,0.864396503836366
29,G1,21.2,0.864975614636631
29,G1,21.3,0.8655531532457883
29,G1,21.4,0.8661291165791848
29,G1,21.5,0.8667035042006106
29,G1,21.6,0.8672763125843582
29,G1,21.7,0.8678475484747419
29,G1,21.8,0.8684172113474562
29,G1,21.9,0.8689853008839713
29,G1,22.0,0.8695518164009034
29,G1,22.1,0.8701167554160045
29,G1,22.2,0.8706801185793058
29,G1,22.3,0.8712418996841009
29,G1,22.4,0.8718021069165113
29,G1,22.5,0.8723607404549215
29,G1,22.6,0.8729178001174702
29,G1,22.7,0.8734732845736985
29,G1,22.8,0.8740271927033885
29,G1,22.9,0.8745795260638228
29,G1,23.0,0.8751302755410832
29,G1,23.1,0.8756794510302439
29,G1,23.2,0.8762270530667853
29,G1,23.3,0.8767730822136124
29,G1,23.4,0.877317536176176
29,G1,23.5,0.8778604151897818
29,G1,23.6,0.8784017207664733
29,G1,23.7,0.8789414429600159
29,G1,23.8,0.8794795915399429
29,G1,23.9,0.8800161684550206
29,G1,24.0,0.880551174103592
29,G1,24.1,0.881084606340226
29,G1,24.2,0.8816164654625201
29,G1,24.3,0.8821467531756609
29,G1,24.4,0.8826754605941742
29,G1,24.5,0.8832025955172067
29,G1,24.6,0.883728161534766
29,G1,24.7,0.8842521583883846
29,G1,24.8,0.8847745852079035
29,G1,24.9,0.8852954421670823
29,G1,25.0,0.8858147298500002
29,G2,10.0,0.6669017977616764
29,G2,10.1,0.6678048262496563
29,G2,10.2,0.668707139676045
29,G2,10.3,0.6696087291753618
29,G2,10.4,0.6705095850220394
29,G2,10.5,0.6714097168577123
29,G2,10.6,0.6723091187251193
29,G2,10.7,0.6732077839334939
29,G2,10.8,0.6741056995305941
29,G2,10.9,0.6750028590961427
29,G2,11.0,0.6758992569725479
29,G2,11.1,0.6767948833942314
29,G2,11.2,0.6776897450926713
29,G2,11.3,0.6785838381036319
29,G2,11.4,0.6794771578265372
29,G2,11.5,0.6803696892503291
29,G2,11.6,0.6812614257023525
29,G2,11.7,0.6821523625297536
29,G2,11.8,0.6830424905883212
29,G2,11.9,0.6839318136577396
29,G2,12.0,0.6848203299154373
29,G2,12.1,0.6857080365061875
29,G2,12.2,0.6865949169364971
29,G2,12.3,0.6874809641366512
29,G2,12.4,0.6883661747942191
29,G2,12.5,0.689250539319095
29,G2,12.6,0.6901340588341898
29,G2,12.7,0.6910167343657623
29,G2,12.8,0.6918985648899738
29,G2,12.9,0.6927795315302471
29,G2,13.0,0.6936596271568105
29,G2,13.1,0.6945388508794154
29,G2,13.2,0.6954171907460714
29,G2,13.3,0.6962946464941334
29,G2,13.4,0.6971712223205213
29,G2,13.5,0.6980469175765067
29,G2,13.6,0.6989217113137802
29,G2,13.7,0.6997955991424495
29,G2,13.8,0.7006685785637077
29,G2,13.9,0.7015406379504341
29,G2,14.0,0.7024117737101215
29,G2,14.1,0.7032819952837404
29,G2,14.2,0.7041512991124722
29,G2,14.3,0.705019668142085
29,G2,14.4,0.705887094804457
29,G2,14.5,0.7067535770827175
29,G2,14.6,0.7076191055534966
29,G2,14.7,0.7084836703293742
29,G2,14.8,0.7093472875398554
29,G2,14.9,0.7102099498871453
29,G2,15.0,0.7110716458320467
29,G2,15.1,0.7119323634795282
29,G2,15.2,0.71279210121504
29,G2,15.3,0.713650849900154
29,G2,15.4,0.714508600294419
29,G2,15.5,0.7153653680695304
29,G2,15.6,0.7162211444284468
29,G2,15.7,0.7170759230642927
29,G2,15.8,0.7179296896657547
29,G2,15.9,0.7187824396455418
29,G2,16.0,0.7196341673395276
29,G2,16.1,0.7204848637791519
29,G2,16.2,0.7213345415258929
29,G2,16.3,0.7221831935845546
29,G2,16.4,0.7230308167898127
29,G2,16.5,0.723877394406113
29,G2,16.6,0.7247229203310906
29,G2,16.7,0.7255673914551005
29,G2,16.8,0.7264107988966438
29,G2,16.9,0.7272531523763472
29,G2,17.0,0.7280944466217953
29,G2,17.1,0.7289346818319713
29,G2,17.2,0.7297738374871301
29,G2,17.3,0.7306119093237241
29,G2,17.4,0.7314488942036224
29,G2,17.5,0.7322847833561928
29,G2,17.6,0.7331195833287817
29,G2,17.7,0.7339532923105188
29,G2,17.8,0.7347859122022058
29,G2,17.9,0.7356174210559234
29,G2,18.0,0.736447812467725
29,G2,18.1,0.7372770876933258
29,G2,18.2,0.7381052348365578
29,G2,18.3,0.7389322589472713
29,G2,18.4,0.7397581614704917
29,G2,18.5,0.7405829460438011
29,G2,18.6,0.7414065860245322
29,G2,18.7,0.7422290802912097
29,G2,18.8,0.743050427826992
29,G2,18.9,0.7438706160373566
29,G2,19.0,0.744689647128448
29,G2,19.1,0.7455075289148702
29,G2,19.2,0.7463242611577786
29,G2,19.3,0.7471398213058899
29,G2,19.4,0.7479542056776789
29,G2,19.5,0.748767412937101
29,G2,19.6,0.7495794330050995
29,G2,19.7,0.7503902611638676
29,G2,19.8,0.751199913458257
29,G2,19.9,0.7520083842967135
29,G2,20.0,0.7528156588676367
29,G2,20.1,0.7536217269609556
29,G2,20.2,0.754426588692298
29,G2,20.3,0.7552302358218389
29,G2,20.4,0.7560326592712907
29,G2,20.5,0.7568338799845848
29,G2,20.6,0.7576338880774325
29,G2,20.7,0.7584326759877654
29,G2,20.8,0.7592302296084799
29,G2,20.9,0.7600265468938864
29,G2,21.0,0.7608216217717522
29,G2,21.1,0.761615446900429
29,G2,21.2,0.7624080400498335
29,G2,21.3,0.763199391693221
29,G2,21.4,0.7639894995261541
29,G2,21.5,0.7647783463266621
29,G2,21.6,0.7655659273353653
29,G2,21.7,0.7663522405242305
29,G2,21.8,0.767137278029636
29,G2,21.9,0.7679210549635843
29,G2,22.0,0.768703563224596
29,G2,22.1,0.7694848048449211
29,G2,22.2,0.7702647581267915
29,G2,22.3,0.7710434199561347
29,G2,22.4,0.7718207886387007
29,G2,22.5,0.772596856396559
29,G2,22.6,0.773371635662666
29,G2,22.7,0.7741451207565822
29,G2,22.8,0.7749173164044104
29,G2,22.9,0.775688198591875
29,G2,23.0,0.7764577636767106
29,G2,23.1,0.7772260128731314
29,G2,23.2,0.7779929358956441
29,G2,23.3,0.7787585430480793
29,G2,23.4,0.7795228324685523
29,G2,23.5,0.7802858114018032
29,G2,23.6,0.7810474508686351
29,G2,23.7,0.7818077506667822
29,G2,23.8,0.7825667122875473
29,G2,23.9,0.783324323199873
29,G2,24.0,0.7840805912724004
29,G2,24.1,0.7848355213913063
29,G2,24.2,0.7855891176038795
29,G2,24.3,0.7863413522531582
29,G2,24.4,0.7870922260911855
29,G2,24.5,0.7878417384957093
29,G2,24.6,0.7885898787609436
29,G2,24.7,0.7893366488930849
29,G2,24.8,0.7900820625762487
29,G2,24.9,0.7908261174438762
29,G2,25.0,0.7915687943944609
30,G1,10.0,0.768331635083053
30,G1,10.1,0.7691428529434401
30,G1,10.2,0.7699527018082813
30,G1,10.3,0.7707611825518206
30,G1,10.4,0.7715682897223011
30,G1,10.5,0.7723740184203852
30,G1,10.6,0.7731783633526319
30,G1,10.7,0.7739813161523887
30,G1,10.8,0.7747828728897949
30,G1,10.9,0.7755830349598148
30,G1,11.0,0.776381796696085
30,G1,11.1,0.7771791541488436
30,G1,11.2,0.7779751082222871
30,G1,11.3,0.7787696527063717
30,G1,11.4,0.7795627817018795
30,G1,11.5,0.7803544910907991
30,G1,11.6,0.7811447711331126
30,G1,11.7,0.7819336247761481
30,G1,11.8,0.7827210472748762
30,G1,11.9,0.7835070338896161
30,G1,12.0,0.7842915882693995
30,G1,12.1,0.7850747021453048
30,G1,12.2,0.7858563715329713
30,G1,12.3,0.7866365939010505
30,G1,12.4,0.7874153570882892
30,G1,12.5,0.7881926618653136
30,G1,12.6,0.7889685080574712
30,G1,12.7,0.7897428901055128
30,G1,12.8,0.7905158083258382
30,G1,12.9,0.7912872594800041
30,G1,13.0,0.7920572391937534
30,G1,13.1,0.7928257427339126
30,G1,13.2,0.7935927625367662
30,G1,13.3,0.794358293914588
30,G1,13.4,0.7951223398322679
30,G1,13.5,0.7958848952858709
30,G1,13.6,0.7966459557173192
30,G1,13.7,0.7974055251695367
30,G1,13.8,0.798163596830135
30,G1,13.9,0.7989201651971481
30,G1,14.0,0.7996752286833838
30,G1,14.1,0.800428775335903
30,G1,14.2,0.8011808094580147
30,G1,14.3,0.8019313277575613
30,G1,14.4,0.8026803257663571
30,G1,14.5,0.803427807682702
30,G1,14.6,0.8041737667080843
30,G1,14.7,0.8049181997310226
30,G1,14.8,0.8056611033983543
30,G1,14.9,0.8064024678777529
30,G1,15.0,0.807142292327376
30,G1,15.1,0.8078805792761622
30,G1,15.2,0.8086173234124685
30,G1,15.3,0.8093525240930819
30,G1,15.4,0.8100861808381457
30,G1,15.5,0.8108182897404724
30,G1,15.6,0.8115488461977988
30,G1,15.7,0.8122778444453074
30,G1,15.8,0.8130052785041737
30,G1,15.9,0.8137311528515737
30,G1,16.0,0.8144554630926044
30,G1,16.1,0.8151782048507328
30,G1,16.2,0.8158993843152207
30,G1,16.3,0.8166189942197042
30,G1,16.4,0.8173370304423084
30,G1,16.5,0.8180534927006753
30,G1,16.6,0.8187683682275702
30,G1,16.7,0.8194816617264662
30,G1,16.8,0.8201933716718841
30,G1,16.9,0.8209034941853077
30,G1,17.0,0.8216120331695929
30,G1,17.1,0.8223189840532009
30,G1,17.2,0.8230243444823095
30,G1,17.3,0.823728110278616
30,G1,17.4,0.8244302739562572
30,G1,17.5,0.825130833703648
30,G1,17.6,0.8258297936920539
30,G1,17.7,0.8265271494081718
30,G1,17.8,0.8272228991424343
30,G1,17.9,0.8279170453671725
30,G1,18.0,0.8286095845219033
30,G1,18.1,0.8293005120935045
30,G1,18.2,0.8299898245932376
30,G1,18.3,0.8306775145035578
30,G1,18.4,0.831363587402907
30,G1,18.5,0.8320480398758612
30,G1,18.6,0.8327308685443272
30,G1,18.7,0.8334120803432443
30,G1,18.8,0.8340916681646354
30,G1,18.9,0.8347696297969942
30,G1,19.0,0.8354459650654502
30,G1,19.1,0.8361206617591881
30,G1,19.2,0.836793724112234
30,G1,19.3,0.8374651532063504
30,G1,19.4,0.8381349452050771
30,G1,19.5,0.838803103279482
30,G1,19.6,0.8394696256950994
30,G1,19.7,0.8401345100328423
30,G1,19.8,0.8407977532057189
30,G1,19.9,0.8414593486333661
30,G1,20.0,0.8421192939371678
30,G1,20.1,0.8427775944405574
30,G1,20.2,0.8434342467775241
30,G1,20.3,0.8440892482295992
30,G1,20.4,0.8447426047273482
30,G1,20.5,0.8453943121124368
30,G1,20.6,0.8460443662489187
30,G1,20.7,0.8466927665744675
30,G1,20.8,0.8473395033058454
30,G1,20.9,0.8479845833226987
30,G1,21.0,0.8486280045613053
30,G1,21.1,0.8492697643613669
30,G1,21.2,0.8499098696223264
30,G1,21.3,0.850548315072865
30,G1,21.4,0.8511850993840713
30,G1,21.5,0.8518202217914371
30,G1,21.6,0.8524536725065116
30,G1,21.7,0.8530854538918617
30,G1,21.8,0.8537155700076124
30,G1,21.9,0.8543440172554946
30,G1,22.0,0.8549707977004826
30,G1,22.1,0.8555959122478966
30,G1,22.2,0.8562193592678892
30,G1,22.3,0.8568411359126521
30,G1,22.4,0.8574612372414675
30,G1,22.5,0.8580796598062811
30,G1,22.6,0.8586964104005917
30,G1,22.7,0.859311486300204
30,G1,22.8,0.859924884584354
30,G1,22.9,0.8605366137868978
30,G1,23.0,0.8611466691691813
30,G1,23.1,0.861755047802236
30,G1,23.2,0.8623617510925077
30,G1,23.3,0.8629667678873648
30,G1,23.4,0.8635701055855995
30,G1,23.5,0.8641717639679498
30,G1,23.6,0.8647717409129444
30,G1,23.7,0.8653700431601884
30,G1,23.8,0.8659666672941531
30,G1,23.9,0.8665616132093624
30,G1,24.0,0.8671548787658085
30,G1,24.1,0.8677464572910989
30,G1,24.2,0.8683363494633656
30,G1,24.3,0.8689245615909916
30,G1,24.4,0.8695110906339563
30,G1,24.5,0.8700959373751485
30,G1,24.6,0.8706791055410792
30,G1,24.7,0.8712605941662662
30,G1,24.8,0.871840400372326
30,G1,24.9,0.8724185216262879
30,G1,25.0,0.8729949528727611
30,G2,10.0,0.6519634419874658
30,G2,10.1,0.6529074457540341
30,G2,10.2,0.6538507895098357
30,G2,10.3,0.6547934685724736
30,G2,10.4,0.6557354874487346
30,G2,10.5,0.6566768333028741
30,G2,10.6,0.6576174967389806
30,G2,10.7,0.6585574689075036
30,G2,10.8,0.6594967531633233
30,G2,10.9,0.6604353448550524
30,G2,11.0,0.6613732287944375
30,G2,11.1,0.662310397079122
30,G2,11.2,0.6632468518521759
30,G2,11.3,0.6641825830901565
30,G2,11.4,0.6651175884857092
30,G2,11.5,0.6660518476650358
30,G2,11.6,0.6669853666603387
30,G2,11.7,0.6679181445407341
30,G2,11.8,0.6688501688506775
30,G2,11.9,0.6697814277112245
30,G2,12.0,0.6707119160513243
30,G2,12.1,0.6716416369188298
30,G2,12.2,0.6725705822342664
30,G2,12.3,0.6734987338806686
30,G2,12.4,0.6744260918078334
30,G2,12.5,0.675352659236861
30,G2,12.6,0.6762784293051335
30,G2,12.7,0.6772033820853834
30,G2,12.8,0.6781275141059714
30,G2,12.9,0.6790508313012682
30,G2,13.0,0.6799733207665908
30,G2,13.1,0.6808949756848784
30,G2,13.2,0.6818157835141764
30,G2,13.3,0.6827357497321889
30,G2,13.4,0.6836548711996014
30,G2,13.5,0.684573132485798
30,G2,13.6,0.6854905239573638
30,G2,13.7,0.6864070475029653
30,G2,13.8,0.6873226962104637
30,G2,13.9,0.688237468412755
30,G2,14.0,0.6891513421957268
30,G2,14.1,0.6900643237169637
30,G2,14.2,0.6909764149262849
30,G2,14.3,0.6918876025957881
30,G2,14.4,0.6927978730143293
30,G2,14.5,0.6937072206463917
30,G2,14.6,0.6946156526776902
30,G2,14.7,0.6955231599768699
30,G2,14.8,0.6964297251671641
30,G2,14.9,0.6973353463790342
30,G2,15.0,0.6982400295545479
30,G2,15.1,0.6991437686542532
30,G2,15.2,0.7000465427581954
30,G2,15.3,0.7009483469535004
30,G2,15.4,0.7018491890365025
30,G2,15.5,0.7027490567343099
30,G2,15.6,0.7036479461749043
30,G2,15.7,0.7045458401377185
30,G2,15.8,0.7054427470549639
30,G2,15.9,0.7063386656321852
30,G2,16.0,0.7072335801960781
30,G2,16.1,0.7081274793309731
30,G2,16.2,0.7090203632003538
30,G2,16.3,0.7099122311382645
30,G2,16.4,0.7108030798915893
30,G2,16.5,0.7116928871582467
30,G2,16.6,0.7125816585765044
30,G2,16.7,0.7134693987665658
30,G2,16.8,0.7143560960896723
30,G2,16.9,0.7152417325916212
30,G2,17.0,0.7161263035218259
30,G2,17.1,0.7170098197399775
30,G2,17.2,0.7178922700502981
30,G2,17.3,0.718773641362509
30,G2,17.4,0.719653927754416
30,G2,17.5,0.7205331372159024
30,G2,17.6,0.7214112655112701
30,G2,17.7,0.7222882915747617
30,G2,17.8,0.7231642088622768
30,G2,17.9,0.7240390255815405
30,G2,18.0,0.7249127313124794
30,G2,18.1,0.7257853258843576
30,G2,18.2,0.7266567863671102
30,G2,18.3,0.7275271239811457
30,G2,18.4,0.7283963410153854
30,G2,18.5,0.729264419864471
30,G2,18.6,0.7301313488931114
30,G2,18.7,0.7309971256863476
30,G2,18.8,0.7318617557543049
30,G2,18.9,0.7327252346299014
30,G2,19.0,0.7335875400429763
30,G2,19.1,0.7344486765788623
30,G2,19.2,0.735308651596479
30,G2,19.3,0.7361674556060002
30,G2,19.4,0.7370250665118676
30,G2,19.5,0.7378814810756684
30,G2,19.6,0.7387367121693974
30,G2,19.7,0.7395907473833533
30,G2,19.8,0.740443578538675
30,G2,19.9,0.7412951950870703
30,G2,20.0,0.7421456069181571
30,G2,20.1,0.7429948123196619
30,G2,20.2,0.7438427901328061
30,G2,20.3,0.7446895325728918
30,G2,20.4,0.7455350466146604
30,G2,20.5,0.7463793258371745
30,G2,20.6,0.7472223716571557
30,G2,20.7,0.7480641584148882
30,G2,20.8,0.7489046985642843
30,G2,20.9,0.7497439975015303
30,G2,21.0,0.7505820363946799
30,G2,21.1,0.7514188034466928
30,G2,21.2,0.7522542939445548
30,G2,21.3,0.7530885189734224
30,G2,21.4,0.7539214733002737
30,G2,21.5,0.7547531350690986
30,G2,21.6,0.7555835073438447
30,G2,21.7,0.7564126002273451
30,G2,21.8,0.7572404065986902
30,G2,21.9,0.7580669014383058
30,G2,22.0,0.7588920822446293
30,G2,22.1,0.7597159625845966
30,G2,22.2,0.7605385312151278
30,G2,22.3,0.7613597836105274
30,G2,22.4,0.7621797046399359
30,G2,22.5,0.762998306258424
30,G2,22.6,0.763815589298354
30,G2,22.7,0.7646315336376264
30,G2,22.8,0.7654461293915303
30,G2,22.9,0.7662593814642021
30,G2,23.0,0.767071289297382
30,G2,23.1,0.7678818540470899
30,G2,23.2,0.7686910500819534
30,G2,23.3,0.7694988886312797
30,G2,23.4,0.7703053779964425
30,G2,23.5,0.771110501682367
30,G2,23.6,0.771914243903754
30,G2,23.7,0.7727166001167038
30,G2,23.8,0.7735175858460412
30,G2,23.9,0.7743171936959184
30,G2,24.0,0.775115406597426
30,G2,24.1,0.7759122233245966
30,G2,24.2,0.7767076560629845
30,G2,24.3,0.7775017002884017
30,G2,24.4,0.7782943313264823
30,G2,24.5,0.7790855443194435
30,G2,24.6,0.7798753539265627
30,G2,24.7,0.780663750025307
30,G2,24.8,0.7814507333880305
30,G2,24.9,0.7822362820280646
30,G2,25.0,0.7830204116661279
31,G1,10.0,0.7818159340672445
31,G1,10.1,0.7824104529248839
31,G1,10.2,0.7830041366456567
31,G1,10.3,0.783597005031542
31,G1,10.4,0.7841890605109959
31,G1,10.5,0.784780276575481
31,G1,10.6,0.7853706748004596
31,G1,10.7,0.7859602528258594
31,G1,10.8,0.7865489873612929
31,G1,10.9,0.7871369013223151
31,G1,11.0,0.7877239880848538
31,G1,11.1,0.7883102273124144
31,G1,11.2,0.7888956433853728
31,G1,11.3,0.7894802253731966
31,G1,11.4,0.7900639557511169
31,G1,11.5,0.7906468604583804
31,G1,11.6,0.7912289243208322
31,G1,11.7,0.791810132592188
31,G1,11.8,0.7923905125368074
31,G1,11.9,0.7929700452914279
31,G1,12.0,0.7935487179504713
31,G1,12.1,0.794126560376083
31,G1,12.2,0.7947035492232775
31,G1,12.3,0.7952796732502131
31,G1,12.4,0.7958549656340543
31,G1,12.5,0.7964293974975607
31,G1,12.6,0.7970029605700288
31,G1,12.7,0.7975756901823967
31,G1,12.8,0.798147552544041
31,G1,12.9,0.7987185425789954
31,G1,13.0,0.7992886971193226
31,G1,13.1,0.7998579774790601
31,G1,13.2,0.8004263826049771
31,G1,13.3,0.800993949641838
31,G1,13.4,0.801560636203693
31,G1,13.5,0.8021264446730785
31,G1,13.6,0.8026914119288451
31,G1,13.7,0.8032554936708959
31,G1,13.8,0.8038186928870226
31,G1,13.9,0.8043810487306745
31,G1,14.0,0.8049425146143495
31,G1,14.1,0.8055030933949676
31,G1,14.2,0.8060628262593083
31,G1,14.3,0.8066216647014894
31,G1,14.4,0.8071796124454127
31,G1,14.5,0.8077367108511693
31,G1,14.6,0.8082929106206014
31,G1,14.7,0.8088482170866867
31,G1,14.8,0.8094026696606913
31,G1,14.9,0.8099562201785179
31,G1,15.0,0.8105088750726366
31,G1,15.1,0.8110606709845405
31,G1,15.2,0.8116115613375171
31,G1,15.3,0.8121615546055225
31,G1,15.4,0.81271068361806
31,G1,15.5,0.8132589035742763
31,G1,15.6,0.8138062248389433
31,G1,15.7,0.8143526768719878
31,G1,15.8,0.8148982163353456
31,G1,15.9,0.8154428558671569
31,G1,16.0,0.815986620943484
31,G1,16.1,0.8165294695180784
31,G1,16.2,0.8170714182590648
31,G1,16.3,0.817612486561418
31,G1,16.4,0.818152634949156
31,G1,16.5,0.8186918833504137
31,G1,16.6,0.819230245007267
31,G1,16.7,0.8197676846246097
31,G1,16.8,0.8203042231313873
31,G1,16.9,0.8208398691709103
31,G1,17.0,0.8213745909090432
31,G1,17.1,0.8219084105777085
31,G1,17.2,0.8224413321043603
31,G1,17.3,0.8229733269688914
31,G1,17.4,0.8235044193168588
31,G1,17.5,0.8240346077325141
31,G1,17.6,0.8245638672875026
31,G1,17.7,0.8250922236274142
31,G1,17.8,0.8256196705798113
31,G1,17.9,0.8261461865758336
31,G1,18.0,0.8266717987047119
31,G1,18.1,0.8271964961819858
31,G1,18.2,0.8277202605339463
31,G1,18.3,0.8282431204689277
31,G1,18.4,0.8287650606261381
31,G1,18.5,0.8292860655691727
31,G1,18.6,0.829806165406351
31,G1,18.7,0.8303253407691314
31,G1,18.8,0.8308435782664533
31,G1,18.9,0.831360910766368
31,G1,19.0,0.8318773141286941
31,G1,19.1,0.8323927766261382
31,G1,19.2,0.8329073348351874
31,G1,19.3,0.8334209586565632
31,G1,19.4,0.8339336393832341
31,G1,19.5,0.8344454160750937
31,G1,19.6,0.8349562534131602
31,G1,19.7,0.835466145840797
31,G1,19.8,0.8359751342583988
31,G1,19.9,0.8364831781432488
31,G1,20.0,0.8369902760336103
31,G1,20.1,0.8374964693095733
31,G1,20.2,0.8380017134663482
31,G1,20.3,0.8385060107383986
31,G1,20.4,0.8390094021669969
31,G1,20.5,0.8395118410994477
31,G1,20.6,0.8400133307598899
31,G1,20.7,0.8405139142465798
31,G1,20.8,0.8410135426531128
31,G1,20.9,0.841512218994031
31,G1,21.0,0.8420099886159177
31,G1,21.1,0.8425068004783403
31,G1,21.2,0.8430026585922712
31,G1,21.3,0.8434976084548551
31,G1,21.4,0.8439915980962018
31,G1,21.5,0.8444846333773355
31,G1,21.6,0.8449767576709145
31,G1,21.7,0.845467920233673
31,G1,21.8,0.8459581280045858
31,G1,21.9,0.8464474214784626
31,G1,22.0,0.8469357516481628
31,G1,22.1,0.8474231275610171
31,G1,22.2,0.8479095856034823
31,G1,22.3,0.8483950787516267
31,G1,22.4,0.8488796180316402
31,G1,22.5,0.8493632362216764
31,G1,22.6,0.8498458879348185
31,G1,22.7,0.8503275864692509
31,G1,22.8,0.8508083604427218
31,G1,22.9,0.8512881659313837
31,G1,23.0,0.8517670203709244
31,G1,23.1,0.8522449459821245
31,G1,23.2,0.8527219014764839
31,G1,23.3,0.853197907995805
31,G1,23.4,0.8536729809215241
31,G1,23.5,0.8541470836061192
31,G1,23.6,0.8546202382238439
31,G1,23.7,0.8550924551606732
31,G1,23.8,0.8555637015762684
31,G1,23.9,0.8560340009675157
31,G1,24.0,0.8565033586654677
31,G1,24.1,0.8569717454432904
31,G1,24.2,0.8574391867621147
31,G1,24.3,0.8579056823059585
31,G1,24.4,0.858371206647493
31,G1,24.5,0.8588357868314838
31,G1,24.6,0.859299417512063
31,G1,24.7,0.8597620768577074
31,G1,24.8,0.8602237932930783
31,G1,24.9,0.8606845567533384
31,G1,25.0,0.8611443486428527
31,G2,10.0,0.6309168029426917
31,G2,10.1,0.6316377903494368
31,G2,10.2,0.6323584634192015
31,G2,10.3,0.633078839249454
31,G2,10.4,0.6337989322422726
31,G2,10.5,0.6345187015779464
31,G2,10.6,0.6352381673912662
31,G2,10.7,0.6359573408833368
31,G2,10.8,0.6366761815040345
31,G2,10.9,0.6373947129136547
31,G2,11.0,0.6381129410512361
31,G2,11.1,0.6388308282364273
31,G2,11.2,0.6395484006224812
31,G2,11.3,0.6402656582681494
31,G2,11.4,0.6409825670265177
31,G2,11.5,0.6416991555846631
31,G2,11.6,0.6424154183419771
31,G2,11.7,0.6431313237621699
31,G2,11.8,0.6438469035680381
31,G2,11.9,0.6445621467124993
31,G2,12.0,0.6452770240534229
31,G2,12.1,0.6459915705907935
31,G2,12.2,0.6467057687014269
31,G2,12.3,0.6474195941983455
31,G2,12.4,0.6481330828846732
31,G2,12.5,0.648846210922456
31,G2,12.6,0.6495589602734003
31,G2,12.7,0.6502713664083941
31,G2,12.8,0.6509834001402868
31,G2,12.9,0.6516950486995168
31,G2,13.0,0.652406347506889
31,G2,13.1,0.6531172628332897
31,G2,13.2,0.6538277862863476
31,G2,13.3,0.6545379526876318
31,G2,13.4,0.6552477255116782
31,G2,13.5,0.6559570999373551
31,G2,13.6,0.6566661094944561
31,G2,13.7,0.657374715498636
31,G2,13.8,0.6580829168001714
31,G2,13.9,0.658790745274855
31,G2,14.0,0.6594981601115499
31,G2,14.1,0.6602051642750586
31,G2,14.2,0.6609117875149783
31,G2,14.3,0.6616179867348289
31,G2,14.4,0.6623237698772004
31,G2,14.5,0.663029163964836
31,G2,14.6,0.6637341234951197
31,G2,14.7,0.6644386616482907
31,G2,14.8,0.6651428026466797
31,G2,14.9,0.6658464985077217
31,G2,15.0,0.6665497677703437
31,G2,15.1,0.6672526318633488
31,G2,15.2,0.6679550402051279
31,G2,15.3,0.6686570160635608
31,G2,15.4,0.6693585794646052
31,G2,15.5,0.6700596772527792
31,G2,15.6,0.6707603360100101
31,G2,15.7,0.6714605735607821
31,G2,15.8,0.6721603386092673
31,G2,15.9,0.6728596562185211
31,G2,16.0,0.6735585443965691
31,G2,16.1,0.6742569535729229
31,G2,16.2,0.67495490616069
31,G2,16.3,0.6756524218760188
31,G2,16.4,0.6763494509464553
31,G2,16.5,0.6770460159551926
31,G2,16.6,0.6777421358294448
31,G2,16.7,0.6784377611538676
31,G2,16.8,0.6791329156513128
31,G2,16.9,0.6798276164170083
31,G2,17.0,0.680521814330713
31,G2,17.1,0.6812155356335526
31,G2,17.2,0.6819087941367752
31,G2,17.3,0.6826015411051347
31,G2,17.4,0.683293806662004
31,G2,17.5,0.6839855998327204
31,G2,17.6,0.6846768728568817
31,G2,17.7,0.6853676601312125
31,G2,17.8,0.6860579642100043
31,G2,17.9,0.686747740662925
31,G2,18.0,0.6874370271115013
31,G2,18.1,0.6881258189028687
31,G2,18.2,0.6888140758420407
31,G2,18.3,0.689501838794722
31,G2,18.4,0.6901890962412567
31,G2,18.5,0.6908758109060766
31,G2,18.6,0.6915620274674283
31,G2,18.7,0.6922477282033623
31,G2,18.8,0.6929328778815018
31,G2,18.9,0.6936175258717421
31,G2,19.0,0.6943016464254897
31,G2,19.1,0.6949852101068067
31,G2,19.2,0.6956682672461205
31,G2,19.3,0.6963507846970756
31,G2,19.4,0.6970327405672291
31,G2,19.5,0.6977141844856096
31,G2,19.6,0.6983950771259161
31,G2,19.7,0.6990754027841887
31,G2,19.8,0.6997552109247083
31,G2,19.9,0.7004344574461876
31,G2,20.0,0.7011131311003409
31,G2,20.1,0.7017912807805708
31,G2,20.2,0.7024688593812478
31,G2,20.3,0.703145859965788
31,G2,20.4,0.7038223291995356
31,G2,20.5,0.7044982181045517
31,G2,20.6,0.7051735242561874
31,G2,20.7,0.7058482914185279
31,G2,20.8,0.7065224688983995
31,G2,20.9,0.7071960592801261
31,G2,21.0,0.7078691028919137
31,G2,21.1,0.7085415469762739
31,G2,21.2,0.709213400430344
31,G2,21.3,0.7098846995167233
31,G2,21.4,0.7105553888960816
31,G2,21.5,0.7112254841737493
31,G2,21.6,0.7118950176398751
31,G2,21.7,0.7125639311569293
31,G2,21.8,0.7132322472240182
31,G2,21.9,0.713899994065332
31,G2,22.0,0.7145671106200346
31,G2,22.1,0.71523362575707
31,G2,22.2,0.7158995652311522
31,G2,22.3,0.7165648646878401
31,G2,22.4,0.7172295582553723
31,G2,22.5,0.7178936676419132
31,G2,22.6,0.7185571313553722
31,G2,22.7,0.7192199822926598
31,G2,22.8,0.7198822409776303
31,G2,22.9,0.7205438490015676
31,G2,23.0,0.7212048363441225
31,G2,23.1,0.7218652244810128
31,G2,23.2,0.7225249556970996
31,G2,23.3,0.7231840599953705
31,G2,23.4,0.7238425573471441
31,G2,23.5,0.7245003911573771
31,G2,23.6,0.7251575927729929
31,G2,23.7,0.7258141792696482
31,G2,23.8,0.7264700952089841
31,G2,23.9,0.7271253747065619
31,G2,24.0,0.7277800304473474
31,G2,24.1,0.7284340080925686
31,G2,24.2,0.7290873463368089
31,G2,24.3,0.729740051590847
31,G2,24.4,0.7303920712742624
31,G2,24.5,0.7310434488602119
31,G2,24.6,0.7316941834177766
31,G2,24.7,0.7323442259360569
31,G2,24.8,0.7329936236897253
31,G2,24.9,0.7336423676215168
31,G2,25.0,0.7342904134189787
32,G1,10.0,0.7870038037300048
32,G1,10.1,0.7875709474133019
32,G1,10.2,0.7881373289141941
32,G1,10.3,0.7887029131404222
32,G1,10.4,0.7892677281485861
32,G1,10.5,0.7898317771221812
32,G1,10.6,0.7903950244695161
32,G1,10.7,0.7909574986731832
32,G1,10.8,0.7915192030609942
32,G1,10.9,0.7920801015358647
32,G1,11.0,0.7926402229919343
32,G1,11.1,0.7931995709514889
32,G1,11.2,0.7937581087619884
32,G1,11.3,0.7943158657450641
32,G1,11.4,0.7948728456204192
32,G1,11.5,0.7954290111772728
32,G1,11.6,0.795984392164898
32,G1,11.7,0.7965389925032993
32,G1,11.8,0.7970927744207995
32,G1,11.9,0.7976457680943783
32,G1,12.0,0.7981979776471853
32,G1,12.1,0.7987493647346853
32,G1,12.2,0.7992999599897831
32,G1,12.3,0.7998497677083082
32,G1,12.4,0.800398748983406
32,G1,12.5,0.800946934906057
32,G1,12.6,0.8014943299162659
32,G1,12.7,0.8020408946626496
32,G1,12.8,0.8025866605467641
32,G1,12.9,0.803131632219629
32,G1,13.0,0.8036757698767982
32,G1,13.1,0.8042191052279462
32,G1,13.2,0.8047616431394987
32,G1,13.3,0.8053033433527269
32,G1,13.4,0.8058442378845029
32,G1,13.5,0.8063843317701733
32,G1,13.6,0.8069235844258714
32,G1,13.7,0.8074620280768489
32,G1,13.8,0.8079996678773695
32,G1,13.9,0.8085364630886497
32,G1,14.0,0.8090724459872297
32,G1,14.1,0.8096076218850803
32,G1,14.2,0.8101419499509209
32,G1,14.3,0.8106754624038086
32,G1,14.4,0.8112081648345759
32,G1,14.5,0.8117400162514087
32,G1,14.6,0.812271048811348
32,G1,14.7,0.8128012683897473
32,G1,14.8,0.8133306338475768
32,G1,14.9,0.8138591772929424
32,G1,15.0,0.8143869048409289
32,G1,15.1,0.8149137752527981
32,G1,15.2,0.8154398205670239
32,G1,15.3,0.8159650471284324
32,G1,15.4,0.8164894136090507
32,G1,15.5,0.8170129519890456
32,G1,15.6,0.8175356687870599
32,G1,15.7,0.8180575226884886
32,G1,15.8,0.8185785455530572
32,G1,15.9,0.8190987440593982
32,G1,16.0,0.8196180769126359
32,G1,16.1,0.8201365758931856
32,G1,16.2,0.8206542477943045
32,G1,16.3,0.821171051358888
32,G1,16.4,0.8216870182729847
32,G1,16.5,0.822202155481485
32,G1,16.6,0.8227164217311854
32,G1,16.7,0.8232298486130925
32,G1,16.8,0.8237424432537966
32,G1,16.9,0.8242541643770062
32,G1,17.0,0.8247650434854816
32,G1,17.1,0.8252750878734847
32,G1,17.2,0.8257842562884926
32,G1,17.3,0.8262925800974246
32,G1,17.4,0.8268000667710904
32,G1,17.5,0.8273066750915474
32,G1,17.6,0.827812436302185
32,G1,17.7,0.8283173580222788
32,G1,17.8,0.8288213990748892
32,G1,17.9,0.8293245905998975
32,G1,18.0,0.8298269403390693
32,G1,18.1,0.830328407177748
32,G1,18.2,0.8308290221231024
32,G1,18.3,0.8313287930560493
32,G1,18.4,0.8318276789737372
32,G1,18.5,0.8323257106780467
32,G1,18.6,0.8328228962173039
32,G1,18.7,0.8333191946727853
32,G1,18.8,0.8338146367019547
32,G1,18.9,0.8343092304652521
32,G1,19.0,0.8348029351618196
32,G1,19.1,0.8352957812796848
32,G1,19.2,0.8357877771162349
32,G1,19.3,0.8362788819681134
32,G1,19.4,0.8367691261700126
32,G1,19.5,0.8372585181304476
32,G1,19.6,0.8377470172852138
32,G1,19.7,0.8382346537746121
32,G1,19.8,0.8387214361098093
32,G1,19.9,0.8392073239209714
32,G1,20.0,0.8396923471378065
32,G1,20.1,0.8401765143336144
32,G1,20.2,0.840659785371705
32,G1,20.3,0.8411421899534692
32,G1,20.4,0.8416237367054955
32,G1,20.5,0.8421043857342562
32,G1,20.6,0.8425841665476625
32,G1,20.7,0.8430630877863104
32,G1,20.8,0.843541109794326
32,G1,20.9,0.8440182619189656
32,G1,21.0,0.8444945527793648
32,G1,21.1,0.8449699429874779
32,G1,21.2,0.8454444617234566
32,G1,21.3,0.8459181175245033
32,G1,21.4,0.8463908713972579
32,G1,21.5,0.8468627522446428
32,G1,21.6,0.847333768527067
32,G1,21.7,0.8478038817608522
32,G1,21.8,0.8482731204330749
32,G1,21.9,0.8487414929727349
32,G1,22.0,0.8492089614462219
32,G1,22.1,0.8496755538738878
32,G1,22.2,0.8501412786443729
32,G1,22.3,0.8506060984690418
32,G1,22.4,0.8510700407859986
32,G1,22.5,0.85153311404142
32,G1,22.6,0.8519952815141001
32,G1,22.7,0.8524565700565027
32,G1,22.8,0.8529169882570959
32,G1,22.9,0.8533764998979222
32,G1,23.0,0.8538351312368565
32,G1,23.1,0.8542928910244436
32,G1,23.2,0.8547497435823704
32,G1,23.3,0.8552057145147032
32,G1,23.4,0.8556608127461249
32,G1,23.5,0.8561150031735736
32,G1,23.6,0.8565683107106868
32,G1,23.7,0.8570207444564582
32,G1,23.8,0.8574722699207524
32,G1,23.9,0.8579229112881283
32,G1,24.0,0.8583726778338202
32,G1,24.1,0.8588215357149395
32,G1,24.2,0.8592695083517085
32,G1,24.3,0.8597166052067692
32,G1,24.4,0.8601627930875853
32,G1,24.5,0.8606080946460446
32,G1,24.6,0.8610525195278782
32,G1,24.7,0.8614960352090744
32,G1,24.8,0.8619386635335825
32,G1,24.9,0.8623804143598486
32,G1,25.0,0.8628212558769456
32,G2,10.0,0.6677539363829932
32,G2,10.1,0.6684334818133149
32,G2,10.2,0.6691126280659108
32,G2,10.3,0.6697913875618785
32,G2,10.4,0.6704697136384373
32,G2,10.5,0.671147633055739
32,G2,10.6,0.6718251590460791
32,G2,10.7,0.6725022443261843
32,G2,10.8,0.6731789154883174
32,G2,10.9,0.6738551865888182
32,G2,11.0,0.6745310097186852
32,G2,11.1,0.6752064112955414
32,G2,11.2,0.6758814062124384
32,G2,11.3,0.6765559459295116
32,G2,11.4,0.677230056683067
32,G2,11.5,0.6779037542153579
32,G2,11.6,0.6785769893506163
32,G2,11.7,0.6792497881372377
32,G2,11.8,0.679922167178981
32,G2,11.9,0.6805940766111962
32,G2,12.0,0.6812655424319762
32,G2,12.1,0.6819365819745816
32,G2,12.2,0.6826071446760456
32,G2,12.3,0.6832772566356385
32,G2,12.4,0.6839469357701413
32,G2,12.5,0.6846161308629646
32,G2,12.6,0.6852848681178275
32,G2,12.7,0.6859531660371516
32,G2,12.8,0.686620972746113
32,G2,12.9,0.6872883145561672
32,G2,13.0,0.687955210557373
32,G2,13.1,0.6886216082121652
32,G2,13.2,0.6892875339430358
32,G2,13.3,0.6899530074295558
32,G2,13.4,0.6906179754670135
32,G2,13.5,0.691282464592255
32,G2,13.6,0.6919464950761124
32,G2,13.7,0.6926100130424312
32,G2,13.8,0.6932730451457376
32,G2,13.9,0.6939356122497533
32,G2,14.0,0.6945976598026872
32,G2,14.1,0.6952592145800884
32,G2,14.2,0.6959202980400699
32,G2,14.3,0.6965808549511187
32,G2,14.4,0.6972409122131596
32,G2,14.5,0.6979004917763182
32,G2,14.6,0.6985595380366553
32,G2,14.7,0.699218077710561
32,G2,14.8,0.6998761332685437
32,G2,14.9,0.7005336489602965
32,G2,15.0,0.7011906510921198
32,G2,15.1,0.7018471627310153
32,G2,15.2,0.7025031279815389
32,G2,15.3,0.7031585726077355
32,G2,15.4,0.703813520658708
32,G2,15.5,0.7044679157247563
32,G2,15.6,0.7051217831169131
32,G2,15.7,0.7057751478003227
32,G2,15.8,0.7064279531855269
32,G2,15.9,0.7070802237563825
32,G2,16.0,0.70773198552932
32,G2,16.1,0.7083831817369091
32,G2,16.2,0.7090338360264934
32,G2,16.3,0.7096839754739588
32,G2,16.4,0.7103335431288673
32,G2,16.5,0.7109825618133632
32,G2,16.6,0.7116310596503213
32,G2,16.7,0.7122789794014308
32,G2,16.8,0.7129263433950275
32,G2,16.9,0.7135731804684471
32,G2,17.0,0.7142194332076465
32,G2,17.1,0.7148651234475382
32,G2,17.2,0.7155102807384114
32,G2,17.3,0.7161548474922175
32,G2,17.4,0.7167988450510026
32,G2,17.5,0.7174423036763463
32,G2,17.6,0.7180851656078993
32,G2,17.7,0.7187274516955685
32,G2,17.8,0.7193691929104057
32,G2,17.9,0.7200103313214452
32,G2,18.0,0.7206508872873498
32,G2,18.1,0.721290892486673
32,G2,18.2,0.7219302888194937
32,G2,18.3,0.722569096154295
32,G2,18.4,0.7232073468750079
32,G2,18.5,0.7238449827143959
32,G2,18.6,0.7244820230519929
32,G2,18.7,0.7251185009748345
32,G2,18.8,0.7257543580499829
32,G2,18.9,0.7263896131694233
32,G2,19.0,0.7270242999871098
32,G2,19.1,0.7276583603072749
32,G2,19.2,0.7282918121346422
32,G2,19.3,0.7289246897006336
32,G2,19.4,0.7295569354101231
32,G2,19.5,0.7301885660204049
32,G2,19.6,0.7308196164347293
32,G2,19.7,0.7314500297307954
32,G2,19.8,0.7320798213497283
32,G2,19.9,0.7327090268818428
32,G2,20.0,0.7333375900954926
32,G2,20.1,0.7339655251013883
32,G2,20.2,0.734592868173958
32,G2,20.3,0.7352195637898047
32,G2,20.4,0.7358456247153532
32,G2,20.5,0.7364710879060474
32,G2,20.6,0.7370958985640983
32,G2,20.7,0.7377200680981504
32,G2,20.8,0.7383436341414189
32,G2,20.9,0.738966542638843
32,G2,21.0,0.7395888036281674
32,G2,21.1,0.7402104554169948
32,G2,21.2,0.7408314447098655
32,G2,21.3,0.7414517801608876
32,G2,21.4,0.7420715007485227
32,G2,21.5,0.7426905538842448
32,G2,21.6,0.7433089470340559
32,G2,21.7,0.7439267196357194
32,G2,21.8,0.7445438198212135
32,G2,21.9,0.7451602540727756
32,G2,22.0,0.7457760620673467
32,G2,22.1,0.7463911927429757
32,G2,22.2,0.7470056515562297
32,G2,22.3,0.7476194785262158
32,G2,22.4,0.7482326232980322
32,G2,22.5,0.7488450902015737
32,G2,22.6,0.7494569199941228
32,G2,22.7,0.7500680626354964
32,G2,22.8,0.7506785214600029
32,G2,22.9,0.7512883379567121
32,G2,23.0,0.7518974624099376
32,G2,23.1,0.7525058971556853
32,G2,23.2,0.7531136844082688
32,G2,23.3,0.7537207747861449
32,G2,23.4,0.7543271696245843
32,G2,23.5,0.7549329118564377
32,G2,23.6,0.7555379524438266
32,G2,23.7,0.7561422917191288
32,G2,23.8,0.7567459733268709
32,G2,23.9,0.7573489485822281
32,G2,24.0,0.7579512168128096
32,G2,24.1,0.7585528223677986
32,G2,24.2,0.7591537169246815
32,G2,24.3,0.7597538988047018
32,G2,24.4,0.7603534130545261
32,G2,24.5,0.760952211723077
32,G2,24.6,0.7615502921239126
32,G2,24.7,0.762147699993858
32,G2,24.8,0.762744387762261
32,G2,24.9,0.7633403516249826
32,G2,25.0,0.763935638328441
33,G1,10.0,0.8067529936499744
33,G1,10.1,0.807321709982113
33,G1,10.2,0.8078895192069409
33,G1,10.3,0.8084564190282001
33,G1,10.4,0.8090224125595228
33,G1,10.5,0.8095875052245611
33,G1,10.6,0.8101516758593842
33,G1,10.7,0.810714940814905
33,G1,10.8,0.8112772909211323
33,G1,10.9,0.8118387355180876
33,G1,11.0,0.8123992514989558
33,G1,11.1,0.8129588578366301
33,G1,11.2,0.8135175487350872
33,G1,11.3,0.8140753178007044
33,G1,11.4,0.814632163946471
33,G1,11.5,0.8151880898669654
33,G1,11.6,0.8157431015292912
33,G1,11.7,0.8162971770048559
33,G1,11.8,0.8168503337136541
33,G1,11.9,0.8174025622177772
33,G1,12.0,0.8179538716870934
33,G1,12.1,0.8185042395761403
33,G1,12.2,0.819053684611891
33,G1,12.3,0.8196022016532021
33,G1,12.4,0.8201497833692987
33,G1,12.5,0.8206964297475858
33,G1,12.6,0.8212421431872291
33,G1,12.7,0.8217869301502326
33,G1,12.8,0.8223307679371153
33,G1,12.9,0.8228736750306279
33,G1,13.0,0.8234156417768936
33,G1,13.1,0.8239566771273168
33,G1,13.2,0.8244967591662355
33,G1,13.3,0.8250359062501088
33,G1,13.4,0.8255741139048728
33,G1,13.5,0.8261113741078003
33,G1,13.6,0.8266476876625704
33,G1,13.7,0.8271830567448679
33,G1,13.8,0.827717488284592
33,G1,13.9,0.8282509588762543
33,G1,14.0,0.8287834880647078
33,G1,14.1,0.829315065960369
33,G1,14.2,0.8298457012062295
33,G1,14.3,0.8303753726647033
33,G1,14.4,0.830904098229228
33,G1,14.5,0.831431874148305
33,G1,14.6,0.831958691556917
33,G1,14.7,0.8324845523940712
33,G1,14.8,0.8330094583627724
33,G1,14.9,0.8335334169414583
33,G1,15.0,0.83405640390644
33,G1,15.1,0.8345784400700722
33,G1,15.2,0.8350995151210592
33,G1,15.3,0.8356196374159846
33,G1,15.4,0.8361387867242909
33,G1,15.5,0.8366569802864144
33,G1,15.6,0.8371742153546843
33,G1,15.7,0.8376904819365371
33,G1,15.8,0.8382057832290682
33,G1,15.9,0.838720120545369
33,G1,16.0,0.8392335017811092
33,G1,16.1,0.8397459019330454
33,G1,16.2,0.8402573430443715
33,G1,16.3,0.8407678144694095
33,G1,16.4,0.8412773241813144
33,G1,16.5,0.8417858530053397
33,G1,16.6,0.8422934173600388
33,G1,16.7,0.8428000155643325
33,G1,16.8,0.8433056365053578
33,G1,16.9,0.8438102847276151
33,G1,17.0,0.8443139610212269
33,G1,17.1,0.8448166736712497
33,G1,17.2,0.8453183970937795
33,G1,17.3,0.8458191543849134
33,G1,17.4,0.8463189345978883
33,G1,17.5,0.8468177452899718
33,G1,17.6,0.8473155684774053
33,G1,17.7,0.8478124196818722
33,G1,17.8,0.8483082982107931
33,G1,17.9,0.8488031920182251
33,G1,18.0,0.8492971068372793
33,G1,18.1,0.8497900429525836
33,G1,18.2,0.8502820090484753
33,G1,18.3,0.8507729789998966
33,G1,18.4,0.8512629769043083
33,G1,18.5,0.8517519916181849
33,G1,18.6,0.8522400301155112
33,G1,18.7,0.8527270756772961
33,G1,18.8,0.8532131430728709
33,G1,18.9,0.853698232392634
33,G1,19.0,0.8541823306779432
33,G1,19.1,0.8546654449429979
33,G1,19.2,0.8551475749492752
33,G1,19.3,0.8556287297417938
33,G1,19.4,0.8561088827014762
33,G1,19.5,0.8565880588104563
33,G1,19.6,0.8570662469223138
33,G1,19.7,0.8575434533079602
33,G1,19.8,0.8580196624439912
33,G1,19.9,0.8584948884933561
33,G1,20.0,0.8589691322649526
33,G1,20.1,0.8594423798616628
33,G1,20.2,0.8599146395795688
33,G1,20.3,0.8603859106834238
33,G1,20.4,0.8608562025771134
33,G1,20.5,0.8613254881781521
33,G1,20.6,0.8617937933059725
33,G1,20.7,0.8622611067941132
33,G1,20.8,0.8627274341883219
33,G1,20.9,0.8631927612770327
33,G1,21.0,0.8636571015432748
33,G1,21.1,0.8641204564979914
33,G1,21.2,0.8645828113656495
33,G1,21.3,0.8650441756431752
33,G1,21.4,0.8655045481438732
33,G1,21.5,0.865963938578668
33,G1,21.6,0.8664223194707014
33,G1,21.7,0.8668797174370975
33,G1,21.8,0.8673361213884276
33,G1,21.9,0.8677915360083776
33,G1,22.0,0.8682459483845276
33,G1,22.1,0.8686993714184528
33,G1,22.2,0.8691518073401493
33,G1,22.3,0.8696032403669627
33,G1,22.4,0.8700536812897813
33,G1,22.5,0.8705031284008823
33,G1,22.6,0.8709515918734104
33,G1,22.7,0.871399043691237
33,G1,22.8,0.8718455111816285
33,G1,22.9,0.8722909835692008
33,G1,23.0,0.8727354645510504
33,G1,23.1,0.8731789424175754
33,G1,23.2,0.8736214296664127
33,G1,23.3,0.8740629291396196
33,G1,23.4,0.8745034241429902
33,G1,23.5,0.874942926674754
33,G1,23.6,0.8753814344704689
33,G1,23.7,0.875818958110711
33,G1,23.8,0.8762554693764443
33,G1,23.9,0.8766909959404116
33,G1,24.0,0.877125527451002
33,G1,24.1,0.8775590665419366
33,G1,24.2,0.8779916029666677
33,G1,24.3,0.878423148595843
33,G1,24.4,0.8788537068265923
33,G1,24.5,0.8792832602840598
33,G1,24.6,0.8797118220999582
33,G1,24.7,0.8801393893299116
33,G1,24.8,0.8805659729485009
33,G1,24.9,0.880991544688982
33,G1,25.0,0.8814161324614406
33,G2,10.0,0.7255022000840389
33,G2,10.1,0.7261742654831237
33,G2,10.2,0.7268456669245277
33,G2,10.3,0.727516435201797
33,G2,10.4,0.7281865122428919
33,G2,10.5,0.728855938795488
33,G2,10.6,0.7295247023626564
33,G2,10.7,0.7301927988471635
33,G2,10.8,0.7308602101582119
33,G2,10.9,0.7315269506811514
33,G2,11.0,0.7321930360616891
33,G2,11.1,0.7328584257005676
33,G2,11.2,0.7335231386155262
33,G2,11.3,0.7341871607622573
33,G2,11.4,0.7348505244467497
33,G2,11.5,0.7355131694535882
33,G2,11.6,0.7361751386270681
33,G2,11.7,0.7368364199989107
33,G2,11.8,0.737497007024263
33,G2,11.9,0.7381568840625012
33,G2,12.0,0.7388160636619239
33,G2,12.1,0.7394745641040571
33,G2,12.2,0.7401323415384654
33,G2,12.3,0.74078941827573
33,G2,12.4,0.7414457782832309
33,G2,12.5,0.7421014551398655
33,G2,12.6,0.7427563871478186
33,G2,12.7,0.7434106182509749
33,G2,12.8,0.7440641381021393
33,G2,12.9,0.7447169370481446
33,G2,13.0,0.7453690023860357
33,G2,13.1,0.7460203441738614
33,G2,13.2,0.7466709837185411
33,G2,13.3,0.7473208738010885
33,G2,13.4,0.7479700401534852
33,G2,13.5,0.7486184647045516
33,G2,13.6,0.7492661821885587
33,G2,13.7,0.7499131296215017
33,G2,13.8,0.7505593520241891
33,G2,13.9,0.7512048403563257
33,G2,14.0,0.7518495825073285
33,G2,14.1,0.7524935683429544
33,G2,14.2,0.753136805236071
33,G2,14.3,0.7537793177635371
33,G2,14.4,0.7544210552299204
33,G2,14.5,0.7550620469068244
33,G2,14.6,0.7557022726397793
33,G2,14.7,0.7563417682536634
33,G2,14.8,0.7569804694628275
33,G2,14.9,0.7576184226583038
33,G2,15.0,0.7582556198563715
33,G2,15.1,0.7588920464589346
33,G2,15.2,0.7595276950710452
33,G2,15.3,0.7601625702055249
33,G2,15.4,0.7607966998472693
33,G2,15.5,0.7614300297263816
33,G2,15.6,0.7620625927615896
33,G2,15.7,0.7626943666760704
33,G2,15.8,0.7633253881856792
33,G2,15.9,0.7639555922213651
33,G2,16.0,0.7645850260436619
33,G2,16.1,0.7652136829934956
33,G2,16.2,0.7658415458349743
33,G2,16.3,0.7664686099138098
33,G2,16.4,0.7670948771947725
33,G2,16.5,0.7677203785766751
33,G2,16.6,0.7683450567231345
33,G2,16.7,0.7689689478594024
33,G2,16.8,0.769592027698719
33,G2,16.9,0.7702143333989996
33,G2,17.0,0.7708358003736728
33,G2,17.1,0.7714564755030333
33,G2,17.2,0.7720763536997042
33,G2,17.3,0.7726954157448792
33,G2,17.4,0.7733136589091212
33,G2,17.5,0.7739310832299116
33,G2,17.6,0.774547721948805
33,G2,17.7,0.7751635152936648
33,G2,17.8,0.7757785022409351
33,G2,17.9,0.7763926569520175
33,G2,18.0,0.7770060165642787
33,G2,18.1,0.7776185174645557
33,G2,18.2,0.7782302057787353
33,G2,18.3,0.7788410781453294
33,G2,18.4,0.779451113162835
33,G2,18.5,0.7800603107233035
33,G2,18.6,0.7806686680386202
33,G2,18.7,0.7812762213033384
33,G2,18.8,0.7818829079897207
33,G2,18.9,0.7824887697666033
33,G2,19.0,0.7830937798261678
33,G2,19.1,0.7836979745989078
33,G2,19.2,0.784301291843117
33,G2,19.3,0.7849037767431313
33,G2,19.4,0.7855054277976664
33,G2,19.5,0.7861062212981954
33,G2,19.6,0.7867061599580184
33,G2,19.7,0.7873052377505367
33,G2,19.8,0.7879034945357072
33,G2,19.9,0.7885008643969638
33,G2,20.0,0.7890973918956554
33,G2,20.1,0.7896930493607285
33,G2,20.2,0.7902878723134633
33,G2,20.3,0.7908818001136964
33,G2,20.4,0.7914748768232038
33,G2,20.5,0.7920671029280033
33,G2,20.6,0.7926584523189762
33,G2,20.7,0.7932489306526004
33,G2,20.8,0.7938385285211811
33,G2,20.9,0.7944272895140881
33,G2,21.0,0.7950151443912029
33,G2,21.1,0.7956021402497578
33,G2,21.2,0.7961882494558353
33,G2,21.3,0.7967735053406673
33,G2,21.4,0.7973578502930594
33,G2,21.5,0.7979413261306286
33,G2,21.6,0.7985239357619265
33,G2,21.7,0.7991056505921732
33,G2,21.8,0.7996864793324323
33,G2,21.9,0.8002664090633274
33,G2,22.0,0.8008454870169637
33,G2,22.1,0.8014236408019882
33,G2,22.2,0.8020009202280315
33,G2,22.3,0.8025772977831281
33,G2,22.4,0.8031528039316372
33,G2,22.5,0.803727384665909
33,G2,22.6,0.8043010792894845
33,G2,22.7,0.804873893279182
33,G2,22.8,0.8054457954782492
33,G2,22.9,0.8060167977529298
33,G2,23.0,0.8065868835539696
33,G2,23.1,0.807156103799117
33,G2,23.2,0.8077243830228886
33,G2,23.3,0.8082917736348272
33,G2,23.4,0.8088582483890203
33,G2,23.5,0.8094238346791904
33,G2,23.6,0.8099884823314679
33,G2,23.7,0.8105522279544026
33,G2,23.8,0.8111150797033612
33,G2,23.9,0.8116770037922868
33,G2,24.0,0.812238015082479
33,G2,24.1,0.8127980940382646
33,G2,24.2,0.8133572942418621
33,G2,24.3,0.8139155384005842
33,G2,24.4,0.814472880492789
33,G2,24.5,0.8150292939836026
33,G2,24.6,0.8155848030064334
33,G2,24.7,0.8161393614345467
33,G2,24.8,0.8166930030126421
33,G2,24.9,0.8172457386749497
33,G2,25.0,0.8177975319479418
34,G1,10.0,0.7971760369973163
34,G1,10.1,0.7976580776983256
34,G1,10.2,0.7981395083190813
34,G1,10.3,0.7986203352674799
34,G1,10.4,0.7991005551391447
34,G1,10.5,0.7995801681013802
34,G1,10.6,0.8000591733930722
34,G1,10.7,0.8005375639554149
34,G1,10.8,0.8010153497546836
34,G1,10.9,0.8014925251518953
34,G1,11.0,0.8019690840218504
34,G1,11.1,0.8024450326131394
34,G1,11.2,0.802920366148322
34,G1,11.3,0.8033950885918089
34,G1,11.4,0.8038691966907731
34,G1,11.5,0.8043426830819977
34,G1,11.6,0.804815558478127
34,G1,11.7,0.8052878175482212
34,G1,11.8,0.8057594545078688
34,G1,11.9,0.8062304751227218
34,G1,12.0,0.8067008729763585
34,G1,12.1,0.8071706550452354
34,G1,12.2,0.8076398165135488
34,G1,12.3,0.8081083504780049
34,G1,12.4,0.8085762664624497
34,G1,12.5,0.8090435607410801
34,G1,12.6,0.8095102280900736
34,G1,12.7,0.809976272884335
34,G1,12.8,0.810441687494716
34,G1,12.9,0.8109064822693809
34,G1,13.0,0.811370649953372
34,G1,13.1,0.8118341852524821
34,G1,13.2,0.8122970955932609
34,G1,13.3,0.8127593784783554
34,G1,13.4,0.8132210306316908
34,G1,13.5,0.8136820539816351
34,G1,13.6,0.8141424411270486
34,G1,13.7,0.8146022032587451
34,G1,13.8,0.8150613328880835
34,G1,13.9,0.8155198252047051
34,G1,14.0,0.8159776863124855
34,G1,14.1,0.8164349135640011
34,G1,14.2,0.8168915070342415
34,G1,14.3,0.8173474656021414
34,G1,14.4,0.8178027831428536
34,G1,14.5,0.8182574697117304
34,G1,14.6,0.8187115191696689
34,G1,14.7,0.8191649264538488
34,G1,14.8,0.8196176970926419
34,G1,14.9,0.8200698271853447
34,G1,15.0,0.8205213207883678
34,G1,15.1,0.8209721741409424
34,G1,15.2,0.8214223808562924
34,G1,15.3,0.8218719516384062
34,G1,15.4,0.8223208809656042
34,G1,15.5,0.82276916355297
34,G1,15.6,0.8232168048363298
34,G1,15.7,0.823663799307971
34,G1,15.8,0.8241101538846537
34,G1,15.9,0.8245558634491958
34,G1,16.0,0.8250009217188801
34,G1,16.1,0.825445338457171
34,G1,16.2,0.825889109720004
34,G1,16.3,0.8263322308827237
34,G1,16.4,0.8267747057968909
34,G1,16.5,0.8272165277950958
34,G1,16.6,0.8276577072386943
34,G1,16.7,0.8280982364795219
34,G1,16.8,0.8285381110020089
34,G1,16.9,0.8289773382329819
34,G1,17.0,0.8294159158864007
34,G1,17.1,0.8298538407479716
34,G1,17.2,0.8302911146042066
34,G1,17.3,0.8307277306285353
34,G1,17.4,0.8311637004464467
34,G1,17.5,0.8315990160978917
34,G1,17.6,0.8320336735366134
34,G1,17.7,0.8324676784127533
34,G1,17.8,0.8329010289174779
34,G1,17.9,0.8333337250069636
34,G1,18.0,0.8337657652407731
34,G1,18.1,0.8341971443840904
34,G1,18.2,0.8346278725487492
34,G1,18.3,0.8350579432447947
34,G1,18.4,0.835487352312429
34,G1,18.5,0.8359161047408042
34,G1,18.6,0.8363441974395445
34,G1,18.7,0.8367716344559775
34,G1,18.8,0.8371984115904693
34,G1,18.9,0.8376245234774695
34,G1,19.0,0.8380499807745719
34,G1,19.1,0.8384747776762667
34,G1,19.2,0.8388989096790812
34,G1,19.3,0.8393223816420567
34,G1,19.4,0.8397451890534927
34,G1,19.5,0.8401673387925249
34,G1,19.6,0.8405888253657162
34,G1,19.7,0.8410096431991629
34,G1,19.8,0.8414298022472579
34,G1,19.9,0.8418492983838923
34,G1,20.0,0.842268127534299
34,G1,20.1,0.8426862931449476
34,G1,20.2,0.8431037894373612
34,G1,20.3,0.8435206266870809
34,G1,20.4,0.8439367969759549
34,G1,20.5,0.8443522965958001
34,G1,20.6,0.844767132894229
34,G1,20.7,0.8451813038261958
34,G1,20.8,0.8455948062652218
34,G1,20.9,0.8460076417977234
34,G1,21.0,0.8464198043005119
34,G1,21.1,0.846831305668967
34,G1,21.2,0.8472421375228897
34,G1,21.3,0.8476522966559118
34,G1,21.4,0.8480617882543295
34,G1,21.5,0.8484706112780137
34,G1,21.6,0.8488787655727156
34,G1,21.7,0.8492862494650832
34,G1,21.8,0.8496930584433796
34,G1,21.9,0.8500992029578767
34,G1,22.0,0.8505046758680713
34,G1,22.1,0.8509094741099235
34,G1,22.2,0.8513136020867993
34,G1,22.3,0.8517170575497993
34,G1,22.4,0.8521198443787682
34,G1,22.5,0.8525219580947756
34,G1,22.6,0.8529233943551537
34,G1,22.7,0.8533241636267124
34,G1,22.8,0.8537242599995886
34,G1,22.9,0.8541236796257818
34,G1,23.0,0.85452242692529
34,G1,23.1,0.8549204982255674
34,G1,23.2,0.8553179004046029
34,G1,23.3,0.855714627612041
34,G1,23.4,0.8561106750778503
34,G1,23.5,0.8565060528326668
34,G1,23.6,0.8569007565480948
34,G1,23.7,0.8572947827330074
34,G1,23.8,0.8576881345237988
34,G1,23.9,0.8580808069199501
34,G1,24.0,0.8584728100960615
34,G1,24.1,0.8588641359574178
34,G1,24.2,0.8592547815401461
34,G1,24.3,0.8596447541234572
34,G1,24.4,0.8600340518022422
34,G1,24.5,0.8604226717046674
34,G1,24.6,0.8608106151502615
34,G1,24.7,0.8611978767762763
34,G1,24.8,0.8615844686335234
34,G1,24.9,0.8619703818838493
34,G1,25.0,0.8623556142995766
34,G2,10.0,0.7198015531890365
34,G2,10.1,0.7203614969311379
34,G2,10.2,0.7209210104145101
34,G2,10.3,0.7214801157303825
34,G2,10.4,0.722038727978826
34,G2,10.5,0.7225969361397069
34,G2,10.6,0.7231546928205728
34,G2,10.7,0.7237119816993718
34,G2,10.8,0.7242688718045758
34,G2,10.9,0.7248252632679892
34,G2,11.0,0.7253812238044867
34,G2,11.1,0.7259367579546712
34,G2,11.2,0.7264917937395874
34,G2,11.3,0.7270464155207175
34,G2,11.4,0.7276005673592636
34,G2,11.5,0.7281542449026206
34,G2,11.6,0.7287075144795553
34,G2,11.7,0.7292602682292618
34,G2,11.8,0.7298125889142713
34,G2,11.9,0.7303644643853412
34,G2,12.0,0.7309158378067276
34,G2,12.1,0.7314667860595623
34,G2,12.2,0.7320172468424098
34,G2,12.3,0.7325672282803267
34,G2,12.4,0.7331167893127749
34,G2,12.5,0.7336658219801507
34,G2,12.6,0.7342144172683596
34,G2,12.7,0.7347625487392757
34,G2,12.8,0.7353101722173785
34,G2,12.9,0.7358573643886259
34,G2,13.0,0.7364040478456915
34,G2,13.1,0.7369502518435094
34,G2,13.2,0.7374960194129441
34,G2,13.3,0.73804124786718
34,G2,13.4,0.7385860333963362
34,G2,13.5,0.7391303372923862
34,G2,13.6,0.7396741274223209
34,G2,13.7,0.7402174805280416
34,G2,13.8,0.7407603046117482
34,G2,13.9,0.7413026487677754
34,G2,14.0,0.7418445395510157
34,G2,14.1,0.7423858828006515
34,G2,14.2,0.7429267767222724
34,G2,14.3,0.7434671711917566
34,G2,14.4,0.7440070465530326
34,G2,14.5,0.7445464787457193
34,G2,14.6,0.7450853608148817
34,G2,14.7,0.7456237642637205
34,G2,14.8,0.7461616965879916
34,G2,14.9,0.7466990772502489
34,G2,15.0,0.7472359998550522
34,G2,15.1,0.7477724048258687
34,G2,15.2,0.7483082857763166
34,G2,15.3,0.7488437158742989
34,G2,15.4,0.749378578065249
34,G2,15.5,0.7499129617482106
34,G2,15.6,0.7504468558085432
34,G2,15.7,0.750980196255247
34,G2,15.8,0.7515130683898226
34,G2,15.9,0.7520454059540503
34,G2,16.0,0.7525772156877895
34,G2,16.1,0.7531085629199444
34,G2,16.2,0.7536393308145729
34,G2,16.3,0.7541696174734394
34,G2,16.4,0.7546993961269071
34,G2,16.5,0.755228617290877
34,G2,16.6,0.7557573642506454
34,G2,16.7,0.7562855562092741
34,G2,16.8,0.7568132216570711
34,G2,16.9,0.757340409533434
34,G2,17.0,0.7578670081830248
34,G2,17.1,0.75839312147663
34,G2,17.2,0.7589187095308735
34,G2,17.3,0.7594437358762693
34,G2,17.4,0.759968283642726
34,G2,17.5,0.7604922564493688
34,G2,17.6,0.7610157040957911
34,G2,17.7,0.761538657448689
34,G2,17.8,0.7620610144799045
34,G2,17.9,0.7625828810823058
34,G2,18.0,0.7631042052664078
34,G2,18.1,0.7636249639568228
34,G2,18.2,0.764145239339384
34,G2,18.3,0.7646649187293276
34,G2,18.4,0.7651840762123867
34,G2,18.5,0.7657027226035026
34,G2,18.6,0.7662207692299947
34,G2,18.7,0.7667383180628511
34,G2,18.8,0.7672553070778088
34,G2,18.9,0.7677717272459023
34,G2,19.0,0.7682876578942276
34,G2,19.1,0.7688029745716732
34,G2,19.2,0.7693177716194471
34,G2,19.3,0.7698320396017377
34,G2,19.4,0.7703457076445495
34,G2,19.5,0.7708588688414176
34,G2,19.6,0.7713714536856769
34,G2,19.7,0.7718834673820839
34,G2,19.8,0.7723949810365724
34,G2,19.9,0.7729058700737912
34,G2,20.0,0.7734162386308014
34,G2,20.1,0.7739260601549426
34,G2,20.2,0.7744352800248231
34,G2,20.3,0.774943987342062
34,G2,20.4,0.775452099108047
34,G2,20.5,0.7759596422178128
34,G2,20.6,0.7764666715058954
34,G2,20.7,0.7769730671901167
34,G2,20.8,0.777478939813835
34,G2,20.9,0.7779842488889481
34,G2,21.0,0.7784889537273666
34,G2,21.1,0.7789931430853547
34,G2,21.2,0.7794967171761293
34,G2,21.3,0.77999972609508
34,G2,21.4,0.7805022050305486
34,G2,21.5,0.78100404443161
34,G2,21.6,0.7815053571281685
34,G2,21.7,0.7820060899152477
34,G2,21.8,0.7825062162927944
34,G2,21.9,0.783005823906157
34,G2,22.0,0.7835047958520465
34,G2,22.1,0.7840032074970555
34,G2,22.2,0.7845010731029356
34,G2,22.3,0.7849982969690464
34,G2,22.4,0.7854949880370674
34,G2,22.5,0.7859910828057463
34,G2,22.6,0.7864865694192495
34,G2,22.7,0.7869815325241899
34,G2,22.8,0.7874758421221352
34,G2,22.9,0.7879695957784693
34,G2,23.0,0.7884627863087659
34,G2,23.1,0.7889553363588034
34,G2,23.2,0.7894473460697957
34,G2,23.3,0.789938743492553
34,G2,23.4,0.7904295319545894
34,G2,23.5,0.7909197878880152
34,G2,23.6,0.791409380115418
34,G2,23.7,0.7918984174771159
34,G2,23.8,0.79238687453307
34,G2,23.9,0.7928746918639559
34,G2,24.0,0.7933619630527805
34,G2,24.1,0.793848604285625
34,G2,24.2,0.7943346401229128
34,G2,24.3,0.7948201311594789
34,G2,24.4,0.7953049504391068
34,G2,24.5,0.7957892141084137
34,G2,24.6,0.7962728816094905
34,G2,24.7,0.7967559082417179
34,G2,24.8,0.7972383875627583
34,G2,24.9,0.7977202175604478
34,G2,25.0,0.7982014477369801
35,G1,10.0,0.8007240109455986
35,G1,10.1,0.8011936413210522
35,G1,10.2,0.8016626675720063
35,G1,10.3,0.8021311026363416
35,G1,10.4,0.8025989447626
35,G1,10.5,0.8030661827760648
35,G1,10.6,0.8035328362504197
35,G1,10.7,0.8039988822382484
35,G1,10.8,0.8044643327235206
35,G1,10.9,0.80492918766469
35,G1,11.0,0.8053934349144589
35,G1,11.1,0.80585709319441
35,G1,11.2,0.8063201412633926
35,G1,11.3,0.8067825887909411
35,G1,11.4,0.8072444392438893
35,G1,11.5,0.8077056783292077
35,G1,11.6,0.8081663235678609
35,G1,11.7,0.8086263564572796
35,G1,11.8,0.8090857837337184
35,G1,11.9,0.8095446122758301
35,G1,12.0,0.8100028263281971
35,G1,12.1,0.8104604415734441
35,G1,12.2,0.8109174421754332
35,G1,12.3,0.8113738330019968
35,G1,12.4,0.8118296226964231
35,G1,12.5,0.8122847948998407
35,G1,12.6,0.8127393637686756
35,G1,12.7,0.8131933160058741
35,G1,12.8,0.813646653894802
35,G1,12.9,0.8140993888188313
35,G1,13.0,0.814551503016967
35,G1,13.1,0.8150030095239847
35,G1,13.2,0.8154538976127508
35,G1,13.3,0.8159041668457276
35,G1,13.4,0.8163538315342667
35,G1,13.5,0.8168028721432398
35,G1,13.6,0.8172513009889697
35,G1,13.7,0.81769910963754
35,G1,13.8,0.8181462951588476
35,G1,13.9,0.8185928745251961
35,G1,14.0,0.819038826375657
35,G1,14.1,0.8194841625648926
35,G1,14.2,0.8199288769926019
35,G1,14.3,0.8203729646433612
35,G1,14.4,0.8208164439751674
35,G1,14.5,0.8212592922733924
35,G1,14.6,0.8217015215450717
35,G1,14.7,0.822143127630599
35,G1,14.8,0.8225841036258476
35,G1,14.9,0.8230244686830454
35,G1,15.0,0.8234641993210436
35,G1,15.1,0.8239033080205848
35,G1,15.2,0.8243417921197729
35,G1,15.3,0.8247796431099547
35,G1,15.4,0.8252168803121608
35,G1,15.5,0.8256534796728181
35,G1,15.6,0.8260894549046414
35,G1,15.7,0.8265248039257568
35,G1,15.8,0.8269595165653677
35,G1,15.9,0.8273936126435759
35,G1,16.0,0.827827068449884
35,G1,16.1,0.8282598976797183
35,G1,16.2,0.8286920986896326
35,G1,16.3,0.8291236605291791
35,G1,16.4,0.8295546032100984
35,G1,16.5,0.829984903410508
35,G1,16.6,0.8304145737972608
35,G1,16.7,0.8308436149999476
35,G1,16.8,0.8312720144790617
35,G1,16.9,0.8316997914462991
35,G1,17.0,0.8321269248016079
35,G1,17.1,0.8325534242261412
35,G1,17.2,0.8329792943499501
35,G1,17.3,0.83340452041126
35,G1,17.4,0.8338291201355946
35,G1,17.5,0.8342530752918057
35,G1,17.6,0.8346763929966167
35,G1,17.7,0.835099080690875
35,G1,17.8,0.8355211225194095
35,G1,17.9,0.8359425343245178
35,G1,18.0,0.836363300629959
35,G1,18.1,0.8367834264658991
35,G1,18.2,0.8372029211166432
35,G1,18.3,0.8376217681905006
35,G1,18.4,0.8380399819201123
35,G1,18.5,0.8384575494851483
35,G1,18.6,0.8388744731402036
35,G1,18.7,0.8392907652505087
35,G1,18.8,0.8397064075411647
35,G1,18.9,0.8401214135326961
35,G1,19.0,0.840535772762679
35,G1,19.1,0.840949484896329
35,G1,19.2,0.8413625650791626
35,G1,19.3,0.8417749934590544
35,G1,19.4,0.8421867825344127
35,G1,19.5,0.8425979244490212
35,G1,19.6,0.8430084163387254
35,G1,19.7,0.843418275818207
35,G1,19.8,0.8438274812098122
35,G1,19.9,0.844236044702105
35,G1,20.0,0.8446439608418903
35,G1,20.1,0.8450512246336455
35,G1,20.2,0.8454578548517171
35,G1,20.3,0.8458638287396285
35,G1,20.4,0.846269158769063
35,G1,20.5,0.8466738412285475
35,G1,20.6,0.847077869435106
35,G1,20.7,0.8474812626028327
35,G1,20.8,0.8478839971134847
35,G1,20.9,0.8482860863006919
35,G1,21.0,0.8486875278196219
35,G1,21.1,0.849088313144105
35,G1,21.2,0.8494884618416466
35,G1,21.3,0.8498879498829472
35,G1,21.4,0.8502867917332889
35,G1,21.5,0.8506849853993007
35,G1,21.6,0.851082520789593
35,G1,21.7,0.8514794181220402
35,G1,21.8,0.8518756537472235
35,G1,21.9,0.8522712417578179
35,G1,22.0,0.8526661808634514
35,G1,22.1,0.8530604604343512
35,G1,22.2,0.8534541003661338
35,G1,22.3,0.8538470777359396
35,G1,22.4,0.8542394053619908
35,G1,22.5,0.8546310845994693
35,G1,22.6,0.8550221029452985
35,G1,22.7,0.8554124794043508
35,G1,22.8,0.8558021936412286
35,G1,22.9,0.8561912550912374
35,G1,23.0,0.8565796693319961
35,G1,23.1,0.8569674217181605
35,G1,23.2,0.8573545295882198
35,G1,23.3,0.8577409753697969
35,G1,23.4,0.8581267664721574
35,G1,23.5,0.8585119106133174
35,G1,23.6,0.8588963923164666
35,G1,23.7,0.8592802271677321
35,G1,23.8,0.8596634003397644
35,G1,23.9,0.8600459169453055
35,G1,24.0,0.8604277867602428
35,G1,24.1,0.8608089936311052
35,G1,24.2,0.8611895515093602
35,G1,24.3,0.861569448409752
35,G1,24.4,0.8619486865364131
35,G1,24.5,0.8623272787660089
35,G1,24.6,0.8627052069988734
35,G1,24.7,0.8630824846083787
35,G1,24.8,0.8634591018533684
35,G1,24.9,0.8638350584147548
35,G1,25.0,0.8642103699449859
35,G2,10.0,0.7031892839417441
35,G2,10.1,0.7037517941191573
35,G2,10.2,0.7043138719678518
35,G2,10.3,0.704875598298872
35,G2,10.4,0.7054369163670415
35,G2,10.5,0.7059978298125075
35,G2,10.6,0.7065583852174093
35,G2,10.7,0.7071185014328928
35,G2,10.8,0.7076782566111114
35,G2,10.9,0.7082376001927337
35,G2,11.0,0.7087965295067415
35,G2,11.1,0.7093550958545993
35,G2,11.2,0.7099132162282111
35,G2,11.3,0.7104709660430983
35,G2,11.4,0.7110283008762228
35,G2,11.5,0.7115852115867506
35,G2,11.6,0.7121417554574881
35,G2,11.7,0.7126978461415947
35,G2,11.8,0.7132535558210785
35,G2,11.9,0.7138088496105303
35,G2,12.0,0.7143637083004527
35,G2,12.1,0.7149181958057109
35,G2,12.2,0.715472223501817
35,G2,12.3,0.7160258597631136
35,G2,12.4,0.7165790790553616
35,G2,12.5,0.7171318523756002
35,G2,12.6,0.717684249811861
35,G2,12.7,0.7182361815109105
35,G2,12.8,0.7187877118190321
35,G2,12.9,0.7193388228533888
35,G2,13.0,0.7198894782885292
35,G2,13.1,0.7204397529074915
35,G2,13.2,0.7209895560933953
35,G2,13.3,0.7215389472701905
35,G2,13.4,0.7220879178301036
35,G2,13.5,0.7226364227714515
35,G2,13.6,0.7231845408646349
35,G2,13.7,0.7237321843517516
35,G2,13.8,0.7242794036661494
35,G2,13.9,0.7248262018044913
35,G2,14.0,0.7253725240039821
35,G2,14.1,0.72591845338017
35,G2,14.2,0.7264639051891961
35,G2,14.3,0.7270089205460025
35,G2,14.4,0.7275535144099583
35,G2,14.5,0.7280976219869759
35,G2,14.6,0.7286413308008685
35,G2,14.7,0.7291845592647714
35,G2,14.8,0.729727338907836
35,G2,14.9,0.7302696971281571
35,G2,15.0,0.730811558576248
35,G2,15.1,0.7313530144557239
35,G2,15.2,0.7318939882912007
35,G2,15.3,0.7324345014349525
35,G2,15.4,0.7329745928097297
35,G2,15.5,0.7335141771462202
35,G2,15.6,0.7340533488871348
35,G2,15.7,0.7345920369142749
35,G2,15.8,0.7351302529415337
35,G2,15.9,0.7356680457036047
35,G2,16.0,0.7362053232150239
35,G2,16.1,0.7367421799897341
35,G2,16.2,0.7372785514604516
35,G2,16.3,0.7378144407228054
35,G2,16.4,0.7383499035370942
35,G2,16.5,0.7388848448933871
35,G2,16.6,0.739419356410048
35,G2,16.7,0.7399533805307659
35,G2,16.8,0.7404869132995257
35,G2,16.9,0.741020016123509
35,G2,17.0,0.7415525913071084
35,G2,17.1,0.7420847273104504
35,G2,17.2,0.742616374850287
35,G2,17.3,0.7431475209133265
35,G2,17.4,0.7436782345362233
35,G2,17.5,0.744208414046737
35,G2,17.6,0.7447381442890996
35,G2,17.7,0.7452673866720629
35,G2,17.8,0.7457961172464469
35,G2,17.9,0.7463244116233981
35,G2,18.0,0.7468521667668806
35,G2,18.1,0.7473794626590832
35,G2,18.2,0.7479062706596344
35,G2,18.3,0.7484325567530642
35,G2,18.4,0.7489584030480818
35,G2,18.5,0.7494837052334524
35,G2,18.6,0.7500085385810602
35,G2,18.7,0.7505328830427802
35,G2,18.8,0.7510566966010982
35,G2,18.9,0.7515800660030293
35,G2,19.0,0.7521028877378548
35,G2,19.1,0.752625229610111
35,G2,19.2,0.7531470831786555
35,G2,19.3,0.7536683961728314
35,G2,19.4,0.7541892597577197
35,G2,19.5,0.7547095742591098
35,G2,19.6,0.7552293967143293
35,G2,19.7,0.755748731907983
35,G2,19.8,0.7562675167418782
35,G2,19.9,0.7567858469848082
35,G2,20.0,0.7573036269378074
35,G2,20.1,0.7578209024739884
35,G2,20.2,0.7583376922440953
35,G2,20.3,0.7588539217599516
35,G2,20.4,0.7593696912743232
35,G2,20.5,0.7598849097211942
35,G2,20.6,0.7603996115872744
35,G2,20.7,0.7609138294000837
35,G2,20.8,0.7614274768838902
35,G2,20.9,0.7619406582667237
35,G2,21.0,0.7624532885263975
35,G2,21.1,0.7629653904983752
35,G2,21.2,0.7634770099627578
35,G2,21.3,0.7639880493176794
35,G2,21.4,0.7644986162155185
35,G2,21.5,0.7650086321725394
35,G2,21.6,0.7655181088832085
35,G2,21.7,0.766027102475807
35,G2,21.8,0.7665355095629328
35,G2,21.9,0.7670434361809584
35,G2,22.0,0.7675508118817558
35,G2,22.1,0.7680576385264017
35,G2,22.2,0.768563980388691
35,G2,22.3,0.7690697303568144
35,G2,22.4,0.7695749914146035
35,G2,22.5,0.7700797007191126
35,G2,22.6,0.7705838526230029
35,G2,22.7,0.771087517763452
35,G2,22.8,0.7715905856220989
35,G2,22.9,0.7720931556054608
35,G2,23.0,0.77259517513707
35,G2,23.1,0.7730966273324713
35,G2,23.2,0.773597591441895
35,G2,23.3,0.774097952959909
35,G2,23.4,0.7745978070193481
35,G2,23.5,0.7750971128021547
35,G2,23.6,0.7755958417111757
35,G2,23.7,0.7760940794920855
35,G2,23.8,0.7765917112214754
35,G2,23.9,0.777088826307601
35,G2,24.0,0.7775853940145913
35,G2,24.1,0.778081375830609
35,G2,24.2,0.778576864221648
35,G2,24.3,0.7790717427890665
35,G2,24.4,0.7795660956479422
35,G2,24.5,0.7800599016758883
35,G2,24.6,0.7805531135830732
35,G2,24.7,0.7810458282581547
35,G2,24.8,0.7815379320841264
35,G2,24.9,0.7820294989322646
35,G2,25.0,0.7825205214028833
36,G1,10.0,0.788330638264078
36,G1,10.1,0.7888242854185282
36,G1,10.2,0.7893173190174892
36,G1,10.3,0.789809758396376
36,G1,10.4,0.7903015942412316
36,G1,10.5,0.7907928145866072
36,G1,10.6,0.7912834406307664
36,G1,10.7,0.7917734466239597
36,G1,10.8,0.7922628591785663
36,G1,10.9,0.792751656211836
36,G1,11.0,0.7932398435854096
36,G1,11.1,0.7937274278575073
36,G1,11.2,0.7942143891557752
36,G1,11.3,0.7947007514246056
36,G1,11.4,0.7951864893402198
36,G1,11.5,0.7956716240467251
36,G1,11.6,0.7961561442530027
36,G1,11.7,0.7966400399511451
36,G1,11.8,0.797123331282566
36,G1,11.9,0.797605992529834
36,G1,12.0,0.7980880511489002
36,G1,12.1,0.7985694838655577
36,G1,12.2,0.7990502981469432
36,G1,12.3,0.799530499773182
36,G1,12.4,0.8000100683557301
36,G1,12.5,0.8004890288979885
36,G1,12.6,0.8009673551149693
36,G1,12.7,0.8014450696383025
36,G1,12.8,0.8019221595153473
36,G1,12.9,0.8023986164983554
36,G1,13.0,0.8028744596029354
36,G1,13.1,0.803349663346415
36,G1,13.2,0.8038242557922943
36,G1,13.3,0.8042982126568392
36,G1,13.4,0.8047715429983398
36,G1,13.5,0.8052442517092245
36,G1,13.6,0.805716317871802
36,G1,13.7,0.8061877678401783
36,G1,13.8,0.8066585740959461
36,G1,13.9,0.8071287606922873
36,G1,14.0,0.8075983133559984
36,G1,14.1,0.8080672251598635
36,G1,14.2,0.8085355143835665
36,G1,14.3,0.8090031557807743
36,G1,14.4,0.8094701775938163
36,G1,14.5,0.8099365550089722
36,G1,14.6,0.8104022983628907
36,G1,14.7,0.8108674116552935
36,G1,14.8,0.8113318737275117
36,G1,14.9,0.8117957120375113
36,G1,15.0,0.8122588979325398
36,G1,15.1,0.8127214569323212
36,G1,15.2,0.8131833731806057
36,G1,15.3,0.8136446413139078
36,G1,15.4,0.8141052790499677
36,G1,15.5,0.8145652610109148
36,G1,15.6,0.815024615610181
36,G1,15.7,0.8154833178903959
36,G1,15.8,0.8159413792268845
36,G1,15.9,0.8163988024765061
36,G1,16.0,0.8168555667897224
36,G1,16.1,0.8173117001988527
36,G1,16.2,0.8177671734448297
36,G1,16.3,0.8182220130332774
36,G1,16.4,0.8186762017274659
36,G1,16.5,0.8191297357948241
36,G1,16.6,0.819582632263718
36,G1,16.7,0.8200348656392792
36,G1,16.8,0.8204864646590484
36,G1,16.9,0.8209374038347556
36,G1,17.0,0.8213876961541561
36,G1,17.1,0.8218373429501711
36,G1,17.2,0.8222863236639928
36,G1,17.3,0.8227346670816224
36,G1,17.4,0.8231823432296473
36,G1,17.5,0.8236293795377572
36,G1,17.6,0.824075757685007
36,G1,17.7,0.8245214753042813
36,G1,17.8,0.8249665486670276
36,G1,17.9,0.8254109524919835
36,G1,18.0,0.8258547155156073
36,G1,18.1,0.8262978117869655
36,G1,18.2,0.8267402560883901
36,G1,18.3,0.8271820478819786
36,G1,18.4,0.827623167298828
36,G1,18.5,0.8280636437682833
36,G1,18.6,0.8285034463641183
36,G1,18.7,0.8289426036459921
36,G1,18.8,0.8293810961747082
36,G1,18.9,0.829818923052871
36,G1,19.0,0.8302560995692873
36,G1,19.1,0.8306926009175599
36,G1,19.2,0.8311284556208729
36,G1,19.3,0.8315636372702588
36,G1,19.4,0.831998162594342
36,G1,19.5,0.8324320290240734
36,G1,19.6,0.8328652175539565
36,G1,19.7,0.8332977580296674
36,G1,19.8,0.8337296187293456
36,G1,19.9,0.8341608294400948
36,G1,20.0,0.8345913693022154
36,G1,20.1,0.8350212393079254
36,G1,20.2,0.8354504533925757
36,G1,20.3,0.8358789873463776
36,G1,20.4,0.8363068694636494
36,G1,20.5,0.8367340728722443
36,G1,20.6,0.8371606162715458
36,G1,20.7,0.8375864951214064
36,G1,20.8,0.8380116913157358
36,G1,20.9,0.8384362347677673
36,G1,21.0,0.8388600933600426
36,G1,21.1,0.839283298076692
36,G1,21.2,0.8397058263823145
36,G1,21.3,0.8401276813809236
36,G1,21.4,0.8405488755966585
36,G1,21.5,0.8409693852442923
36,G1,21.6,0.8413892386212578
36,G1,21.7,0.841808408241569
36,G1,21.8,0.8422269149085421
36,G1,21.9,0.842644751876673
36,G1,22.0,0.8430619025081526
36,G1,22.1,0.8434783960524576
36,G1,22.2,0.8438942004619875
36,G1,22.3,0.844309347690952
36,G1,22.4,0.8447238137816118
36,G1,22.5,0.8451376036714467
36,G1,22.6,0.845550728603522
36,G1,22.7,0.8459631650292445
36,G1,22.8,0.8463749417295413
36,G1,22.9,0.8467860301546754
36,G1,23.0,0.8471964533118763
36,G1,23.1,0.8476062021672838
36,G1,23.2,0.8480152620410916
36,G1,23.3,0.848423660897179
36,G1,23.4,0.8488313672085476
36,G1,23.5,0.8492384135025873
36,G1,23.6,0.8496447746257118
36,G1,23.7,0.8500504573589733
36,G1,23.8,0.8504554717264088
36,G1,23.9,0.8508597940404513
36,G1,24.0,0.8512634540268988
36,G1,24.1,0.8516664221030672
36,G1,24.2,0.8520687229791419
36,G1,24.3,0.8524703455460383
36,G1,24.4,0.8528712773927767
36,G1,24.5,0.853271544887555
36,G1,24.6,0.8536711170985334
36,G1,24.7,0.854070027095921
36,G1,24.8,0.8544682484904776
36,G1,24.9,0.8548657900403991
36,G1,25.0,0.8552626604702065
36,G2,10.0,0.6569327642031829
36,G2,10.1,0.6575332723403513
36,G2,10.2,0.6581334738932431
36,G2,10.3,0.6587334042468811
36,G2,10.4,0.6593330158701536
36,G2,10.5,0.6599323390316649
36,G2,10.6,0.6605313616715076
36,G2,10.7,0.6611300787067278
36,G2,10.8,0.6617285094477574
36,G2,10.9,0.6623266177209065
36,G2,11.0,0.6629244319574515
36,G2,11.1,0.6635219292626329
36,G2,11.2,0.6641191211217491
36,G2,11.3,0.6647160076161955
36,G2,11.4,0.665312569403355
36,G2,11.5,0.6659088402541523
36,G2,11.6,0.6665047742790713
36,G2,11.7,0.667100399282178
36,G2,11.8,0.6676957047767847
36,G2,11.9,0.6682906865832791
36,G2,12.0,0.6688853616586876
36,G2,12.1,0.6694796959770744
36,G2,12.2,0.6700737175694861
36,G2,12.3,0.6706674025527801
36,G2,12.4,0.671260763407717
36,G2,12.5,0.6718537992457988
36,G2,12.6,0.672446492629109
36,G2,12.7,0.6730388752900416
36,G2,12.8,0.6736309035819956
36,G2,12.9,0.6742226024701937
36,G2,13.0,0.6748139632322816
36,G2,13.1,0.675404982465644
36,G2,13.2,0.6759956748040294
36,G2,13.3,0.676586008348231
36,G2,13.4,0.6771760108915758
36,G2,13.5,0.6777656573630965
36,G2,13.6,0.678354961402898
36,G2,13.7,0.6789439210689688
36,G2,13.8,0.6795325207279579
36,G2,13.9,0.6801207902584786
36,G2,14.0,0.6807086882500655
36,G2,14.1,0.6812962366611892
36,G2,14.2,0.6818834287229224
36,G2,14.3,0.682470261678457
36,G2,14.4,0.6830567476053748
36,G2,14.5,0.6836428572428626
36,G2,14.6,0.6842286182912838
36,G2,14.7,0.6848140038808223
36,G2,14.8,0.6853990290074564
36,G2,14.9,0.6859836907750435
36,G2,15.0,0.6865679751987633
36,G2,15.1,0.6871519104942283
36,G2,15.2,0.6877354574749212
36,G2,15.3,0.6883186348574479
36,G2,15.4,0.6889014382323098
36,G2,15.5,0.6894838651250637
36,G2,15.6,0.6900659247737574
36,G2,15.7,0.6906475916668774
36,G2,15.8,0.6912288923235212
36,G2,15.9,0.6918097989795314
36,G2,16.0,0.6923903269353933
36,G2,16.1,0.692970473359841
36,G2,16.2,0.6935502251318267
36,G2,16.3,0.6941296090223573
36,G2,16.4,0.6947085883541804
36,G2,16.5,0.6952871785622196
36,G2,16.6,0.6958653774690943
36,G2,16.7,0.6964431824500393
36,G2,16.8,0.6970206005166865
36,G2,16.9,0.6975976101422763
36,G2,17.0,0.6981742359745369
36,G2,17.1,0.6987504496630019
36,G2,17.2,0.6993262666705511
36,G2,17.3,0.6999016845074206
36,G2,17.4,0.7004766905841145
36,G2,17.5,0.7010513102409112
36,G2,17.6,0.7016255097335784
36,G2,17.7,0.7021993011425237
36,G2,17.8,0.7027726842156092
36,G2,17.9,0.7033456558058554
36,G2,18.0,0.7039182219603947
36,G2,18.1,0.7044903639857029
36,G2,18.2,0.705062105113793
36,G2,18.3,0.7056334163796821
36,G2,18.4,0.706204313280964
36,G2,18.5,0.706774793890601
36,G2,18.6,0.7073448458727432
36,G2,18.7,0.7079144933504643
36,G2,18.8,0.7084837052480084
36,G2,18.9,0.709052490984509
36,G2,19.0,0.7096208515928015
36,G2,19.1,0.7101887833347379
36,G2,19.2,0.7107562917633932
36,G2,19.3,0.7113233606551711
36,G2,19.4,0.7118900120183108
36,G2,19.5,0.7124562161525211
36,G2,19.6,0.7130219887534651
36,G2,19.7,0.7135873281566057
36,G2,19.8,0.7141522227808933
36,G2,19.9,0.714716695066995
36,G2,20.0,0.7152807167494163
36,G2,20.1,0.715844294727556
36,G2,20.2,0.7164074310863342
36,G2,20.3,0.7169701216326116
36,G2,20.4,0.7175323716185568
36,G2,20.5,0.7180941669022618
36,G2,20.6,0.7186555285170452
36,G2,20.7,0.719216425963425
36,G2,20.8,0.7197768751415757
36,G2,20.9,0.7203368746273543
36,G2,21.0,0.720896413670488
36,G2,21.1,0.7214555129402845
36,G2,21.2,0.7220141465783085
36,G2,21.3,0.7225723203527805
36,G2,21.4,0.723130035784814
36,G2,21.5,0.7236872889637531
36,G2,21.6,0.7242440853171004
36,G2,21.7,0.7248004118278478
36,G2,21.8,0.7253562885206276
36,G2,21.9,0.7259116856028061
36,G2,22.0,0.7264666175962661
36,G2,22.1,0.727021083621558
36,G2,22.2,0.7275750744961196
36,G2,22.3,0.7281286083593628
36,G2,22.4,0.7286816620130856
36,G2,22.5,0.7292342400261347
36,G2,22.6,0.729786343755955
36,G2,22.7,0.7303379689843917
36,G2,22.8,0.7308891217110802
36,G2,22.9,0.7314397898358967
36,G2,23.0,0.7319899924498604
36,G2,23.1,0.7325397006354881
36,G2,23.2,0.7330889270102359
36,G2,23.3,0.7336376721304958
36,G2,23.4,0.7341859277148017
36,G2,23.5,0.7347337094533327
36,G2,23.6,0.7352809969177885
36,G2,23.7,0.7358277931230295
36,G2,23.8,0.7363741001321766
36,G2,23.9,0.7369199126955055
36,G2,24.0,0.7374652375690445
36,G2,24.1,0.7380100634799767
36,G2,24.2,0.7385544084814294
36,G2,24.3,0.7390982452394439
36,G2,24.4,0.7396415834943191
36,G2,24.5,0.7401844261195344
36,G2,24.6,0.7407267650862059
36,G2,24.7,0.7412686138822345
36,G2,24.8,0.7418099546720099
36,G2,24.9,0.7423507894206914
36,G2,25.0,0.7428911201783867
37,G1,10.0,0.7827838925174508
37,G1,10.1,0.783140432776035
37,G1,10.2,0.7834966667015428
37,G1,10.3,0.7838526135529369
37,G1,10.4,0.7842082533627815
37,G1,10.5,0.7845636056237845
37,G1,10.6,0.7849186501454046
37,G1,10.7,0.7852734065897296
37,G1,10.8,0.78562785423558
37,G1,10.9,0.7859820130459703
37,G1,11.0,0.7863358630720232
37,G1,11.1,0.7866894225295726
37,G1,11.2,0.7870426741412099
37,G1,11.3,0.7873956326545593
37,G1,11.4,0.7877482846213198
37,G1,11.5,0.7881006406691831
37,G1,11.6,0.7884526919011245
37,G1,11.7,0.7888044439018533
37,G1,11.8,0.7891558933679728
37,G1,11.9,0.7895070391779979
37,G1,12.0,0.7898578859269428
37,G1,12.1,0.790208424263849
37,G1,12.2,0.7905586669173059
37,G1,12.3,0.7909085969793658
37,G1,12.4,0.791258233900466
37,G1,12.5,0.7916075549862723
37,G1,12.6,0.7919565846312182
37,G1,12.7,0.7923052957890949
37,G1,12.8,0.79265371647546
37,G1,12.9,0.7930018168083681
37,G1,13.0,0.7933496271181574
37,G1,13.1,0.7936971159384006
37,G1,13.2,0.7940443136788133
37,G1,13.3,0.7943911903265211
37,G1,13.4,0.7947377738002583
37,G1,13.5,0.7950840372055975
37,G1,13.6,0.7954300051259283
37,G1,13.7,0.7957756539367914
37,G1,13.8,0.7961210052398296
37,G1,13.9,0.7964660379095027
37,G1,14.0,0.7968107722714238
37,G1,14.1,0.7971551874437557
37,G1,14.2,0.7974993034086871
37,G1,14.3,0.7978430996066087
37,G1,14.4,0.7981865961945096
37,G1,14.5,0.7985297724201925
37,G1,14.6,0.7988726485832892
37,G1,14.7,0.7992152034269807
37,G1,14.8,0.7995574575351149
37,G1,14.9,0.7998993904099407
37,G1,15.0,0.8002410209047095
37,G1,15.1,0.8005823311826709
37,G1,15.2,0.8009233366530935
37,G1,15.3,0.8012640233407657
37,G1,15.4,0.8016044024049466
37,G1,15.5,0.8019444645690589
37,G1,15.6,0.802284215882237
37,G1,15.7,0.8026236526448142
37,G1,15.8,0.802962774198351
37,G1,15.9,0.8033015848754305
37,G1,16.0,0.803640075474219
37,G1,16.1,0.8039782588396249
37,G1,16.2,0.8043161178768636
37,G1,16.3,0.8046536724706861
37,G1,16.4,0.8049908994288998
37,G1,16.5,0.805327823902664
37,G1,16.6,0.8056644180228743
37,G1,16.7,0.8060007108490199
37,G1,16.8,0.8063366714527535
37,G1,16.9,0.8066723313628716
37,G1,17.0,0.8070076579519628
37,G1,17.1,0.8073426829867637
37,G1,17.2,0.8076773750398071
37,G1,17.3,0.8080117635897412
37,G1,17.4,0.8083458203467645
37,G1,17.5,0.8086795712541649
37,G1,17.6,0.809012991564169
37,G1,17.7,0.809346103888694
37,G1,17.8,0.8096788863182156
37,G1,17.9,0.8100113600030224
37,G1,18.0,0.8103435034190706
37,G1,18.1,0.8106753372104932
37,G1,18.2,0.8110068402756158
37,G1,18.3,0.8113380333576644
37,G1,18.4,0.8116688952323702
37,G1,18.5,0.8119994467410507
37,G1,18.6,0.8123296662432123
37,G1,18.7,0.8126595747962186
37,G1,18.8,0.8129891514291729
37,G1,18.9,0.8133184156069346
37,G1,19.0,0.8136473489583583
37,G1,19.1,0.8139759675072961
37,G1,19.2,0.8143042568200599
37,G1,19.3,0.8146322285726236
37,G1,19.4,0.8149598730631258
37,G1,19.5,0.8152871968586296
37,G1,19.6,0.8156141958164818
37,G1,19.7,0.8159408698183465
37,G1,19.8,0.816267222829657
37,G1,19.9,0.8165932459430526
37,G1,20.0,0.8169189519437753
37,G1,20.1,0.8172443237195955
37,G1,20.2,0.8175693814348165
37,G1,20.3,0.8178941015816911
37,G1,20.4,0.8182185098340693
37,G1,20.5,0.8185425777919396
37,G1,20.6,0.8188663352801445
37,G1,20.7,0.8191897505405645
37,G1,20.8,0.8195128561145799
37,G1,20.9,0.8198356183966964
37,G1,21.0,0.8201580703630739
37,G1,21.1,0.8204801792883419
37,G1,21.2,0.820801976110095
37,G1,21.3,0.8211234312400909
37,G1,21.4,0.821444571900232
37,G1,21.5,0.8217653722701661
37,G1,21.6,0.8220858559684965
37,G1,21.7,0.8224060003166466
37,G1,21.8,0.8227258272132754
37,G1,21.9,0.8230453145751659
37,G1,22.0,0.8233644836885498
37,G1,22.1,0.8236833129299631
37,G1,22.2,0.8240018235533718
37,G1,22.3,0.824319993956768
37,G1,22.4,0.8246378454432105
37,G1,22.5,0.8249553560851353
37,G1,22.6,0.8252725473028604
37,G1,22.7,0.8255893977593878
37,G1,22.8,0.8259059274326227
37,G1,22.9,0.8262221175093778
37,G1,23.0,0.8265379845663652
37,G1,23.1,0.82685351376132
37,G1,23.2,0.8271687172233404
37,G1,23.3,0.8274835848890522
37,G1,23.4,0.827798123799506
37,G1,23.5,0.8281123294006624
37,G1,23.6,0.8284262021352966
37,G1,23.7,0.8287397455054903
37,G1,23.8,0.8290529510492931
37,G1,23.9,0.8293658313316958
37,G1,24.0,0.8296783693596353
37,G1,24.1,0.829990585454895
37,G1,24.2,0.8303024559454039
37,G1,24.3,0.8306140068499266
37,G1,24.4,0.8309252094308925
37,G1,24.5,0.831236094080464
37,G1,24.6,0.8315466284053337
37,G1,24.7,0.8318568457580817
37,G1,24.8,0.8321667117708459
37,G1,24.9,0.8324762604357999
37,G1,25.0,0.8327854579086059
37,G2,10.0,0.7076337808702906
37,G2,10.1,0.7080400876415298
37,G2,10.2,0.7084461939485392
37,G2,10.3,0.7088520823688481
37,G2,10.4,0.7092577642173035
37,G2,10.5,0.7096632332292574
37,G2,10.6,0.7100684885983628
37,G2,10.7,0.7104735365061308
37,G2,10.8,0.7108783633027118
37,G2,10.9,0.7112829873312959
37,G2,11.0,0.7116873841975017
37,G2,11.1,0.712091581161216
37,G2,11.2,0.7124955471616944
37,G2,11.3,0.7128993147662298
37,G2,11.4,0.7133028480861385
37,G2,11.5,0.7137061842414822
37,G2,11.6,0.7141092828736397
37,G2,11.7,0.7145121853618066
37,G2,11.8,0.7149148474390347
37,G2,11.9,0.7153173110976045
37,G2,12.0,0.7157195374014553
37,G2,12.1,0.716121558999623
37,G2,12.2,0.7165233477190995
37,G2,12.3,0.7169249259246644
37,G2,12.4,0.717326273607548
37,G2,12.5,0.7177274083814384
37,G2,12.6,0.7181283124088763
37,G2,12.7,0.71852900234
37,G2,12.8,0.7189294605728433
37,G2,12.9,0.7193297037828319
37,G2,13.0,0.7197297131967498
37,G2,13.1,0.7201295087049148
37,G2,13.2,0.7205290668270377
37,G2,13.3,0.7209284129026948
37,G2,13.4,0.7213275179329918
37,G2,13.5,0.7217264117038033
37,G2,13.6,0.7221250615992004
37,G2,13.7,0.7225234998134611
37,G2,13.8,0.7229216944575403
37,G2,13.9,0.7233196741832407
37,G2,14.0,0.7237174121684931
37,G2,14.1,0.7241149310802732
37,G2,14.2,0.7245122111943488
37,G2,14.3,0.7249092659778427
37,G2,14.4,0.7253060873624835
37,G2,14.5,0.7257026761273443
37,G2,14.6,0.7260990373332585
37,G2,14.7,0.7264951581096307
37,G2,14.8,0.7268910565745951
37,G2,14.9,0.7272867080356744
37,G2,15.0,0.7276821405823741
37,G2,15.1,0.7280773220296413
37,G2,15.2,0.7284722863677628
37,G2,15.3,0.7288669962289582
37,G2,15.4,0.7292614904016741
37,G2,15.5,0.7296557267843808
37,G2,15.6,0.7300497485852799
37,G2,15.7,0.7304435098600599
37,G2,15.8,0.7308370544448463
37,G2,15.9,0.7312303414038888
37,G2,16.0,0.7316234051834637
37,G2,16.1,0.7320162164648488
37,G2,16.2,0.7324087981697609
37,G2,16.3,0.7328011304281185
37,G2,16.4,0.7331932303159174
37,G2,16.5,0.7335850808217654
37,G2,16.6,0.7339766978473942
37,G2,16.7,0.7343680646729107
37,G2,16.8,0.7347591970034129
37,G2,16.9,0.7351500771331183
37,G2,17.0,0.735540724037019
37,G2,17.1,0.735931114990372
37,G2,17.2,0.7363212751009727
37,G2,17.3,0.7367111751120949
37,G2,17.4,0.7371008455687491
37,G2,17.5,0.7374902528788895
37,G2,17.6,0.737879430601948
37,G2,17.7,0.7382683451262853
37,G2,17.8,0.7386570270691208
37,G2,17.9,0.7390454476433123
37,G2,18.0,0.7394336317036797
37,G2,18.1,0.7398215573848899
37,G2,18.2,0.7402092401969322
37,G2,18.3,0.7405966702301092
37,G2,18.4,0.740983849995791
37,G2,18.5,0.741370783256226
37,G2,18.6,0.741757458142154
37,G2,18.7,0.7421438923070174
37,G2,18.8,0.7425300610167624
37,G2,18.9,0.742915992942567
37,G2,19.0,0.7433016550148189
37,G2,19.1,0.7436870824141253
37,G2,19.2,0.7440722365460466
37,G2,19.3,0.744457157628186
37,G2,19.4,0.7448418020347517
37,G2,19.5,0.7452262145981459
37,G2,19.6,0.7456103479198829
37,G2,19.7,0.7459942475238617
37,G2,19.8,0.7463778705195825
37,G2,19.9,0.7467612531793727
37,G2,20.0,0.7471443649977315
37,G2,20.1,0.7475272294961967
37,G2,20.2,0.7479098269495689
37,G2,20.3,0.7482921738233573
37,G2,20.4,0.7486742540471529
37,G2,20.5,0.7490560826666736
37,G2,20.6,0.7494376439185386
37,G2,20.7,0.7498189525469373
37,G2,20.8,0.750199991949448
37,G2,20.9,0.7505807799999729
37,G2,21.0,0.7509612950081936
37,G2,21.1,0.7513415615735521
37,G2,21.2,0.751721550454029
37,G2,21.3,0.7521012926395858
37,G2,21.4,0.7524807540073889
37,G2,21.5,0.7528599690151552
37,G2,21.6,0.7532389027142984
37,G2,21.7,0.7536175873961708
37,G2,21.8,0.7539959925052023
37,G2,21.9,0.7543741449187075
37,G2,22.0,0.7547520208783299
37,G2,22.1,0.7551296377395166
37,G2,22.2,0.7555069837593548
37,G2,22.3,0.7558840633026686
37,G2,22.4,0.756260878678132
37,G2,22.5,0.756637419218602
37,G2,22.6,0.7570137018896664
37,G2,22.7,0.7573897021614387
37,G2,22.8,0.7577654490437123
37,G2,22.9,0.7581409088209016
37,G2,23.0,0.7585161176293802
37,G2,23.1,0.7588910359023705
37,G2,23.2,0.7592657050001651
37,G2,23.3,0.7596400801269365
37,G2,23.4,0.7600142073981953
37,G2,23.5,0.7603880382314562
37,G2,23.6,0.7607616195683763
37,G2,23.7,0.7611349069417244
37,G2,23.8,0.7615079381428915
37,G2,23.9,0.7618806814667912
37,G2,24.0,0.7622531613461985
37,G2,24.1,0.7626253579300222
37,G2,24.2,0.7629972870978123
37,G2,24.3,0.7633689338267211
37,G2,24.4,0.7637403122064428
37,G2,24.5,0.7641114074898953
37,G2,24.6,0.7644822334968591
37,G2,24.7,0.7648527747343236
37,G2,24.8,0.7652230478099398
37,G2,24.9,0.765593032330972
37,G2,25.0,0.7659627520027249
38,G1,10.0,0.7822349918081299
38,G1,10.1,0.782883188372569
38,G1,10.2,0.7835303998722721
38,G1,10.3,0.7841766462072124
38,G1,10.4,0.7848219168145194
38,G1,10.5,0.7854662044582892
38,G1,10.6,0.7861095132917025
38,G1,10.7,0.7867518403028437
38,G1,10.8,0.7873931893724236
38,G1,10.9,0.7880335397565029
38,G1,11.0,0.7886729107804045
38,G1,11.1,0.7893112871056417
38,G1,11.2,0.7899486762133087
38,G1,11.3,0.7905850625297246
38,G1,11.4,0.7912204610379894
38,G1,11.5,0.791854863115232
38,G1,11.6,0.7924882550215976
38,G1,11.7,0.7931206543853763
38,G1,11.8,0.7937520429496268
38,G1,11.9,0.7943824354784345
38,G1,12.0,0.795011807321217
38,G1,12.1,0.7956401795262315
38,G1,12.2,0.7962675413166989
38,G1,12.3,0.7968938837875528
38,G1,12.4,0.7975192147402971
38,G1,12.5,0.798143527852856
38,G1,12.6,0.7987668301055187
38,G1,12.7,0.7993890990722761
38,G1,12.8,0.8000103550863796
38,G1,12.9,0.8006305837618649
38,G1,13.0,0.801249790656464
38,G1,13.1,0.8018679629576905
38,G1,13.2,0.8024851142120901
38,G1,13.3,0.8031012368431831
38,G1,13.4,0.8037163160785566
38,G1,13.5,0.804330371306731
38,G1,13.6,0.8049433838389657
38,G1,13.7,0.8055553682510705
38,G1,13.8,0.8061663006664141
38,G1,13.9,0.8067762026288808
38,G1,14.0,0.8073850636583143
38,G1,14.1,0.8079928729932191
38,G1,14.2,0.8085996421985532
38,G1,14.3,0.80920536143798
38,G1,14.4,0.8098100408768868
38,G1,14.5,0.8104136564717895
38,G1,14.6,0.8110162297315241
38,G1,14.7,0.8116177471524894
38,G1,14.8,0.8122182119577813
38,G1,14.9,0.8128176145001885
38,G1,15.0,0.8134159668364063
38,G1,15.1,0.8140132625466189
38,G1,15.2,0.8146094856569946
38,G1,15.3,0.8152046572964665
38,G1,15.4,0.8157987585351238
38,G1,15.5,0.8163918035034459
38,G1,15.6,0.8169837695110934
38,G1,15.7,0.8175746781462596
38,G1,15.8,0.8181645192377254
38,G1,15.9,0.818753280853766
38,G1,16.0,0.8193409773391823
38,G1,16.1,0.8199275962591586
38,G1,16.2,0.8205131504290881
38,G1,16.3,0.8210976141747931
38,G1,16.4,0.8216810105469222
38,G1,16.5,0.8222633267791128
38,G1,16.6,0.8228445633842973
38,G1,16.7,0.8234247145846628
38,G1,16.8,0.8240037901525623
38,G1,16.9,0.8245817854885777
38,G1,17.0,0.8251586831707998
38,G1,17.1,0.8257345059326215
38,G1,17.2,0.8263092350656928
38,G1,17.3,0.8268828837348884
38,G1,17.4,0.8274554306813321
38,G1,17.5,0.8280268975516658
38,G1,17.6,0.8285972743061636
38,G1,17.7,0.8291665481743284
38,G1,17.8,0.829734735978243
38,G1,17.9,0.8303018228636417
38,G1,18.0,0.8308678241040424
38,G1,18.1,0.8314327128008575
38,G1,18.2,0.8319965130785364
38,G1,18.3,0.8325592132321067
38,G1,18.4,0.8331208108802706
38,G1,18.5,0.8336813043401321
38,G1,18.6,0.8342407005516767
38,G1,18.7,0.8347989973723962
38,G1,18.8,0.8353561759544
38,G1,18.9,0.835912259962694
38,G1,19.0,0.8364672316727236
38,G1,19.1,0.8370211027307949
38,G1,19.2,0.8375738537148731
38,G1,19.3,0.8381255060451619
38,G1,19.4,0.8386760498090452
38,G1,19.5,0.8392254715912446
38,G1,19.6,0.8397737902738621
38,G1,19.7,0.8403209896461158
38,G1,19.8,0.8408670861190666
38,G1,19.9,0.8414120523306712
38,G1,20.0,0.8419559135422305
38,G1,20.1,0.8424986587449879
38,G1,20.2,0.8430402826356441
38,G1,20.3,0.8435807880245205
38,G1,20.4,0.8441201784691433
38,G1,20.5,0.8446584547734367
38,G1,20.6,0.8451955966350887
38,G1,20.7,0.8457316283198792
38,G1,20.8,0.8462665333253767
38,G1,20.9,0.8468003217066061
38,G1,21.0,0.8473329761032632
38,G1,21.1,0.8478645173599847
38,G1,21.2,0.8483949356737281
38,G1,21.3,0.848924217375938
38,G1,21.4,0.8494523829189962
38,G1,21.5,0.849979415501808
38,G1,21.6,0.8505053315682692
38,G1,21.7,0.851030104386086
38,G1,21.8,0.8515537598288376
38,G1,21.9,0.8520762872926371
38,G1,22.0,0.8525976791856602
38,G1,22.1,0.853117942372791
38,G1,22.2,0.8536370771006531
38,G1,22.3,0.8541550871582356
38,G1,22.4,0.8546719509142274
38,G1,22.5,0.8551876931245672
38,G1,22.6,0.8557022984605536
38,G1,22.7,0.8562157754144216
38,G1,22.8,0.8567281088946107
38,G1,22.9,0.8572393186932526
38,G1,23.0,0.8577493954693565
38,G1,23.1,0.8582583253830337
38,G1,23.2,0.858766130175308
38,G1,23.3,0.8592727925735557
38,G1,23.4,0.8597783289248744
38,G1,23.5,0.8602827134256112
38,G1,23.6,0.8607859725311886
38,G1,23.7,0.8612880954645465
38,G1,23.8,0.8617890731685772
38,G1,23.9,0.8622889161775954
38,G1,24.0,0.8627876212343305
38,G1,24.1,0.8632851952721134
38,G1,24.2,0.8637816154214698
38,G1,24.3,0.8642769068354047
38,G1,24.4,0.8647710555516275
38,G1,24.5,0.86526406781948
38,G1,24.6,0.865755931926591
38,G1,24.7,0.8662466655322587
38,G1,24.8,0.8667362605247129
38,G1,24.9,0.8672247024834087
38,G1,25.0,0.867712014390988
38,G2,10.0,0.648183952914529
38,G2,10.1,0.6489621035125592
38,G2,10.2,0.6497398342935822
38,G2,10.3,0.6505171522049878
38,G2,10.4,0.6512940272231192
38,G2,10.5,0.6520704633834031
38,G2,10.6,0.6528464830712966
38,G2,10.7,0.653622053694709
38,G2,10.8,0.6543971742814892
38,G2,10.9,0.6551718456668888
38,G2,11.0,0.6559460856780673
38,G2,11.1,0.6567198567042081
38,G2,11.2,0.6574931649344851
38,G2,11.3,0.6582660251374686
38,G2,11.4,0.6590384218029463
38,G2,11.5,0.65981034060559
38,G2,11.6,0.6605817805717469
38,G2,11.7,0.6613527696158072
38,G2,11.8,0.6621232656529022
38,G2,11.9,0.6628932742831404
38,G2,12.0,0.6636628010589027
38,G2,12.1,0.6644318522940579
38,G2,12.2,0.6652003961055312
38,G2,12.3,0.6659684366609351
38,G2,12.4,0.6667360012298981
38,G2,12.5,0.667503051880981
38,G2,12.6,0.66826958932441
38,G2,12.7,0.6690356142746586
38,G2,12.8,0.6698011472805274
38,G2,12.9,0.6705661469428931
38,G2,13.0,0.6713306208433566
38,G2,13.1,0.6720945864272512
38,G2,13.2,0.6728580254838955
38,G2,13.3,0.6736209229231005
38,G2,13.4,0.674383279733229
38,G2,13.5,0.6751451246019836
38,G2,13.6,0.6759064143782397
38,G2,13.7,0.6766671534560219
38,G2,13.8,0.6774273504608763
38,G2,13.9,0.6781870102638344
38,G2,14.0,0.678946099827165
38,G2,14.1,0.6797046235482372
38,G2,14.2,0.680462613107574
38,G2,14.3,0.6812200255398326
38,G2,14.4,0.6819768634062139
38,G2,14.5,0.6827331270068794
38,G2,14.6,0.6834888395659526
38,G2,14.7,0.6842439562982062
38,G2,14.8,0.6849984858788437
38,G2,14.9,0.6857524487519444
38,G2,15.0,0.6865058236306912
38,G2,15.1,0.6872585948720988
38,G2,15.2,0.6880107655453526
38,G2,15.3,0.6887623649720371
38,G2,15.4,0.689513348525715
38,G2,15.5,0.6902637203944141
38,G2,15.6,0.69101349244038
38,G2,15.7,0.6917626666159561
38,G2,15.8,0.6925112096878934
38,G2,15.9,0.6932591264953913
38,G2,16.0,0.6940064526970887
38,G2,16.1,0.6947531400266466
38,G2,16.2,0.6954991941440232
38,G2,16.3,0.6962446139471903
38,G2,16.4,0.6969894251899915
38,G2,16.5,0.6977335805189253
38,G2,16.6,0.6984770890894529
38,G2,16.7,0.6992199747444764
38,G2,16.8,0.699962212780731
38,G2,16.9,0.7007037870981877
38,G2,17.0,0.7014447032678398
38,G2,17.1,0.7021849907999295
38,G2,17.2,0.7029246034659222
38,G2,17.3,0.7036635460082028
38,G2,17.4,0.7044018329001308
38,G2,17.5,0.7051394633513677
38,G2,17.6,0.7058764045515477
38,G2,17.7,0.706612660827354
38,G2,17.8,0.7073482716928848
38,G2,17.9,0.7080831849907635
38,G2,18.0,0.7088174079427403
38,G2,18.1,0.709550939822781
38,G2,18.2,0.710283807211177
38,G2,18.3,0.7110159608313655
38,G2,18.4,0.711747410400674
38,G2,18.5,0.7124781832998835
38,G2,18.6,0.7132082507971659
38,G2,18.7,0.7139375973783815
38,G2,18.8,0.7146662300471915
38,G2,18.9,0.7153941798454545
38,G2,19.0,0.716121397584794
38,G2,19.1,0.7168478892574106
38,G2,19.2,0.7175736721313044
38,G2,19.3,0.7182987420399669
38,G2,19.4,0.7190230672560313
38,G2,19.5,0.7197466512534592
38,G2,19.6,0.7204695366215483
38,G2,19.7,0.7211916697545347
38,G2,19.8,0.7219130567929681
38,G2,19.9,0.7226336996901899
38,G2,20.0,0.7233536239759103
38,G2,20.1,0.7240727791552737
38,G2,20.2,0.724791175592149
38,G2,20.3,0.7255088443082829
38,G2,20.4,0.7262257518529371
38,G2,20.5,0.7269418847118637
38,G2,20.6,0.7276572501461241
38,G2,20.7,0.7283718813018959
38,G2,20.8,0.7290857255926646
38,G2,20.9,0.72979879064424
38,G2,21.0,0.7305110966751841
38,G2,21.1,0.731222635579302
38,G2,21.2,0.7319333767857995
38,G2,21.3,0.7326433240200084
38,G2,21.4,0.7333525216916014
38,G2,21.5,0.7340609152083719
38,G2,21.6,0.734768509587141
38,G2,21.7,0.7354753100454025
38,G2,21.8,0.7361813401822869
38,G2,21.9,0.736886548658496
38,G2,22.0,0.7375909464897876
38,G2,22.1,0.7382945682120197
38,G2,22.2,0.738997376098591
38,G2,22.3,0.7396993587615049
38,G2,22.4,0.740400523100016
38,G2,22.5,0.7411009046300853
38,G2,22.6,0.7418004472452018
38,G2,22.7,0.742499160475639
38,G2,22.8,0.7431970673369406
38,G2,22.9,0.7438941560020351
38,G2,23.0,0.7445903967392176
38,G2,23.1,0.7452857941376289
38,G2,23.2,0.7459803937526635
38,G2,23.3,0.7466741402266776
38,G2,23.4,0.747367037633186
38,G2,23.5,0.7480590946137238
38,G2,23.6,0.7487503323537072
38,G2,23.7,0.749440698912206
38,G2,23.8,0.7501302054723904
38,G2,23.9,0.7508188916587741
38,G2,24.0,0.751506713687883
38,G2,24.1,0.7521936637146532
38,G2,24.2,0.7528797473522135
38,G2,24.3,0.7535650027596609
38,G2,24.4,0.7542493702117065
38,G2,24.5,0.7549328613965953
38,G2,24.6,0.7556155019760242
38,G2,24.7,0.7562972766771383
38,G2,24.8,0.7569781559137669
38,G2,24.9,0.7576581464526148
38,G2,25.0,0.7583372937845593
39,G1,10.0,0.7790124881864798
39,G1,10.1,0.7794479295611129
39,G1,10.2,0.7798829373217442
39,G1,10.3,0.7803175312662003
39,G1,10.4,0.7807516744815286
39,G1,10.5,0.7811854095527148
39,G1,10.6,0.7816186982171136
39,G1,10.7,0.7820515638140954
39,G1,10.8,0.7824840016381277
39,G1,10.9,0.7829159927886041
39,G1,11.0,0.7833475703188628
39,G1,11.1,0.7837786926515112
39,G1,11.2,0.7842093992351866
39,G1,11.3,0.7846396652248253
39,G1,11.4,0.7850694887817723
39,G1,11.5,0.7854988922377718
39,G1,11.6,0.7859278368260293
39,G1,11.7,0.7863563661265529
39,G1,11.8,0.7867844430213108
39,G1,11.9,0.7872120871740668
39,G1,12.0,0.7876392982601701
39,G1,12.1,0.7880660539346129
39,G1,12.2,0.7884923898846052
39,G1,12.3,0.7889182634476939
39,G1,12.4,0.7893437131788595
39,G1,12.5,0.7897687165189253
39,G1,12.6,0.7901932690581623
39,G1,12.7,0.7906173953032952
39,G1,12.8,0.7910410550965715
39,G1,12.9,0.791464292862273
39,G1,13.0,0.7918870724018651
39,G1,13.1,0.7923094097960234
39,G1,13.2,0.7927313094165589
39,G1,13.3,0.7931527450941058
39,G1,13.4,0.7935737550876295
39,G1,13.5,0.7939942961329824
39,G1,13.6,0.7944144053932188
39,G1,13.7,0.7948340629309202
39,G1,13.8,0.795253261787395
39,G1,13.9,0.7956720281978978
39,G1,14.0,0.7960903212348527
39,G1,14.1,0.7965081857639721
39,G1,14.2,0.7969255865249123
39,G1,14.3,0.7973425360593478
39,G1,14.4,0.7977590433377459
39,G1,14.5,0.7981750786874207
39,G1,14.6,0.7985906825390204
39,G1,14.7,0.7990058115726635
39,G1,14.8,0.7994205010453476
39,G1,14.9,0.7998347338334654
39,G1,15.0,0.8002485002518065
39,G1,15.1,0.8006618286023884
39,G1,15.2,0.8010746769351617
39,G1,15.3,0.8014870905012914
39,G1,15.4,0.8018990353391924
39,G1,15.5,0.8023105200229986
39,G1,15.6,0.8027215585396736
39,G1,15.7,0.8031321173000657
39,G1,15.8,0.8035422392665895
39,G1,15.9,0.8039518809763119
39,G1,16.0,0.8043610754366093
39,G1,16.1,0.8047698087723686
39,G1,16.2,0.8051780681462597
39,G1,16.3,0.8055858845138522
39,G1,16.4,0.8059932145047493
39,G1,16.5,0.8064001033758667
39,G1,16.6,0.8068065192746887
39,G1,16.7,0.8072124667400958
39,G1,16.8,0.8076179643273868
39,G1,16.9,0.8080229745637875
39,G1,17.0,0.8084275429071922
39,G1,17.1,0.8088316262796967
39,G1,17.2,0.8092352545974074
39,G1,17.3,0.8096384181243852
39,G1,17.4,0.8100411003322728
39,G1,17.5,0.8104433348522287
39,G1,17.6,0.8108450773250179
39,G1,17.7,0.8112463723456741
39,G1,17.8,0.8116471903158938
39,G1,17.9,0.8120475325946155
39,G1,18.0,0.8124474210555881
39,G1,18.1,0.8128468153555132
39,G1,18.2,0.8132457627182675
39,G1,18.3,0.813644221073818
39,G1,18.4,0.8140422165420614
39,G1,18.5,0.8144397440490025
39,G1,18.6,0.8148367832416791
39,G1,18.7,0.8152333706117852
39,G1,18.8,0.8156294606240558
39,G1,18.9,0.8160250970341193
39,G1,19.0,0.8164202525884352
39,G1,19.1,0.816814925805523
39,G1,19.2,0.8172091412046842
39,G1,19.3,0.8176028566180116
39,G1,19.4,0.8179961201033001
39,G1,19.5,0.81838889108231
39,G1,19.6,0.8187811914803985
39,G1,19.7,0.8191730211003482
39,G1,19.8,0.8195643558671255
39,G1,19.9,0.8199552349529795
39,G1,20.0,0.8203456119346664
39,G1,20.1,0.82073552929033
39,G1,20.2,0.8211249624627672
39,G1,20.3,0.8215139071571991
39,G1,20.4,0.8219023900823645
39,G1,20.5,0.8222903678356336
39,G1,20.6,0.8226778891011282
39,G1,20.7,0.8230649145298261
39,G1,20.8,0.8234514620342732
39,G1,20.9,0.8238375365031787
39,G1,21.0,0.8242231098488493
39,G1,21.1,0.8246082238106783
39,G1,21.2,0.8249928315669419
39,G1,21.3,0.825376973864092
39,G1,21.4,0.8257606291036761
39,G1,21.5,0.8261437902510635
39,G1,21.6,0.8265264857558491
39,G1,21.7,0.8269086715877874
39,G1,21.8,0.8272903966672813
39,G1,21.9,0.8276716228538901
39,G1,22.0,0.8280523641374605
39,G1,22.1,0.8284326303517608
39,G1,22.2,0.8288123897891775
39,G1,22.3,0.8291916862694074
39,G1,22.4,0.8295704732031547
39,G1,22.5,0.8299487890083894
39,G1,22.6,0.8303266152953359
39,G1,22.7,0.830703942059184
39,G1,22.8,0.8310807998888715
39,G1,22.9,0.831457143838933
39,G1,23.0,0.8318330229617343
39,G1,23.1,0.8322084007958366
39,G1,23.2,0.8325832869298294
39,G1,23.3,0.8329576965574098
39,G1,23.4,0.8333315938754668
39,G1,23.5,0.8337050252745187
39,G1,23.6,0.834077944193207
39,G1,23.7,0.8344503864398669
39,G1,23.8,0.8348223372185256
39,G1,23.9,0.835193783200138
39,G1,24.0,0.8355647576340296
39,G1,24.1,0.8359352143028339
39,G1,24.2,0.8363052019744146
39,G1,24.3,0.836674686651372
39,G1,24.4,0.8370436736079638
39,G1,24.5,0.8374121827664469
39,G1,24.6,0.8377801743803864
39,G1,24.7,0.8381476972619907
39,G1,24.8,0.8385147055211278
39,G1,24.9,0.8388812314195183
39,G1,25.0,0.8392472647470762
39,G2,10.0,0.7042711375958732
39,G2,10.1,0.7047650191627814
39,G2,10.2,0.7052585872536414
39,G2,10.3,0.7057518761342819
39,G2,10.4,0.7062448412924079
39,G2,10.5,0.7067375198814504
39,G2,10.6,0.7072298874742022
39,G2,10.7,0.707721947640799
39,G2,10.8,0.708213716880612
39,G2,10.9,0.7087051615629589
39,G2,11.0,0.7091963175582335
39,G2,11.1,0.7096871508054287
39,G2,11.2,0.7101776775679289
39,G2,11.3,0.7106679043240155
39,G2,11.4,0.7111578043218734
39,G2,11.5,0.7116474150775479
39,G2,11.6,0.7121366907761175
39,G2,11.7,0.71262566797246
39,G2,11.8,0.713114324799615
39,G2,11.9,0.7136026613261927
39,G2,12.0,0.7140906976005029
39,G2,12.1,0.7145783964930545
39,G2,12.2,0.7150657963026765
39,G2,12.3,0.7155528634039581
39,G2,12.4,0.7160396108115294
39,G2,12.5,0.7165260498834597
39,G2,12.6,0.7170121490441566
39,G2,12.7,0.7174979490912002
39,G2,12.8,0.717983403172741
39,G2,12.9,0.718468546096872
39,G2,13.0,0.7189533610434673
39,G2,13.1,0.7194378416664103
39,G2,13.2,0.719922014450701
39,G2,13.3,0.7204058363073694
39,G2,13.4,0.72088934907758
39,G2,13.5,0.7213725187902551
39,G2,13.6,0.7218553571321163
39,G2,13.7,0.7223378784224305
39,G2,13.8,0.7228200467918396
39,G2,13.9,0.7233019059484813
39,G2,14.0,0.723783409452597
39,G2,14.1,0.7242645886263273
39,G2,14.2,0.7247454326723552
39,G2,14.3,0.7252259288182809
39,G2,14.4,0.7257061092323436
39,G2,14.5,0.7261859261938605
39,G2,14.6,0.7266654239686823
39,G2,14.7,0.7271445686190607
39,G2,14.8,0.7276233703523669
39,G2,14.9,0.728101846349441
39,G2,15.0,0.7285799571982385
39,G2,15.1,0.7290577486250575
39,G2,15.2,0.7295351747062463
39,G2,15.3,0.7300122641308268
39,G2,15.4,0.7304890113563801
39,G2,15.5,0.7309653971988538
39,G2,15.6,0.7314414595695587
39,G2,15.7,0.7319171465433263
39,G2,15.8,0.7323925037534619
39,G2,15.9,0.7328674987764754
39,G2,16.0,0.7333421397631018
39,G2,16.1,0.733816445778008
39,G2,16.2,0.7342903756022979
39,G2,16.3,0.734763975500355
39,G2,16.4,0.7352372007275532
39,G2,16.5,0.7357100770997079
39,G2,16.6,0.7361826042029662
39,G2,16.7,0.7366547574425025
39,G2,16.8,0.7371265787258352
39,G2,16.9,0.7375980136541358
39,G2,17.0,0.7380691084001673
39,G2,17.1,0.7385398325107921
39,G2,17.2,0.7390101915301595
39,G2,17.3,0.7394802060190003
39,G2,17.4,0.739949834448004
39,G2,17.5,0.7404191221735421
39,G2,17.6,0.7408880262776864
39,G2,17.7,0.7413565694703484
39,G2,17.8,0.7418247566489438
39,G2,17.9,0.7422925578584919
39,G2,18.0,0.7427600183436044
39,G2,18.1,0.7432270827512277
39,G2,18.2,0.7436937961486871
39,G2,18.3,0.7441601311429532
39,G2,18.4,0.7446260896151355
39,G2,18.5,0.7450916951106963
39,G2,18.6,0.7455569041188184
39,G2,18.7,0.7460217623866274
39,G2,18.8,0.746486228797949
39,G2,18.9,0.7469503219704976
39,G2,19.0,0.7474140528069392
39,G2,19.1,0.7478773857655578
39,G2,19.2,0.748340369493111
39,G2,19.3,0.7488029477870721
39,G2,19.4,0.7492651643136811
39,G2,19.5,0.7497269952820302
39,G2,19.6,0.7501884380971352
39,G2,19.7,0.7506495203608551
39,G2,19.8,0.7511101951366688
39,G2,19.9,0.7515705100138766
39,G2,20.0,0.752030425294222
39,G2,20.1,0.7524899554135959
39,G2,20.2,0.7529491168849247
39,G2,20.3,0.7534078687792822
39,G2,20.4,0.7538662631007681
39,G2,20.5,0.7543242432143723
39,G2,20.6,0.7547818499502449
39,G2,20.7,0.7552390660159182
39,G2,20.8,0.7556958810569676
39,G2,20.9,0.7561523299997442
39,G2,21.0,0.7566083596667301
39,G2,21.1,0.7570640207073153
39,G2,21.2,0.7575192740023085
39,G2,21.3,0.7579741319459028
39,G2,21.4,0.7584286145252924
39,G2,21.5,0.7588826760510737
39,G2,21.6,0.7593363714410244
39,G2,21.7,0.7597896451800404
39,G2,21.8,0.7602425335270157
39,G2,21.9,0.7606950264923203
39,G2,22.0,0.7611471061774
39,G2,22.1,0.7615988137785185
39,G2,22.2,0.7620500915077764
39,G2,22.3,0.762500991947808
39,G2,22.4,0.7629514767910714
39,G2,22.5,0.7634015562442499
39,G2,22.6,0.7638512535866938
39,G2,22.7,0.7643005194575815
39,G2,22.8,0.7647494104748855
39,G2,22.9,0.7651978723609117
39,G2,23.0,0.7656459379192193
39,G2,23.1,0.7660936034081854
39,G2,23.2,0.766540843541146
39,G2,23.3,0.7669877057691116
39,G2,23.4,0.767434128188732
39,G2,23.5,0.7678801642419262
39,G2,23.6,0.7683257778372229
39,G2,23.7,0.7687709766632017
39,G2,23.8,0.7692157858645389
39,G2,23.9,0.769660154739305
39,G2,24.0,0.770104139649737
39,G2,24.1,0.7705476883591492
39,G2,24.2,0.7709908300096464
39,G2,24.3,0.7714335668123429
39,G2,24.4,0.7718758674920279
39,G2,24.5,0.7723177835401122
39,G2,24.6,0.7727592509965953
39,G2,24.7,0.7732003231673781
39,G2,24.8,0.7736409668264757
39,G2,24.9,0.7740811863303667
39,G2,25.0,0.7745210083673305
40,G1,10.0,0.7858005409375166
40,G1,10.1,0.7863995994432663
40,G1,10.2,0.7869978022338713
40,G1,10.3,0.7875951439273425
40,G1,10.4,0.7881916193771593
40,G1,10.5,0.7887872301092764
40,G1,10.6,0.7893819785954687
40,G1,10.7,0.7899758564353413
40,G1,10.8,0.7905688599602032
40,G1,10.9,0.7911609972036456
40,G1,11.0,0.7917522619759911
40,G1,11.1,0.7923426513247666
40,G1,11.2,0.7929321635536121
40,G1,11.3,0.7935208036273654
40,G1,11.4,0.7941085617786414
40,G1,11.5,0.7946954352601437
40,G1,11.6,0.7952814324034493
40,G1,11.7,0.7958665456824816
40,G1,11.8,0.7964507748646961
40,G1,11.9,0.7970341150477969
40,G1,12.0,0.7976165727752101
40,G1,12.1,0.7981981394291688
40,G1,12.2,0.7987788110477957
40,G1,12.3,0.7993585965499558
40,G1,12.4,0.7999374870894563
40,G1,12.5,0.8005154851827739
40,G1,12.6,0.8010925829192734
40,G1,12.7,0.8016687881872886
40,G1,12.8,0.8022440945735693
40,G1,12.9,0.8028184955715859
40,G1,13.0,0.803391999773035
40,G1,13.1,0.8039646008472121
40,G1,13.2,0.8045362998564647
40,G1,13.3,0.8051070884902665
40,G1,13.4,0.805676974789017
40,G1,13.5,0.8062459542609047
40,G1,13.6,0.8068140192255224
40,G1,13.7,0.8073811768349064
40,G1,13.8,0.8079474241389939
40,G1,13.9,0.8085127593368683
40,G1,14.0,0.8090771749574149
40,G1,14.1,0.8096406794027498
40,G1,14.2,0.8102032685919867
40,G1,14.3,0.8107649353743553
40,G1,14.4,0.8113256846970812
40,G1,14.5,0.8118855169155014
40,G1,14.6,0.8124444270642439
40,G1,14.7,0.8130024088672541
40,G1,14.8,0.8135594716894177
40,G1,14.9,0.8141156106106586
40,G1,15.0,0.8146708204845795
40,G1,15.1,0.815225102847882
40,G1,15.2,0.8157784618309802
40,G1,15.3,0.8163308887762002
40,G1,15.4,0.8168823798756323
40,G1,15.5,0.8174329443551116
40,G1,15.6,0.8179825766738407
40,G1,15.7,0.8185312739300566
40,G1,15.8,0.8190790342184957
40,G1,15.9,0.8196258643274633
40,G1,16.0,0.8201717540727307
40,G1,16.1,0.8207167008233979
40,G1,16.2,0.821260713908723
40,G1,16.3,0.8218037864681429
40,G1,16.4,0.8223459185461418
40,G1,16.5,0.822887104738663
40,G1,16.6,0.823427353527666
40,G1,16.7,0.8239666558821429
40,G1,16.8,0.8245050080941249
40,G1,16.9,0.8250424198478636
40,G1,17.0,0.8255788830651514
40,G1,17.1,0.8261144006627128
40,G1,17.2,0.8266489640490268
40,G1,17.3,0.8271825830427422
40,G1,17.4,0.8277152510533257
40,G1,17.5,0.8282469616916778
40,G1,17.6,0.8287777242598494
40,G1,17.7,0.8293075331908979
40,G1,17.8,0.8298363900863208
40,G1,17.9,0.830364285888896
40,G1,18.0,0.830891230394405
40,G1,18.1,0.8314172192919966
40,G1,18.2,0.8319422448489021
40,G1,18.3,0.8324663147495601
40,G1,18.4,0.8329894270822978
40,G1,18.5,0.8335115804171536
40,G1,18.6,0.834032766729397
40,G1,18.7,0.8345529958565713
40,G1,18.8,0.8350722641781806
40,G1,18.9,0.8355905645232531
40,G1,19.0,0.8361079021105965
40,G1,19.1,0.8366242785577458
40,G1,19.2,0.8371396891228164
40,G1,19.3,0.8376541271339434
40,G1,19.4,0.8381676032472101
40,G1,19.5,0.8386801130698259
40,G1,19.6,0.8391916515644655
40,G1,19.7,0.8397022202616744
40,G1,19.8,0.8402118248284294
40,G1,19.9,0.8407204565488329
40,G1,20.0,0.8412281115305655
40,G1,20.1,0.8417348000050937
40,G1,20.2,0.8422405171780144
40,G1,20.3,0.8427452602441606
40,G1,20.4,0.8432490271483896
40,G1,20.5,0.8437518263256419
40,G1,20.6,0.8442536473995518
40,G1,20.7,0.8447544878881391
40,G1,20.8,0.8452543579290642
40,G1,20.9,0.845753251446015
40,G1,21.0,0.8462511687481009
40,G1,21.1,0.8467481040530246
40,G1,21.2,0.8472440675935362
40,G1,21.3,0.8477390500835736
40,G1,21.4,0.848233048148122
40,G1,21.5,0.8487260720279838
40,G1,21.6,0.8492181145763319
40,G1,21.7,0.8497091790169232
40,G1,21.8,0.8501992562726407
40,G1,21.9,0.8506883578696347
40,G1,22.0,0.851176477148422
40,G1,22.1,0.8516636079684988
40,G1,22.2,0.8521497601671918
40,G1,22.3,0.8526349290029313
40,G1,22.4,0.8531191165847584
40,G1,22.5,0.8536023132940405
40,G1,22.6,0.8540845304760525
40,G1,22.7,0.8545657640486684
40,G1,22.8,0.8550460063834718
40,G1,22.9,0.85552526555293
40,G1,23.0,0.8560035406747902
40,G1,23.1,0.8564808307211463
40,G1,23.2,0.8569571272672325
40,G1,23.3,0.8574324413813043
40,G1,23.4,0.8579067699352314
40,G1,23.5,0.8583801058888685
40,G1,23.6,0.8588524546232151
40,G1,23.7,0.8593238189492767
40,G1,23.8,0.8597941944418511
40,G1,23.9,0.8602635741521031
40,G1,24.0,0.8607319698078497
40,G1,24.1,0.8611993775930418
40,G1,24.2,0.861665792674049
40,G1,24.3,0.8621312165511683
40,G1,24.4,0.8625956562718444
40,G1,24.5,0.8630591032416167
40,G1,24.6,0.8635215535308542
40,G1,24.7,0.8639830181709724
40,G1,24.8,0.8644434931722366
40,G1,24.9,0.8649029758678692
40,G1,25.0,0.8653614641007954
40,G2,10.0,0.6764848563205249
40,G2,10.1,0.6771958031732905
40,G2,10.2,0.6779062368996105
40,G2,10.3,0.6786161385192617
40,G2,10.4,0.6793255946748384
40,G2,10.5,0.6800345796431807
40,G2,10.6,0.6807429964016827
40,G2,10.7,0.6814509339628556
40,G2,10.8,0.6821584036062176
40,G2,10.9,0.6828653512375334
40,G2,11.0,0.6835717357112523
40,G2,11.1,0.6842776577996909
40,G2,11.2,0.6849830936314658
40,G2,11.3,0.6856879441858313
40,G2,11.4,0.6863922873981176
40,G2,11.5,0.6870961470110063
40,G2,11.6,0.6877994757487856
40,G2,11.7,0.6885022119008722
40,G2,11.8,0.6892044679040262
40,G2,11.9,0.6899062221262668
40,G2,12.0,0.690607376050138
40,G2,12.1,0.6913079934122544
40,G2,12.2,0.6920081117699477
40,G2,12.3,0.692707690308909
40,G2,12.4,0.6934066484841342
40,G2,12.5,0.6941051080823452
40,G2,12.6,0.6948030488540938
40,G2,12.7,0.6955003783752467
40,G2,12.8,0.6961971396589713
40,G2,12.9,0.6968933876342904
40,G2,13.0,0.6975890851560821
40,G2,13.1,0.6982841389725122
40,G2,13.2,0.6989786733995752
40,G2,13.3,0.6996726717031898
40,G2,13.4,0.7003660494476137
40,G2,13.5,0.7010588267953962
40,G2,13.6,0.701751077368604
40,G2,13.7,0.7024427656038361
40,G2,13.8,0.7031337895744989
40,G2,13.9,0.7038242711733358
40,G2,14.0,0.7045142004659497
40,G2,14.1,0.7052034998031362
40,G2,14.2,0.7058921690175952
40,G2,14.3,0.7065802966096324
40,G2,14.4,0.707267849861198
40,G2,14.5,0.707954719766669
40,G2,14.6,0.7086410230689719
40,G2,14.7,0.7093267578100497
40,G2,14.8,0.7100118559708899
40,G2,14.9,0.7106962936412239
40,G2,15.0,0.7113801746637342
40,G2,15.1,0.712063468912669
40,G2,15.2,0.7127460628537398
40,G2,15.3,0.7134280637107692
40,G2,15.4,0.7141094817016913
40,G2,15.5,0.7147902576402042
40,G2,15.6,0.7154703421252464
40,G2,15.7,0.7161498550587742
40,G2,15.8,0.7168287678084411
40,G2,15.9,0.7175069665171451
40,G2,16.0,0.7181845436144229
40,G2,16.1,0.7188615244803714
40,G2,16.2,0.7195378577662404
40,G2,16.3,0.7202134706137292
40,G2,16.4,0.7208884960841924
40,G2,16.5,0.7215629075062575
40,G2,16.6,0.7222365933516527
40,G2,16.7,0.7229096280095487
40,G2,16.8,0.7235820535221377
40,G2,16.9,0.7242538256241485
40,G2,17.0,0.7249248504654114
40,G2,17.1,0.7255952713187864
40,G2,17.2,0.7262650626342395
40,G2,17.3,0.7269341212352468
40,G2,17.4,0.7276024964558747
40,G2,17.5,0.728270250947728
40,G2,17.6,0.7289373443640013
40,G2,17.7,0.7296036687706177
40,G2,17.8,0.7302693698936278
40,G2,17.9,0.730934425734021
40,G2,18.0,0.7315987434278713
40,G2,18.1,0.7322623453080387
40,G2,18.2,0.7329253158452069
40,G2,18.3,0.7335876159284791
40,G2,18.4,0.7342491288550728
40,G2,18.5,0.7349099965489757
40,G2,18.6,0.7355702046827164
40,G2,18.7,0.7362296688612712
40,G2,18.8,0.7368883879896742
40,G2,18.9,0.7375464634482373
40,G2,19.0,0.7382038589379033
40,G2,19.1,0.7388604507702072
40,G2,19.2,0.7395163741024124
40,G2,19.3,0.7401716236128036
40,G2,19.4,0.7408261263875949
40,G2,19.5,0.7414798543308853
40,G2,19.6,0.7421329260581696
40,G2,19.7,0.7427853077098582
40,G2,19.8,0.7434368717695374
40,G2,19.9,0.7440877414863298
40,G2,20.0,0.7447379255707489
40,G2,20.1,0.7453873610632379
40,G2,20.2,0.7460359916298898
40,G2,20.3,0.7466839535102157
40,G2,20.4,0.7473312139716959
40,G2,20.5,0.7479776467707193
40,G2,20.6,0.748623357058561
40,G2,20.7,0.7492683710433425
40,G2,20.8,0.7499126344724052
40,G2,20.9,0.7505560651066998
40,G2,21.0,0.7511988136250126
40,G2,21.1,0.7518408489069702
40,G2,21.2,0.7524820488028816
40,G2,21.3,0.7531224970064883
40,G2,21.4,0.7537622388332921
40,G2,21.5,0.7544012275812826
40,G2,21.6,0.7550393583418578
40,G2,21.7,0.7556767926451826
40,G2,21.8,0.7563135001957744
40,G2,21.9,0.7569493692799945
40,G2,22.0,0.7575844547265466
40,G2,22.1,0.7582188252626223
40,G2,22.2,0.7588524382956835
40,G2,22.3,0.7594851736998289
40,G2,22.4,0.7601171954007161
40,G2,22.5,0.760748476551076
40,G2,22.6,0.7613789178388161
40,G2,22.7,0.7620085436329143
40,G2,22.8,0.7626374470341284
40,G2,22.9,0.7632655863516917
40,G2,23.0,0.7638928327366697
40,G2,23.1,0.7645193450878313
40,G2,23.2,0.7651451048797896
40,G2,23.3,0.7657700228240245
40,G2,23.4,0.7663940971475305
40,G2,23.5,0.767017439664225
40,G2,23.6,0.7676400113485765
40,G2,23.7,0.7682616765915764
40,G2,23.8,0.7688825860970366
40,G2,23.9,0.769502731132608
40,G2,24.0,0.770122035510416
40,G2,24.1,0.7707404677767202
40,G2,24.2,0.7713581585222459
40,G2,24.3,0.771975070947983
40,G2,24.4,0.7725910663619273
40,G2,24.5,0.7732062814895013
40,G2,24.6,0.7738207231309608
40,G2,24.7,0.7744343259650854
40,G2,24.8,0.7750470281919015
40,G2,24.9,0.7756589791934325
40,G2,25.0,0.7762701429088736
41,G1,10.0,0.8129654038459176
41,G1,10.1,0.813201431210462
41,G1,10.2,0.8134373107394004
41,G1,10.3,0.813673026619901
41,G1,10.4,0.8139085552113594
41,G1,10.5,0.8141439312834843
41,G1,10.6,0.8143791549390447
41,G1,10.7,0.8146141945233336
41,G1,10.8,0.814849065700859
41,G1,10.9,0.8150837897786776
41,G1,11.0,0.815318342388428
41,G1,11.1,0.815552711990805
41,G1,11.2,0.8157869301140004
41,G1,11.3,0.8160209917092432
41,G1,11.4,0.8162548646509729
41,G1,11.5,0.8164885770411715
41,G1,11.6,0.8167221404201022
41,G1,11.7,0.8169555261050387
41,G1,11.8,0.817188732025899
41,G1,11.9,0.8174217883851003
41,G1,12.0,0.8176546832590514
41,G1,12.1,0.8178873874520125
41,G1,12.2,0.8181199361767415
41,G1,12.3,0.8183523332489343
41,G1,12.4,0.8185845475238537
41,G1,12.5,0.8188165867668797
41,G1,12.6,0.8190484761905448
41,G1,12.7,0.8192801999516613
41,G1,12.8,0.8195117342760381
41,G1,12.9,0.8197431141036667
41,G1,13.0,0.819974339546479
41,G1,13.1,0.8202053788276396
41,G1,13.2,0.8204362476792981
41,G1,13.3,0.8206669675512193
41,G1,13.4,0.8208975139295137
41,G1,13.5,0.821127875209474
41,G1,13.6,0.8213580831403096
41,G1,13.7,0.8215881326014117
41,G1,13.8,0.8218179912556388
41,G1,13.9,0.8220476875337773
41,G1,14.0,0.822277232948018
41,G1,14.1,0.822506598640117
41,G1,14.2,0.8227357825875504
41,G1,14.3,0.8229648151310758
41,G1,14.4,0.8231936842895217
41,G1,14.5,0.8234223607630095
41,G1,14.6,0.8236508798942097
41,G1,14.7,0.8238792455487409
41,G1,14.8,0.8241074264724838
41,G1,14.9,0.8243354304620555
41,G1,15.0,0.8245632828107586
41,G1,15.1,0.8247909676618486
41,G1,15.2,0.8250184611309177
41,G1,15.3,0.8252457982947613
41,G1,15.4,0.8254729792700077
41,G1,15.5,0.8256999721746934
41,G1,15.6,0.8259267928486235
41,G1,15.7,0.826153462802677
41,G1,15.8,0.8263799574315405
41,G1,15.9,0.8266062650634362
41,G1,16.0,0.8268324176473468
41,G1,16.1,0.8270584099830628
41,G1,16.2,0.827284209569362
41,G1,16.3,0.8275098451291638
41,G1,16.4,0.8277353281206884
41,G1,16.5,0.8279606295711209
41,G1,16.6,0.8281857474995702
41,G1,16.7,0.828410712334755
41,G1,16.8,0.8286355120610139
41,G1,16.9,0.8288601173028967
41,G1,17.0,0.8290845634834642
41,G1,17.1,0.8293088545593353
41,G1,17.2,0.8295329591534392
41,G1,17.3,0.8297568851008826
41,G1,17.4,0.8299806577455799
41,G1,17.5,0.830204261240857
41,G1,17.6,0.8304276716107482
41,G1,17.7,0.8306509240458844
41,G1,17.8,0.830874018648659
41,G1,17.9,0.8310969234647115
41,G1,18.0,0.8313196544471028
41,G1,18.1,0.8315422331220945
41,G1,18.2,0.831764634837078
41,G1,18.3,0.8319868478374229
41,G1,18.4,0.8322089042854981
41,G1,18.5,0.8324307988654276
41,G1,18.6,0.8326524989545785
41,G1,18.7,0.8328740335467719
41,G1,18.8,0.8330954140287146
41,G1,18.9,0.8333166113456192
41,G1,19.0,0.8335376235580995
41,G1,19.1,0.8337584811528067
41,G1,19.2,0.8339791720917175
41,G1,19.3,0.8341996669519331
41,G1,19.4,0.8344200012035038
41,G1,19.5,0.8346401788736414
41,G1,19.6,0.8348601685383022
41,G1,19.7,0.8350799780199768
41,G1,19.8,0.835299632696707
41,G1,19.9,0.8355191167579264
41,G1,20.0,0.8357384061561667
41,G1,20.1,0.8359575361545066
41,G1,20.2,0.8361765068468623
41,G1,20.3,0.8363952862471815
41,G1,20.4,0.8366138903835858
41,G1,20.5,0.8368323407947972
41,G1,20.6,0.8370506128001612
41,G1,20.7,0.8372686945666487
41,G1,20.8,0.8374866184465738
41,G1,20.9,0.8377043790184273
41,G1,21.0,0.8379219435555472
41,G1,21.1,0.838139341304537
41,G1,21.2,0.8383565835624489
41,G1,21.3,0.8385736412309519
41,G1,21.4,0.8387905124056149
41,G1,21.5,0.8390072276034609
41,G1,21.6,0.8392237747726403
41,G1,21.7,0.8394401244812499
41,G1,21.8,0.8396563122025339
41,G1,21.9,0.8398723420313219
41,G1,22.0,0.8400881825307658
41,G1,22.1,0.8403038415010583
41,G1,22.2,0.8405193443288681
41,G1,22.3,0.8407346752571393
41,G1,22.4,0.8409498101880988
41,G1,22.5,0.8411647844243155
41,G1,22.6,0.8413795980472928
41,G1,22.7,0.8415942190801238
41,G1,22.8,0.8418086635955693
41,G1,22.9,0.842022953142635
41,G1,23.0,0.8422370630204471
41,G1,23.1,0.842450981335086
41,G1,23.2,0.8426647405893013
41,G1,23.3,0.8428783352774186
41,G1,23.4,0.8430917325971922
41,G1,23.5,0.8433049620088993
41,G1,23.6,0.8435180347084968
41,G1,23.7,0.8437309215975541
41,G1,23.8,0.8439436207862672
41,G1,23.9,0.8441561628211268
41,G1,24.0,0.8443685356184658
41,G1,24.1,0.8445807097897554
41,G1,24.2,0.8447927207617851
41,G1,24.3,0.8450045726973436
41,G1,24.4,0.8452162341769517
41,G1,24.5,0.845427712968842
41,G1,24.6,0.8456390344527219
41,G1,24.7,0.845850182931597
41,G1,24.8,0.8460611342816666
41,G1,24.9,0.8462719238131803
41,G1,25.0,0.8464825515878738
41,G2,10.0,0.6740312957457324
41,G2,10.1,0.674332227601232
41,G2,10.2,0.674633063560337
41,G2,10.3,0.6749338278089609
41,G2,10.4,0.6752345030769951
41,G2,10.5,0.6755350983878089
41,G2,10.6,0.6758355864466401
41,G2,10.7,0.676136018093266
41,G2,10.8,0.6764363577102819
41,G2,10.9,0.676736590720328
41,G2,11.0,0.6770367632456631
41,G2,11.1,0.6773368329654834
41,G2,11.2,0.6776368220506923
41,G2,11.3,0.6779367117552215
41,G2,11.4,0.6782365357097535
41,G2,11.5,0.6785362697935652
41,G2,11.6,0.6788358906598455
41,G2,11.7,0.6791354580338341
41,G2,11.8,0.6794349174944025
41,G2,11.9,0.6797342891414277
41,G2,12.0,0.6800335714874819
41,G2,12.1,0.6803327762889209
41,G2,12.2,0.6806318914135516
41,G2,12.3,0.6809308938524778
41,G2,12.4,0.6812298404448393
41,G2,12.5,0.681528685019032
41,G2,12.6,0.6818274280913783
41,G2,12.7,0.682126095022141
41,G2,12.8,0.6824246677075894
41,G2,12.9,0.68272315566146
41,G2,13.0,0.6830215311438542
41,G2,13.1,0.6833198455697751
41,G2,13.2,0.6836180632754935
41,G2,13.3,0.6839161687736743
41,G2,13.4,0.6842142094517799
41,G2,13.5,0.6845121420512619
41,G2,13.6,0.6848099891228204
41,G2,13.7,0.6851077317514217
41,G2,13.8,0.6854054040768153
41,G2,13.9,0.6857029817110495
41,G2,14.0,0.6860004404980189
41,G2,14.1,0.6862978415689388
41,G2,14.2,0.686595129735582
41,G2,14.3,0.6868923248865273
41,G2,14.4,0.6871894259267678
41,G2,14.5,0.6874864446909184
41,G2,14.6,0.6877833689015735
41,G2,14.7,0.6880801751445073
41,G2,14.8,0.688376921083231
41,G2,14.9,0.6886735603275507
41,G2,15.0,0.6889700925436842
41,G2,15.1,0.6892665442802117
41,G2,15.2,0.6895628965731048
41,G2,15.3,0.6898591594358969
41,G2,15.4,0.6901553047444171
41,G2,15.5,0.690451384397448
41,G2,15.6,0.6907473627326832
41,G2,15.7,0.6910432233689272
41,G2,15.8,0.6913390148873335
41,G2,15.9,0.6916346932048274
41,G2,16.0,0.69193028115396
41,G2,16.1,0.692225759704618
41,G2,16.2,0.6925211634671796
41,G2,16.3,0.6928164678026959
41,G2,16.4,0.6931116477790032
41,G2,16.5,0.6934067658678995
41,G2,16.6,0.6937017661865663
41,G2,16.7,0.6939966683636876
41,G2,16.8,0.6942914717190809
41,G2,16.9,0.6945861881359314
41,G2,17.0,0.694880805217796
41,G2,17.1,0.6951752991739718
41,G2,17.2,0.6954697284102717
41,G2,17.3,0.6957640463997212
41,G2,17.4,0.6960582519220441
41,G2,17.5,0.6963523727248796
41,G2,17.6,0.6966463889601224
41,G2,17.7,0.696940311159087
41,G2,17.8,0.6972341108438098
41,G2,17.9,0.6975278403361755
41,G2,18.0,0.6978214640122276
41,G2,18.1,0.6981149646147362
41,G2,18.2,0.6984083918652738
41,G2,18.3,0.6987017009096269
41,G2,18.4,0.6989949148254243
41,G2,18.5,0.6992880145002336
41,G2,18.6,0.6995810349769591
41,G2,18.7,0.6998739513816502
41,G2,18.8,0.7001667380407661
41,G2,18.9,0.7004594586989777
41,G2,19.0,0.7007520568521991
41,G2,19.1,0.7010445518220484
41,G2,19.2,0.7013369433635747
41,G2,19.3,0.7016292433801599
41,G2,19.4,0.7019214393818286
41,G2,19.5,0.7022135072308454
41,G2,19.6,0.702505505992354
41,G2,19.7,0.7027973890842103
41,G2,19.8,0.7030891543655474
41,G2,19.9,0.7033808307905315
41,G2,20.0,0.7036723976061803
41,G2,20.1,0.7039638658779162
41,G2,20.2,0.7042552068044673
41,G2,20.3,0.7045464730705912
41,G2,20.4,0.7048376291268631
41,G2,20.5,0.7051286568595206
41,G2,20.6,0.7054196070750935
41,G2,20.7,0.7057104342032816
41,G2,20.8,0.7060011615296637
41,G2,20.9,0.7062917698915919
41,G2,21.0,0.7065822947268054
41,G2,21.1,0.7068727109420821
41,G2,21.2,0.707162992158556
41,G2,21.3,0.707453203323882
41,G2,21.4,0.7077432873866955
41,G2,21.5,0.7080332633159075
41,G2,21.6,0.7083231313201583
41,G2,21.7,0.7086129032960383
41,G2,21.8,0.7089025666848128
41,G2,21.9,0.7091920970316881
41,G2,22.0,0.7094815539774514
41,G2,22.1,0.7097708909660122
41,G2,22.2,0.7100601049042048
41,G2,22.3,0.7103492259568706
41,G2,22.4,0.710638232448409
41,G2,22.5,0.710927135992958
41,G2,22.6,0.7112159074963702
41,G2,22.7,0.7115045999466219
41,G2,22.8,0.7117931779041842
41,G2,22.9,0.7120816224013213
41,G2,23.0,0.7123699853277035
41,G2,23.1,0.7126582203978317
41,G2,23.2,0.7129463510864018
41,G2,23.3,0.7132343582119272
41,G2,23.4,0.7135222775697783
41,G2,23.5,0.7138100838629055
41,G2,23.6,0.7140977500444559
41,G2,23.7,0.7143853421931383
41,G2,23.8,0.7146728027848237
41,G2,23.9,0.7149601503916935
41,G2,24.0,0.7152473856922501
41,G2,24.1,0.7155345205507586
41,G2,24.2,0.7158215423636967
41,G2,24.3,0.7161084263896613
41,G2,24.4,0.7163952327608568
41,G2,24.5,0.7166819150279089
41,G2,24.6,0.7169684691161015
41,G2,24.7,0.7172549264017571
41,G2,24.8,0.7175412642720438
41,G2,24.9,0.7178274949026449
41,G2,25.0,0.718113588936865
42,G1,10.0,0.7576652661068963
42,G1,10.1,0.7583348556458659
42,G1,10.2,0.7590035927513346
42,G1,10.3,0.7596714854345974
42,G1,10.4,0.7603385284497478
42,G1,10.5,0.7610047162273186
42,G1,10.6,0.7616700489958076
42,G1,10.7,0.7623345176978752
42,G1,10.8,0.7629981258321955
42,G1,10.9,0.7636608745323591
42,G1,11.0,0.764322756703758
42,G1,11.1,0.7649837725681145
42,G1,11.2,0.765643916281775
42,G1,11.3,0.7663031821698976
42,G1,11.4,0.7669615785781997
42,G1,11.5,0.767619099378132
42,G1,11.6,0.7682757398636892
42,G1,11.7,0.7689314998011083
42,G1,11.8,0.76958636996062
42,G1,11.9,0.7702403555000629
42,G1,12.0,0.7708934564551361
42,G1,12.1,0.7715456656181716
42,G1,12.2,0.7721969843501636
42,G1,12.3,0.7728474052032323
42,G1,12.4,0.7734969246084241
42,G1,12.5,0.7741455506630062
42,G1,12.6,0.7747932758204842
42,G1,12.7,0.7754400972720012
42,G1,12.8,0.7760860134693488
42,G1,12.9,0.7767310158966795
42,G1,13.0,0.7773751110180716
42,G1,13.1,0.7780182975700748
42,G1,13.2,0.7786605682958991
42,G1,13.3,0.7793019253330498
42,G1,13.4,0.7799423602209213
42,G1,13.5,0.7805818719691779
42,G1,13.6,0.7812204669825521
42,G1,13.7,0.7818581373430328
42,G1,13.8,0.7824948818258877
42,G1,13.9,0.7831306977128706
42,G1,14.0,0.7837655772509904
42,G1,14.1,0.7843995280353944
42,G1,14.2,0.7850325475252612
42,G1,14.3,0.7856646286276354
42,G1,14.4,0.7862957737606817
42,G1,14.5,0.786925974024987
42,G1,14.6,0.787555230729647
42,G1,14.7,0.7881835483257311
42,G1,14.8,0.7888109191765603
42,G1,14.9,0.7894373431090497
42,G1,15.0,0.7900628166471478
42,G1,15.1,0.7906873324667675
42,G1,15.2,0.79131089923626
42,G1,15.3,0.7919335132335432
42,G1,15.4,0.7925551680857773
42,G1,15.5,0.7931758658323156
42,G1,15.6,0.7937955973032831
42,G1,15.7,0.7944143659187665
42,G1,15.8,0.7950321743303649
42,G1,15.9,0.795649015788204
42,G1,16.0,0.7962648903166056
42,G1,16.1,0.7968797939621308
42,G1,16.2,0.7974937200170449
42,G1,16.3,0.7981066779330287
42,G1,16.4,0.7987186627859755
42,G1,16.5,0.7993296696105144
42,G1,16.6,0.7999396991418731
42,G1,16.7,0.8005487428252731
42,G1,16.8,0.8011568051452478
42,G1,16.9,0.8017638880634141
42,G1,17.0,0.8023699848736293
42,G1,17.1,0.8029750964280356
42,G1,17.2,0.8035792176245328
42,G1,17.3,0.804182343019633
42,G1,17.4,0.8047844823046191
42,G1,17.5,0.8053856298490795
42,G1,17.6,0.8059857815261959
42,G1,17.7,0.8065849375470487
42,G1,17.8,0.8071830892980596
42,G1,17.9,0.8077802428764219
42,G1,18.0,0.8083763991563327
42,G1,18.1,0.808971551375114
42,G1,18.2,0.8095657015479184
42,G1,18.3,0.8101588429050165
42,G1,18.4,0.8107509721875452
42,G1,18.5,0.8113420988797917
42,G1,18.6,0.8119322159021806
42,G1,18.7,0.8125213209840898
42,G1,18.8,0.8131094131607515
42,G1,18.9,0.8136964844595861
42,G1,19.0,0.8142825423791323
42,G1,19.1,0.8148675864170363
42,G1,19.2,0.8154516097607003
42,G1,19.3,0.8160346152940452
42,G1,19.4,0.8166165951606301
42,G1,19.5,0.8171975489129629
42,G1,19.6,0.8177774841512043
42,G1,19.7,0.8183563933844772
42,G1,19.8,0.8189342760994519
42,G1,19.9,0.8195111300545666
42,G1,20.0,0.8200869481838249
42,G1,20.1,0.820661739088556
42,G1,20.2,0.821235500901144
42,G1,20.3,0.8218082270953964
42,G1,20.4,0.8223799207541569
42,G1,20.5,0.8229505736087821
42,G1,20.6,0.8235201877021824
42,G1,20.7,0.8240887684754695
42,G1,20.8,0.8246563087655343
42,G1,20.9,0.8252228091159126
42,G1,21.0,0.8257882666840328
42,G1,21.1,0.8263526747466051
42,G1,21.2,0.8269160429743443
42,G1,21.3,0.8274783683079413
42,G1,21.4,0.8280396449838638
42,G1,21.5,0.8285998756951303
42,G1,21.6,0.8291590519156701
42,G1,21.7,0.8297171779589485
42,G1,21.8,0.830274257245764
42,G1,21.9,0.8308302835608135
42,G1,22.0,0.8313852576993273
42,G1,22.1,0.8319391763939058
42,G1,22.2,0.8324920335323774
42,G1,22.3,0.8330438395680707
42,G1,22.4,0.8335945901454546
42,G1,22.5,0.8341442810490443
42,G1,22.6,0.8346929135813043
42,G1,22.7,0.8352404799470123
42,G1,22.8,0.8357869854568692
42,G1,22.9,0.8363324328046661
42,G1,23.0,0.8368768159803751
42,G1,23.1,0.8374201363976573
42,G1,23.2,0.8379623899091838
42,G1,23.3,0.8385035715064065
42,G1,23.4,0.8390436918293963
42,G1,23.5,0.8395827459737012
42,G1,23.6,0.840120730558091
42,G1,23.7,0.8406576462100411
42,G1,23.8,0.8411934853019831
42,G1,23.9,0.8417282545692468
42,G1,24.0,0.8422619557126819
42,G1,24.1,0.8427945826844926
42,G1,24.2,0.8433261380367719
42,G1,24.3,0.8438566160023832
42,G1,24.4,0.8443860136870591
42,G1,24.5,0.844914341569496
42,G1,24.6,0.8454415933676411
42,G1,24.7,0.8459677674104633
42,G1,24.8,0.8464928633230662
42,G1,24.9,0.8470168740030581
42,G1,25.0,0.8475398076301441
42,G2,10.0,0.676493810836281
42,G2,10.1,0.6772411657688798
42,G2,10.2,0.6779879928565085
42,G2,10.3,0.6787343051361827
42,G2,10.4,0.679480094997621
42,G2,10.5,0.6802253553370932
42,G2,10.6,0.6809700868355482
42,G2,10.7,0.6817142754093435
42,G2,10.8,0.6824579248005948
42,G2,10.9,0.6832010393153646
42,G2,11.0,0.6839436106364888
42,G2,11.1,0.6846856351483682
42,G2,11.2,0.6854271071247692
42,G2,11.3,0.6861680152543387
42,G2,11.4,0.686908374573567
42,G2,11.5,0.6876481763308018
42,G2,11.6,0.6883874135864425
42,G2,11.7,0.6891260858561559
42,G2,11.8,0.689864179480163
42,G2,11.9,0.6906017001890358
42,G2,12.0,0.6913386507829922
42,G2,12.1,0.6920750226550797
42,G2,12.2,0.6928108136810464
42,G2,12.3,0.693546016129559
42,G2,12.4,0.6942806199634273
42,G2,12.5,0.6950146416078206
42,G2,12.6,0.6957480707868625
42,G2,12.7,0.6964809010985612
42,G2,12.8,0.6972131319478196
42,G2,12.9,0.6979447482408473
42,G2,13.0,0.6986757590242179
42,G2,13.1,0.699406165376175
42,G2,13.2,0.7001359572310798
42,G2,13.3,0.7008651362091806
42,G2,13.4,0.7015936898195375
42,G2,13.5,0.7023216122718405
42,G2,13.6,0.7030489191244212
42,G2,13.7,0.7037755992696224
42,G2,13.8,0.7045016473735745
42,G2,13.9,0.7052270619574071
42,G2,14.0,0.7059518264231327
42,G2,14.1,0.7066759547170319
42,G2,14.2,0.707399444171997
42,G2,14.3,0.7081222847353217
42,G2,14.4,0.7088444803612397
42,G2,14.5,0.7095660153903933
42,G2,14.6,0.7102868872693541
42,G2,14.7,0.7110071107041004
42,G2,14.8,0.7117266743663841
42,G2,14.9,0.7124455734054357
42,G2,15.0,0.7131638049010883
42,G2,15.1,0.7138813523274015
42,G2,15.2,0.7145982336739043
42,G2,15.3,0.7153144430617211
42,G2,15.4,0.7160299702710039
42,G2,15.5,0.7167448205274941
42,G2,15.6,0.7174589757114105
42,G2,15.7,0.7181724373184087
42,G2,15.8,0.7188852181417408
42,G2,15.9,0.7195973067038772
42,G2,16.0,0.7203086986605102
42,G2,16.1,0.7210193904044565
42,G2,16.2,0.7217293656059451
42,G2,16.3,0.7224386445593911
42,G2,16.4,0.7231472198285898
42,G2,16.5,0.7238550815070669
42,G2,16.6,0.7245622337860623
42,G2,16.7,0.7252686579420871
42,G2,16.8,0.725974359300023
42,G2,16.9,0.7266793481705082
42,G2,17.0,0.7273836126772064
42,G2,17.1,0.7280871504515358
42,G2,17.2,0.728789955748206
42,G2,17.3,0.7294920129835128
42,G2,17.4,0.7301933449576352
42,G2,17.5,0.7308939421286019
42,G2,17.6,0.7315937956916105
42,G2,17.7,0.7322929077083682
42,G2,17.8,0.7329912603000251
42,G2,17.9,0.7336888616136269
42,G2,18.0,0.7343857196651888
42,G2,18.1,0.735081822084665
42,G2,18.2,0.7357771687720281
42,G2,18.3,0.7364717513035566
42,G2,18.4,0.7371655557987661
42,G2,18.5,0.7378586069559266
42,G2,18.6,0.7385508927795404
42,G2,18.7,0.7392424056651294
42,G2,18.8,0.7399331471564594
42,G2,18.9,0.7406230980644142
42,G2,19.0,0.7413122705551525
42,G2,19.1,0.7420006701839866
42,G2,19.2,0.7426882830828748
42,G2,19.3,0.7433751136556541
42,G2,19.4,0.7440611475957551
42,G2,19.5,0.7447463766111516
42,G2,19.6,0.7454308241830491
42,G2,19.7,0.7461144767237676
42,G2,19.8,0.7467973286319152
42,G2,19.9,0.7474793802069164
42,G2,20.0,0.7481606103665137
42,G2,20.1,0.7488410374707782
42,G2,20.2,0.7495206622994235
42,G2,20.3,0.7501994709488814
42,G2,20.4,0.7508774709415919
42,G2,20.5,0.7515546436692877
42,G2,20.6,0.7522309855152695
42,G2,20.7,0.7529065184417696
42,G2,20.8,0.7535812284396525
42,G2,20.9,0.7542551108948489
42,G2,21.0,0.7549281640901658
42,G2,21.1,0.7556003672287464
42,G2,21.2,0.7562717439798823
42,G2,21.3,0.7569422901118591
42,G2,21.4,0.7576119923831042
42,G2,21.5,0.7582808597940602
42,G2,21.6,0.7589488704984864
42,G2,21.7,0.7596160261458643
42,G2,21.8,0.7602823461816194
42,G2,21.9,0.7609478162886543
42,G2,22.0,0.7616124325986734
42,G2,22.1,0.7622761925941783
42,G2,22.2,0.7629390757648159
42,G2,22.3,0.7636011087645832
42,G2,22.4,0.7642622849119317
42,G2,22.5,0.7649225917241835
42,G2,22.6,0.7655820369371912
42,G2,22.7,0.7662405979971159
42,G2,22.8,0.7668982813576339
42,G2,22.9,0.7675551031821972
42,G2,23.0,0.7682110485531047
42,G2,23.1,0.7688661163451105
42,G2,23.2,0.7695203012303554
42,G2,23.3,0.7701735839050481
42,G2,23.4,0.7708259939270898
42,G2,23.5,0.7714775216077869
42,G2,23.6,0.7721281564485714
42,G2,23.7,0.7727779032915568
42,G2,23.8,0.7734267406179429
42,G2,23.9,0.7740746785650294
42,G2,24.0,0.7747217302507146
42,G2,24.1,0.7753678800644255
42,G2,24.2,0.7760131298824652
42,G2,24.3,0.7766574711186356
42,G2,24.4,0.7773008864508884
42,G2,24.5,0.777943407860736
42,G2,24.6,0.7785850223561247
42,G2,24.7,0.7792257212750725
42,G2,24.8,0.7798655083370071
42,G2,24.9,0.7805043612315219
42,G2,25.0,0.7811422943856188
43,G1,10.0,0.7884857799966345
43,G1,10.1,0.7889754329891316
43,G1,10.2,0.7894644936706516
43,G1,10.3,0.7899529705934797
43,G1,10.4,0.7904408728112495
43,G1,10.5,0.7909281805421675
43,G1,10.6,0.7914149011039716
43,G1,10.7,0.7919010421929313
43,G1,10.8,0.7923865900317835
43,G1,10.9,0.7928715473172322
43,G1,11.0,0.7933559196132153
43,G1,11.1,0.7938396989494694
43,G1,11.2,0.7943228870178322
43,G1,11.3,0.7948054825185544
43,G1,11.4,0.7952874836881119
43,G1,11.5,0.7957688970473875
43,G1,11.6,0.7962497087533202
43,G1,11.7,0.7967299245014083
43,G1,11.8,0.7972095534862431
43,G1,11.9,0.7976885754324823
43,G1,12.0,0.7981669991518683
43,G1,12.1,0.7986448338431807
43,G1,12.2,0.7991220606334579
43,G1,12.3,0.7995986858193228
43,G1,12.4,0.8000747169021887
43,G1,12.5,0.8005501414913888
43,G1,12.6,0.8010249614766469
43,G1,12.7,0.8014991819084568
43,G1,12.8,0.801972796046511
43,G1,12.9,0.8024458065656082
43,G1,13.0,0.8029182093860368
43,G1,13.1,0.803390004240285
43,G1,13.2,0.8038611994648165
43,G1,13.3,0.8043317781365145
43,G1,13.4,0.8048017479172874
43,G1,13.5,0.8052711181197209
43,G1,13.6,0.805739867706993
43,G1,13.7,0.8062080059609191
43,G1,13.8,0.806675541750579
43,G1,13.9,0.8071424577442537
43,G1,14.0,0.8076087588557889
43,G1,14.1,0.8080744527627696
43,G1,14.2,0.8085395276442779
43,G1,14.3,0.8090039857426994
43,G1,14.4,0.8094678306175803
43,G1,14.5,0.8099310570090692
43,G1,14.6,0.8103936688456946
43,G1,14.7,0.8108556589284541
43,G1,14.8,0.811317028972363
43,G1,14.9,0.8117777883093438
43,G1,15.0,0.8122379178997793
43,G1,15.1,0.812697426753249
43,G1,15.2,0.8131563243841978
43,G1,15.3,0.8136145893250976
43,G1,15.4,0.8140722310965977
43,G1,15.5,0.8145292581143374
43,G1,15.6,0.8149856542749118
43,G1,15.7,0.8154414239850019
43,G1,15.8,0.8158965744564165
43,G1,15.9,0.81635109464494
43,G1,16.0,0.8168049877817349
43,G1,16.1,0.8172582547211944
43,G1,16.2,0.8177108921961963
43,G1,16.3,0.8181629056762261
43,G1,16.4,0.8186142844082233
43,G1,16.5,0.8190650324091288
43,G1,16.6,0.819515159786209
43,G1,16.7,0.8199646456786436
43,G1,16.8,0.8204134999904946
43,G1,16.9,0.8208617327296724
43,G1,17.0,0.8213093223726898
43,G1,17.1,0.8217562778756512
43,G1,17.2,0.8222026078575767
43,G1,17.3,0.8226482971257776
43,G1,17.4,0.8230933495757196
43,G1,17.5,0.8235377717073561
43,G1,17.6,0.8239815544398619
43,G1,17.7,0.8244247004783087
43,G1,17.8,0.8248672089867535
43,G1,17.9,0.8253090781130447
43,G1,18.0,0.8257503150392763
43,G1,18.1,0.8261909057019228
43,G1,18.2,0.8266308562683783
43,G1,18.3,0.8270701771114605
43,G1,18.4,0.8275088465450421
43,G1,18.5,0.8279468746768931
43,G1,18.6,0.8283842718029494
43,G1,18.7,0.8288210173216398
43,G1,18.8,0.8292571189586987
43,G1,18.9,0.8296925853101828
43,G1,19.0,0.8301274026825709
43,G1,19.1,0.8305615739741755
43,G1,19.2,0.8309951051299105
43,G1,19.3,0.8314279886957524
43,G1,19.4,0.8318602277944024
43,G1,19.5,0.8322918192516194
43,G1,19.6,0.832722762528283
43,G1,19.7,0.8331530666959268
43,G1,19.8,0.8335827145733788
43,G1,19.9,0.8340117143019439
43,G1,20.0,0.8344400762469931
43,G1,20.1,0.8348677782543523
43,G1,20.2,0.8352948307322774
43,G1,20.3,0.8357212435886413
43,G1,20.4,0.8361469979670613
43,G1,20.5,0.8365721001276556
43,G1,20.6,0.8369965585894281
43,G1,20.7,0.8374203606609085
43,G1,20.8,0.8378435092235571
43,G1,20.9,0.8382660088969551
43,G1,21.0,0.8386878537531948
43,G1,21.1,0.8391090482980176
43,G1,21.2,0.8395295859091195
43,G1,21.3,0.8399494681944445
43,G1,21.4,0.8403687053075921
43,G1,21.5,0.8407872777830498
43,G1,21.6,0.8412051952783186
43,G1,21.7,0.8416224682819806
43,G1,21.8,0.8420390741700805
43,G1,21.9,0.8424550236581583
43,G1,22.0,0.8428703260788841
43,G1,22.1,0.8432849641030411
43,G1,22.2,0.8436989432912428
43,G1,22.3,0.844112271611123
43,G1,22.4,0.8445249372054844
43,G1,22.5,0.8449369439620359
43,G1,22.6,0.8453482938516598
43,G1,22.7,0.8457589829814172
43,G1,22.8,0.8461690172138792
43,G1,22.9,0.8465783865658127
43,G1,23.0,0.8469870948349932
43,G1,23.1,0.8473951530520765
43,G1,23.2,0.8478025397437133
43,G1,23.3,0.848209265787282
43,G1,23.4,0.848615341812081
43,G1,23.5,0.8490207452615809
43,G1,23.6,0.8494254864327543
43,G1,23.7,0.8498295745690752
43,G1,23.8,0.8502329935494175
43,G1,23.9,0.8506357482980527
43,G1,24.0,0.8510378461236394
43,G1,24.1,0.8514392769774728
43,G1,24.2,0.8518400445700692
43,G1,24.3,0.8522401486458334
43,G1,24.4,0.8526395871514574
43,G1,24.5,0.8530383676989952
43,G1,24.6,0.8534364766257823
43,G1,24.7,0.8538339201348648
43,G1,24.8,0.8542307095979039
43,G1,24.9,0.8546268225286174
43,G1,25.0,0.8550222699720001
43,G2,10.0,0.7284338378705686
43,G2,10.1,0.7289837011000254
43,G2,10.2,0.7295331426612677
43,G2,10.3,0.7300821408984564
43,G2,10.4,0.7306306285649223
43,G2,10.5,0.7311787084702499
43,G2,10.6,0.7317263213513061
43,G2,10.7,0.7322734279887102
43,G2,10.8,0.7328201288843272
43,G2,10.9,0.7333663456474026
43,G2,11.0,0.7339120624657066
43,G2,11.1,0.7344573714104239
43,G2,11.2,0.7350021755429661
43,G2,11.3,0.7355464965525407
43,G2,11.4,0.7360903968100369
43,G2,11.5,0.7366337781862424
43,G2,11.6,0.7371766983562767
43,G2,11.7,0.7377191772474722
43,G2,11.8,0.7382611219385373
43,G2,11.9,0.7388026309464776
43,G2,12.0,0.7393436700747457
43,G2,12.1,0.7398841768897039
43,G2,12.2,0.740424258042045
43,G2,12.3,0.7409638482497862
43,G2,12.4,0.7415029092735602
43,G2,12.5,0.7420415473170887
43,G2,12.6,0.7425796743389489
43,G2,12.7,0.7431172831597423
43,G2,12.8,0.7436544644264175
43,G2,12.9,0.7441911147827975
43,G2,13.0,0.7447272654826514
43,G2,13.1,0.7452629734665309
43,G2,13.2,0.7457981367444612
43,G2,13.3,0.7463328260940696
43,G2,13.4,0.7468670483522856
43,G2,13.5,0.7474007127934097
43,G2,13.6,0.747933927717474
43,G2,13.7,0.7484666466497015
43,G2,13.8,0.7489988128130313
43,G2,13.9,0.7495305363894337
43,G2,14.0,0.7500617447862724
43,G2,14.1,0.7505924039671064
43,G2,14.2,0.7511226230317297
43,G2,14.3,0.7516523049772001
43,G2,14.4,0.752181452340303
43,G2,14.5,0.7527101520734156
43,G2,14.6,0.7532382968202603
43,G2,14.7,0.7537659272731759
43,G2,14.8,0.754293092836805
43,G2,14.9,0.7548196887523808
43,G2,15.0,0.7553457993180742
43,G2,15.1,0.7558714168204305
43,G2,15.2,0.7563964560856247
43,G2,15.3,0.7569210321563671
43,G2,15.4,0.7574450866499182
43,G2,15.5,0.7579685692466744
43,G2,15.6,0.7584915933450342
43,G2,15.7,0.7590140786007561
43,G2,15.8,0.7595359963512913
43,G2,15.9,0.7600574570999336
43,G2,16.0,0.7605783563541524
43,G2,16.1,0.7610987056438339
43,G2,16.2,0.7616185876844412
43,G2,16.3,0.7621378916401244
43,G2,16.4,0.762656668985075
43,G2,16.5,0.763174959353499
43,G2,16.6,0.7636926560843343
43,G2,16.7,0.7642098565703173
43,G2,16.8,0.7647265403249767
43,G2,16.9,0.7652426262281348
43,G2,17.0,0.7657582352162169
43,G2,17.1,0.7662732997445002
43,G2,17.2,0.766787773564829
43,G2,17.3,0.767301774020188
43,G2,17.4,0.7678152122037886
43,G2,17.5,0.7683280671826479
43,G2,17.6,0.7688404483778187
43,G2,17.7,0.7693522444514607
43,G2,17.8,0.7698634776214272
43,G2,17.9,0.7703742240893778
43,G2,18.0,0.7708843702051781
43,G2,18.1,0.7713939793654314
43,G2,18.2,0.7719030799208486
43,G2,18.3,0.7724115638687731
43,G2,18.4,0.7729195421089995
43,G2,18.5,0.773426980080308
43,G2,18.6,0.7739338032107347
43,G2,18.7,0.7744401352370954
43,G2,18.8,0.7749459027101059
43,G2,18.9,0.7754510610090006
43,G2,19.0,0.7759557321496138
43,G2,19.1,0.7764598183192837
43,G2,19.2,0.7769633072825618
43,G2,19.3,0.7774663064657108
43,G2,19.4,0.7779686979367424
43,G2,19.5,0.7784705151751924
43,G2,19.6,0.7789718269480734
43,G2,19.7,0.7794725166627265
43,G2,19.8,0.7799726617046802
43,G2,19.9,0.7804722759280527
43,G2,20.0,0.7809712532221076
43,G2,20.1,0.7814697160645446
43,G2,20.2,0.7819676158014163
43,G2,20.3,0.7824648851479992
43,G2,20.4,0.7829616503087719
43,G2,20.5,0.7834578308960916
43,G2,20.6,0.7839533863663153
43,G2,20.7,0.7844484418594516
43,G2,20.8,0.7849428896297972
43,G2,20.9,0.7854367291644844
43,G2,21.0,0.7859300625709155
43,G2,21.1,0.7864227682953369
43,G2,21.2,0.7869148895409732
43,G2,21.3,0.7874064869255541
43,G2,21.4,0.7878974416526238
43,G2,21.5,0.7883878455446456
43,G2,21.6,0.7888776955812897
43,G2,21.7,0.7893668929124302
43,G2,21.8,0.7898555667945565
43,G2,21.9,0.7903436555107893
43,G2,22.0,0.7908310997500576
43,G2,22.1,0.7913180278509077
43,G2,22.2,0.7918043518287928
43,G2,22.3,0.7922900372049805
43,G2,22.4,0.7927752098925163
43,G2,22.5,0.7932597541004456
43,G2,22.6,0.7937436800797862
43,G2,22.7,0.7942270838408905
43,G2,22.8,0.7947098413291809
43,G2,22.9,0.7951920071727562
43,G2,23.0,0.7956736305105708
43,G2,23.1,0.7961545917549757
43,G2,23.2,0.7966349964277755
43,G2,23.3,0.7971148267515729
43,G2,23.4,0.7975939899131705
43,G2,23.5,0.798072620992629
43,G2,23.6,0.7985506466029784
43,G2,23.7,0.7990280146762152
43,G2,23.8,0.7995048558055247
43,G2,23.9,0.7999810736677124
43,G2,24.0,0.8004566422053607
43,G2,24.1,0.8009316852612002
43,G2,24.2,0.8014060807542168
43,G2,24.3,0.801879849921324
43,G2,24.4,0.8023530812801295
43,G2,24.5,0.8028256489957327
43,G2,24.6,0.8032976194885507
43,G2,24.7,0.8037690296932204
43,G2,24.8,0.8042397595847041
43,G2,24.9,0.8047099283620154
43,G2,25.0,0.8051795031518698
44,G1,10.0,0.7787633359756022
44,G1,10.1,0.7789164815836058
44,G1,10.2,0.7790695743601791
44,G1,10.3,0.7792226085856079
44,G1,10.4,0.7793755936510366
44,G1,10.5,0.7795285292528705
44,G1,10.6,0.779681409285877
44,G1,10.7,0.7798342320069682
44,G1,10.8,0.7799870011350165
44,G1,10.9,0.7801397220857053
44,G1,11.0,0.78029238908759
44,G1,11.1,0.7804450022123957
44,G1,11.2,0.7805975554898488
44,G1,11.3,0.7807500592083423
44,G1,11.4,0.7809025141297238
44,G1,11.5,0.7810549120651742
44,G1,11.6,0.7812072554521852
44,G1,11.7,0.7813595416701421
44,G1,11.8,0.7815117788053039
44,G1,11.9,0.7816639645376946
44,G1,12.0,0.7818160957575088
44,G1,12.1,0.7819681668151762
44,G1,12.2,0.7821201866149623
44,G1,12.3,0.7822721580351657
44,G1,12.4,0.7824240726580072
44,G1,12.5,0.7825759337145851
44,G1,12.6,0.7827277353675185
44,G1,12.7,0.7828794872865481
44,G1,12.8,0.7830311893277943
44,G1,12.9,0.7831828349574
44,G1,13.0,0.7833344230732079
44,G1,13.1,0.7834859564578165
44,G1,13.2,0.7836374410548447
44,G1,13.3,0.7837888715776148
44,G1,13.4,0.7839402476031636
44,G1,13.5,0.7840915628152166
44,G1,13.6,0.7842428279236385
44,G1,13.7,0.7843940437678419
44,G1,13.8,0.7845452019217827
44,G1,13.9,0.7846963052548374
44,G1,14.0,0.7848473503461068
44,G1,14.1,0.7849983457027042
44,G1,14.2,0.7851492894940911
44,G1,14.3,0.7853001778876538
44,G1,14.4,0.7854510058054849
44,G1,14.5,0.7856017814724794
44,G1,14.6,0.7857525083224558
44,G1,14.7,0.7859031779824177
44,G1,14.8,0.786053793446712
44,G1,14.9,0.7862043487169535
44,G1,15.0,0.7863548536473087
44,G1,15.1,0.7865053082468763
44,G1,15.2,0.786655705674222
44,G1,15.3,0.7868060454637928
44,G1,15.4,0.7869563293244157
44,G1,15.5,0.787106563808646
44,G1,15.6,0.787256744119678
44,G1,15.7,0.7874068692761832
44,G1,15.8,0.7875569328305039
44,G1,15.9,0.7877069456598665
44,G1,16.0,0.7878569087348417
44,G1,16.1,0.7880068134953484
44,G1,16.2,0.7881566630951625
44,G1,16.3,0.7883064534860068
44,G1,16.4,0.7884561935215451
44,G1,16.5,0.7886058818592013
44,G1,16.6,0.7887555138423421
44,G1,16.7,0.7889050851117608
44,G1,16.8,0.789054603128692
44,G1,16.9,0.7892040718801546
44,G1,17.0,0.7893534831995858
44,G1,17.1,0.7895028395706313
44,G1,17.2,0.7896521350494
44,G1,17.3,0.7898013795969213
44,G1,17.4,0.7899505733586332
44,G1,17.5,0.7900997092766207
44,G1,17.6,0.7902487873930112
44,G1,17.7,0.7903978084027072
44,G1,17.8,0.7905467794757735
44,G1,17.9,0.7906956962328767
44,G1,18.0,0.7908445572478916
44,G1,18.1,0.7909933559005797
44,G1,18.2,0.7911421032070954
44,G1,18.3,0.791290800281577
44,G1,18.4,0.7914394384840532
44,G1,18.5,0.7915880212054975
44,G1,18.6,0.7917365437786434
44,G1,18.7,0.7918850153537754
44,G1,18.8,0.7920334350602771
44,G1,18.9,0.7921817975498557
44,G1,19.0,0.7923300991343493
44,G1,19.1,0.792478346456525
44,G1,19.2,0.792626543978993
44,G1,19.3,0.7927746839536501
44,G1,19.4,0.7929227682676199
44,G1,19.5,0.7930707909388561
44,G1,19.6,0.7932187621290765
44,G1,19.7,0.7933666821670894
44,G1,19.8,0.7935145436360287
44,G1,19.9,0.7936623471426949
44,G1,20.0,0.793810092506303
44,G1,20.1,0.7939577872705297
44,G1,20.2,0.7941054276488914
44,G1,20.3,0.7942530116004055
44,G1,20.4,0.7944005326475106
44,G1,20.5,0.7945480015548834
44,G1,20.6,0.7946954199171531
44,G1,20.7,0.7948427788053282
44,G1,20.8,0.7949900818988911
44,G1,20.9,0.7951373239713269
44,G1,21.0,0.7952845144110849
44,G1,21.1,0.7954316527828248
44,G1,21.2,0.7955787331136432
44,G1,21.3,0.7957257524729013
44,G1,21.4,0.7958727164534809
44,G1,21.5,0.7960196300654382
44,G1,21.6,0.7961664861879131
44,G1,21.7,0.7963132858808911
44,G1,21.8,0.7964600232011935
44,G1,21.9,0.7966067085109733
44,G1,22.0,0.7967533423910741
44,G1,22.1,0.7968999168963432
44,G1,22.2,0.7970464333212629
44,G1,22.3,0.7971928906382885
44,G1,22.4,0.7973392966628157
44,G1,22.5,0.7974856482448615
44,G1,22.6,0.797631942792382
44,G1,22.7,0.7977781739182421
44,G1,22.8,0.7979243520647096
44,G1,22.9,0.7980704793372774
44,G1,23.0,0.7982165466506239
44,G1,23.1,0.7983625578277037
44,G1,23.2,0.7985085071057642
44,G1,23.3,0.798654404272428
44,G1,23.4,0.7988002490627837
44,G1,23.5,0.7989460350322786
44,G1,23.6,0.7990917599836739
44,G1,23.7,0.7992374284271343
44,G1,23.8,0.7993830459813301
44,G1,23.9,0.7995286061498852
44,G1,24.0,0.799674109168223
44,G1,24.1,0.799819549022011
44,G1,24.2,0.799964936388971
44,G1,24.3,0.8001102720690414
44,G1,24.4,0.8002555475705024
44,G1,24.5,0.8004007649708665
44,G1,24.6,0.8005459221985075
44,G1,24.7,0.8006910275620526
44,G1,24.8,0.8008360784074245
44,G1,24.9,0.8009810715736648
44,G1,25.0,0.8011260009350133
44,G2,10.0,0.7007278404401025
44,G2,10.1,0.7009024186465133
44,G2,10.2,0.7010769587512858
44,G2,10.3,0.7012514508933452
44,G2,10.4,0.7014259019282189
44,G2,10.5,0.7016003321552802
44,G2,10.6,0.7017747209666088
44,G2,10.7,0.7019490834080122
44,G2,10.8,0.7021233783250656
44,G2,10.9,0.7022976506439513
44,G2,11.0,0.7024718983597088
44,G2,11.1,0.7026461015920927
44,G2,11.2,0.7028202696931983
44,G2,11.3,0.7029943822735086
44,G2,11.4,0.703168475162188
44,G2,11.5,0.7033425319034021
44,G2,11.6,0.7035165558613674
44,G2,11.7,0.7036905206242678
44,G2,11.8,0.7038644538161063
44,G2,11.9,0.7040383648148663
44,G2,12.0,0.7042122305838702
44,G2,12.1,0.7043860684382506
44,G2,12.2,0.7045598405670976
44,G2,12.3,0.7047335919745651
44,G2,12.4,0.7049073138248991
44,G2,12.5,0.7050809953307328
44,G2,12.6,0.7052546296636781
44,G2,12.7,0.7054282200199711
44,G2,12.8,0.7056017891010219
44,G2,12.9,0.7057753164060802
44,G2,13.0,0.7059488164162554
44,G2,13.1,0.7061222475525317
44,G2,13.2,0.7062956547228567
44,G2,13.3,0.7064690373448536
44,G2,13.4,0.7066423736979224
44,G2,13.5,0.7068156759659471
44,G2,13.6,0.7069889191669753
44,G2,13.7,0.7071621423922215
44,G2,13.8,0.7073353295659194
44,G2,13.9,0.7075084817581556
44,G2,14.0,0.7076815755138702
44,G2,14.1,0.7078546351568148
44,G2,14.2,0.7080276721292005
44,G2,14.3,0.708200663211689
44,G2,14.4,0.7083736261973888
44,G2,14.5,0.7085465210044248
44,G2,14.6,0.7087193943286216
44,G2,14.7,0.7088922384790621
44,G2,14.8,0.7090650398265749
44,G2,14.9,0.7092377952804434
44,G2,15.0,0.7094105036190433
44,G2,15.1,0.7095831900337702
44,G2,15.2,0.7097558347542235
44,G2,15.3,0.7099284505671067
44,G2,15.4,0.710100997152246
44,G2,15.5,0.7102735179079095
44,G2,15.6,0.7104460140168694
44,G2,15.7,0.7106184624225143
44,G2,15.8,0.7107908773684634
44,G2,15.9,0.7109632301587854
44,G2,16.0,0.7111355625474316
44,G2,16.1,0.711307858848374
44,G2,16.2,0.7114801183063588
44,G2,16.3,0.7116523199612608
44,G2,16.4,0.7118244848370902
44,G2,16.5,0.7119966265669492
44,G2,16.6,0.7121687219860574
44,G2,16.7,0.7123407888065579
44,G2,16.8,0.7125127854053119
44,G2,16.9,0.7126847595561517
44,G2,17.0,0.7128567047236536
44,G2,17.1,0.713028605062394
44,G2,17.2,0.7132004606647301
44,G2,17.3,0.7133722659374533
44,G2,17.4,0.7135440486425607
44,G2,17.5,0.713715789804881
44,G2,17.6,0.713887500342541
44,G2,17.7,0.7140591415009585
44,G2,17.8,0.7142307548685831
44,G2,17.9,0.7144023434694086
44,G2,18.0,0.7145738830209258
44,G2,18.1,0.7147453896823895
44,G2,18.2,0.7149168312114527
44,G2,18.3,0.7150882518497844
44,G2,18.4,0.7152596363799832
44,G2,18.5,0.7154309822312898
44,G2,18.6,0.7156022709856671
44,G2,18.7,0.7157735202117306
44,G2,18.8,0.7159447458614334
44,G2,18.9,0.7161159248146107
44,G2,19.0,0.7162870746282258
44,G2,19.1,0.7164581522707356
44,G2,19.2,0.7166292064560551
44,G2,19.3,0.7168002318816984
44,G2,19.4,0.7169712104330727
44,G2,19.5,0.7171421455083297
44,G2,19.6,0.7173130267859226
44,G2,19.7,0.7174838852185099
44,G2,19.8,0.7176547021482871
44,G2,19.9,0.7178254866910954
44,G2,20.0,0.7179962017888879
44,G2,20.1,0.7181668870963602
44,G2,20.2,0.7183375472790837
44,G2,20.3,0.7185081575872794
44,G2,20.4,0.7186787353844591
44,G2,20.5,0.7188492450225221
44,G2,20.6,0.7190197330668374
44,G2,20.7,0.7191901854918904
44,G2,20.8,0.7193605971398418
44,G2,20.9,0.7195309524963327
44,G2,21.0,0.7197012655091399
44,G2,21.1,0.7198715545312427
44,G2,21.2,0.72004179652043
44,G2,21.3,0.7202120088358197
44,G2,21.4,0.7203821470340218
44,G2,21.5,0.7205522607680357
44,G2,21.6,0.7207223458357788
44,G2,21.7,0.720892382291181
44,G2,21.8,0.7210623764690978
44,G2,21.9,0.7212323132666157
44,G2,22.0,0.7214022270356749
44,G2,22.1,0.7215720993660019
44,G2,22.2,0.7217419374015255
44,G2,22.3,0.7219117062143716
44,G2,22.4,0.7220814430992402
44,G2,22.5,0.7222511545028196
44,G2,22.6,0.7224208152489882
44,G2,22.7,0.7225904438764216
44,G2,22.8,0.7227600013395514
44,G2,22.9,0.7229295364046945
44,G2,23.0,0.7230990365538902
44,G2,23.1,0.7232684937139997
44,G2,23.2,0.7234378954858893
44,G2,23.3,0.7236072520349358
44,G2,23.4,0.723776584195051
44,G2,23.5,0.7239458690349875
44,G2,23.6,0.7241151236737225
44,G2,23.7,0.7242843022535084
44,G2,23.8,0.7244534553651193
44,G2,23.9,0.7246225799266757
44,G2,24.0,0.7247916541392113
44,G2,24.1,0.7249606873630471
44,G2,24.2,0.7251296595454408
44,G2,24.3,0.725298608542861
44,G2,24.4,0.7254675162225789
44,G2,24.5,0.7256363872787642
44,G2,24.6,0.7258051901752486
44,G2,24.7,0.7259739585929796
44,G2,24.8,0.7261427011742327
44,G2,24.9,0.7263113923577106
44,G2,25.0,0.7264800514699419
45,G1,10.0,0.8104805207917309
45,G1,10.1,0.8107852418643322
45,G1,10.2,0.8110896622759628
45,G1,10.3,0.8113938258758917
45,G1,10.4,0.8116977204125164
45,G1,10.5,0.8120013322739584
45,G1,10.6,0.8123047017712978
45,G1,10.7,0.8126077742040124
45,G1,10.8,0.812910576698817
45,G1,10.9,0.8132131324687771
45,G1,11.0,0.813515388800054
45,G1,11.1,0.8138173901929215
45,G1,11.2,0.814119114022491
45,G1,11.3,0.8144205574693129
45,G1,11.4,0.8147217590383575
45,G1,11.5,0.8150226581514484
45,G1,11.6,0.8153232880668957
45,G1,11.7,0.8156236655884448
45,G1,11.8,0.8159237458461003
45,G1,11.9,0.816223573708838
45,G1,12.0,0.8165231156026908
45,G1,12.1,0.8168223785431765
45,G1,12.2,0.8171213986375335
45,G1,12.3,0.8174201131738363
45,G1,12.4,0.817718560845302
45,G1,12.5,0.8180167470125645
45,G1,12.6,0.8183146400638347
45,G1,12.7,0.818612282796167
45,G1,12.8,0.8189096316546292
45,G1,12.9,0.8192067030172143
45,G1,13.0,0.8195035285237744
45,G1,13.1,0.8198000473454713
45,G1,13.2,0.820096302575414
45,G1,13.3,0.8203922862724247
45,G1,13.4,0.8206879807300096
45,G1,13.5,0.8209834264357467
45,G1,13.6,0.8212785718285088
45,G1,13.7,0.8215734408290162
45,G1,13.8,0.8218680596798182
45,G1,13.9,0.8221623727181783
45,G1,14.0,0.8224564243818766
45,G1,14.1,0.8227501960623839
45,G1,14.2,0.823043680914886
45,G1,14.3,0.8233369185319472
45,G1,14.4,0.8236298498159097
45,G1,14.5,0.8239225058223228
45,G1,14.6,0.8242149065759536
45,G1,14.7,0.8245070034837938
45,G1,14.8,0.8247988418606255
45,G1,14.9,0.8250903916719844
45,G1,15.0,0.8253816567283895
45,G1,15.1,0.8256726743914155
45,G1,15.2,0.8259633819175767
45,G1,15.3,0.8262538160148566
45,G1,15.4,0.8265439874641526
45,G1,15.5,0.8268338587475766
45,G1,15.6,0.8271234736358363
45,G1,15.7,0.827412792405497
45,G1,15.8,0.8277018279823631
45,G1,15.9,0.8279906140727165
45,G1,16.0,0.8282790882551802
45,G1,16.1,0.8285672927591445
45,G1,16.2,0.8288552241671058
45,G1,16.3,0.8291428602213302
45,G1,16.4,0.8294302418767938
45,G1,16.5,0.8297173204907685
45,G1,16.6,0.8300041173931244
45,G1,16.7,0.8302906611543225
45,G1,16.8,0.830576893468459
45,G1,16.9,0.8308628588413944
45,G1,17.0,0.8311485424767938
45,G1,17.1,0.831433933619834
45,G1,17.2,0.8317190724893007
45,G1,17.3,0.8320039020123755
45,G1,17.4,0.8322884514022433
45,G1,17.5,0.8325727429478028
45,G1,17.6,0.8328567250340839
45,G1,17.7,0.833140442643557
45,G1,17.8,0.8334238703346527
45,G1,17.9,0.8337070081606222
45,G1,18.0,0.8339898942530727
45,G1,18.1,0.8342724667188198
45,G1,18.2,0.8345547602911302
45,G1,18.3,0.8348367901003858
45,G1,18.4,0.8351185137221788
45,G1,18.5,0.8353999754982384
45,G1,18.6,0.8356811397106332
45,G1,18.7,0.8359620157873885
45,G1,18.8,0.8362426391024812
45,G1,18.9,0.8365229467033514
45,G1,19.0,0.836802978575363
45,G1,19.1,0.8370827371262568
45,G1,19.2,0.8373621945413192
45,G1,19.3,0.837641392555817
45,G1,19.4,0.8379202857144813
45,G1,19.5,0.8381988925425883
45,G1,19.6,0.8384772436215188
45,G1,19.7,0.8387552789476567
45,G1,19.8,0.8390330420003503
45,G1,19.9,0.8393105225027848
45,G1,20.0,0.8395877056952732
45,G1,20.1,0.8398646316681618
45,G1,20.2,0.8401412468081528
45,G1,20.3,0.8404175772772914
45,G1,20.4,0.8406936478206174
45,G1,20.5,0.840969404236537
45,G1,20.6,0.8412448910274569
45,G1,20.7,0.841520087318424
45,G1,20.8,0.8417949892654502
45,G1,20.9,0.8420696354221312
45,G1,21.0,0.842343965753015
45,G1,21.1,0.8426180126315697
45,G1,21.2,0.842891794737926
45,G1,21.3,0.8431652655559203
45,G1,21.4,0.8434384700210246
45,G1,21.5,0.8437113760182283
45,G1,21.6,0.8439839898559387
45,G1,21.7,0.8442563477847859
45,G1,21.8,0.8445283872650519
45,G1,21.9,0.8448001459190381
45,G1,22.0,0.845071631750472
45,G1,22.1,0.845342811077858
45,G1,22.2,0.8456137266811283
45,G1,22.3,0.8458843366272801
45,G1,22.4,0.8461546563950909
45,G1,22.5,0.8464247181312917
45,G1,22.6,0.8466944607168029
45,G1,22.7,0.846963926535323
45,G1,22.8,0.8472331097561036
45,G1,22.9,0.8475019914287882
45,G1,23.0,0.8477706116337874
45,G1,23.1,0.8480389202556898
45,G1,23.2,0.8483069402728106
45,G1,23.3,0.8485746988972954
45,G1,23.4,0.8488421397133316
45,G1,23.5,0.8491093067320427
45,G1,23.6,0.8493761832182021
45,G1,23.7,0.8496427612508005
45,G1,23.8,0.8499090801966214
45,G1,23.9,0.8501750820426165
45,G1,24.0,0.8504407969545886
45,G1,24.1,0.8507062462220221
45,G1,24.2,0.850971380222237
45,G1,24.3,0.8512362437868318
45,G1,24.4,0.8515008088494687
45,G1,24.5,0.8517650783551939
45,G1,24.6,0.852029089463479
45,G1,24.7,0.8522927800782415
45,G1,24.8,0.8525561858826587
45,G1,24.9,0.8528193197817877
45,G1,25.0,0.8530821425995438
45,G2,10.0,0.6804486964347345
45,G2,10.1,0.680831884120811
45,G2,10.2,0.6812149488658701
45,G2,10.3,0.6815978208133551
45,G2,10.4,0.6819805905700356
45,G2,10.5,0.6823631964329191
45,G2,10.6,0.6827456310958073
45,G2,10.7,0.6831279733020045
45,G2,10.8,0.6835101065716487
45,G2,10.9,0.6838921198695466
45,G2,11.0,0.6842739973109401
45,G2,11.1,0.6846556837295699
45,G2,11.2,0.685037268137463
45,G2,11.3,0.6854186741230568
45,G2,11.4,0.6857999168243278
45,G2,11.5,0.6861810576598676
45,G2,11.6,0.6865619854803681
45,G2,11.7,0.6869427970380398
45,G2,11.8,0.6873234600078966
45,G2,11.9,0.6877039337077034
45,G2,12.0,0.6880843044420607
45,G2,12.1,0.6884644833926991
45,G2,12.2,0.688844507675832
45,G2,12.3,0.6892244177590727
45,G2,12.4,0.6896041144455698
45,G2,12.5,0.6899836966394363
45,G2,12.6,0.6903631175818373
45,G2,12.7,0.690742352107776
45,G2,12.8,0.6911214824079166
45,G2,12.9,0.691500405524581
45,G2,13.0,0.6918791858893324
45,G2,13.1,0.6922578350052822
45,G2,13.2,0.6926362759062071
45,G2,13.3,0.6930146014098354
45,G2,13.4,0.6933927541528673
45,G2,13.5,0.6937707207557596
45,G2,13.6,0.6941485838310796
45,G2,13.7,0.6945262258027121
45,G2,13.8,0.6949037335902308
45,G2,13.9,0.6952810963303195
45,G2,14.0,0.6956582538339304
45,G2,14.1,0.6960352961653885
45,G2,14.2,0.6964121512255859
45,G2,14.3,0.6967888265010382
45,G2,14.4,0.697165391611745
45,G2,14.5,0.6975417294254002
45,G2,14.6,0.6979179374431936
45,G2,14.7,0.6982939879608592
45,G2,14.8,0.6986698347640867
45,G2,14.9,0.6990455661079502
45,G2,15.0,0.6994210967167805
45,G2,15.1,0.6997964563169131
45,G2,15.2,0.7001716943498307
45,G2,15.3,0.7005467031345696
45,G2,15.4,0.7009215848648128
45,G2,15.5,0.7012962964659464
45,G2,15.6,0.7016708076790402
45,G2,15.7,0.7020452016146077
45,G2,15.8,0.7024193801746523
45,G2,15.9,0.7027933990761627
45,G2,16.0,0.7031672800940711
45,G2,16.1,0.7035409370988434
45,G2,16.2,0.7039144658874539
45,G2,16.3,0.704287812790374
45,G2,16.4,0.7046609604844521
45,G2,16.5,0.7050339925130611
45,G2,16.6,0.7054067927953986
45,G2,16.7,0.7057794444233677
45,G2,16.8,0.7061519425438438
45,G2,16.9,0.7065242213348889
45,G2,17.0,0.7068963716039744
45,G2,17.1,0.7072683274129149
45,G2,17.2,0.7076400867076486
45,G2,17.3,0.7080117274640935
45,G2,17.4,0.7083831276969543
45,G2,17.5,0.7087543846942604
45,G2,17.6,0.7091254756253795
45,G2,17.7,0.7094963494166353
45,G2,17.8,0.7098670948924942
45,G2,17.9,0.7102376313638559
45,G2,18.0,0.7106079809154467
45,G2,18.1,0.7109782009872163
45,G2,18.2,0.7113481780972697
45,G2,18.3,0.7117180152162502
45,G2,18.4,0.7120876736627824
45,G2,18.5,0.7124571179519723
45,G2,18.6,0.7128264325422117
45,G2,18.7,0.7131955241693884
45,G2,18.8,0.7135644393040544
45,G2,18.9,0.7139332106591632
45,G2,19.0,0.7143017419127788
45,G2,19.1,0.7146701333276255
45,G2,19.2,0.7150383338792421
45,G2,19.3,0.7154063227723934
45,G2,19.4,0.7157741829365262
45,G2,19.5,0.7161418032411967
45,G2,19.6,0.7165092598755552
45,G2,19.7,0.7168765550096718
45,G2,19.8,0.7172436166754258
45,G2,19.9,0.7176105373332978
45,G2,20.0,0.7179772559336443
45,G2,20.1,0.7183437637073372
45,G2,20.2,0.7187101429218111
45,G2,20.3,0.7190762700698551
45,G2,20.4,0.7194422410893317
45,G2,20.5,0.7198080374127991
45,G2,20.6,0.7201736036403337
45,G2,20.7,0.7205390290084578
45,G2,20.8,0.720904237748064
45,G2,20.9,0.721269243968014
45,G2,21.0,0.7216341131085667
45,G2,21.1,0.7219987262551567
45,G2,21.2,0.7223631869078524
45,G2,21.3,0.7227274606857417
45,G2,21.4,0.7230915067383197
45,G2,21.5,0.7234554114621266
45,G2,21.6,0.7238190860732927
45,G2,21.7,0.7241825677326716
45,G2,21.8,0.7245458999081495
45,G2,21.9,0.7249089765930324
45,G2,22.0,0.7252719021160056
45,G2,22.1,0.725634628837738
45,G2,22.2,0.7259971315263474
45,G2,22.3,0.7263594920835434
45,G2,22.4,0.7267216065761877
45,G2,22.5,0.7270835414920854
45,G2,22.6,0.7274453087261048
45,G2,22.7,0.727806828038951
45,G2,22.8,0.728168194347684
45,G2,22.9,0.7285293510307314
45,G2,23.0,0.7288902840742234
45,G2,23.1,0.7292510775341492
45,G2,23.2,0.729611609499618
45,G2,23.3,0.7299719719743124
45,G2,23.4,0.730332152041114
45,G2,23.5,0.7306920892826871
45,G2,23.6,0.7310518734814859
45,G2,23.7,0.731411434075384
45,G2,23.8,0.7317707769358258
45,G2,23.9,0.7321299755373591
45,G2,24.0,0.732488905639399
45,G2,24.1,0.7328476709415543
45,G2,24.2,0.7332062418486885
45,G2,24.3,0.7335645725293243
45,G2,24.4,0.7339227500224104
45,G2,24.5,0.7342806904620408
45,G2,24.6,0.7346384230196968
45,G2,24.7,0.7349959998122526
45,G2,24.8,0.7353533071406536
45,G2,24.9,0.7357104521361777
45,G2,25.0,0.7360673907638233
46,G1,10.0,0.794242202153414
46,G1,10.1,0.794353981209457
46,G1,10.2,0.7944657272058945
46,G1,10.3,0.7945774413266523
46,G1,10.4,0.7946891132427795
46,G1,10.5,0.7948007511097936
46,G1,10.6,0.7949123628721715
46,G1,10.7,0.7950239491039617
46,G1,10.8,0.7951355035923945
46,G1,10.9,0.7952470269712407
46,G1,11.0,0.7953585175881047
46,G1,11.1,0.7954699677097222
46,G1,11.2,0.7955813810405771
46,G1,11.3,0.7956927655938563
46,G1,11.4,0.795804126091557
46,G1,11.5,0.7959154563459641
46,G1,11.6,0.7960267559723919
46,G1,11.7,0.7961380213076734
46,G1,11.8,0.7962492499788824
46,G1,11.9,0.7963604386450787
46,G1,12.0,0.796471596975583
46,G1,12.1,0.7965827305601181
46,G1,12.2,0.7966938361755341
46,G1,12.3,0.7968049099166805
46,G1,12.4,0.7969159498456115
46,G1,12.5,0.7970269569095293
46,G1,12.6,0.7971379214188823
46,G1,12.7,0.7972488532055357
46,G1,12.8,0.797359758869358
46,G1,12.9,0.7974706384623518
46,G1,13.0,0.797581485926719
46,G1,13.1,0.7976923011052809
46,G1,13.2,0.7978030839022596
46,G1,13.3,0.7979138253095525
46,G1,13.4,0.7980245303485747
46,G1,13.5,0.7981352076736778
46,G1,13.6,0.7982458602535263
46,G1,13.7,0.7983564814408154
46,G1,13.8,0.7984670720306517
46,G1,13.9,0.7985776285661761
46,G1,14.0,0.7986881460915373
46,G1,14.1,0.7987986249164766
46,G1,14.2,0.7989090737938761
46,G1,14.3,0.7990194982403774
46,G1,14.4,0.7991298935112408
46,G1,14.5,0.7992402570431391
46,G1,14.6,0.799350586344201
46,G1,14.7,0.7994608811788889
46,G1,14.8,0.7995711338957652
46,G1,14.9,0.7996813546521114
46,G1,15.0,0.7997915497751514
46,G1,15.1,0.7999017179054281
46,G1,15.2,0.800011853553996
46,G1,15.3,0.8001219559768855
46,G1,15.4,0.8002320260256637
46,G1,15.5,0.8003420537655809
46,G1,15.6,0.8004520460132765
46,G1,15.7,0.8005620113940998
46,G1,15.8,0.8006719511345303
46,G1,15.9,0.8007818588852044
46,G1,16.0,0.8008917353299901
46,G1,16.1,0.8010015781162363
46,G1,16.2,0.801111380362437
46,G1,16.3,0.801221144874483
46,G1,16.4,0.801330879595862
46,G1,16.5,0.8014405900289008
46,G1,16.6,0.8015502701978726
46,G1,16.7,0.8016599189742719
46,G1,16.8,0.8017695329714808
46,G1,16.9,0.8018791107454957
46,G1,17.0,0.8019886472326793
46,G1,17.1,0.8020981524439138
46,G1,17.2,0.802207632294057
46,G1,17.3,0.8023170842287367
46,G1,17.4,0.8024265037284897
46,G1,17.5,0.8025358890304083
46,G1,17.6,0.8026452415412825
46,G1,17.7,0.8027545507359175
46,G1,17.8,0.8028638259248152
46,G1,17.9,0.8029730745260796
46,G1,18.0,0.8030822968877683
46,G1,18.1,0.8031914866673923
46,G1,18.2,0.803300644192848
46,G1,18.3,0.8034097685593516
46,G1,18.4,0.8035188512812825
46,G1,18.5,0.8036278967035597
46,G1,18.6,0.8037369134094305
46,G1,18.7,0.8038459051772173
46,G1,18.8,0.8039548655745864
46,G1,18.9,0.8040637948416092
46,G1,19.0,0.8041726892888551
46,G1,19.1,0.8042815452030774
46,G1,19.2,0.8043903611219898
46,G1,19.3,0.8044991463717331
46,G1,19.4,0.8046079065584174
46,G1,19.5,0.8047166375308777
46,G1,19.6,0.8048253362969974
46,G1,19.7,0.8049340002294286
46,G1,19.8,0.8050426300713682
46,G1,19.9,0.8051512168247571
46,G1,20.0,0.8052597706035898
46,G1,20.1,0.8053682980107042
46,G1,20.2,0.8054767983602074
46,G1,20.3,0.8055852659411539
46,G1,20.4,0.8056937000518537
46,G1,20.5,0.8058021013321466
46,G1,20.6,0.8059104600981027
46,G1,20.7,0.8060187821970741
46,G1,20.8,0.8061270764836674
46,G1,20.9,0.8062353452193844
46,G1,21.0,0.8063435815895122
46,G1,21.1,0.806451786618083
46,G1,21.2,0.8065599570300277
46,G1,21.3,0.8066680870961157
46,G1,21.4,0.8067761782258854
46,G1,21.5,0.8068842389195023
46,G1,21.6,0.8069922749004212
46,G1,21.7,0.8071002806120047
46,G1,21.8,0.8072082541936257
46,G1,21.9,0.8073161926732055
46,G1,22.0,0.8074240952901648
46,G1,22.1,0.8075319554130113
46,G1,22.2,0.8076397834011404
46,G1,22.3,0.8077475853846711
46,G1,22.4,0.8078553595722752
46,G1,22.5,0.807963100624585
46,G1,22.6,0.8080708073152353
46,G1,22.7,0.8081784810241774
46,G1,22.8,0.8082861111600066
46,G1,22.9,0.8083937059286426
46,G1,23.0,0.8085012735631862
46,G1,23.1,0.8086088147613455
46,G1,23.2,0.8087163230707194
46,G1,23.3,0.808823799119171
46,G1,23.4,0.8089312412060262
46,G1,23.5,0.8090386415766551
46,G1,23.6,0.809146003750071
46,G1,23.7,0.809253336053928
46,G1,23.8,0.8093606434314545
46,G1,23.9,0.8094679194376297
46,G1,24.0,0.8095751637841181
46,G1,24.1,0.8096823725436522
46,G1,24.2,0.8097895435057268
46,G1,24.3,0.8098966730635977
46,G1,24.4,0.8100037711482323
46,G1,24.5,0.8101108435673244
46,G1,24.6,0.810217886991546
46,G1,24.7,0.8103248975047512
46,G1,24.8,0.8104318729264812
46,G1,24.9,0.8105388143951966
46,G1,25.0,0.8106457119562895
46,G2,10.0,0.6483120757974549
46,G2,10.1,0.6484503031309935
46,G2,10.2,0.6485885105509072
46,G2,10.3,0.6487266979679578
46,G2,10.4,0.6488648733795007
46,G2,10.5,0.6490030375536157
46,G2,10.6,0.6491412011428158
46,G2,10.7,0.6492793530686042
46,G2,10.8,0.6494174870026993
46,G2,10.9,0.6495555990661388
46,G2,11.0,0.6496936927960235
46,G2,11.1,0.6498317695122591
46,G2,11.2,0.6499698368595929
46,G2,11.3,0.6501078984364163
46,G2,11.4,0.6502459553035711
46,G2,11.5,0.6503839929101022
46,G2,11.6,0.6505220095493199
46,G2,11.7,0.6506600077000945
46,G2,11.8,0.6507979870585282
46,G2,11.9,0.6509359556535277
46,G2,12.0,0.6510739151655098
46,G2,12.1,0.6512118743818832
46,G2,12.2,0.6513498158733094
46,G2,12.3,0.6514877366014005
46,G2,12.4,0.6516256380288669
46,G2,12.5,0.6517635182197016
46,G2,12.6,0.6519013872705065
46,G2,12.7,0.6520392448790789
46,G2,12.8,0.6521771030998575
46,G2,12.9,0.6523149464894337
46,G2,13.0,0.6524527710749582
46,G2,13.1,0.6525905736178698
46,G2,13.2,0.6527283567213042
46,G2,13.3,0.6528661243061851
46,G2,13.4,0.6530038815754059
46,G2,13.5,0.6531416346088353
46,G2,13.6,0.6532793798679101
46,G2,13.7,0.6534171060371231
46,G2,13.8,0.6535548098360473
46,G2,13.9,0.6536924946497878
46,G2,14.0,0.6538301609175601
46,G2,14.1,0.6539678167006403
46,G2,14.2,0.6541054642835149
46,G2,14.3,0.6542431096992042
46,G2,14.4,0.6543807358860558
46,G2,14.5,0.6545183407201093
46,G2,14.6,0.6546559260474202
46,G2,14.7,0.6547934905407473
46,G2,14.8,0.654931043754825
46,G2,14.9,0.6550685855258089
46,G2,15.0,0.6552061284025922
46,G2,15.1,0.6553436540013471
46,G2,15.2,0.655481159432196
46,G2,15.3,0.6556186431689895
46,G2,15.4,0.6557561060699542
46,G2,15.5,0.6558935551281201
46,G2,15.6,0.6560309926504566
46,G2,15.7,0.6561684278668707
46,G2,15.8,0.6563058519706492
46,G2,15.9,0.6564432569342245
46,G2,16.0,0.656580638627366
46,G2,16.1,0.656718000601719
46,G2,16.2,0.6568553443099204
46,G2,16.3,0.6569926778069882
46,G2,16.4,0.657130004022694
46,G2,16.5,0.6572673260190544
46,G2,16.6,0.6574046275619629
46,G2,16.7,0.657541907051062
46,G2,16.8,0.6576791665460552
46,G2,16.9,0.6578164059717037
46,G2,17.0,0.6579536336869934
46,G2,17.1,0.6580908507037719
46,G2,17.2,0.6582280678083708
46,G2,17.3,0.6583652661998399
46,G2,17.4,0.658502443284005
46,G2,17.5,0.6586395987322482
46,G2,17.6,0.6587767320302782
46,G2,17.7,0.6589138531088445
46,G2,17.8,0.6590509617559508
46,G2,17.9,0.6591880697783996
46,G2,18.0,0.6593251632272245
46,G2,18.1,0.6594622373454908
46,G2,18.2,0.6595992871081875
46,G2,18.3,0.6597363167087871
46,G2,18.4,0.6598733290421456
46,G2,18.5,0.6600103307409747
46,G2,18.6,0.6601473262839492
46,G2,18.7,0.6602843148655249
46,G2,18.8,0.6604212828984205
46,G2,18.9,0.6605582275163767
46,G2,19.0,0.6606951517355995
46,G2,19.1,0.6608320561672116
46,G2,19.2,0.6609689491648709
46,G2,19.3,0.6611058323814215
46,G2,19.4,0.6612427137836667
46,G2,19.5,0.6613795752234272
46,G2,19.6,0.6615164142654997
46,G2,19.7,0.6616532320419506
46,G2,19.8,0.6617900273608684
46,G2,19.9,0.6619268107629708
46,G2,20.0,0.6620635814738891
46,G2,20.1,0.6622003526514242
46,G2,20.2,0.6623371063175116
46,G2,20.3,0.6624738393433938
46,G2,20.4,0.6626105484492589
46,G2,20.5,0.6627472360591705
46,G2,20.6,0.6628839079939804
46,G2,20.7,0.6630205680888813
46,G2,20.8,0.6631572240457356
46,G2,20.9,0.663293869592037
46,G2,21.0,0.6634304947832016
46,G2,21.1,0.6635670952414459
46,G2,21.2,0.6637036747969022
46,G2,21.3,0.6638402348796479
46,G2,21.4,0.6639767837992749
46,G2,21.5,0.6641133238904164
46,G2,21.6,0.6642498602335956
46,G2,21.7,0.6643863750853151
46,G2,21.8,0.6645228668671593
46,G2,21.9,0.6646593370620436
46,G2,22.0,0.6647957856496342
46,G2,22.1,0.6649322220642329
46,G2,22.2,0.6650686459353289
46,G2,22.3,0.6652050702657214
46,G2,22.4,0.6653414747175782
46,G2,22.5,0.6654778575719532
46,G2,22.6,0.6656142164988895
46,G2,22.7,0.6657505526470753
46,G2,22.8,0.6658868751598856
46,G2,22.9,0.6660231843022644
46,G2,23.0,0.66615949141199
46,G2,23.1,0.66629578454173
46,G2,23.2,0.6664320574160884
46,G2,23.3,0.6665683042639248
46,G2,23.4,0.6667045298963539
46,G2,23.5,0.66684073647694
46,G2,23.6,0.666976932010676
46,G2,23.7,0.667113119703099
46,G2,23.8,0.6672493012225723
46,G2,23.9,0.667385460629271
46,G2,24.0,0.6675215957838037
46,G2,24.1,0.6676577090359135
46,G2,24.2,0.6677938012428615
46,G2,24.3,0.6679298810850182
46,G2,24.4,0.6680659495323134
46,G2,24.5,0.6682020165537765
46,G2,24.6,0.6683380629167827
46,G2,24.7,0.6684740859323326
46,G2,24.8,0.6686100857865233
46,G2,24.9,0.668746061718833
46,G2,25.0,0.6688820249911055
47,G1,10.0,0.7832880533785168
47,G1,10.1,0.7838482266667716
47,G1,10.2,0.7844076804853616
47,G1,10.3,0.7849663938855872
47,G1,10.4,0.7855243685592792
47,G1,10.5,0.7860816143070116
47,G1,10.6,0.7866381004932256
47,G1,10.7,0.7871938637341891
47,G1,10.8,0.7877488809094498
47,G1,10.9,0.7883031481066939
47,G1,11.0,0.7888566819652373
47,G1,11.1,0.7894094559606749
47,G1,11.2,0.7899614937486508
47,G1,11.3,0.7905127840040477
47,G1,11.4,0.7910633101962498
47,G1,11.5,0.7916130998717367
47,G1,11.6,0.7921621316408786
47,G1,11.7,0.7927104095823403
47,G1,11.8,0.7932579414188873
47,G1,11.9,0.7938046972286208
47,G1,12.0,0.7943507144670326
47,G1,12.1,0.7948959692886275
47,G1,12.2,0.7954404582298688
47,G1,12.3,0.7959841985598801
47,G1,12.4,0.796527161243495
47,G1,12.5,0.797069374123372
47,G1,12.6,0.7976108220931457
47,G1,12.7,0.7981514919367686
47,G1,12.8,0.7986914095339938
47,G1,12.9,0.7992305523678616
47,G1,13.0,0.7997689277463645
47,G1,13.1,0.8003065410132423
47,G1,13.2,0.8008433631858257
47,G1,13.3,0.8013794321011414
47,G1,13.4,0.8019147233202976
47,G1,13.5,0.8024492342445926
47,G1,13.6,0.8029829821134591
47,G1,13.7,0.8035159359888
47,G1,13.8,0.804048127593445
47,G1,13.9,0.8045795378797406
47,G1,14.0,0.805110157279497
47,G1,14.1,0.8056400098735441
47,G1,14.2,0.8061690719962274
47,G1,14.3,0.8066973542183328
47,G1,14.4,0.8072248595763832
47,G1,14.5,0.8077515600182119
47,G1,14.6,0.8082774936838975
47,G1,14.7,0.8088026353099523
47,G1,14.8,0.8093269837116946
47,G1,14.9,0.8098505557423786
47,G1,15.0,0.810373318563856
47,G1,15.1,0.8108953074055029
47,G1,15.2,0.8114165006040193
47,G1,15.3,0.8119368909967304
47,G1,15.4,0.8124565012254501
47,G1,15.5,0.8129753064491566
47,G1,15.6,0.8134933206968497
47,G1,15.7,0.8140105442277871
47,G1,15.8,0.8145269505034509
47,G1,15.9,0.815042577499018
47,G1,16.0,0.8155573992798691
47,G1,16.1,0.8160714162715549
47,G1,16.2,0.816584644619489
47,G1,16.3,0.8170970497561392
47,G1,16.4,0.8176086703245478
47,G1,16.5,0.8181194823857146
47,G1,16.6,0.8186294808220091
47,G1,16.7,0.8191386870934055
47,G1,16.8,0.8196470749442185
47,G1,16.9,0.8201546621245114
47,G1,17.0,0.8206614458483309
47,G1,17.1,0.8211674012374836
47,G1,17.2,0.8216725659449164
47,G1,17.3,0.8221769134456112
47,G1,17.4,0.8226804459536848
47,G1,17.5,0.8231831784653878
47,G1,17.6,0.8236850753337169
47,G1,17.7,0.8241861783247891
47,G1,17.8,0.8246864609995997
47,G1,17.9,0.8251859203791901
47,G1,18.0,0.825684576856367
47,G1,18.1,0.8261824027007494
47,G1,18.2,0.8266794196127243
47,G1,18.3,0.8271756213114396
47,G1,18.4,0.8276709851196987
47,G1,18.5,0.8281655477905264
47,G1,18.6,0.8286592824706727
47,G1,18.7,0.8291521934590719
47,G1,18.8,0.82964429396942
47,G1,18.9,0.830135548249838
47,G1,19.0,0.8306260000354011
47,G1,19.1,0.831115621349786
47,G1,19.2,0.8316044106156864
47,G1,19.3,0.8320923874975834
47,G1,19.4,0.8325795225705941
47,G1,19.5,0.8330658421210899
47,G1,19.6,0.8335513356920411
47,G1,19.7,0.8340359832954068
47,G1,19.8,0.8345198202762882
47,G1,19.9,0.8350028197853318
47,G1,20.0,0.8354849882088276
47,G1,20.1,0.8359663367074924
47,G1,20.2,0.8364468300194714
47,G1,20.3,0.8369265131636774
47,G1,20.4,0.8374053570370623
47,G1,20.5,0.8378833609363444
47,G1,20.6,0.8383605448557272
47,G1,20.7,0.8388368768410615
47,G1,20.8,0.8393123876898488
47,G1,20.9,0.8397870629750275
47,G1,21.0,0.8402608860209694
47,G1,21.1,0.8407338899783998
47,G1,21.2,0.8412060480350374
47,G1,21.3,0.8416773690580893
47,G1,21.4,0.8421478615235528
47,G1,21.5,0.8426174917669508
47,G1,21.6,0.8430863049261543
47,G1,21.7,0.8435542714627797
47,G1,21.8,0.8440213912621357
47,G1,21.9,0.8444876846399745
47,G1,22.0,0.8449531173733962
47,G1,22.1,0.8454177244916591
47,G1,22.2,0.8458814873803253
47,G1,22.3,0.8463443934033323
47,G1,22.4,0.8468064733545679
47,G1,22.5,0.8472676995695295
47,G1,22.6,0.8477280844359336
47,G1,22.7,0.8481876333244034
47,G1,22.8,0.8486463144165158
47,G1,22.9,0.8491041725358038
47,G1,23.0,0.8495611778519025
47,G1,23.1,0.8500173311780529
47,G1,23.2,0.8504726524934811
47,G1,23.3,0.8509271060778264
47,G1,23.4,0.851380730664037
47,G1,23.5,0.8518335033946658
47,G1,23.6,0.8522854160055565
47,G1,23.7,0.8527364967693892
47,G1,23.8,0.8531867172315052
47,G1,23.9,0.8536360931373596
47,G1,24.0,0.8540846270694707
47,G1,24.1,0.8545322889125156
47,G1,24.2,0.8549791230648833
47,G1,24.3,0.8554250992185092
47,G1,24.4,0.8558702197085094
47,G1,24.5,0.8563145037323672
47,G1,24.6,0.8567579141461606
47,G1,24.7,0.8572004929651923
47,G1,24.8,0.8576422143984689
47,G1,24.9,0.858083073246791
47,G1,25.0,0.8585230957663492
47,G2,10.0,0.6366544564315887
47,G2,10.1,0.6373344209498535
47,G2,10.2,0.6380141457878662
47,G2,10.3,0.6386935684869669
47,G2,10.4,0.6393726771819488
47,G2,10.5,0.6400515482993929
47,G2,10.6,0.640730080548033
47,G2,10.7,0.6414083411495368
47,G2,10.8,0.642086315970372
47,G2,10.9,0.6427639492891608
47,G2,11.0,0.6434413400743094
47,G2,11.1,0.6441183863866734
47,G2,11.2,0.6447951246177722
47,G2,11.3,0.6454715887216479
47,G2,11.4,0.6461476954311245
47,G2,11.5,0.6468235384480697
47,G2,11.6,0.6474990445671833
47,G2,11.7,0.6481742058831906
47,G2,11.8,0.6488491026845018
47,G2,11.9,0.6495236261417818
47,G2,12.0,0.6501978531960313
47,G2,12.1,0.6508717616778461
47,G2,12.2,0.6515452959369447
47,G2,12.3,0.6522185635125795
47,G2,12.4,0.6528914512224593
47,G2,12.5,0.6535640030866943
47,G2,12.6,0.6542362517666253
47,G2,12.7,0.6549081092533007
47,G2,12.8,0.655579679493691
47,G2,12.9,0.6562508777454163
47,G2,13.0,0.6569217023397785
47,G2,13.1,0.6575922347953581
47,G2,13.2,0.6582623598820401
47,G2,13.3,0.658932164751744
47,G2,13.4,0.6596016177559988
47,G2,13.5,0.6602706647689072
47,G2,13.6,0.6609394209780656
47,G2,13.7,0.6616077625114722
47,G2,13.8,0.6622757410776996
47,G2,13.9,0.6629433874380974
47,G2,14.0,0.6636106091715757
47,G2,14.1,0.6642775207034058
47,G2,14.2,0.6649440251173775
47,G2,14.3,0.6656101281730128
47,G2,14.4,0.6662759110455284
47,G2,14.5,0.6669412537933964
47,G2,14.6,0.6676062530584347
47,G2,14.7,0.6682708668697933
47,G2,14.8,0.6689350436676674
47,G2,14.9,0.6695989054252176
47,G2,15.0,0.6702623184730897
47,G2,15.1,0.670925342853188
47,G2,15.2,0.6715880055769434
47,G2,15.3,0.6722502106683472
47,G2,15.4,0.672912083378854
47,G2,15.5,0.6735735138403343
47,G2,15.6,0.6742345162804055
47,G2,15.7,0.6748951705183887
47,G2,15.8,0.6755553524026714
47,G2,15.9,0.6762151686105768
47,G2,16.0,0.6768745654975165
47,G2,16.1,0.6775334952713291
47,G2,16.2,0.6781920854357568
47,G2,16.3,0.678850193547653
47,G2,16.4,0.679507889676554
47,G2,16.5,0.6801651937721177
47,G2,16.6,0.6808220077203048
47,G2,16.7,0.681478467077186
47,G2,16.8,0.6821344508227843
47,G2,16.9,0.6827899801171072
47,G2,17.0,0.6834451332787961
47,G2,17.1,0.6840997824447789
47,G2,17.2,0.6847540445396485
47,G2,17.3,0.6854078537147203
47,G2,17.4,0.6860611666403345
47,G2,17.5,0.6867141153335132
47,G2,17.6,0.6873665494978313
47,G2,17.7,0.6880185494383414
47,G2,17.8,0.6886701269728442
47,G2,17.9,0.6893211823964738
47,G2,18.0,0.6899718617794787
47,G2,18.1,0.6906220325255465
47,G2,18.2,0.6912717234175314
47,G2,18.3,0.6919210103982905
47,G2,18.4,0.6925697623873036
47,G2,18.5,0.6932181063101795
47,G2,18.6,0.693865964572547
47,G2,18.7,0.694513298735791
47,G2,18.8,0.6951602439020419
47,G2,18.9,0.695806642567156
47,G2,19.0,0.6964525860866851
47,G2,19.1,0.6970980769027115
47,G2,19.2,0.6977430142557827
47,G2,19.3,0.6983875549627739
47,G2,19.4,0.6990315543257712
47,G2,19.5,0.699675049542355
47,G2,19.6,0.7003181132848533
47,G2,19.7,0.7009606117428512
47,G2,19.8,0.7016026821914955
47,G2,19.9,0.7022442343791427
47,G2,20.0,0.7028852356786092
47,G2,20.1,0.7035258235086725
47,G2,20.2,0.7041658335635101
47,G2,20.3,0.7048053688316693
47,G2,20.4,0.705444421018345
47,G2,20.5,0.7060828895139879
47,G2,20.6,0.7067209414109723
47,G2,20.7,0.7073584194716986
47,G2,20.8,0.7079953703511357
47,G2,20.9,0.7086318627730066
47,G2,21.0,0.709267760139495
47,G2,21.1,0.7099032106346983
47,G2,21.2,0.7105381101688177
47,G2,21.3,0.7111724337600891
47,G2,21.4,0.7118063192071991
47,G2,21.5,0.7124395968289174
47,G2,21.6,0.7130723810945576
47,G2,21.7,0.7137046514593675
47,G2,21.8,0.7143363099511257
47,G2,21.9,0.7149675321454763
47,G2,22.0,0.7155981481927911
47,G2,22.1,0.7162282154570966
47,G2,22.2,0.7168577979458448
47,G2,22.3,0.7174867561210333
47,G2,22.4,0.7181152492763978
47,G2,22.5,0.7187431587137044
47,G2,22.6,0.7193704700229807
47,G2,22.7,0.7199973180275866
47,G2,22.8,0.7206235289286222
47,G2,22.9,0.7212492291742459
47,G2,23.0,0.7218743844898758
47,G2,23.1,0.7224989015320487
47,G2,23.2,0.7231229626331717
47,G2,23.3,0.7237463865205741
47,G2,23.4,0.724369240907624
47,G2,23.5,0.7249915846619911
47,G2,23.6,0.7256132756501457
47,G2,23.7,0.7262344842032373
47,G2,23.8,0.7268550768100336
47,G2,23.9,0.727475050726688
47,G2,24.0,0.7280945360935183
47,G2,24.1,0.7287133570330937
47,G2,24.2,0.7293316506046736
47,G2,24.3,0.7299493679187781
47,G2,24.4,0.730566422714005
47,G2,24.5,0.7311830013418764
47,G2,24.6,0.7317989132668603
47,G2,24.7,0.7324142368732539
47,G2,24.8,0.7330290237618609
47,G2,24.9,0.7336431302889396
47,G2,25.0,0.7342567380407297
48,G1,10.0,0.8096227592957507
48,G1,10.1,0.8099498189771397
48,G1,10.2,0.8102765749849107
48,G1,10.3,0.8106030196714017
48,G1,10.4,0.8109291529185911
48,G1,10.5,0.8112549793664563
48,G1,10.6,0.8115804823386427
48,G1,10.7,0.8119056818596474
48,G1,10.8,0.8122305655819949
48,G1,10.9,0.8125551379058211
48,G1,11.0,0.8128794013498888
48,G1,11.1,0.8132033428476317
48,G1,11.2,0.8135269774874277
48,G1,11.3,0.813850294710305
48,G1,11.4,0.8141733014822023
48,G1,11.5,0.8144959974305294
48,G1,11.6,0.8148183723599118
48,G1,11.7,0.8151404369873715
48,G1,11.8,0.8154621805753419
48,G1,11.9,0.8157836149188163
48,G1,12.0,0.8161047372154819
48,G1,12.1,0.8164255416943637
48,G1,12.2,0.816746032791347
48,G1,12.3,0.817066196947999
48,G1,12.4,0.8173860535256996
48,G1,12.5,0.8177055958967832
48,G1,12.6,0.8180248206067895
48,G1,12.7,0.8183437332892814
48,G1,12.8,0.818662317120204
48,G1,12.9,0.8189805913047867
48,G1,13.0,0.8192985480139074
48,G1,13.1,0.8196161872388714
48,G1,13.2,0.8199335143296886
48,G1,13.3,0.8202505118636864
48,G1,13.4,0.8205672001098056
48,G1,13.5,0.8208835671001213
48,G1,13.6,0.8211996166996655
48,G1,13.7,0.8215153518978632
48,G1,13.8,0.8218307594529396
48,G1,13.9,0.8221458543029483
48,G1,14.0,0.8224606261947194
48,G1,14.1,0.8227750818653354
48,G1,14.2,0.8230892218528292
48,G1,14.3,0.8234030351459984
48,G1,14.4,0.8237165324719797
48,G1,14.5,0.8240297029232702
48,G1,14.6,0.824342558797982
48,G1,14.7,0.8246550974994619
48,G1,14.8,0.8249673129122826
48,G1,14.9,0.8252792103543966
48,G1,15.0,0.8255907747218368
48,G1,15.1,0.8259020262050174
48,G1,15.2,0.8262129584337922
48,G1,15.3,0.8265235675082919
48,G1,15.4,0.8268338598987809
48,G1,15.5,0.8271438181202033
48,G1,15.6,0.8274534617716052
48,G1,15.7,0.8277627824551567
48,G1,15.8,0.828071780485995
48,G1,15.9,0.828380461742455
48,G1,16.0,0.8286888083417061
48,G1,16.1,0.8289968405801555
48,G1,16.2,0.8293045468067872
48,G1,16.3,0.8296119306067591
48,G1,16.4,0.8299189952862449
48,G1,16.5,0.8302257274454543
48,G1,16.6,0.8305321418942427
48,G1,16.7,0.8308382285747992
48,G1,16.8,0.8311439941187352
48,G1,16.9,0.831449439849377
48,G1,17.0,0.8317545542282565
48,G1,17.1,0.8320593477231204
48,G1,17.2,0.8323638093138365
48,G1,17.3,0.8326679517898368
48,G1,17.4,0.8329717727804731
48,G1,17.5,0.8332752658296052
48,G1,17.6,0.8335784370578405
48,G1,17.7,0.8338812701127786
48,G1,17.8,0.8341837856939082
48,G1,17.9,0.8344859777845771
48,G1,18.0,0.8347878420647445
48,G1,18.1,0.8350893857583117
48,G1,18.2,0.8353905908474135
48,G1,18.3,0.8356914773363182
48,G1,18.4,0.8359920360945958
48,G1,18.5,0.8362922678705786
48,G1,18.6,0.8365921789556099
48,G1,18.7,0.8368917512815038
48,G1,18.8,0.8371910048897163
48,G1,18.9,0.8374899285444504
48,G1,19.0,0.8377885256458016
48,G1,19.1,0.8380867996281061
48,G1,19.2,0.8383847371375843
48,G1,19.3,0.8386823527148617
48,G1,19.4,0.8389796364792652
48,G1,19.5,0.8392765950946831
48,G1,19.6,0.8395732304096245
48,G1,19.7,0.8398695307652834
48,G1,19.8,0.8401655060853355
48,G1,19.9,0.8404611452899062
48,G1,20.0,0.8407564616319488
48,G1,20.1,0.8410514530253169
48,G1,20.2,0.8413461125053573
48,G1,20.3,0.8416404472217346
48,G1,20.4,0.841934439711194
48,G1,20.5,0.8422281107487972
48,G1,20.6,0.8425214549399083
48,G1,20.7,0.8428144674366288
48,G1,20.8,0.8431071562312502
48,G1,20.9,0.8433995029202602
48,G1,21.0,0.8436915277223819
48,G1,21.1,0.8439832209706811
48,G1,21.2,0.844274583642329
48,G1,21.3,0.8445656225025252
48,G1,21.4,0.8448563193776154
48,G1,21.5,0.845146693936298
48,G1,21.6,0.8454367354462557
48,G1,21.7,0.8457264471269874
48,G1,21.8,0.8460158325356895
48,G1,21.9,0.846304878292144
48,G1,22.0,0.8465935987784605
48,G1,22.1,0.8468819841326745
48,G1,22.2,0.8471700412244879
48,G1,22.3,0.8474577722474893
48,G1,22.4,0.8477451656678472
48,G1,22.5,0.8480322306975336
48,G1,22.6,0.8483189560866945
48,G1,22.7,0.8486053558188007
48,G1,22.8,0.8488914279543295
48,G1,22.9,0.8491771649636045
48,G1,23.0,0.8494625750299821
48,G1,23.1,0.8497476398861197
48,G1,23.2,0.8500323800000489
48,G1,23.3,0.8503167906728019
48,G1,23.4,0.8506008666007421
48,G1,23.5,0.8508846165924636
48,G1,23.6,0.8511680217205919
48,G1,23.7,0.8514511024775867
48,G1,23.8,0.8517338487459277
48,G1,23.9,0.8520162617410132
48,G1,24.0,0.8522983485051996
48,G1,24.1,0.8525800909575597
48,G1,24.2,0.8528615082532608
48,G1,24.3,0.8531425902295816
48,G1,24.4,0.8534233398868323
48,G1,24.5,0.8537037610205598
48,G1,24.6,0.853983840090997
48,G1,24.7,0.8542635914204638
48,G1,24.8,0.8545430050311386
48,G1,24.9,0.8548220881538757
48,G1,25.0,0.8551008431580828
48,G2,10.0,0.6802249195561114
48,G2,10.1,0.6806363703074187
48,G2,10.2,0.6810476629664804
48,G2,10.3,0.681458784837347
48,G2,10.4,0.6818697285501532
48,G2,10.5,0.682280514992207
48,G2,10.6,0.6826911086355208
48,G2,10.7,0.6831015385172167
48,G2,10.8,0.6835117952257914
48,G2,10.9,0.6839218731739636
48,G2,11.0,0.6843317857412938
48,G2,11.1,0.6847415052214492
48,G2,11.2,0.6851510642192705
48,G2,11.3,0.6855604408577064
48,G2,11.4,0.6859696410004452
48,G2,11.5,0.6863786667186026
48,G2,11.6,0.6867874995226332
48,G2,11.7,0.6871961728400476
48,G2,11.8,0.6876046538580545
48,G2,11.9,0.6880129616728708
48,G2,12.0,0.6884210913201059
48,G2,12.1,0.6888290262831931
48,G2,12.2,0.6892368009540983
48,G2,12.3,0.6896443740356489
48,G2,12.4,0.6900517744043188
48,G2,12.5,0.6904589935886345
48,G2,12.6,0.6908660200748481
48,G2,12.7,0.6912728827974202
48,G2,12.8,0.6916795358231798
48,G2,12.9,0.6920860155937857
48,G2,13.0,0.6924923113626426
48,G2,13.1,0.6928984154674158
48,G2,13.2,0.693304346881286
48,G2,13.3,0.6937100727320481
48,G2,13.4,0.6941156199109701
48,G2,13.5,0.6945209805310731
48,G2,13.6,0.6949261483177298
48,G2,13.7,0.6953311359187405
48,G2,13.8,0.6957359173621297
48,G2,13.9,0.6961405238165846
48,G2,14.0,0.6965449341171231
48,G2,14.1,0.6969491546803758
48,G2,14.2,0.6973531857344073
48,G2,14.3,0.6977570111015866
48,G2,14.4,0.6981606625415642
48,G2,14.5,0.6985641079021516
48,G2,14.6,0.6989673659398536
48,G2,14.7,0.6993704321551741
48,G2,14.8,0.6997732906496501
48,G2,14.9,0.7001759745170362
48,G2,15.0,0.7005784428345355
48,G2,15.1,0.700980724233504
48,G2,15.2,0.7013828110710632
48,G2,15.3,0.7017846923908834
48,G2,15.4,0.702186395264617
48,G2,15.5,0.7025878756341485
48,G2,15.6,0.7029891674808333
48,G2,15.7,0.703390262745341
48,G2,15.8,0.7037911531996353
48,G2,15.9,0.7041918559365775
48,G2,16.0,0.7045923407797295
48,G2,16.1,0.7049926327025333
48,G2,16.2,0.7053927250547501
48,G2,16.3,0.7057926108426194
48,G2,16.4,0.7061923021244977
48,G2,16.5,0.7065917746480985
48,G2,16.6,0.7069910581662996
48,G2,16.7,0.7073901321885294
48,G2,16.8,0.7077890034822532
48,G2,16.9,0.7081876710062823
48,G2,17.0,0.7085861203743602
48,G2,17.1,0.708984381845376
48,G2,17.2,0.7093824239062845
48,G2,17.3,0.7097802649255297
48,G2,17.4,0.7101779009187233
48,G2,17.5,0.7105753168843629
48,G2,17.6,0.7109725441983912
48,G2,17.7,0.711369542478875
48,G2,17.8,0.7117663400339314
48,G2,17.9,0.7121629302117624
48,G2,18.0,0.7125593024846044
48,G2,18.1,0.7129554818461327
48,G2,18.2,0.7133514270838658
48,G2,18.3,0.7137471685049023
48,G2,18.4,0.7141427014065231
48,G2,18.5,0.7145380167658549
48,G2,18.6,0.7149331298290834
48,G2,18.7,0.7153280131992099
48,G2,18.8,0.7157226899824298
48,G2,18.9,0.7161171546640303
48,G2,19.0,0.7165113994340369
48,G2,19.1,0.7169054359117476
48,G2,19.2,0.7172992415388126
48,G2,19.3,0.7176928446768661
48,G2,19.4,0.7180862254775537
48,G2,19.5,0.7184793908720538
48,G2,19.6,0.7188723390537177
48,G2,19.7,0.7192650569795384
48,G2,19.8,0.7196575735533463
48,G2,19.9,0.7200498578824384
48,G2,20.0,0.7204419278930406
48,G2,20.1,0.7208337802155041
48,G2,20.2,0.7212254008750842
48,G2,20.3,0.7216168192616041
48,G2,20.4,0.7220079956548797
48,G2,20.5,0.7223989579561146
48,G2,20.6,0.7227897006678946
48,G2,20.7,0.7231802135776865
48,G2,20.8,0.7235705194250414
48,G2,20.9,0.7239605805894331
48,G2,21.0,0.7243504227599313
48,G2,21.1,0.724740045154989
48,G2,21.2,0.725129437726816
48,G2,21.3,0.7255186139236258
48,G2,21.4,0.7259075492009541
48,G2,21.5,0.7262962648321186
48,G2,21.6,0.7266847560265961
48,G2,21.7,0.7270730150574327
48,G2,21.8,0.7274610522552201
48,G2,21.9,0.7278488470546963
48,G2,22.0,0.7282364264547534
48,G2,22.1,0.7286237712227766
48,G2,22.2,0.7290108881367942
48,G2,22.3,0.7293977754931613
48,G2,22.4,0.7297844207814049
48,G2,22.5,0.7301708518195011
48,G2,22.6,0.7305570383191502
48,G2,22.7,0.7309429977048396
48,G2,22.8,0.7313287273744258
48,G2,22.9,0.7317142143464742
48,G2,23.0,0.732099485922711
48,G2,23.1,0.7324845031148371
48,G2,23.2,0.7328692933285026
48,G2,23.3,0.7332538523836356
48,G2,23.4,0.7336381702634607
48,G2,23.5,0.7340222673964469
48,G2,23.6,0.7344061101687134
48,G2,23.7,0.7347897190416209
48,G2,23.8,0.7351730975989976
48,G2,23.9,0.7355562343191493
48,G2,24.0,0.7359391415743295
48,G2,24.1,0.7363217970690467
48,G2,24.2,0.7367042205024442
48,G2,24.3,0.737086407687001
48,G2,24.4,0.7374683510188912
48,G2,24.5,0.7378500595525134
48,G2,24.6,0.7382315147190183
48,G2,24.7,0.7386127421867037
48,G2,24.8,0.7389937233181031
48,G2,24.9,0.7393744645900877
48,G2,25.0,0.7397549647401205
49,G1,10.0,0.8100405501504473
49,G1,10.1,0.8106776556023194
49,G1,10.2,0.8113135866531933
49,G1,10.3,0.8119483349458434
49,G1,10.4,0.812581915532162
49,G1,10.5,0.8132143164649739
49,G1,10.6,0.8138455312469002
49,G1,10.7,0.8144755642276168
49,G1,10.8,0.8151044082958704
49,G1,10.9,0.8157320627653477
49,G1,11.0,0.8163585414238216
49,G1,11.1,0.8169838239535977
49,G1,11.2,0.817607912740067
49,G1,11.3,0.818230811403163
49,G1,11.4,0.8188525083696664
49,G1,11.5,0.8194730096022014
49,G1,11.6,0.8200923240892576
49,G1,11.7,0.8207104307245229
49,G1,11.8,0.8213273357659001
49,G1,11.9,0.8219430407483137
49,G1,12.0,0.8225575330040259
49,G1,12.1,0.8231708251987286
49,G1,12.2,0.8237829177850473
49,G1,12.3,0.824393793963144
49,G1,12.4,0.8250034600418985
49,G1,12.5,0.8256119157193721
49,G1,12.6,0.8262191504072408
49,G1,12.7,0.8268251803023562
49,G1,12.8,0.8274299973278649
49,G1,12.9,0.8280335908978738
49,G1,13.0,0.8286359670453775
49,G1,13.1,0.8292371212631048
49,G1,13.2,0.8298370493430174
49,G1,13.3,0.8304357667468535
49,G1,13.4,0.8310332572330039
49,G1,13.5,0.8316295193836486
49,G1,13.6,0.8322245580654241
49,G1,13.7,0.8328183633735918
49,G1,13.8,0.8334109384403432
49,G1,13.9,0.8340022966572486
49,G1,14.0,0.8345924154838699
49,G1,14.1,0.835181301009558
49,G1,14.2,0.8357689565408666
49,G1,14.3,0.836355369184952
49,G1,14.4,0.8369405491881073
49,G1,14.5,0.8375245021796883
49,G1,14.6,0.8381072089838765
49,G1,14.7,0.8386886768252815
49,G1,14.8,0.8392689068241069
49,G1,14.9,0.8398478866062394
49,G1,15.0,0.8404256321970628
49,G1,15.1,0.8410021401994795
49,G1,15.2,0.841577396713911
49,G1,15.3,0.8421514084184364
49,G1,15.4,0.8427241743106364
49,G1,15.5,0.8432956857789528
49,G1,15.6,0.8438659599979575
49,G1,15.7,0.8444349856992588
49,G1,15.8,0.8450027569131443
49,G1,15.9,0.8455692791887658
49,G1,16.0,0.846134545781639
49,G1,16.1,0.8466985564968407
49,G1,16.2,0.8472613270469967
49,G1,16.3,0.8478228373594485
49,G1,16.4,0.8483830907733318
49,G1,16.5,0.8489420920999193
49,G1,16.6,0.8494998297245884
49,G1,16.7,0.8500563106410122
49,G1,16.8,0.8506115455687298
49,G1,16.9,0.8511655134687918
49,G1,17.0,0.8517182218123233
49,G1,17.1,0.8522696731916893
49,G1,17.2,0.8528198546703721
49,G1,17.3,0.8533687804769938
49,G1,17.4,0.8539164523891272
49,G1,17.5,0.8544628538458533
49,G1,17.6,0.8550079923092369
49,G1,17.7,0.8555518684725654
49,G1,17.8,0.8560944714856421
49,G1,17.9,0.8566358193535484
49,G1,18.0,0.8571759049836664
49,G1,18.1,0.8577147183057432
49,G1,18.2,0.8582522664287509
49,G1,18.3,0.8587885455089649
49,G1,18.4,0.8593235515771215
49,G1,18.5,0.8598573017639201
49,G1,18.6,0.8603897805598989
49,G1,18.7,0.8609209873065652
49,G1,18.8,0.8614509279778875
49,G1,18.9,0.8619795929462561
49,G1,19.0,0.8625069860467275
49,G1,19.1,0.8630331222599852
49,G1,19.2,0.8635579795165845
49,G1,19.3,0.8640815649016561
49,G1,19.4,0.8646038827779056
49,G1,19.5,0.8651249202522538
49,G1,19.6,0.8656446887053318
49,G1,19.7,0.8661631951621439
49,G1,19.8,0.8666804208917164
49,G1,19.9,0.8671963741702539
49,G1,20.0,0.8677110570926604
49,G1,20.1,0.8682244572047364
49,G1,20.2,0.8687365919448351
49,G1,20.3,0.8692474590636156
49,G1,20.4,0.8697570452477037
49,G1,20.5,0.8702653581683717
49,G1,20.6,0.8707723976837607
49,G1,20.7,0.8712781552052549
49,G1,20.8,0.8717826493798475
49,G1,20.9,0.8722858699613711
49,G1,21.0,0.8727878116835711
49,G1,21.1,0.8732884810596271
49,G1,21.2,0.8737878719017265
49,G1,21.3,0.8742859844802431
49,G1,21.4,0.874782835831603
49,G1,21.5,0.8752784067775458
49,G1,21.6,0.8757727014565105
49,G1,21.7,0.8762657256592953
49,G1,21.8,0.8767574680882886
49,G1,21.9,0.8772479364862409
49,G1,22.0,0.8777371428691176
49,G1,22.1,0.8782250669533935
49,G1,22.2,0.8787117171175765
49,G1,22.3,0.8791970968683438
49,G1,22.4,0.8796811934116463
49,G1,22.5,0.8801640219989378
49,G1,22.6,0.880645585601301
49,G1,22.7,0.8811258684321751
49,G1,22.8,0.8816048787916814
49,G1,22.9,0.8820826182900086
49,G1,23.0,0.8825590761537443
49,G1,23.1,0.8830342715204443
49,G1,23.2,0.8835081984563996
49,G1,23.3,0.8839808477035858
49,G1,23.4,0.8844522271522647
49,G1,23.5,0.8849223336937603
49,G1,23.6,0.8853911636982003
49,G1,23.7,0.8858587353131262
49,G1,23.8,0.886325034220085
49,G1,23.9,0.8867900604937428
49,G1,24.0,0.8872538209545578
49,G1,24.1,0.8877163065229697
49,G1,24.2,0.8881775215605058
49,G1,24.3,0.8886374820562187
49,G1,24.4,0.8890961670950619
49,G1,24.5,0.8895535844605309
49,G1,24.6,0.8900097393600043
49,G1,24.7,0.8904646192895558
49,G1,24.8,0.8909182363223921
49,G1,24.9,0.8913705985592946
49,G1,25.0,0.8918216882858269
49,G2,10.0,0.7387546933400414
49,G2,10.1,0.7394998132196389
49,G2,10.2,0.7402440257763836
49,G2,10.3,0.7409873210932449
49,G2,10.4,0.7417297165272119
49,G2,10.5,0.7424711719594881
49,G2,10.6,0.7432116987185018
49,G2,10.7,0.743951313951058
49,G2,10.8,0.7446899967567358
49,G2,10.9,0.7454277487362757
49,G2,11.0,0.7461645798725001
49,G2,11.1,0.7469004437111202
49,G2,11.2,0.7476353700536491
49,G2,11.3,0.7483693654131022
49,G2,11.4,0.7491024045318019
49,G2,11.5,0.7498345014049091
49,G2,11.6,0.7505656500804296
49,G2,11.7,0.7512958129879788
49,G2,11.8,0.7520250259276668
49,G2,11.9,0.7527532875274265
49,G2,12.0,0.7534805736822785
49,G2,12.1,0.7542069035250468
49,G2,12.2,0.7549322566431658
49,G2,12.3,0.7556566108583499
49,G2,12.4,0.7563800005605062
49,G2,12.5,0.7571024170411551
49,G2,12.6,0.7578238409256576
49,G2,12.7,0.7585442956504427
49,G2,12.8,0.7592637413618033
49,G2,12.9,0.7599821825139738
49,G2,13.0,0.7606996432448816
49,G2,13.1,0.761416103944945
49,G2,13.2,0.7621315620577804
49,G2,13.3,0.7628460329689735
49,G2,13.4,0.7635594679789779
49,G2,13.5,0.7642718920878024
49,G2,13.6,0.7649833183294243
49,G2,13.7,0.7656937213844446
49,G2,13.8,0.7664031123819695
49,G2,13.9,0.7671114930523577
49,G2,14.0,0.767818816825089
49,G2,14.1,0.7685251217192618
49,G2,14.2,0.7692304107209652
49,G2,14.3,0.769934657985658
49,G2,14.4,0.7706378825785252
49,G2,14.5,0.7713400690550625
49,G2,14.6,0.7720411860448098
49,G2,14.7,0.7727412729986346
49,G2,14.8,0.7734403258255178
49,G2,14.9,0.7741383192214263
49,G2,15.0,0.7748352792072335
49,G2,15.1,0.7755311728620786
49,G2,15.2,0.7762259891367547
49,G2,15.3,0.7769197635993257
49,G2,15.4,0.7776124793207443
49,G2,15.5,0.7783041268902031
49,G2,15.6,0.7789947268052958
49,G2,15.7,0.7796842318230934
49,G2,15.8,0.780372657853107
49,G2,15.9,0.7810600261148242
49,G2,16.0,0.7817463138410115
49,G2,16.1,0.782431525116126
49,G2,16.2,0.7831156710439496
49,G2,16.3,0.7837986980650109
49,G2,16.4,0.784480643295814
49,G2,16.5,0.7851615154809005
49,G2,16.6,0.7858412870165291
49,G2,16.7,0.7865199758581896
49,G2,16.8,0.7871975745304641
49,G2,16.9,0.7878740406574234
49,G2,17.0,0.7885494177825615
49,G2,17.1,0.7892237055015916
49,G2,17.2,0.7898968779452672
49,G2,17.3,0.7905689582590826
49,G2,17.4,0.7912399223639341
49,G2,17.5,0.7919097464815568
49,G2,17.6,0.7925784718721276
49,G2,17.7,0.7932460897863223
49,G2,17.8,0.7939125801819478
49,G2,17.9,0.7945779702438398
49,G2,18.0,0.795242213988847
49,G2,18.1,0.7959053189153458
49,G2,18.2,0.7965673136351451
49,G2,18.3,0.7972281774375408
49,G2,18.4,0.797887909386077
49,G2,18.5,0.7985465268081064
49,G2,18.6,0.7992039744103716
49,G2,18.7,0.7998602830863148
49,G2,18.8,0.8005154686313232
49,G2,18.9,0.8011695039341238
49,G2,19.0,0.8018224033874485
49,G2,19.1,0.8024741683965531
49,G2,19.2,0.8031247471991476
49,G2,19.3,0.8037741847758942
49,G2,19.4,0.8044224855971194
49,G2,19.5,0.8050696222518321
49,G2,19.6,0.8057156174966529
49,G2,19.7,0.8063604534291061
49,G2,19.8,0.807004096049936
49,G2,19.9,0.8076465915571872
49,G2,20.0,0.808287936442942
49,G2,20.1,0.8089281042698098
49,G2,20.2,0.8095671248832517
49,G2,20.3,0.8102049608033943
49,G2,20.4,0.8108416018896603
49,G2,20.5,0.8114770890123901
49,G2,20.6,0.8121114046336966
49,G2,20.7,0.8127445402290766
49,G2,20.8,0.8133765186637372
49,G2,20.9,0.8140072872453165
49,G2,21.0,0.8146368659619143
49,G2,21.1,0.8152652793302937
49,G2,21.2,0.8158925035412683
49,G2,21.3,0.8165185450310464
49,G2,21.4,0.8171434155843619
49,G2,21.5,0.8177670564710576
49,G2,21.6,0.8183895108308631
49,G2,21.7,0.8190107893102343
49,G2,21.8,0.8196308629737398
49,G2,21.9,0.8202497530752626
49,G2,22.0,0.8208674508465729
49,G2,22.1,0.8214839106688069
49,G2,22.2,0.8220991822734725
49,G2,22.3,0.8227132662287762
49,G2,22.4,0.8233261358470849
49,G2,22.5,0.8239378174324107
49,G2,22.6,0.8245482840656884
49,G2,22.7,0.8251575112868783
49,G2,22.8,0.8257655457197312
49,G2,22.9,0.826372378877905
49,G2,23.0,0.8269779908000909
49,G2,23.1,0.8275824113992253
49,G2,23.2,0.8281855901979726
49,G2,23.3,0.8287875375156512
49,G2,23.4,0.8293882853808806
49,G2,23.5,0.8299878127337159
49,G2,23.6,0.8305861202812075
49,G2,23.7,0.8311832266450383
49,G2,23.8,0.8317790719006152
49,G2,23.9,0.8323736917733693
49,G2,24.0,0.8329671042275409
49,G2,24.1,0.8335592813290685
49,G2,24.2,0.8341502401982326
49,G2,24.3,0.834739981834558
49,G2,24.4,0.8353284511511749
49,G2,24.5,0.8359156984868112
49,G2,24.6,0.8365017296127142
49,G2,24.7,0.8370865165374598
49,G2,24.8,0.837670084859198
49,G2,24.9,0.8382524148293325
49,G2,25.0,0.8388334710642764
50,G1,10.0,0.7940810997683435
50,G1,10.1,0.7946494859277644
50,G1,10.2,0.7952170364034511
50,G1,10.3,0.7957837659095448
50,G1,10.4,0.7963496777333565
50,G1,10.5,0.7969147401223305
50,G1,10.6,0.7974789705379408
50,G1,10.7,0.7980423746497495
50,G1,10.8,0.7986049516906517
50,G1,10.9,0.7991666719357318
50,G1,11.0,0.7997275600308905
50,G1,11.1,0.8002876193860443
50,G1,11.2,0.8008468389077773
50,G1,11.3,0.8014051995645457
50,G1,11.4,0.801962724088428
50,G1,11.5,0.8025194181201638
50,G1,11.6,0.803075259201207
50,G1,11.7,0.8036302415693489
50,G1,11.8,0.8041843838866986
50,G1,11.9,0.8047376910287108
50,G1,12.0,0.8052901334338489
50,G1,12.1,0.8058417199747773
50,G1,12.2,0.8063924616947566
50,G1,12.3,0.8069423616568587
50,G1,12.4,0.8074913864308065
50,G1,12.5,0.8080395589786107
50,G1,12.6,0.8085868834861785
50,G1,12.7,0.8091333547297048
50,G1,12.8,0.8096789471765449
50,G1,12.9,0.8102236856921391
50,G1,13.0,0.8107675750488113
50,G1,13.1,0.8113105983693365
50,G1,13.2,0.8118527428544803
50,G1,13.3,0.8123940292810435
50,G1,13.4,0.8129344647347123
50,G1,13.5,0.8134740222423201
50,G1,13.6,0.8140127019579873
50,G1,13.7,0.8145505210798011
50,G1,13.8,0.8150874837011454
50,G1,13.9,0.8156235569075798
50,G1,14.0,0.816158757849334
50,G1,14.1,0.8166930935549026
50,G1,14.2,0.8172265651540846
50,G1,14.3,0.8177591400068054
50,G1,14.4,0.8182908446164288
50,G1,14.5,0.8188216825947982
50,G1,14.6,0.8193516444824571
50,G1,14.7,0.8198807086087075
50,G1,14.8,0.8204088999667727
50,G1,14.9,0.8209362244838797
50,G1,15.0,0.8214626602691544
50,G1,15.1,0.821988199895053
50,G1,15.2,0.8225128635565702
50,G1,15.3,0.8230366576462954
50,G1,15.4,0.8235595517985094
50,G1,15.5,0.8240815536200371
50,G1,15.6,0.8246026763475678
50,G1,15.7,0.825122924080412
50,G1,15.8,0.825642261939344
50,G1,15.9,0.8261607130426852
50,G1,16.0,0.8266782827865947
50,G1,16.1,0.8271949671426156
50,G1,16.2,0.8277107388015956
50,G1,16.3,0.8282256236566996
50,G1,16.4,0.828739627212951
50,G1,16.5,0.8292527337271569
50,G1,16.6,0.8297649282433045
50,G1,16.7,0.8302762333029426
50,G1,16.8,0.830786656873403
50,G1,16.9,0.831296172157781
50,G1,17.0,0.8318047775115623
50,G1,17.1,0.832312492288759
50,G1,17.2,0.8328193213860914
50,G1,17.3,0.8333252314894346
50,G1,17.4,0.8338302386798793
50,G1,17.5,0.8343343515470142
50,G1,17.6,0.8348375728099273
50,G1,17.7,0.8353398680413252
50,G1,17.8,0.8358412643748175
50,G1,17.9,0.8363417661267457
50,G1,18.0,0.8368413653948453
50,G1,18.1,0.8373400382164208
50,G1,18.2,0.8378378113860487
50,G1,18.3,0.8383346911327885
50,G1,18.4,0.8388306564546227
50,G1,18.5,0.8393256982204483
50,G1,18.6,0.8398198381525783
50,G1,18.7,0.8403130837560948
50,G1,18.8,0.8408054044349252
50,G1,18.9,0.8412968063045754
50,G1,19.0,0.8417873047839033
50,G1,19.1,0.8422769047508112
50,G1,19.2,0.8427655705566798
50,G1,19.3,0.8432533248673397
50,G1,19.4,0.8437401742779863
50,G1,19.5,0.844226116495469
50,G1,19.6,0.8447111220370531
50,G1,19.7,0.8451952179841848
50,G1,19.8,0.8456784102773838
50,G1,19.9,0.8461606847159349
50,G1,20.0,0.846642024058909
50,G1,20.1,0.847122452666311
50,G1,20.2,0.8476019789646994
50,G1,20.3,0.8480805767821015
50,G1,20.4,0.8485582428285231
50,G1,20.5,0.8490349980867041
50,G1,20.6,0.8495108485116727
50,G1,20.7,0.8499857607657995
50,G1,20.8,0.8504597491176511
50,G1,20.9,0.8509328242816473
50,G1,21.0,0.8514049901533243
50,G1,21.1,0.8518762112259277
50,G1,21.2,0.8523465144381932
50,G1,21.3,0.8528159052395922
50,G1,21.4,0.8532843770372041
50,G1,21.5,0.8537519042579736
50,G1,21.6,0.8542185146442486
50,G1,21.7,0.8546842149473302
50,G1,21.8,0.855148985307546
50,G1,21.9,0.8556128150266016
50,G1,22.0,0.8560757269076729
50,G1,22.1,0.8565377295933441
50,G1,22.2,0.8569987926861177
50,G1,22.3,0.8574589204652916
50,G1,22.4,0.8579181305708277
50,G1,22.5,0.8583764284560589
50,G1,22.6,0.8588337783902605
50,G1,22.7,0.8592902019160248
50,G1,22.8,0.8597457068836739
50,G1,22.9,0.8602002931151934
50,G1,23.0,0.8606539287479875
50,G1,23.1,0.8611066420235861
50,G1,23.2,0.8615584391130862
50,G1,23.3,0.8620093076562232
50,G1,23.4,0.8624592281976486
50,G1,23.5,0.8629082267245306
50,G1,23.6,0.8633563118809722
50,G1,23.7,0.8638034584724259
50,G1,23.8,0.864249661811708
50,G1,23.9,0.8646949438698611
50,G1,24.0,0.8651393118121236
50,G1,24.1,0.8655827326956151
50,G1,24.2,0.8660252184743353
50,G1,24.3,0.8664667823744666
50,G1,24.4,0.8669074290646241
50,G1,24.5,0.8673471223611183
50,G1,24.6,0.8677858888606028
50,G1,24.7,0.8682237348576154
50,G1,24.8,0.8686606552001694
50,G1,24.9,0.8690966232274647
50,G1,25.0,0.8695316669348393
50,G2,10.0,0.7263563422417912
50,G2,10.1,0.7270061870387241
50,G2,10.2,0.7276554087636087
50,G2,10.3,0.728303992099585
50,G2,10.4,0.7289519422913675
50,G2,10.5,0.7295992403263635
50,G2,10.6,0.7302459100273955
50,G2,10.7,0.7308919356680688
50,G2,10.8,0.7315373187014902
50,G2,10.9,0.7321820411710926
50,G2,11.0,0.7328261222388068
50,G2,11.1,0.7334695575442033
50,G2,11.2,0.7341123364208598
50,G2,11.3,0.7347544542190578
50,G2,11.4,0.7353959140687328
50,G2,11.5,0.736036721063141
50,G2,11.6,0.7366768603748082
50,G2,11.7,0.7373163408476601
50,G2,11.8,0.7379551496157225
50,G2,11.9,0.7385932972560335
50,G2,12.0,0.7392307630337533
50,G2,12.1,0.7398675687263767
50,G2,12.2,0.7405036977110472
50,G2,12.3,0.7411391555023807
50,G2,12.4,0.7417739188181653
50,G2,12.5,0.7424080145609122
50,G2,12.6,0.7430414316048514
50,G2,12.7,0.7436741640281919
50,G2,12.8,0.7443061998096101
50,G2,12.9,0.7449375524341053
50,G2,13.0,0.7455682226097866
50,G2,13.1,0.7461981965549138
50,G2,13.2,0.7468274757889695
50,G2,13.3,0.747456055592029
50,G2,13.4,0.7480839461630839
50,G2,13.5,0.7487111270941521
50,G2,13.6,0.7493376163218226
50,G2,13.7,0.749963397621284
50,G2,13.8,0.7505884790294579
50,G2,13.9,0.7512128383410115
50,G2,14.0,0.7518365027729345
50,G2,14.1,0.7524594546775335
50,G2,14.2,0.7530816978360027
50,G2,14.3,0.7537032103625392
50,G2,14.4,0.7543240163372502
50,G2,14.5,0.7549441103072545
50,G2,14.6,0.755563481345262
50,G2,14.7,0.7561821223143521
50,G2,14.8,0.7568000410334718
50,G2,14.9,0.7574172415978898
50,G2,15.0,0.7580337089618278
50,G2,15.1,0.7586494503492417
50,G2,15.2,0.7592644550790468
50,G2,15.3,0.7598787348614425
50,G2,15.4,0.760492267051334
50,G2,15.5,0.7611050750354126
50,G2,15.6,0.7617171419370601
50,G2,15.7,0.7623284740873401
50,G2,15.8,0.7629390463542479
50,G2,15.9,0.7635488889671194
50,G2,16.0,0.7641579890691348
50,G2,16.1,0.7647663427986624
50,G2,16.2,0.7653739341150729
50,G2,16.3,0.7659807813502398
50,G2,16.4,0.7665868848239522
50,G2,16.5,0.767192229358515
50,G2,16.6,0.7677968158333385
50,G2,16.7,0.7684006417206256
50,G2,16.8,0.7690037178539485
50,G2,16.9,0.7696060232830146
50,G2,17.0,0.7702075755825829
50,G2,17.1,0.7708083580327488
50,G2,17.2,0.7714083821756754
50,G2,17.3,0.7720076224989949
50,G2,17.4,0.7726061086903422
50,G2,17.5,0.7732038226984704
50,G2,17.6,0.7738007695849074
50,G2,17.7,0.7743969237942955
50,G2,17.8,0.7749923144985171
50,G2,17.9,0.7755869349689722
50,G2,18.0,0.7761807737176529
50,G2,18.1,0.7767738224746624
50,G2,18.2,0.7773660925271538
50,G2,18.3,0.7779575872901621
50,G2,18.4,0.7785482915566312
50,G2,18.5,0.7791382111769576
50,G2,18.6,0.7797273372556025
50,G2,18.7,0.780315682812896
50,G2,18.8,0.7809032237848379
50,G2,18.9,0.7814899844990012
50,G2,19.0,0.7820759480726854
50,G2,19.1,0.7826611216662039
50,G2,19.2,0.7832454787588771
50,G2,19.3,0.7838290524073768
50,G2,19.4,0.7844118279974146
50,G2,19.5,0.7849938038505014
50,G2,19.6,0.7855749604924787
50,G2,19.7,0.7861553206599724
50,G2,19.8,0.7867348837121952
50,G2,19.9,0.7873136346220717
50,G2,20.0,0.7878915719673186
50,G2,20.1,0.7884686966559269
50,G2,20.2,0.7890450193556047
50,G2,20.3,0.789620519367167
50,G2,20.4,0.7901952130303869
50,G2,20.5,0.7907690838329191
50,G2,20.6,0.7913421465899331
50,G2,20.7,0.7919143727876908
50,G2,20.8,0.7924857941356385
50,G2,20.9,0.7930563923781249
50,G2,21.0,0.793626173797138
50,G2,21.1,0.7941951097724236
50,G2,21.2,0.7947632339462309
50,G2,21.3,0.7953305381334019
50,G2,21.4,0.7958970112686481
50,G2,21.5,0.7964626431187406
50,G2,21.6,0.7970274484260019
50,G2,21.7,0.797591430923807
50,G2,21.8,0.7981545742353392
50,G2,21.9,0.7987168831691636
50,G2,22.0,0.7992783503714626
50,G2,22.1,0.7998389911680568
50,G2,22.2,0.8003987793379059
50,G2,22.3,0.8009577399680832
50,G2,22.4,0.8015158564059784
50,G2,22.5,0.8020731367166835
50,G2,22.6,0.8026295532241274
50,G2,22.7,0.8031851415081055
50,G2,22.8,0.8037398851489935
50,G2,22.9,0.804293785006129
50,G2,23.0,0.8048468180085095
50,G2,23.1,0.805399011397694
50,G2,23.2,0.8059503633879929
50,G2,23.3,0.8065008594192752
50,G2,23.4,0.8070504950409872
50,G2,23.5,0.807599275813077
50,G2,23.6,0.8081472116448591
50,G2,23.7,0.8086942821561198
50,G2,23.8,0.809240501548333
50,G2,23.9,0.8097858554555096
50,G2,24.0,0.8103303600774167
50,G2,24.1,0.8108739856274607
50,G2,24.2,0.8114167644415472
50,G2,24.3,0.811958678530616
50,G2,24.4,0.8124997352987292
50,G2,24.5,0.813039903854298
50,G2,24.6,0.8135792214537203
50,G2,24.7,0.8141176780716267
50,G2,24.8,0.8146552649244806
50,G2,24.9,0.8151919681345239
50,G2,25.0,0.8157278064460147
51,G1,10.0,0.7840152975875242
51,G1,10.1,0.7847485519236477
51,G1,10.2,0.7854805432307262
51,G1,10.3,0.7862112701041092
51,G1,10.4,0.7869407279313373
51,G1,10.5,0.787668911000081
51,G1,10.6,0.7883958165844192
51,G1,10.7,0.7891214393729432
51,G1,10.8,0.7898457809053465
51,G1,10.9,0.790568837715174
51,G1,11.0,0.7912906078932469
51,G1,11.1,0.7920110874750409
51,G1,11.2,0.7927302742929121
51,G1,11.3,0.7934481659698909
51,G1,11.4,0.7941647600221202
51,G1,11.5,0.794880056293793
51,G1,11.6,0.795594048187824
51,G1,11.7,0.7963067308639413
51,G1,11.8,0.7970181025070824
51,G1,11.9,0.7977281584499483
51,G1,12.0,0.7984369012179556
51,G1,12.1,0.7991443256198785
51,G1,12.2,0.7998504311064303
51,G1,12.3,0.8005552135472251
51,G1,12.4,0.8012586717798271
51,G1,12.5,0.8019608028737394
51,G1,12.6,0.802661605542714
51,G1,12.7,0.8033610780222279
51,G1,12.8,0.8040592153432932
51,G1,12.9,0.804756011857385
51,G1,13.0,0.8054514661963159
51,G1,13.1,0.8061455758801601
51,G1,13.2,0.8068383420465681
51,G1,13.3,0.8075297604156232
51,G1,13.4,0.808219830252303
51,G1,13.5,0.8089085476418006
51,G1,13.6,0.8095959117460781
51,G1,13.7,0.8102819205410065
51,G1,13.8,0.8109665732802022
51,G1,13.9,0.8116498663912839
51,G1,14.0,0.8123317948377838
51,G1,14.1,0.8130123559916018
51,G1,14.2,0.8136915457488708
51,G1,14.3,0.8143693659457668
51,G1,14.4,0.8150458144331281
51,G1,14.5,0.8157208896871622
51,G1,14.6,0.8163945886747593
51,G1,14.7,0.8170669098018274
51,G1,14.8,0.8177378516960898
51,G1,14.9,0.8184074123972775
51,G1,15.0,0.819075592843236
51,G1,15.1,0.8197423868659719
51,G1,15.2,0.8204077904638504
51,G1,15.3,0.8210718023349814
51,G1,15.4,0.8217344185175913
51,G1,15.5,0.8223956423955272
51,G1,15.6,0.8230554696896845
51,G1,15.7,0.823713900386648
51,G1,15.8,0.8243709311632483
51,G1,15.9,0.8250265617110849
51,G1,16.0,0.825680789981949
51,G1,16.1,0.8263336150590372
51,G1,16.2,0.8269850365913382
51,G1,16.3,0.8276350499994813
51,G1,16.4,0.828283650026038
51,G1,16.5,0.8289308363755319
51,G1,16.6,0.8295766070285031
51,G1,16.7,0.8302209643422206
51,G1,16.8,0.8308639042970672
51,G1,16.9,0.8315054272741402
51,G1,17.0,0.8321455299757775
51,G1,17.1,0.8327842125511792
51,G1,17.2,0.8334214735826019
51,G1,17.3,0.8340573129370664
51,G1,17.4,0.8346917282588356
51,G1,17.5,0.8353247151589145
51,G1,17.6,0.8359562712709071
51,G1,17.7,0.8365863936749205
51,G1,17.8,0.8372150844164222
51,G1,17.9,0.8378423427907208
51,G1,18.0,0.8384681676440838
51,G1,18.1,0.8390925569180728
51,G1,18.2,0.8397155096035738
51,G1,18.3,0.8403370252858897
51,G1,18.4,0.8409571027350339
51,G1,18.5,0.841575743655045
51,G1,18.6,0.8421929428248969
51,G1,18.7,0.8428086968151262
51,G1,18.8,0.8434230049567125
51,G1,18.9,0.8440358640565927
51,G1,19.0,0.8446472782444303
51,G1,19.1,0.8452572441898724
51,G1,19.2,0.845865762594477
51,G1,19.3,0.8464728307475321
51,G1,19.4,0.8470784492663109
51,G1,19.5,0.8476826170883865
51,G1,19.6,0.8482853335803759
51,G1,19.7,0.8488865998505911
51,G1,19.8,0.8494864116058864
51,G1,19.9,0.8500847644250212
51,G1,20.0,0.8506816588004675
51,G1,20.1,0.8512770931775541
51,G1,20.2,0.8518710711441126
51,G1,20.3,0.8524635890544641
51,G1,20.4,0.853054648271249
51,G1,20.5,0.8536442462316116
51,G1,20.6,0.8542323839705971
51,G1,20.7,0.854819060772414
51,G1,20.8,0.8554042770175195
51,G1,20.9,0.8559880316718355
51,G1,21.0,0.8565703210436316
51,G1,21.1,0.8571511429466815
51,G1,21.2,0.8577304958209707
51,G1,21.3,0.8583083817951418
51,G1,21.4,0.8588848015870667
51,G1,21.5,0.8594597543994511
51,G1,21.6,0.8600332391990755
51,G1,21.7,0.8606052555218163
51,G1,21.8,0.8611758038937887
51,G1,21.9,0.8617448839382019
51,G1,22.0,0.8623124978530424
51,G1,22.1,0.8628786416265147
51,G1,22.2,0.8634433122696593
51,G1,22.3,0.8640065099478658
51,G1,22.4,0.8645682320247401
51,G1,22.5,0.8651284834747358
51,G1,22.6,0.86568726179577
51,G1,22.7,0.8662445685412361
51,G1,22.8,0.866800401428837
51,G1,22.9,0.8673547621302686
51,G1,23.0,0.8679076503751193
51,G1,23.1,0.8684590660538426
51,G1,23.2,0.8690090114741232
51,G1,23.3,0.8695574827008133
51,G1,23.4,0.8701044762777357
51,G1,23.5,0.8706499934500846
51,G1,23.6,0.8711940330159879
51,G1,23.7,0.8717365997837765
51,G1,23.8,0.8722776905071324
51,G1,23.9,0.872817307458869
51,G1,24.0,0.8733554487802819
51,G1,24.1,0.8738921164635517
51,G1,24.2,0.8744273103087046
51,G1,24.3,0.8749610313235302
51,G1,24.4,0.8754932796267971
51,G1,24.5,0.8760240524434665
51,G1,24.6,0.8765533475489485
51,G1,24.7,0.8770811649751022
51,G1,24.8,0.877607506723846
51,G1,24.9,0.8781323748562155
51,G1,25.0,0.87865576893576
51,G2,10.0,0.6857570797853476
51,G2,10.1,0.6866152117947876
51,G2,10.2,0.687472583680061
51,G2,10.3,0.6883291931828567
51,G2,10.4,0.6891850229947802
51,G2,10.5,0.6900400721446517
51,G2,10.6,0.690894335603576
51,G2,10.7,0.6917478160869233
51,G2,10.8,0.6926004932112654
51,G2,10.9,0.6934523669464421
51,G2,11.0,0.6943034340429388
51,G2,11.1,0.6951536975225088
51,G2,11.2,0.6960031519399009
51,G2,11.3,0.6968517920429372
51,G2,11.4,0.6976996158763319
51,G2,11.5,0.6985466182898306
51,G2,11.6,0.699392779588996
51,G2,11.7,0.7002381046470989
51,G2,11.8,0.7010825885361363
51,G2,11.9,0.7019262297050793
51,G2,12.0,0.7027690088687873
51,G2,12.1,0.7036109265206881
51,G2,12.2,0.7044519847509505
51,G2,12.3,0.7052921816422489
51,G2,12.4,0.7061315139255085
51,G2,12.5,0.7069699752962829
51,G2,12.6,0.7078075657098964
51,G2,12.7,0.7086442739914786
51,G2,12.8,0.7094800873235909
51,G2,12.9,0.7103150069424752
51,G2,13.0,0.711149033559225
51,G2,13.1,0.7119821556714052
51,G2,13.2,0.7128143630338333
51,G2,13.3,0.7136456511089985
51,G2,13.4,0.7144760282945334
51,G2,13.5,0.7153054895607317
51,G2,13.6,0.716134031108081
51,G2,13.7,0.7169616490012102
51,G2,13.8,0.7177883419379152
51,G2,13.9,0.7186140918859352
51,G2,14.0,0.7194388968881914
51,G2,14.1,0.7202627535035094
51,G2,14.2,0.7210856660147246
51,G2,14.3,0.7219076126083885
51,G2,14.4,0.7227285927296465
51,G2,14.5,0.7235486036125466
51,G2,14.6,0.7243676507764165
51,G2,14.7,0.7251857294591164
51,G2,14.8,0.7260028353311351
51,G2,14.9,0.7268189668856159
51,G2,15.0,0.7276341201159601
51,G2,15.1,0.7284482727505068
51,G2,15.2,0.7292614316248949
51,G2,15.3,0.7300735917590783
51,G2,15.4,0.7308847542621572
51,G2,15.5,0.7316948959684946
51,G2,15.6,0.732504019855664
51,G2,15.7,0.7333121275102177
51,G2,15.8,0.7341192196902895
51,G2,15.9,0.7349252937206211
51,G2,16.0,0.7357303437601505
51,G2,16.1,0.7365343709328923
51,G2,16.2,0.7373373646425928
51,G2,16.3,0.7381393093336288
51,G2,16.4,0.7389402089429767
51,G2,16.5,0.7397400644866953
51,G2,16.6,0.7405388660478264
51,G2,16.7,0.741336600281395
51,G2,16.8,0.7421332641169767
51,G2,16.9,0.7429288674174297
51,G2,17.0,0.7437234067047792
51,G2,17.1,0.7445168790816615
51,G2,17.2,0.7453092810305116
51,G2,17.3,0.7461006122951406
51,G2,17.4,0.7468908547099924
51,G2,17.5,0.7476800050611955
51,G2,17.6,0.7484680617161877
51,G2,17.7,0.7492550302191918
51,G2,17.8,0.7500408885334532
51,G2,17.9,0.7508256347222407
51,G2,18.0,0.7516092668122933
51,G2,18.1,0.7523917927138744
51,G2,18.2,0.7531732085710007
51,G2,18.3,0.7539535110490286
51,G2,18.4,0.7547326991185691
51,G2,18.5,0.7555107702363651
51,G2,18.6,0.7562876997918123
51,G2,18.7,0.75706349649164
51,G2,18.8,0.7578381552506885
51,G2,18.9,0.7586116801540921
51,G2,19.0,0.7593840446148602
51,G2,19.1,0.7601552536893907
51,G2,19.2,0.7609253087049516
51,G2,19.3,0.7616942130534737
51,G2,19.4,0.7624619643864257
51,G2,19.5,0.7632285581070821
51,G2,19.6,0.7639939960040072
51,G2,19.7,0.7647582686108543
51,G2,19.8,0.7655213577737285
51,G2,19.9,0.76628327014826
51,G2,20.0,0.7670440067957149
51,G2,20.1,0.7678035600995334
51,G2,20.2,0.7685619131862109
51,G2,20.3,0.7693190654330351
51,G2,20.4,0.7700750271132312
51,G2,20.5,0.7708297966682234
51,G2,20.6,0.7715833722150004
51,G2,20.7,0.772335750728479
51,G2,20.8,0.7730869330514197
51,G2,20.9,0.7738369014931249
51,G2,21.0,0.7745856512842403
51,G2,21.1,0.7753331827489641
51,G2,21.2,0.7760795024824803
51,G2,21.3,0.7768245891668919
51,G2,21.4,0.7775684391102684
51,G2,21.5,0.7783110511491164
51,G2,21.6,0.7790524353665685
51,G2,21.7,0.7797925890724712
51,G2,21.8,0.7805315099651662
51,G2,21.9,0.7812691975197013
51,G2,22.0,0.7820056507656102
51,G2,22.1,0.7827408434815217
51,G2,22.2,0.7834747854438646
51,G2,22.3,0.7842074722976188
51,G2,22.4,0.7849389102826165
51,G2,22.5,0.7856690710549231
51,G2,22.6,0.7863979605160226
51,G2,22.7,0.7871255800925019
51,G2,22.8,0.7878519357397786
51,G2,22.9,0.7885770253307368
51,G2,23.0,0.7893008460433276
51,G2,23.1,0.7900233999514135
51,G2,23.2,0.7907446790514769
51,G2,23.3,0.7914646631812803
51,G2,23.4,0.7921833612137489
51,G2,23.5,0.7929007742458118
51,G2,23.6,0.7936168975037737
51,G2,23.7,0.7943317102910854
51,G2,23.8,0.7950452153689114
51,G2,23.9,0.795757422331151
51,G2,24.0,0.7964683318524745
51,G2,24.1,0.7971779431437359
51,G2,24.2,0.7978862537422873
51,G2,24.3,0.7985932656037095
51,G2,24.4,0.7992989620574089
51,G2,24.5,0.8000033365830999
51,G2,24.6,0.8007063915270043
51,G2,24.7,0.8014081342273903
51,G2,24.8,0.8021085452243331
51,G2,24.9,0.8028076183046488
51,G2,25.0,0.8035053537601957
52,G1,10.0,0.7979267258085926
52,G1,10.1,0.7983021214460475
52,G1,10.2,0.7986771544238149
52,G1,10.3,0.7990518110072306
52,G1,10.4,0.7994261132337981
52,G1,10.5,0.799800030838442
52,G1,10.6,0.8001735964984282
52,G1,10.7,0.8005467772834368
52,G1,10.8,0.8009196028404421
52,G1,10.9,0.8012920441914582
52,G1,11.0,0.8016641286055843
52,G1,11.1,0.802035830745192
52,G1,11.2,0.8024071694921691
52,G1,11.3,0.8027781315775293
52,G1,11.4,0.8031487252160154
52,G1,11.5,0.8035189456344397
52,G1,11.6,0.8038887918438681
52,G1,11.7,0.8042582715447668
52,G1,11.8,0.8046273675947004
52,G1,11.9,0.8049961044490792
52,G1,12.0,0.8053644506432656
52,G1,12.1,0.805732439368433
52,G1,12.2,0.8061000375830716
52,G1,12.3,0.806467274956241
52,G1,12.4,0.8068341226153388
52,G1,12.5,0.807200607329326
52,G1,12.6,0.8075667050877937
52,G1,12.7,0.8079324332809886
52,G1,12.8,0.8082977797779148
52,G1,12.9,0.8086627521758533
52,G1,13.0,0.8090273468261845
52,G1,13.1,0.8093915601963564
52,G1,13.2,0.8097554037394991
52,G1,13.3,0.8101188564450953
52,G1,13.4,0.8104819459073884
52,G1,13.5,0.8108446388383954
52,G1,13.6,0.811206969235261
52,G1,13.7,0.8115689036444785
52,G1,13.8,0.8119304720648883
52,G1,13.9,0.8122916459122529
52,G1,14.0,0.8126524507244183
52,G1,14.1,0.8130128643669132
52,G1,14.2,0.81337290292444
52,G1,14.3,0.8137325551279029
52,G1,14.4,0.8140918275164161
52,G1,14.5,0.8144507184756059
52,G1,14.6,0.8148092211018512
52,G1,14.7,0.8151673513581096
52,G1,14.8,0.8155250835572265
52,G1,14.9,0.815882449124373
52,G1,15.0,0.8162394125461235
52,G1,15.1,0.8165960086570097
52,G1,15.2,0.8169522036608484
52,G1,15.3,0.8173080283120984
52,G1,15.4,0.8176634536052979
52,G1,15.5,0.8180185038106909
52,G1,15.6,0.8183731596322752
52,G1,15.7,0.8187274348254276
52,G1,15.8,0.8190813196662698
52,G1,15.9,0.8194348192702595
52,G1,16.0,0.8197879339056945
52,G1,16.1,0.8201406539197934
52,G1,16.2,0.8204929990890061
52,G1,16.3,0.8208449395373645
52,G1,16.4,0.8211965099126112
52,G1,16.5,0.8215476733643493
52,G1,16.6,0.8218984648845225
52,G1,16.7,0.8222488506345439
52,G1,16.8,0.8225988619237111
52,G1,16.9,0.822948469585876
52,G1,17.0,0.8232976968890402
52,G1,17.1,0.823646526615807
52,G1,17.2,0.8239949704567999
52,G1,17.3,0.824343020463403
52,G1,17.4,0.8246906799026003
52,G1,17.5,0.8250379516474602
52,G1,17.6,0.8253848227906293
52,G1,17.7,0.8257313164705999
52,G1,17.8,0.8260773998426859
52,G1,17.9,0.826423109591101
52,G1,18.0,0.8267684083246476
52,G1,18.1,0.8271133306913946
52,G1,18.2,0.8274578431190553
52,G1,18.3,0.8278019773771151
52,G1,18.4,0.8281457040007415
52,G1,18.5,0.8284890456777715
52,G1,18.6,0.8288319865119428
52,G1,18.7,0.8291745369234147
52,G1,18.8,0.8295166904293282
52,G1,18.9,0.8298584479647046
52,G1,19.0,0.8301998160150103
52,G1,19.1,0.8305407776016004
52,G1,19.2,0.8308813592181883
52,G1,19.3,0.8312215259458717
52,G1,19.4,0.8315613155264258
52,G1,19.5,0.8319006904126299
52,G1,19.6,0.8322396849007109
52,G1,19.7,0.8325782658656724
52,G1,19.8,0.8329164646000825
52,G1,19.9,0.8332542528517404
52,G1,20.0,0.833591651799628
52,G1,20.1,0.8339286468988717
52,G1,20.2,0.834265247382041
52,G1,20.3,0.8346014485197151
52,G1,20.4,0.8349372484256222
52,G1,20.5,0.8352726574131994
52,G1,20.6,0.8356076547788162
52,G1,20.7,0.8359422695660497
52,G1,20.8,0.8362764657884316
52,G1,20.9,0.8366102814469898
52,G1,21.0,0.8369436789741076
52,G1,21.1,0.8372766926739744
52,G1,21.2,0.8376092898549404
52,G1,21.3,0.8379415006956453
52,G1,21.4,0.8382732988134303
52,G1,21.5,0.8386047035529934
52,G1,21.6,0.8389357017637926
52,G1,21.7,0.8392663017831242
52,G1,21.8,0.8395965004726125
52,G1,21.9,0.8399262927166123
52,G1,22.0,0.8402556932900019
52,G1,22.1,0.8405846770387642
52,G1,22.2,0.840913276590021
52,G1,22.3,0.8412414538714698
52,G1,22.4,0.8415692476892289
52,G1,22.5,0.8418966202853237
52,G1,22.6,0.8422236060511371
52,G1,22.7,0.8425501728442071
52,G1,22.8,0.8428763490553625
52,G1,22.9,0.8432021109576407
52,G1,23.0,0.8435274760481318
52,G1,23.1,0.843852432389403
52,G1,23.2,0.8441769868527954
52,G1,23.3,0.8445011386665535
52,G1,23.4,0.8448248791448354
52,G1,23.5,0.845148227804419
52,G1,23.6,0.8454711545806131
52,G1,23.7,0.8457936958888165
52,G1,23.8,0.846115811808242
52,G1,23.9,0.8464375415486058
52,G1,24.0,0.8467588473304306
52,G1,24.1,0.847079764016806
52,G1,24.2,0.8474002593602141
52,G1,24.3,0.8477203602569211
52,G1,24.4,0.8480400460374955
52,G1,24.5,0.8483593314744181
52,G1,24.6,0.8486782065856038
52,G1,24.7,0.8489966765604806
52,G1,24.8,0.8493147427198517
52,G1,24.9,0.849632393489533
52,G1,25.0,0.8499496521314581
52,G2,10.0,0.6807043252317363
52,G2,10.1,0.681159932885723
52,G2,10.2,0.6816153360335059
52,G2,10.3,0.682070536435891
52,G2,10.4,0.682525536868575
52,G2,10.5,0.6829803233587224
52,G2,10.6,0.68343491899054
52,G2,10.7,0.6838892843110939
52,G2,10.8,0.6843434721736729
52,G2,10.9,0.6847974201983141
52,G2,11.0,0.6852511888209194
52,G2,11.1,0.6857047224525478
52,G2,11.2,0.6861580682530152
52,G2,11.3,0.6866111863557383
52,G2,11.4,0.6870641056489117
52,G2,11.5,0.6875168039907483
52,G2,11.6,0.6879692953337403
52,G2,11.7,0.6884215724493971
52,G2,11.8,0.6888736342015606
52,G2,11.9,0.6893254872586018
52,G2,12.0,0.6897771127476425
52,G2,12.1,0.690228539055458
52,G2,12.2,0.6906797216582135
52,G2,12.3,0.6911307183389699
52,G2,12.4,0.6915814628588546
52,G2,12.5,0.6920320172324269
52,G2,12.6,0.6924823265648692
52,G2,12.7,0.6929324360714852
52,G2,12.8,0.6933823086481219
52,G2,12.9,0.6938319700136704
52,G2,13.0,0.6942814014854888
52,G2,13.1,0.6947306137940601
52,G2,13.2,0.695179602337946
52,G2,13.3,0.6956283629277972
52,G2,13.4,0.6960769065729971
52,G2,13.5,0.6965252085969659
52,G2,13.6,0.696973304150889
52,G2,13.7,0.6974211423818027
52,G2,13.8,0.6978687856109167
52,G2,13.9,0.6983161660820648
52,G2,14.0,0.6987633452215662
52,G2,14.1,0.6992102694020519
52,G2,14.2,0.6996569819282619
52,G2,14.3,0.7001034480271031
52,G2,14.4,0.7005496915381282
52,G2,14.5,0.700995695804152
52,G2,14.6,0.7014414696712475
52,G2,14.7,0.7018870099150324
52,G2,14.8,0.7023323097624323
52,G2,14.9,0.7027773848150998
52,G2,15.0,0.7032222035842746
52,G2,15.1,0.7036668099219614
52,G2,15.2,0.7041111452735146
52,G2,15.3,0.7045552761288791
52,G2,15.4,0.7049991343142167
52,G2,15.5,0.7054427802860516
52,G2,15.6,0.7058861614842449
52,G2,15.7,0.7063293195254361
52,G2,15.8,0.7067722216382072
52,G2,15.9,0.707214890079825
52,G2,16.0,0.7076573101281773
52,G2,16.1,0.7080994887360751
52,G2,16.2,0.7085414241219261
52,G2,16.3,0.7089831067384004
52,G2,16.4,0.7094245571161575
52,G2,16.5,0.7098657364566201
52,G2,16.6,0.7103066976128798
52,G2,16.7,0.7107473748546224
52,G2,16.8,0.7111878375348335
52,G2,16.9,0.7116280185545695
52,G2,17.0,0.7120679760329938
52,G2,17.1,0.7125076600047543
52,G2,17.2,0.7129471092908838
52,G2,17.3,0.713386293163623
52,G2,17.4,0.7138252325205706
52,G2,17.5,0.7142639145829712
52,G2,17.6,0.7147023441355007
52,G2,17.7,0.7151405216132551
52,G2,17.8,0.7155784337987233
52,G2,17.9,0.7160161063056776
52,G2,18.0,0.7164534938090401
52,G2,18.1,0.716890656832071
52,G2,18.2,0.7173275243391205
52,G2,18.3,0.7177641667403202
52,G2,18.4,0.7182005189527756
52,G2,18.5,0.7186366361941167
52,G2,18.6,0.7190724718426065
52,G2,18.7,0.7195080608442536
52,G2,18.8,0.7199433761065369
52,G2,18.9,0.7203784357912981
52,G2,19.0,0.7208132295353227
52,G2,19.1,0.7212477592974753
52,G2,19.2,0.7216820291621494
52,G2,19.3,0.7221160214766825
52,G2,19.4,0.7225497659479014
52,G2,19.5,0.7229832133947401
52,G2,19.6,0.7234164293519944
52,G2,19.7,0.7238493385182542
52,G2,19.8,0.724282012078664
52,G2,19.9,0.7247143873913101
52,G2,20.0,0.725146516131486
52,G2,20.1,0.7255783559157398
52,G2,20.2,0.7260099371285226
52,G2,20.3,0.7264412366780479
52,G2,20.4,0.7268722697179218
52,G2,20.5,0.7273030284336474
52,G2,20.6,0.7277335114571368
52,G2,20.7,0.7281637278048648
52,G2,20.8,0.7285936534364036
52,G2,20.9,0.7290233248951652
52,G2,21.0,0.7294526869762478
52,G2,21.1,0.7298818100116051
52,G2,21.2,0.7303106160008915
52,G2,21.3,0.7307391764444484
52,G2,21.4,0.7311674302456641
52,G2,21.5,0.7315954264235581
52,G2,21.6,0.7320231258455675
52,G2,21.7,0.7324505556234446
52,G2,21.8,0.7328776963549674
52,G2,21.9,0.7333045597709161
52,G2,22.0,0.733731140560882
52,G2,22.1,0.73415743410709
52,G2,22.2,0.7345834546375968
52,G2,22.3,0.7350091709607892
52,G2,22.4,0.7354346279550124
52,G2,22.5,0.7358597630479665
52,G2,22.6,0.7362846509724373
52,G2,22.7,0.7367092135327642
52,G2,22.8,0.7371335199975874
52,G2,22.9,0.7375575117513452
52,G2,23.0,0.7379812350656201
52,G2,23.1,0.7384046536323443
52,G2,23.2,0.7388277926803437
52,G2,23.3,0.739250634786682
52,G2,23.4,0.7396731896816037
52,G2,23.5,0.740095453694631
52,G2,23.6,0.740517419020327
52,G2,23.7,0.7409391054319916
52,G2,23.8,0.741360473658716
52,G2,23.9,0.7417815785007053
52,G2,24.0,0.7422023494642408
52,G2,24.1,0.742622864390223
52,G2,24.2,0.7430430463957125
52,G2,24.3,0.7434629623013893
52,G2,24.4,0.7438825556024639
52,G2,24.5,0.7443018702671336
52,G2,24.6,0.7447208720415932
52,G2,24.7,0.7451395847282976
52,G2,24.8,0.7455579928689998
52,G2,24.9,0.745976104164652
52,G2,25.0,0.7463939166694273
53,G1,10.0,0.7871857570544211
53,G1,10.1,0.7877153510215581
53,G1,10.2,0.7882442735734345
53,G1,10.3,0.7887725194952842
53,G1,10.4,0.7893000731506834
53,G1,10.5,0.7898269681925357
53,G1,10.6,0.7903531554748623
53,G1,10.7,0.7908786799322269
53,G1,10.8,0.7914035137396404
53,G1,10.9,0.7919276604348152
53,G1,11.0,0.792451130689244
53,G1,11.1,0.7929738928051815
53,G1,11.2,0.7934959914167388
53,G1,11.3,0.7940173827589634
53,G1,11.4,0.7945380939012618
53,G1,11.5,0.7950581124903277
53,G1,11.6,0.7955774304228435
53,G1,11.7,0.7960960739095905
53,G1,11.8,0.7966139953626507
53,G1,11.9,0.7971312447858021
53,G1,12.0,0.7976477882471151
53,G1,12.1,0.7981636351580284
53,G1,12.2,0.7986787894896218
53,G1,12.3,0.7991932267357977
53,G1,12.4,0.7997069887547267
53,G1,12.5,0.8002200267200559
53,G1,12.6,0.8007323769169102
53,G1,12.7,0.8012440205118929
53,G1,12.8,0.8017549547854905
53,G1,12.9,0.8022651983196273
53,G1,13.0,0.8027747100013605
53,G1,13.1,0.8032835391559735
53,G1,13.2,0.8037916467960049
53,G1,13.3,0.8042990505727876
53,G1,13.4,0.8048057470705811
53,G1,13.5,0.8053117191171827
53,G1,13.6,0.8058170023257576
53,G1,13.7,0.8063215468259999
53,G1,13.8,0.8068253973260048
53,G1,13.9,0.8073285273304629
53,G1,14.0,0.807830939195202
53,G1,14.1,0.8083326453344427
53,G1,14.2,0.8088336124496442
53,G1,14.3,0.8093338865664289
53,G1,14.4,0.8098334243223568
53,G1,14.5,0.8103322515972445
53,G1,14.6,0.8108303578330794
53,G1,14.7,0.811327733438944
53,G1,14.8,0.811824406752583
53,G1,14.9,0.8123203287286175
53,G1,15.0,0.8128155500959824
53,G1,15.1,0.8133100379386002
53,G1,15.2,0.813803799963641
53,G1,15.3,0.8142968423852983
53,G1,15.4,0.8147891391640663
53,G1,15.5,0.8152807335727061
53,G1,15.6,0.8157715768027106
53,G1,15.7,0.816261704299749
53,G1,15.8,0.8167510987775601
53,G1,15.9,0.8172397564680062
53,G1,16.0,0.8177276975959762
53,G1,16.1,0.8182148794618271
53,G1,16.2,0.8187013527944134
53,G1,16.3,0.8191870790352532
53,G1,16.4,0.8196720746105666
53,G1,16.5,0.8201563379105937
53,G1,16.6,0.8206398502800167
53,G1,16.7,0.821122649161599
53,G1,16.8,0.8216046842708372
53,G1,16.9,0.8220859996742177
53,G1,17.0,0.8225665704709142
53,G1,17.1,0.8230463978291348
53,G1,17.2,0.8235254958294354
53,G1,17.3,0.8240038298248372
53,G1,17.4,0.8244814468006995
53,G1,17.5,0.8249583041906116
53,G1,17.6,0.8254344264450012
53,G1,17.7,0.8259098049205282
53,G1,17.8,0.8263844286023616
53,G1,17.9,0.8268583275944723
53,G1,18.0,0.8273314521656217
53,G1,18.1,0.8278038529548833
53,G1,18.2,0.8282754984398153
53,G1,18.3,0.8287463947051434
53,G1,18.4,0.829216549998661
53,G1,18.5,0.8296859370163504
53,G1,18.6,0.8301546000212854
53,G1,18.7,0.8306224908118387
53,G1,18.8,0.8310896434516372
53,G1,18.9,0.8315560425059375
53,G1,19.0,0.8320216830420671
53,G1,19.1,0.832486586881859
53,G1,19.2,0.8329507101537268
53,G1,19.3,0.833414104490328
53,G1,19.4,0.833876732013292
53,G1,19.5,0.8343386078164509
53,G1,19.6,0.8347997321108981
53,G1,19.7,0.8352600849042524
53,G1,19.8,0.8357197052634439
53,G1,19.9,0.8361785428150604
53,G1,20.0,0.8366366405513318
53,G1,20.1,0.8370939754333339
53,G1,20.2,0.8375505474741636
53,G1,20.3,0.838006372229298
53,G1,20.4,0.8384614139989355
53,G1,20.5,0.8389157203753681
53,G1,20.6,0.8393692498751517
53,G1,20.7,0.8398220253805104
53,G1,20.8,0.8402740402271915
53,G1,20.9,0.8407252819942027
53,G1,21.0,0.8411757822716595
53,G1,21.1,0.8416254912604736
53,G1,21.2,0.8420744589292998
53,G1,21.3,0.8425226553852282
53,G1,21.4,0.8429700851242062
53,G1,21.5,0.8434167583039986
53,G1,21.6,0.8438626465774101
53,G1,21.7,0.8443077947403382
53,G1,21.8,0.8447521558177441
53,G1,21.9,0.8451957619953093
53,G1,22.0,0.8456385999863486
53,G1,22.1,0.8460806635602287
53,G1,22.2,0.8465219759564369
53,G1,22.3,0.84696249273452
53,G1,22.4,0.8474022656445748
53,G1,22.5,0.8478412581845515
53,G1,22.6,0.848279483741236
53,G1,22.7,0.8487169443017865
53,G1,22.8,0.8491536188234274
53,G1,22.9,0.8495895475836787
53,G1,23.0,0.8500246806504986
53,G1,23.1,0.8504590594488732
53,G1,23.2,0.8508926630610408
53,G1,23.3,0.8513254903120012
53,G1,23.4,0.8517575581604593
53,G1,23.5,0.8521888299912305
53,G1,23.6,0.8526193538445029
53,G1,23.7,0.8530490894197457
53,G1,23.8,0.8534780579861738
53,G1,23.9,0.8539062548663154
53,G1,24.0,0.8543336663988026
53,G1,24.1,0.8547603252269728
53,G1,24.2,0.8551861820586643
53,G1,24.3,0.8556112856733892
53,G1,24.4,0.8560356079777672
53,G1,24.5,0.8564591521217824
53,G1,24.6,0.8568819298954927
53,G1,24.7,0.8573039120620588
53,G1,24.8,0.8577251436850232
53,G1,24.9,0.8581455793498113
53,G1,25.0,0.858565249161411
53,G2,10.0,0.6302003054917674
53,G2,10.1,0.6308506015062597
53,G2,10.2,0.6315006722846106
53,G2,10.3,0.6321505086434492
53,G2,10.4,0.6328000813941027
53,G2,10.5,0.6334494361661298
53,G2,10.6,0.6340985202315197
53,G2,10.7,0.6347473764570466
53,G2,10.8,0.6353959723616431
53,G2,10.9,0.636044315502252
53,G2,11.0,0.6366924224101453
53,G2,11.1,0.6373402445719427
53,G2,11.2,0.6379878334580317
53,G2,11.3,0.6386351422463955
53,G2,11.4,0.63928220479031
53,G2,11.5,0.6399290039766842
53,G2,11.6,0.6405755180784838
53,G2,11.7,0.6412217915585736
53,G2,11.8,0.6418677651262027
53,G2,11.9,0.6425134905710361
53,G2,12.0,0.643158927382507
53,G2,12.1,0.6438040914610229
53,G2,12.2,0.6444489931768106
53,G2,12.3,0.6450935844515724
53,G2,12.4,0.6457379220099551
53,G2,12.5,0.6463819519784153
53,G2,12.6,0.647025713620452
53,G2,12.7,0.6476691836929475
53,G2,12.8,0.6483123509882087
53,G2,12.9,0.6489552522931856
53,G2,13.0,0.6495978270342527
53,G2,13.1,0.6502401309940005
53,G2,13.2,0.6508821193278644
53,G2,13.3,0.6515238160743844
53,G2,13.4,0.6521652221746445
53,G2,13.5,0.6528062947502812
53,G2,13.6,0.6534470929005803
53,G2,13.7,0.6540875552229602
53,G2,13.8,0.6547277278727921
53,G2,13.9,0.6553675809861216
53,G2,14.0,0.6560071133453721
53,G2,14.1,0.6566463545802025
53,G2,14.2,0.6572852423964203
53,G2,14.3,0.6579238384858994
53,G2,14.4,0.6585620925445108
53,G2,14.5,0.6592000366572369
53,G2,14.6,0.6598376602262488
53,G2,14.7,0.6604749296668414
53,G2,14.8,0.6611119034927326
53,G2,14.9,0.6617485115703551
53,G2,15.0,0.6623848116307111
53,G2,15.1,0.6630207634341061
53,G2,15.2,0.663656376134726
53,G2,15.3,0.6642916720630386
53,G2,15.4,0.6649265888671417
53,G2,15.5,0.6655611953605807
53,G2,15.6,0.6661954318733313
53,G2,15.7,0.6668293381593637
53,G2,15.8,0.6674628955706741
53,G2,15.9,0.6680960826538941
53,G2,16.0,0.6687289498061375
53,G2,16.1,0.6693614236136742
53,G2,16.2,0.6699935686662837
53,G2,16.3,0.670625338909198
53,G2,16.4,0.6712567523824132
53,G2,16.5,0.6718878211696462
53,G2,16.6,0.6725184884275117
53,G2,16.7,0.673148826303512
53,G2,16.8,0.673778765608543
53,G2,16.9,0.6744083550120276
53,G2,17.0,0.6750375678115017
53,G2,17.1,0.6756663936823695
53,G2,17.2,0.6762948753583093
53,G2,17.3,0.6769229373831185
53,G2,17.4,0.6775506506983053
53,G2,17.5,0.6781779626042588
53,G2,17.6,0.678804902438875
53,G2,17.7,0.6794314667605563
53,G2,17.8,0.6800576101780205
53,G2,17.9,0.6806834046824934
53,G2,18.0,0.681308770400869
53,G2,18.1,0.6819337697031469
53,G2,18.2,0.6825583638327916
53,G2,18.3,0.6831825543540831
53,G2,18.4,0.6838063759197743
53,G2,18.5,0.6844297521572071
53,G2,18.6,0.6850527632751148
53,G2,18.7,0.6856753448314131
53,G2,18.8,0.686297536125884
53,G2,18.9,0.6869193237635418
53,G2,19.0,0.687540675766085
53,G2,19.1,0.6881616560683833
53,G2,19.2,0.688782178996286
53,G2,19.3,0.689402317271768
53,G2,19.4,0.6900220242454207
53,G2,19.5,0.6906413113467966
53,G2,19.6,0.6912602023439341
53,G2,19.7,0.691878626408366
53,G2,19.8,0.692496668183661
53,G2,19.9,0.6931142517149957
53,G2,20.0,0.6937314272022008
53,G2,20.1,0.6943481717986635
53,G2,20.2,0.6949644657875045
53,G2,20.3,0.6955803647945203
53,G2,20.4,0.6961957811582027
53,G2,20.5,0.6968107938122018
53,G2,20.6,0.6974253488266454
53,G2,20.7,0.6980394716853564
53,G2,20.8,0.698653167006889
53,G2,20.9,0.6992663777333402
53,G2,21.0,0.6998791883418777
53,G2,21.1,0.7004915105282163
53,G2,21.2,0.7011034100942731
53,G2,21.3,0.7017148506624659
53,G2,21.4,0.7023258257286649
53,G2,21.5,0.7029363824042693
53,G2,21.6,0.7035464306911282
53,G2,21.7,0.7041560613943632
53,G2,21.8,0.7047652063568323
53,G2,21.9,0.705373903494611
53,G2,22.0,0.7059821452600361
53,G2,22.1,0.7065898889968784
53,G2,22.2,0.7071972118379465
53,G2,22.3,0.7078040168952298
53,G2,22.4,0.7084103839280688
53,G2,22.5,0.7090162664186267
53,G2,22.6,0.7096216686571489
53,G2,22.7,0.7102266265011037
53,G2,22.8,0.7108310552710019
53,G2,22.9,0.7114350514297137
53,G2,23.0,0.7120385333305047
53,G2,23.1,0.7126415517189197
53,G2,23.2,0.7132440882449843
53,G2,23.3,0.7138461136314415
53,G2,23.4,0.7144476960199773
53,G2,23.5,0.7150487366688165
53,G2,23.6,0.7156493211362847
53,G2,23.7,0.7162493954345815
53,G2,23.8,0.7168489799038473
53,G2,23.9,0.7174480889704553
53,G2,24.0,0.7180466527894348
53,G2,24.1,0.7186447681183152
53,G2,24.2,0.7192423393729788
53,G2,24.3,0.7198394345339452
53,G2,24.4,0.7204360205595675
53,G2,24.5,0.7210320823912982
53,G2,24.6,0.7216276796327795
53,G2,24.7,0.7222227091947376
53,G2,24.8,0.7228172715854018
53,G2,24.9,0.723411296005373
53,G2,25.0,0.7240048180881711
54,G1,10.0,0.8025113827309717
54,G1,10.1,0.8027562272740941
54,G1,10.2,0.8030008954697645
54,G1,10.3,0.8032454223093053
54,G1,10.4,0.8034897770815591
54,G1,10.5,0.8037339552927882
54,G1,10.6,0.8039779918801421
54,G1,10.7,0.8042218559455943
54,G1,10.8,0.80446554323526
54,G1,10.9,0.804709088634115
54,G1,11.0,0.804952461062009
54,G1,11.1,0.8051956565014703
54,G1,11.2,0.8054387097854215
54,G1,11.3,0.8056815896520679
54,G1,11.4,0.8059242923167048
54,G1,11.5,0.8061668525723134
54,G1,11.6,0.8064092389625273
54,G1,11.7,0.8066514479373964
54,G1,11.8,0.8068935142585637
54,G1,11.9,0.8071354062656815
54,G1,12.0,0.8073771206416909
54,G1,12.1,0.8076186921327133
54,G1,12.2,0.8078600888546585
54,G1,12.3,0.8081013077418923
54,G1,12.4,0.8083423835050135
54,G1,12.5,0.8085832840556709
54,G1,12.6,0.8088240065700202
54,G1,12.7,0.8090645857214596
54,G1,12.8,0.809304989219805
54,G1,12.9,0.8095452144832521
54,G1,13.0,0.8097852961482873
54,G1,13.1,0.8100252017218663
54,G1,13.2,0.8102649288592076
54,G1,13.3,0.8105045121738976
54,G1,13.4,0.8107439189623787
54,G1,13.5,0.8109831471132136
54,G1,13.6,0.8112222312154275
54,G1,13.7,0.8114611383676203
54,G1,13.8,0.8116998666801366
54,G1,13.9,0.8119384507131153
54,G1,14.0,0.8121768573896563
54,G1,14.1,0.8124150850198988
54,G1,14.2,0.8126531681435233
54,G1,14.3,0.812891073506373
54,G1,14.4,0.8131287996067598
54,G1,14.5,0.8133663809979528
54,G1,14.6,0.813603784215056
54,G1,14.7,0.8138410079659911
54,G1,14.8,0.814078086790609
54,G1,14.9,0.8143149870507668
54,G1,15.0,0.8145517076358789
54,G1,15.1,0.8147882830749612
54,G1,15.2,0.8150246795700482
54,G1,15.3,0.8152608961806062
54,G1,15.4,0.8154969674253233
54,G1,15.5,0.8157328593543852
54,G1,15.6,0.8159685711903107
54,G1,15.7,0.8162041374429517
54,G1,15.8,0.8164395240112367
54,G1,15.9,0.8166747302811189
54,G1,16.0,0.8169097907526354
54,G1,16.1,0.8171446711740634
54,G1,16.2,0.8173793710951619
54,G1,16.3,0.8176139250002419
54,G1,16.4,0.8178482985023612
54,G1,16.5,0.8180824913006172
54,G1,16.6,0.8183165378641546
54,G1,16.7,0.8185504036732155
54,G1,16.8,0.818784088591722
54,G1,16.9,0.8190176270468503
54,G1,17.0,0.8192509844004922
54,G1,17.1,0.8194841606888101
54,G1,17.2,0.8197171902811595
54,G1,17.3,0.819950038416447
54,G1,17.4,0.8201827053383269
54,G1,17.5,0.8204152253222413
54,G1,17.6,0.8206475634950657
54,G1,17.7,0.8208797203067482
54,G1,17.8,0.8211117299514001
54,G1,17.9,0.8213435574204052
54,G1,18.0,0.821575203398537
54,G1,18.1,0.8218067019761115
54,G1,18.2,0.822038018012871
54,G1,18.3,0.8222691524389971
54,G1,18.4,0.8225001392271989
54,G1,18.5,0.822730943114133
54,G1,18.6,0.8229615652792712
54,G1,18.7,0.8231920395626205
54,G1,18.8,0.8234223305968139
54,G1,18.9,0.8236524397967335
54,G1,19.0,0.8238824008700649
54,G1,19.1,0.8241121783557818
54,G1,19.2,0.8243417738884994
54,G1,19.3,0.8245712210608457
54,G1,19.4,0.824800484312171
54,G1,19.5,0.8250295654901543
54,G1,19.6,0.8252584980778568
54,G1,19.7,0.8254872464065659
54,G1,19.8,0.8257158125586553
54,G1,19.9,0.8259442298860357
54,G1,20.0,0.8261724626187061
54,G1,20.1,0.8264005130764766
54,G1,20.2,0.8266284144766256
54,G1,20.3,0.8268561309494021
54,G1,20.4,0.8270836650524123
54,G1,20.5,0.8273110498659325
54,G1,20.6,0.8275382494223892
54,G1,20.7,0.8277652665215882
54,G1,20.8,0.8279921340931778
54,G1,20.9,0.828218816088464
54,G1,21.0,0.8284453155454835
54,G1,21.1,0.8286716652274424
54,G1,21.2,0.8288978290311738
54,G1,21.3,0.829123810211939
54,G1,21.4,0.8293496413621386
54,G1,21.5,0.8295752863545837
54,G1,21.6,0.8298007486351711
54,G1,21.7,0.8300260606204848
54,G1,21.8,0.830251186186337
54,G1,21.9,0.8304761289557876
54,G1,22.0,0.8307009211619347
54,G1,22.1,0.8309255266901466
54,G1,22.2,0.8311499493364709
54,G1,22.3,0.8313742211623011
54,G1,22.4,0.8315983060506305
54,G1,22.5,0.8318222079718158
54,G1,22.6,0.8320459588238096
54,G1,22.7,0.8322695224788231
54,G1,22.8,0.832492903084797
54,G1,22.9,0.8327161323751087
54,G1,23.0,0.8329391742121893
54,G1,23.1,0.8331620329216863
54,G1,23.2,0.8333847400712816
54,G1,23.3,0.8336072595146248
54,G1,23.4,0.8338295957536652
54,G1,23.5,0.8340517801938526
54,G1,23.6,0.8342737766764736
54,G1,23.7,0.8344955898754882
54,G1,23.8,0.8347172510445056
54,G1,23.9,0.8349387240145251
54,G1,24.0,0.8351600136186745
54,G1,24.1,0.8353811509575834
54,G1,24.2,0.8356020998536628
54,G1,24.3,0.8358228653350285
54,G1,24.4,0.8360434782978244
54,G1,24.5,0.8362639025777447
54,G1,24.6,0.836484143396292
54,G1,24.7,0.836704231455078
54,G1,24.8,0.8369241305871323
54,G1,24.9,0.8371438462144818
54,G1,25.0,0.8373634088431596
54,G2,10.0,0.7245298610245859
54,G2,10.1,0.7248163339651085
54,G2,10.2,0.7251026983719734
54,G2,10.3,0.72538894529712
54,G2,10.4,0.7256750583858754
54,G2,10.5,0.7259610625059966
54,G2,10.6,0.7262469485158161
54,G2,10.7,0.7265327000950822
54,G2,10.8,0.7268183422737118
54,G2,10.9,0.7271038657138291
54,G2,11.0,0.7273892541318981
54,G2,11.1,0.7276745327203104
54,G2,11.2,0.7279596919423875
54,G2,11.3,0.7282447155535994
54,G2,11.4,0.7285296289091246
54,G2,11.5,0.7288144222708934
54,G2,11.6,0.729099079435673
54,G2,11.7,0.7293836259217324
54,G2,11.8,0.7296680517870312
54,G2,11.9,0.7299523408719198
54,G2,12.0,0.7302365188580601
54,G2,12.1,0.7305205755968659
54,G2,12.2,0.730804494974558
54,G2,12.3,0.7310883028364846
54,G2,12.4,0.7313719888249486
54,G2,12.5,0.7316555368743235
54,G2,12.6,0.7319389729939356
54,G2,12.7,0.7322222866144164
54,G2,12.8,0.7325054617205745
54,G2,12.9,0.7327885244859975
54,G2,13.0,0.7330714641270953
54,G2,13.1,0.7333542646813895
54,G2,13.2,0.7336369524870096
54,G2,13.3,0.7339195165435997
54,G2,13.4,0.7342019409436706
54,G2,13.5,0.7344842521901677
54,G2,13.6,0.7347664390634336
54,G2,13.7,0.7350484857132417
54,G2,13.8,0.7353304188076226
54,G2,13.9,0.7356122269050895
54,G2,14.0,0.7358938942149492
54,G2,14.1,0.7361754475705808
54,G2,14.2,0.7364568753061482
54,G2,14.3,0.7367381616927594
54,G2,14.4,0.7370193337294018
54,G2,14.5,0.7373003795233768
54,G2,14.6,0.7375812834098594
54,G2,14.7,0.7378620725536977
54,G2,14.8,0.7381427348328278
54,G2,14.9,0.7384232546487527
54,G2,15.0,0.7387036593324303
54,G2,15.1,0.7389839365299348
54,G2,15.2,0.7392640707113578
54,G2,15.3,0.7395440893740078
54,G2,15.4,0.7398239799296109
54,G2,15.5,0.7401037269191035
54,G2,15.6,0.7403833580063819
54,G2,15.7,0.7406628603663457
54,G2,15.8,0.7409422186130272
54,G2,15.9,0.7412214605771437
54,G2,16.0,0.7415005731942982
54,G2,16.1,0.7417795411538688
54,G2,16.2,0.7420583924536188
54,G2,16.3,0.7423371137873949
54,G2,16.4,0.7426156899221661
54,G2,16.5,0.7428941490229632
54,G2,16.6,0.7431724775394232
54,G2,16.7,0.7434506603183497
54,G2,16.8,0.7437287256858041
54,G2,16.9,0.744006659864126
54,G2,17.0,0.7442844477628365
54,G2,17.1,0.7445621178280964
54,G2,17.2,0.7448396561952939
54,G2,17.3,0.7451170476961231
54,G2,17.4,0.7453943209442624
54,G2,17.5,0.7456714619845581
54,G2,17.6,0.7459484555788781
54,G2,17.7,0.7462253305017147
54,G2,17.8,0.7465020726478577
54,G2,17.9,0.7467786668920355
54,G2,18.0,0.7470551419881617
54,G2,18.1,0.7473314837399463
54,G2,18.2,0.747607677136885
54,G2,18.3,0.7478837509116989
54,G2,18.4,0.748159690775736
54,G2,18.5,0.7484354818351627
54,G2,18.6,0.7487111528008975
54,G2,18.7,0.748986689290647
54,G2,18.8,0.7492620765291428
54,G2,18.9,0.7495373432048971
54,G2,19.0,0.7498124748406961
54,G2,19.1,0.7500874567817272
54,G2,19.2,0.7503623176934947
54,G2,19.3,0.7506370430025869
54,G2,19.4,0.7509116181765326
54,G2,19.5,0.7511860718572317
54,G2,19.6,0.7514603893737987
54,G2,19.7,0.7517345563179815
54,G2,19.8,0.7520086013074851
54,G2,19.9,0.7522825095726738
54,G2,20.0,0.7525562668313894
54,G2,20.1,0.7528299016765534
54,G2,20.2,0.7531033992385066
54,G2,20.3,0.7533767453630518
54,G2,20.4,0.7536499686177436
54,G2,20.5,0.7539230540316286
54,G2,20.6,0.7541959875803308
54,G2,20.7,0.7544687978054601
54,G2,20.8,0.7547414696334963
54,G2,20.9,0.755013989171742
54,G2,21.0,0.7552863849352865
54,G2,21.1,0.7555586417467767
54,G2,21.2,0.7558307458470394
54,G2,21.3,0.7561027257240757
54,G2,21.4,0.7563745660954311
54,G2,21.5,0.7566462533373005
54,G2,21.6,0.7569178159100306
54,G2,21.7,0.7571892384248003
54,G2,21.8,0.7574605073950104
54,G2,21.9,0.7577316512527905
54,G2,22.0,0.7580026545016907
54,G2,22.1,0.7582735037941458
54,G2,22.2,0.7585442275335134
54,G2,22.3,0.7588148101144531
54,G2,22.4,0.7590852383302577
54,G2,22.5,0.7593555405549599
54,G2,22.6,0.759625701073069
54,G2,22.7,0.7598957068205542
54,G2,22.8,0.7601655861415739
54,G2,22.9,0.7604353232092317
54,G2,23.0,0.7607049051039808
54,G2,23.1,0.7609743601395658
54,G2,23.2,0.7612436723764259
54,G2,23.3,0.7615128290413046
54,G2,23.4,0.7617818584169915
54,G2,23.5,0.7620507444500108
54,G2,23.6,0.7623194745151916
54,G2,23.7,0.7625880768638346
54,G2,23.8,0.7628565353272987
54,G2,23.9,0.7631248374302887
54,G2,24.0,0.7633930113920855
54,G2,24.1,0.7636610409276348
54,G2,24.2,0.7639289137133005
54,G2,24.3,0.7641966579358187
54,G2,24.4,0.7644642571924761
54,G2,24.5,0.764731699313071
54,G2,24.6,0.7649990124512746
54,G2,24.7,0.7652661800854699
54,G2,24.8,0.76553319020066
54,G2,24.9,0.7658000709169335
54,G2,25.0,0.7660668055925304
55,G1,10.0,0.7538869367705253
55,G1,10.1,0.7550979549739145
55,G1,10.2,0.7563062661617627
55,G1,10.3,0.7575118528012463
55,G1,10.4,0.7587146708443895
55,G1,10.5,0.7599147357738663
55,G1,10.6,0.7611120393117515
55,G1,10.7,0.7623065346017481
55,G1,10.8,0.7634982315840434
55,G1,10.9,0.7646871316139348
55,G1,11.0,0.7658731840654377
55,G1,11.1,0.7670563943548095
55,G1,11.2,0.7682367721173965
55,G1,11.3,0.7694142641373312
55,G1,11.4,0.7705888723569547
55,G1,11.5,0.7717606122798425
55,G1,11.6,0.7729294299728633
55,G1,11.7,0.7740953224651461
55,G1,11.8,0.7752583115800563
55,G1,11.9,0.7764183443133821
55,G1,12.0,0.7775754107365014
55,G1,12.1,0.7787295384026923
55,G1,12.2,0.7798806781265136
55,G1,12.3,0.7810288120602757
55,G1,12.4,0.7821739709173382
55,G1,12.5,0.7833161118910981
55,G1,12.6,0.7844552100349031
55,G1,12.7,0.7855912965790969
55,G1,12.8,0.7867243369459239
55,G1,12.9,0.7878542981389616
55,G1,13.0,0.7889812120012912
55,G1,13.1,0.7901050521071314
55,G1,13.2,0.7912257789034561
55,G1,13.3,0.7923434232087299
55,G1,13.4,0.7934579656446136
55,G1,13.5,0.7945693636907017
55,G1,13.6,0.7956776436843008
55,G1,13.7,0.7967827951490625
55,G1,13.8,0.7978847729800136
55,G1,13.9,0.7989835973778756
55,G1,14.0,0.8000792685013334
55,G1,14.1,0.8011717379784946
55,G1,14.2,0.8022610195030511
55,G1,14.3,0.8033471241097169
55,G1,14.4,0.804429999220927
55,G1,14.5,0.8055096544551
55,G1,14.6,0.8065861086348842
55,G1,14.7,0.8076593072023855
55,G1,14.8,0.8087292557554663
55,G1,14.9,0.8097959789086991
55,G1,15.0,0.8108594227377427
55,G1,15.1,0.8119195858954578
55,G1,15.2,0.8129765006279968
55,G1,15.3,0.8140301150558683
55,G1,15.4,0.8150804193375402
55,G1,15.5,0.8161274506343231
55,G1,15.6,0.8171711629716139
55,G1,15.7,0.8182115384351171
55,G1,15.8,0.8192486158810107
55,G1,15.9,0.820282357286928
55,G1,16.0,0.8213127366534826
55,G1,16.1,0.822339793287532
55,G1,16.2,0.8233634982881667
55,G1,16.3,0.8243838176016783
55,G1,16.4,0.8254007902030666
55,G1,16.5,0.8264143957061754
55,G1,16.6,0.827424594331976
55,G1,16.7,0.8284314230147749
55,G1,16.8,0.8294348688874575
55,G1,16.9,0.8304348900441102
55,G1,17.0,0.8314315169057047
55,G1,17.1,0.8324247476248251
55,G1,17.2,0.8334145374665318
55,G1,17.3,0.8344009095833046
55,G1,17.4,0.8353838738598128
55,G1,17.5,0.8363633814780288
55,G1,17.6,0.8373394494943911
55,G1,17.7,0.8383120980944031
55,G1,17.8,0.8392812753205463
55,G1,17.9,0.8402469940693937
55,G1,18.0,0.841209281360733
55,G1,18.1,0.8421680844953877
55,G1,18.2,0.843123410733356
55,G1,18.3,0.8440752941351739
55,G1,18.4,0.8450236833180129
55,G1,18.5,0.8459685773393527
55,G1,18.6,0.8469100171014071
55,G1,18.7,0.8478479553777893
55,G1,18.8,0.8487823821736628
55,G1,18.9,0.8497133420183338
55,G1,19.0,0.8506407949153556
55,G1,19.1,0.8515647229156283
55,G1,19.2,0.8524851710630198
55,G1,19.3,0.8534021084484664
55,G1,19.4,0.8543155084120827
55,G1,19.5,0.8552254164436813
55,G1,19.6,0.8561318107281074
55,G1,19.7,0.8570346573499426
55,G1,19.8,0.8579340006853298
55,G1,19.9,0.8588298265655738
55,G1,20.0,0.8597220979499295
55,G1,20.1,0.8606108541803101
55,G1,20.2,0.8614960907501198
55,G1,20.3,0.8623777680356995
55,G1,20.4,0.863255918295613
55,G1,20.5,0.8641305488072237
55,G1,20.6,0.8650016166277309
55,G1,20.7,0.8658691463965638
55,G1,20.8,0.8667331574957511
55,G1,20.9,0.867593602482417
55,G1,21.0,0.8684505012583965
55,G1,21.1,0.869303881723159
55,G1,21.2,0.8701536944126118
55,G1,21.3,0.8709999547601549
55,G1,21.4,0.8718426968024585
55,G1,21.5,0.8726818718040064
55,G1,21.6,0.8735174877339206
55,G1,21.7,0.8743495867199718
55,G1,21.8,0.8751781221525898
55,G1,21.9,0.8760030929600762
55,G1,22.0,0.8768245465357474
55,G1,22.1,0.8776424423306106
55,G1,22.2,0.8784567707650398
55,G1,22.3,0.8792675810389733
55,G1,22.4,0.8800748407072052
55,G1,22.5,0.8808785321154563
55,G1,22.6,0.8816787045740913
55,G1,22.7,0.882475335076204
55,G1,22.8,0.8832683977017578
55,G1,22.9,0.8840579413582664
55,G1,23.0,0.8848439517580807
55,G1,23.1,0.8856263969939545
55,G1,23.2,0.8864053239839551
55,G1,23.3,0.8871807259227049
55,G1,23.4,0.8879525687945312
55,G1,23.5,0.8887208928148447
55,G1,23.6,0.8894857021841791
55,G1,23.7,0.8902469603620685
55,G1,23.8,0.8910046997294874
55,G1,23.9,0.8917589364400347
55,G1,24.0,0.892509630144512
55,G1,24.1,0.8932568063560987
55,G1,24.2,0.8940004920697936
55,G1,24.3,0.8947406435631035
55,G1,24.4,0.8954772821134888
55,G1,24.5,0.896210441474269
55,G1,24.6,0.8969400771644487
55,G1,24.7,0.8976662049361988
55,G1,24.8,0.8983888651896302
55,G1,24.9,0.8991080148751175
55,G1,25.0,0.8998236614867183
55,G2,10.0,0.6975588784078498
55,G2,10.1,0.698875612972635
55,G2,10.2,0.7001903288688317
55,G2,10.3,0.7015030528474185
55,G2,10.4,0.7028137113185855
55,G2,10.5,0.7041222911634691
55,G2,10.6,0.705428824584869
55,G2,10.7,0.7067332497809313
55,G2,10.8,0.7080355348623883
55,G2,10.9,0.7093357215710536
55,G2,11.0,0.7106337559984215
55,G2,11.1,0.7119295908881974
55,G2,11.2,0.7132232759066579
55,G2,11.3,0.7145147642936559
55,G2,11.4,0.7158039975335299
55,G2,11.5,0.7170910265484408
55,G2,11.6,0.7183758158288746
55,G2,11.7,0.7196582977297715
55,G2,11.8,0.7209385180640354
55,G2,11.9,0.7222164589588111
55,G2,12.0,0.7234920411525769
55,G2,12.1,0.7247653033128876
55,G2,12.2,0.7260362487800603
55,G2,12.3,0.7273047815841218
55,G2,12.4,0.7285709421853259
55,G2,12.5,0.7298347458453255
55,G2,12.6,0.7310960850316579
55,G2,12.7,0.7323549991718514
55,G2,12.8,0.733611515666309
55,G2,12.9,0.7348655198124482
55,G2,13.0,0.7361170470954558
55,G2,13.1,0.7373661317295372
55,G2,13.2,0.7386126644908159
55,G2,13.3,0.7398566667854354
55,G2,13.4,0.7410981791378267
55,G2,13.5,0.7423371036807247
55,G2,13.6,0.7435734454186177
55,G2,13.7,0.7448072480850669
55,G2,13.8,0.7460384310734816
55,G2,13.9,0.7472669763648192
55,G2,14.0,0.748492937271669
55,G2,14.1,0.7497162461600371
55,G2,14.2,0.7509368624266431
55,G2,14.3,0.7521548519179005
55,G2,14.4,0.753370154874059
55,G2,14.5,0.7545827150787686
55,G2,14.6,0.7557926033265642
55,G2,14.7,0.7569997728506613
55,G2,14.8,0.7582041534043361
55,G2,14.9,0.7594058132775354
55,G2,15.0,0.7606047239178714
55,G2,15.1,0.7618008028465683
55,G2,15.2,0.7629941104937873
55,G2,15.3,0.7641846425497577
55,G2,15.4,0.7653722982725909
55,G2,15.5,0.7665571348056814
55,G2,15.6,0.7677391685794631
55,G2,15.7,0.7689182822020147
55,G2,15.8,0.770094533234096
55,G2,15.9,0.771267951343706
55,G2,16.0,0.7724384090126034
55,G2,16.1,0.7736059588326886
55,G2,16.2,0.7747706450087949
55,G2,16.3,0.7759323368633404
55,G2,16.4,0.777091077826303
55,G2,16.5,0.7782469178783552
55,G2,16.6,0.7793997382470538
55,G2,16.7,0.780549563179954
55,G2,16.8,0.7816964484279512
55,G2,16.9,0.7828402921578752
55,G2,17.0,0.7839810957504748
55,G2,17.1,0.7851189219488194
55,G2,17.2,0.786253687562033
55,G2,17.3,0.7873853664164497
55,G2,17.4,0.7885140339563605
55,G2,17.5,0.7896396200897675
55,G2,17.6,0.7907620753331887
55,G2,17.7,0.791881486715985
55,G2,17.8,0.7929977950376979
55,G2,17.9,0.7941109339824012
55,G2,18.0,0.7952209922140103
55,G2,18.1,0.7963279281146687
55,G2,18.2,0.7974316609243446
55,G2,18.3,0.7985322723794398
55,G2,18.4,0.7996297459538881
55,G2,18.5,0.8007239845960422
55,G2,18.6,0.8018150601137506
55,G2,18.7,0.8029029854380644
55,G2,18.8,0.8039876407285669
55,G2,18.9,0.8050690989536755
55,G2,19.0,0.8061473907523394
55,G2,19.1,0.8072223805569121
55,G2,19.2,0.8082941391933658
55,G2,19.3,0.8093627137741563
55,G2,19.4,0.8104279600114322
55,G2,19.5,0.8114899421165795
55,G2,19.6,0.8125487171438377
55,G2,19.7,0.8136041480923987
55,G2,19.8,0.8146562801067183
55,G2,19.9,0.8157051786278863
55,G2,20.0,0.8167507222049537
55,G2,20.1,0.8177929342248352
55,G2,20.2,0.8188318836225837
55,G2,20.3,0.8198674721595265
55,G2,20.4,0.8208996934573329
55,G2,20.5,0.8219286280726625
55,G2,20.6,0.8229541952998946
55,G2,20.7,0.8239763595210678
55,G2,20.8,0.8249952167006503
55,G2,20.9,0.8260106971461194
55,G2,21.0,0.8270227446189528
55,G2,21.1,0.8280314614636245
55,G2,21.2,0.8290367951124432
55,G2,21.3,0.8300386708301587
55,G2,21.4,0.8310371877606423
55,G2,21.5,0.8320323170289112
55,G2,21.6,0.8330239678433593
55,G2,21.7,0.8340122297629582
55,G2,21.8,0.8349971039365337
55,G2,21.9,0.8359784774375201
55,G2,22.0,0.8369564347202068
55,G2,22.1,0.8379310034024373
55,G2,22.2,0.8389020499201975
55,G2,22.3,0.8398696586992421
55,G2,22.4,0.8408338740840849
55,G2,22.5,0.8417945502124892
55,G2,22.6,0.842751764857997
55,G2,22.7,0.84370558016837
55,G2,22.8,0.8446558468464815
55,G2,22.9,0.8456026312091622
55,G2,23.0,0.8465460023375908
55,G2,23.1,0.8474858255160138
55,G2,23.2,0.8484221437308955
55,G2,23.3,0.8493550330228605
55,G2,23.4,0.8502843787591414
55,G2,23.5,0.851210197309106
55,G2,23.6,0.852132571926113
55,G2,23.7,0.85305141066723
55,G2,23.8,0.8539666978110491
55,G2,23.9,0.8548785303331203
55,G2,24.0,0.8557868326463948
55,G2,24.1,0.8566915612833914
55,G2,24.2,0.8575928267068816
55,G2,24.3,0.8584905661705957
55,G2,24.4,0.8593847162402438
55,G2,24.5,0.860275389371816
55,G2,24.6,0.8611625437937279
55,G2,24.7,0.8620460984913788
55,G2,24.8,0.8629261583027759
55,G2,24.9,0.8638027098903142
55,G2,25.0,0.8646756539860936
56,G1,10.0,0.7704621726454407
56,G1,10.1,0.7713837846546887
56,G1,10.2,0.7723035883218654
56,G1,10.3,0.7732215764944125
56,G1,10.4,0.7741377445401308
56,G1,10.5,0.7750520882876208
56,G1,10.6,0.7759646011224455
56,G1,10.7,0.7768752755377262
56,G1,10.8,0.7777841062224251
56,G1,10.9,0.7786910879867245
56,G1,11.0,0.7795962134501336
56,G1,11.1,0.7804994785158367
56,G1,11.2,0.7814008790186395
56,G1,11.3,0.7823004082675696
56,G1,11.4,0.7831980595893925
56,G1,11.5,0.7840938284895532
56,G1,11.6,0.7849877085451958
56,G1,11.7,0.7858796959831428
56,G1,11.8,0.7867697860372747
56,G1,11.9,0.7876579734220832
56,G1,12.0,0.7885442530812529
56,G1,12.1,0.7894286189048082
56,G1,12.2,0.7903110657164726
56,G1,12.3,0.7911915892199846
56,G1,12.4,0.7920701847011385
56,G1,12.5,0.7929468469441591
56,G1,12.6,0.7938215701469634
56,G1,12.7,0.7946943494437444
56,G1,12.8,0.7955651786494897
56,G1,12.9,0.796434053748186
56,G1,13.0,0.7973009719058118
56,G1,13.1,0.7981659288050744
56,G1,13.2,0.7990289171675495
56,G1,13.3,0.7998899324468205
56,G1,13.4,0.8007489712277571
56,G1,13.5,0.8016060269979778
56,G1,13.6,0.8024610961626683
56,G1,13.7,0.8033141758494101
56,G1,13.8,0.80416526159754
56,G1,13.9,0.8050143471787974
56,G1,14.0,0.8058614290647279
56,G1,14.1,0.8067065022999775
56,G1,14.2,0.8075495633874348
56,G1,14.3,0.8083906095378143
56,G1,14.4,0.8092296363295345
56,G1,14.5,0.8100666400692605
56,G1,14.6,0.8109016161798196
56,G1,14.7,0.8117345599346707
56,G1,14.8,0.8125654681159542
56,G1,14.9,0.8133943376453352
56,G1,15.0,0.8142211642509224
56,G1,15.1,0.8150459440063702
56,G1,15.2,0.8158686721095058
56,G1,15.3,0.8166893446033976
56,G1,15.4,0.8175079572896189
56,G1,15.5,0.8183245087001513
56,G1,15.6,0.8191389966722118
56,G1,15.7,0.819951415151062
56,G1,15.8,0.820761760046384
56,G1,15.9,0.8215700290670902
56,G1,16.0,0.8223762177615185
56,G1,16.1,0.8231803223117231
56,G1,16.2,0.8239823413604108
56,G1,16.3,0.8247822725510504
56,G1,16.4,0.8255801107608491
56,G1,16.5,0.8263758527896852
56,G1,16.6,0.827169495767461
56,G1,16.7,0.8279610362246127
56,G1,16.8,0.8287504731875994
56,G1,16.9,0.8295378035093969
56,G1,17.0,0.8303230248308359
56,G1,17.1,0.8311061339439915
56,G1,17.2,0.831887126906932
56,G1,17.3,0.8326660014976789
56,G1,17.4,0.8334427562180531
56,G1,17.5,0.8342173880084873
56,G1,17.6,0.8349898944494152
56,G1,17.7,0.8357602713556429
56,G1,17.8,0.8365285166101784
56,G1,17.9,0.837294626513637
56,G1,18.0,0.8380586003985929
56,G1,18.1,0.8388204377237223
56,G1,18.2,0.8395801350206595
56,G1,18.3,0.8403376881946927
56,G1,18.4,0.841093095577598
56,G1,18.5,0.8418463554193972
56,G1,18.6,0.842597463791957
56,G1,18.7,0.8433464204167144
56,G1,18.8,0.8440932249174514
56,G1,18.9,0.8448378737861758
56,G1,19.0,0.8455803639996309
56,G1,19.1,0.8463206947363665
56,G1,19.2,0.8470588629060668
56,G1,19.3,0.8477948688328908
56,G1,19.4,0.848528711166691
56,G1,19.5,0.8492603882505255
56,G1,19.6,0.8499898985793036
56,G1,19.7,0.8507172395326413
56,G1,19.8,0.8514424094443119
56,G1,19.9,0.8521654080230557
56,G1,20.0,0.8528862340141863
56,G1,20.1,0.8536048858698927
56,G1,20.2,0.854321361109279
56,G1,20.3,0.8550356586282655
56,G1,20.4,0.8557477754857014
56,G1,20.5,0.856457711824856
56,G1,20.6,0.8571654685260874
56,G1,20.7,0.8578710445821011
56,G1,20.8,0.8585744363575712
56,G1,20.9,0.859275642812271
56,G1,21.0,0.8599746642481811
56,G1,21.1,0.8606714975921437
56,G1,21.2,0.8613661429850024
56,G1,21.3,0.8620586016392595
56,G1,21.4,0.8627488723262586
56,G1,21.5,0.8634369523357689
56,G1,21.6,0.8641228421332584
56,G1,21.7,0.8648065400081647
56,G1,21.8,0.8654880466335347
56,G1,21.9,0.8661673626550371
56,G1,22.0,0.8668444872909967
56,G1,22.1,0.8675194204461244
56,G1,22.2,0.8681921611431492
56,G1,22.3,0.8688627082697894
56,G1,22.4,0.8695310623747396
56,G1,22.5,0.8701972240400995
56,G1,22.6,0.8708611926585236
56,G1,22.7,0.8715229676288986
56,G1,22.8,0.8721825481337874
56,G1,22.9,0.8728399332697677
56,G1,23.0,0.8734951229710498
56,G1,23.1,0.8741481195101133
56,G1,23.2,0.8747989241832459
56,G1,23.3,0.8754475342824675
56,G1,23.4,0.876093949477729
56,G1,23.5,0.8767381711723429
56,G1,23.6,0.8773801982224443
56,G1,23.7,0.8780200307237256
56,G1,23.8,0.8786576709801583
56,G1,23.9,0.8792931201425865
56,G1,24.0,0.8799263765211268
56,G1,24.1,0.8805574408733028
56,G1,24.2,0.8811863135465507
56,G1,24.3,0.881812995016893
56,G1,24.4,0.8824374879203141
56,G1,24.5,0.8830597924952976
56,G1,24.6,0.8836799100132058
56,G1,24.7,0.884297840777168
56,G1,24.8,0.884913584410134
56,G1,24.9,0.8855271423072845
56,G1,25.0,0.8861385166543755
56,G2,10.0,0.6580398809296294
56,G2,10.1,0.6591144181983382
56,G2,10.2,0.660188031596446
56,G2,10.3,0.6612607100544751
56,G2,10.4,0.6623324455691063
56,G2,10.5,0.6634032283508768
56,G2,10.6,0.6644730518893518
56,G2,10.7,0.6655419047375369
56,G2,10.8,0.666609779760561
56,G2,10.9,0.667676666452268
56,G2,11.0,0.6687425570285631
56,G2,11.1,0.66980744107608
56,G2,11.2,0.6708713100754107
56,G2,11.3,0.6719341544032246
56,G2,11.4,0.6729959646085224
56,G2,11.5,0.6740567315364993
56,G2,11.6,0.6751164476907827
56,G2,11.7,0.6761751026603423
56,G2,11.8,0.677232687344968
56,G2,11.9,0.6782891912570123
56,G2,12.0,0.6793446057373358
56,G2,12.1,0.680398920514844
56,G2,12.2,0.6814521293097832
56,G2,12.3,0.6825042244379176
56,G2,12.4,0.6835551972720381
56,G2,12.5,0.6846050381286359
56,G2,12.6,0.6856537374505766
56,G2,12.7,0.6867012839568242
56,G2,12.8,0.6877476694871001
56,G2,12.9,0.6887928850377685
56,G2,13.0,0.6898369208240974
56,G2,13.1,0.690879771950581
56,G2,13.2,0.6919214280695795
56,G2,13.3,0.6929618814506059
56,G2,13.4,0.694001123350938
56,G2,13.5,0.695039145700699
56,G2,13.6,0.6960759394626487
56,G2,13.7,0.6971114964759144
56,G2,13.8,0.698145806859428
56,G2,13.9,0.6991788630934356
56,G2,14.0,0.7002106548757431
56,G2,14.1,0.7012411763227099
56,G2,14.2,0.7022704183872257
56,G2,14.3,0.7032983720706987
56,G2,14.4,0.7043250267076512
56,G2,14.5,0.705350375111731
56,G2,14.6,0.7063744074903001
56,G2,14.7,0.7073971167568491
56,G2,14.8,0.7084184974420601
56,G2,14.9,0.7094385412909785
56,G2,15.0,0.7104572394047483
56,G2,15.1,0.7114745838351997
56,G2,15.2,0.7124905617357798
56,G2,15.3,0.7135051681636215
56,G2,15.4,0.7145183916887865
56,G2,15.5,0.7155302253918298
56,G2,15.6,0.7165406634878924
56,G2,15.7,0.7175496985357573
56,G2,15.8,0.7185573213684748
56,G2,15.9,0.7195635258140223
56,G2,16.0,0.7205683032883918
56,G2,16.1,0.7215716466723985
56,G2,16.2,0.7225735474491244
56,G2,16.3,0.7235739974427179
56,G2,16.4,0.7245729896606495
56,G2,16.5,0.7255705133819147
56,G2,16.6,0.7265665639527389
56,G2,16.7,0.7275611343762118
56,G2,16.8,0.7285542148278632
56,G2,16.9,0.7295457972251383
56,G2,17.0,0.7305358739170301
56,G2,17.1,0.731524436073114
56,G2,17.2,0.7325114756590919
56,G2,17.3,0.7334969899000778
56,G2,17.4,0.7344809712527266
56,G2,17.5,0.7354634115948037
56,G2,17.6,0.7364443036181847
56,G2,17.7,0.737423636424543
56,G2,17.8,0.7384014041192708
56,G2,17.9,0.7393775964905646
56,G2,18.0,0.7403522083778243
56,G2,18.1,0.7413252321070238
56,G2,18.2,0.7422966644562072
56,G2,18.3,0.7432664945982684
56,G2,18.4,0.7442347192261146
56,G2,18.5,0.7452013291693723
56,G2,18.6,0.7461663197021434
56,G2,18.7,0.7471296816670638
56,G2,18.8,0.74809140928891
56,G2,18.9,0.7490514952543835
56,G2,19.0,0.7500099307124716
56,G2,19.1,0.7509667098836389
56,G2,19.2,0.751921828431183
56,G2,19.3,0.7528752775320027
56,G2,19.4,0.7538270503853646
56,G2,19.5,0.7547771383452658
56,G2,19.6,0.755725535224581
56,G2,19.7,0.7566722328376271
56,G2,19.8,0.7576172287307916
56,G2,19.9,0.7585605176042799
56,G2,20.0,0.759502092048526
56,G2,20.1,0.760441945079957
56,G2,20.2,0.7613800692667403
56,G2,20.3,0.7623164557937607
56,G2,20.4,0.7632510983543265
56,G2,20.5,0.7641839916586401
56,G2,20.6,0.76511512685285
56,G2,20.7,0.7660445040673818
56,G2,20.8,0.7669721138141236
56,G2,20.9,0.7678979521984689
56,G2,21.0,0.7688220125796056
56,G2,21.1,0.7697442901235662
56,G2,21.2,0.7706647777502743
56,G2,21.3,0.7715834703105907
56,G2,21.4,0.7725003604496733
56,G2,21.5,0.7734154426118521
56,G2,21.6,0.774328708853581
56,G2,21.7,0.7752401574210209
56,G2,21.8,0.7761497815382241
56,G2,21.9,0.7770575749850347
56,G2,22.0,0.7779635290228678
56,G2,22.1,0.7788676391799682
56,G2,22.2,0.7797698987993352
56,G2,22.3,0.7806703041893633
56,G2,22.4,0.7815688529344894
56,G2,22.5,0.7824655388410527
56,G2,22.6,0.7833603553391981
56,G2,22.7,0.7842532979816197
56,G2,22.8,0.7851443553939507
56,G2,22.9,0.7860335263607161
56,G2,23.0,0.7869208026934179
56,G2,23.1,0.7878061789482984
56,G2,23.2,0.7886896543139108
56,G2,23.3,0.7895712233898523
56,G2,23.4,0.7904508802625773
56,G2,23.5,0.7913286218619818
56,G2,23.6,0.7922044427723112
56,G2,23.7,0.7930783386156851
56,G2,23.8,0.7939503040303726
56,G2,23.9,0.79482033345641
56,G2,24.0,0.7956884230323594
56,G2,24.1,0.7965545639634583
56,G2,24.2,0.7974187560397117
56,G2,24.3,0.7982809952329635
56,G2,24.4,0.7991412748057484
56,G2,24.5,0.7999995888497685
56,G2,24.6,0.8008559330491754
56,G2,24.7,0.8017103017518535
56,G2,24.8,0.8025626904767231
56,G2,24.9,0.8034130999010393
56,G2,25.0,0.8042615251715642
57,G1,10.0,0.7844209293462798
57,G1,10.1,0.7848464432347941
57,G1,10.2,0.7852715425222739
57,G1,10.3,0.785696195480907
57,G1,10.4,0.7861204298414313
57,G1,10.5,0.7865442193294258
57,G1,10.6,0.7869675863159027
57,G1,10.7,0.7873905106382242
57,G1,10.8,0.7878130077100954
57,G1,10.9,0.7882350647167792
57,G1,11.0,0.7886566898782342
57,G1,11.1,0.7890778772821743
57,G1,11.2,0.7894986283457661
57,G1,11.3,0.7899189440744254
57,G1,11.4,0.7903388186881156
57,G1,11.5,0.7907582603538283
57,G1,11.6,0.791177256726288
57,G1,11.7,0.7915958220059414
57,G1,11.8,0.7920139379455383
57,G1,11.9,0.7924316246943796
57,G1,12.0,0.7928488581089143
57,G1,12.1,0.7932656641644561
57,G1,12.2,0.7936820126805502
57,G1,12.3,0.7940979361799699
57,G1,12.4,0.794513397973257
57,G1,12.5,0.7949284365700212
57,G1,12.6,0.795343009674535
57,G1,12.7,0.7957571614869564
57,G1,12.8,0.7961708438749242
57,G1,12.9,0.7965841068896574
57,G1,13.0,0.7969968966215856
57,G1,13.1,0.7974092684141921
57,G1,13.2,0.7978211636032099
57,G1,13.3,0.7982326422738993
57,G1,13.4,0.7986436410692087
57,G1,13.5,0.7990542243906852
57,G1,13.6,0.7994643249932135
57,G1,13.7,0.7998740110623611
57,G1,13.8,0.8002832115290922
57,G1,13.9,0.8006919983888312
57,G1,14.0,0.8011002968862895
57,G1,14.1,0.8015081825445846
57,G1,14.2,0.8019155771945558
57,G1,14.3,0.8023225594245106
57,G1,14.4,0.8027290487997688
57,G1,14.5,0.8031351254176498
57,G1,14.6,0.8035407079527125
57,G1,14.7,0.8039458767357267
57,G1,14.8,0.8043505507293152
57,G1,14.9,0.804754809638481
57,G1,15.0,0.8051585736446808
57,G1,15.1,0.805561920379161
57,G1,15.2,0.805964772567141
57,G1,15.3,0.8063672055945243
57,G1,15.4,0.8067691443102368
57,G1,15.5,0.8071706615548833
57,G1,15.6,0.8075716850352023
57,G1,15.7,0.8079722847715154
57,G1,15.8,0.8083723916505378
57,G1,15.9,0.8087720719750503
57,G1,16.0,0.8091712599326646
57,G1,16.1,0.8095700196072806
57,G1,16.2,0.8099682870987309
57,G1,16.3,0.8103661239919302
57,G1,16.4,0.8107634696258612
57,G1,16.5,0.81116038205528
57,G1,16.6,0.8115568043502709
57,G1,16.7,0.8119527904470666
57,G1,16.8,0.8123482878810292
57,G1,16.9,0.812743345285165
57,G1,17.0,0.8131379166507546
57,G1,17.1,0.8135320437857705
57,G1,17.2,0.8139256872092926
57,G1,17.3,0.8143188827657795
57,G1,17.4,0.8147115969323538
57,G1,17.5,0.8151038592818679
57,G1,17.6,0.8154956423471034
57,G1,17.7,0.8158869696729857
57,G1,17.8,0.8162778206625114
57,G1,17.9,0.8166682111610466
57,G1,18.0,0.8170581285521267
57,G1,18.1,0.817447580901165
57,G1,18.2,0.8178365630574804
57,G1,18.3,0.8182250757544356
57,G1,18.4,0.8186131213069432
57,G1,18.5,0.8190006926809489
57,G1,18.6,0.8193877998389151
57,G1,18.7,0.8197744288646506
57,G1,18.8,0.8201605960186117
57,G1,18.9,0.820546281136775
57,G1,19.0,0.820931506815666
57,G1,19.1,0.8213162465837971
57,G1,19.2,0.8217005293911996
57,G1,19.3,0.8220843221636994
57,G1,19.4,0.8224676607857032
57,G1,19.5,0.8228505054590731
57,G1,19.6,0.823232898316317
57,G1,19.7,0.823614793569175
57,G1,19.8,0.8239962394712602
57,G1,19.9,0.8243771839887369
57,G1,20.0,0.8247576815777861
57,G1,20.1,0.8251376741150706
57,G1,20.2,0.8255172216474994
57,G1,20.3,0.8258962610033103
57,G1,20.4,0.826274857269404
57,G1,20.5,0.826652942330164
57,G1,20.6,0.827030585765603
57,G1,20.7,0.8274077153712975
57,G1,20.8,0.8277844048112327
57,G1,20.9,0.8281605777646904
57,G1,21.0,0.8285363119183304
57,G1,21.1,0.8289115270206799
57,G1,21.2,0.8292863045664136
57,G1,21.3,0.8296605607328574
57,G1,21.4,0.8300343800639944
57,G1,21.5,0.8304076766099758
57,G1,21.6,0.83078053621069
57,G1,21.7,0.831152872252222
57,G1,21.8,0.8315247706121854
57,G1,21.9,0.8318961451483927
57,G1,22.0,0.8322670808667848
57,G1,22.1,0.8326374931838091
57,G1,22.2,0.8330074647255046
57,G1,22.3,0.8333769136281549
57,G1,22.4,0.833745920124905
57,G1,22.5,0.8341144047000589
57,G1,22.6,0.8344824447840375
57,G1,22.7,0.8348499639592019
57,G1,22.8,0.8352170365947695
57,G1,22.9,0.8355835896874448
57,G1,23.0,0.8359496936998231
57,G1,23.1,0.8363152790648039
57,G1,23.2,0.8366804138792997
57,G1,23.3,0.8370450307476026
57,G1,23.4,0.8374091949350307
57,G1,23.5,0.8377728425880667
57,G1,23.6,0.8381360351422453
57,G1,23.7,0.8384987128341795
57,G1,23.8,0.8388609325588995
57,G1,23.9,0.8392226394719023
57,G1,24.0,0.8395838846231883
57,G1,24.1,0.8399446202605416
57,G1,24.2,0.8403048900987281
57,G1,24.3,0.8406646532807449
57,G1,24.4,0.8410239471432018
57,G1,24.5,0.8413827372287969
57,G1,24.6,0.8417410541911499
57,G1,24.7,0.8420988700924078
57,G1,24.8,0.8424562089954559
57,G1,24.9,0.8428130504364599
57,G1,25.0,0.8431694102440229
57,G2,10.0,0.66792157277463
57,G2,10.1,0.6684291172306115
57,G2,10.2,0.6689364190078209
57,G2,10.3,0.6694435022852713
57,G2,10.4,0.6699503418181028
57,G2,10.5,0.6704569601687621
57,G2,10.6,0.6709633341077077
57,G2,10.7,0.6714694835636218
57,G2,10.8,0.6719753874049796
57,G2,10.9,0.672481064512405
57,G2,11.0,0.6729864944060439
57,G2,11.1,0.67349169480424
57,G2,11.2,0.67399664734388
57,G2,11.3,0.6745013671412677
57,G2,11.4,0.6750058378701476
57,G2,11.5,0.6755100737249522
57,G2,11.6,0.6760140585889199
57,G2,11.7,0.6765178067744266
57,G2,11.8,0.6770213016313258
57,G2,11.9,0.6775245585266997
57,G2,12.0,0.678027559268846
57,G2,12.1,0.6785303212368637
57,G2,12.2,0.6790328237803401
57,G2,12.3,0.6795350869732856
57,G2,12.4,0.6800370871961234
57,G2,12.5,0.6805388479197219
57,G2,12.6,0.6810403416151528
57,G2,12.7,0.6815415966901472
57,G2,12.8,0.6820425801807097
57,G2,12.9,0.6825433256140793
57,G2,13.0,0.683043795021534
57,G2,13.1,0.6835440270401479
57,G2,13.2,0.6840439784959198
57,G2,13.3,0.6845436933362988
57,G2,13.4,0.6850431229815801
57,G2,13.5,0.6855423166464464
57,G2,13.6,0.6860412208758528
57,G2,13.7,0.686539889459223
57,G2,13.8,0.6870382645959012
57,G2,13.9,0.6875364039400313
57,G2,14.0,0.6880342465789158
57,G2,14.1,0.6885318516597229
57,G2,14.2,0.6890291592823156
57,G2,14.3,0.6895262263527122
57,G2,14.4,0.6900229951839469
57,G2,14.5,0.6905195204512921
57,G2,14.6,0.691015746782286
57,G2,14.7,0.691511726306596
57,G2,14.8,0.6920074065966347
57,G2,14.9,0.6925028366518426
57,G2,15.0,0.6929979671673212
57,G2,15.1,0.693492843410579
57,G2,15.2,0.6939874210558947
57,G2,15.3,0.6944817396493735
57,G2,15.4,0.6949757608453259
57,G2,15.5,0.6954695170936341
57,G2,15.6,0.6959629790130399
57,G2,15.7,0.6964561690797969
57,G2,15.8,0.6969490673444696
57,G2,15.9,0.6974416884996812
57,G2,16.0,0.6979340194524579
57,G2,16.1,0.6984260680129606
57,G2,16.2,0.6989178280076802
57,G2,16.3,0.699409300301605
57,G2,16.4,0.6999004855396855
57,G2,16.5,0.7003913780700747
57,G2,16.6,0.7008819838672855
57,G2,16.7,0.7013722940455113
57,G2,16.8,0.7018623161862588
57,G2,16.9,0.7023520409161116
57,G2,17.0,0.702841475689911
57,G2,17.1,0.7033306108375761
57,G2,17.2,0.7038194542068718
57,G2,17.3,0.7043079969333681
57,G2,17.4,0.7047962451995088
57,G2,17.5,0.7052841915511038
57,G2,17.6,0.7057718411639432
57,G2,17.7,0.7062591883025184
57,G2,17.8,0.7067462357283026
57,G2,17.9,0.7072329791127392
57,G2,18.0,0.7077194215205426
57,G2,18.1,0.7082055578156137
57,G2,18.2,0.7086913911230588
57,G2,18.3,0.7091769173386255
57,G2,18.4,0.7096621380282694
57,G2,18.5,0.7101470498945953
57,G2,18.6,0.7106316551884327
57,G2,18.7,0.7111159490684694
57,G2,18.8,0.7115999355804582
57,G2,18.9,0.7120836075708186
57,G2,19.0,0.7125669722060864
57,G2,19.1,0.7130500185567112
57,G2,19.2,0.7135327580920726
57,G2,19.3,0.7140151749955153
57,G2,19.4,0.7144972859625286
57,G2,19.5,0.7149790696841779
57,G2,19.6,0.7154605488681856
57,G2,19.7,0.7159416955455773
57,G2,19.8,0.7164225402574521
57,G2,19.9,0.7169030464934139
57,G2,20.0,0.7173832532589801
57,G2,20.1,0.7178631155789615
57,G2,20.2,0.7183426810273298
57,G2,20.3,0.7188218959699064
57,G2,20.4,0.7193008167431467
57,G2,20.5,0.7197793808601092
57,G2,20.6,0.7202576532135178
57,G2,20.7,0.7207355634697818
57,G2,20.8,0.7212131838194229
57,G2,20.9,0.7216904370456612
57,G2,21.0,0.7221674013443035
57,G2,21.1,0.7226439948611799
57,G2,21.2,0.7231202984960757
57,G2,21.3,0.7235962302166411
57,G2,21.4,0.72407186986579
57,G2,21.5,0.7245471364393871
57,G2,21.6,0.725022108663315
57,G2,21.7,0.725496706883971
57,G2,21.8,0.7259710080705913
57,G2,21.9,0.7264449349323256
57,G2,22.0,0.7269185617907629
57,G2,22.1,0.7273918139939297
57,G2,22.2,0.7278647624181814
57,G2,22.3,0.7283373375059781
57,G2,22.4,0.7288096040823918
57,G2,22.5,0.7292814989335444
57,G2,22.6,0.7297530791557351
57,G2,22.7,0.7302242915403192
57,G2,22.8,0.7306951821648552
57,G2,22.9,0.7311657081615132
57,G2,23.0,0.7316359068604638
57,G2,23.1,0.7321057432604404
57,G2,23.2,0.732575246806728
57,G2,23.3,0.7330443904154127
57,G2,23.4,0.733513195596431
57,G2,23.5,0.7339816429652217
57,G2,23.6,0.734449746851132
57,G2,23.7,0.7349174936111196
57,G2,23.8,0.7353848942213271
57,G2,23.9,0.73585193665388
57,G2,24.0,0.7363186312418198
57,G2,24.1,0.7367849660827734
57,G2,24.2,0.7372509509414538
57,G2,24.3,0.7377165745882751
57,G2,24.4,0.7381818473265314
57,G2,24.5,0.7386467567426711
57,G2,24.6,0.739111313920824
57,G2,24.7,0.7395755059618796
57,G2,24.8,0.7400393451522055
57,G2,24.9,0.7405028168824308
57,G2,25.0,0.7409659338118377
58,G1,10.0,0.785106087640345
58,G1,10.1,0.7854920102417046
58,G1,10.2,0.78587758023677
58,G1,10.3,0.7862627973068241
58,G1,10.4,0.7866476464443318
58,G1,10.5,0.7870321542046362
58,G1,10.6,0.7874162829429088
58,G1,10.7,0.7878000721885371
58,G1,10.8,0.7881834869371244
58,G1,10.9,0.7885665560289528
58,G1,11.0,0.7889492545754586
58,G1,11.1,0.789331603820135
58,G1,11.2,0.7897135841837252
58,G1,11.3,0.7900952090457789
58,G1,11.4,0.7904764740540375
58,G1,11.5,0.7908573698133675
58,G1,11.6,0.7912379174313171
58,G1,11.7,0.7916180823505972
58,G1,11.8,0.7919979038445082
58,G1,11.9,0.7923773445237111
58,G1,12.0,0.7927564362294204
58,G1,12.1,0.7931351520128807
58,G1,12.2,0.7935135148156376
58,G1,12.3,0.7938915037288092
58,G1,12.4,0.7942691341243682
58,G1,12.5,0.7946463974938427
58,G1,12.6,0.7950232910620677
58,G1,12.7,0.7953998291850164
58,G1,12.8,0.7957759819056015
58,G1,12.9,0.796151787238355
58,G1,13.0,0.7965272051476251
58,G1,13.1,0.7969022717419443
58,G1,13.2,0.7972769567544445
58,G1,13.3,0.7976512854192209
58,G1,13.4,0.7980252352240428
58,G1,13.5,0.79839882370519
58,G1,13.6,0.7987720383734225
58,G1,13.7,0.7991448824814944
58,G1,13.8,0.7995173639330704
58,G1,13.9,0.7998894584865397
58,G1,14.0,0.8002612009590198
58,G1,14.1,0.8006325502113977
58,G1,14.2,0.801003545566472
58,G1,14.3,0.8013741542406054
58,G1,14.4,0.8017444031709815
58,G1,14.5,0.8021142684947827
58,G1,14.6,0.802483769675562
58,G1,14.7,0.8028528907740391
58,G1,14.8,0.8032216401977371
58,G1,14.9,0.8035900203871439
58,G1,15.0,0.8039580125277948
58,G1,15.1,0.804325647432202
58,G1,15.2,0.8046928844444172
58,G1,15.3,0.8050597649049953
58,G1,15.4,0.8054262533448749
58,G1,15.5,0.8057923790425239
58,G1,15.6,0.8061581164988726
58,G1,15.7,0.8065234873276598
58,G1,15.8,0.8068884724202519
58,G1,15.9,0.8072530841643575
58,G1,16.0,0.8076173203060938
58,G1,16.1,0.8079811680626892
58,G1,16.2,0.8083446527442971
58,G1,16.3,0.8087077362106999
58,G1,16.4,0.8090704602320531
58,G1,16.5,0.8094327868769836
58,G1,16.6,0.8097947479035589
58,G1,16.7,0.8101563165120719
58,G1,16.8,0.8105175156660045
58,G1,16.9,0.8108783244853781
58,G1,17.0,0.8112387579442252
58,G1,17.1,0.8115988096071294
58,G1,17.2,0.811958473027562
58,G1,17.3,0.8123177671042787
58,G1,17.4,0.8126766577545266
58,G1,17.5,0.8130351859989184
58,G1,17.6,0.8133933111367574
58,G1,17.7,0.8137510689701017
58,G1,17.8,0.8141084295346271
58,G1,17.9,0.8144654182175194
58,G1,18.0,0.8148220124822367
58,G1,18.1,0.8151782294480585
58,G1,18.2,0.8155340584295311
58,G1,18.3,0.8158894996355828
58,G1,18.4,0.8162445649004376
58,G1,18.5,0.8165992258407064
58,G1,18.6,0.8169535209380606
58,G1,18.7,0.8173074074885978
58,G1,18.8,0.8176609252765774
58,G1,18.9,0.818014041393691
58,G1,19.0,0.8183667831209274
58,G1,19.1,0.8187191265201441
58,G1,19.2,0.8190710907805365
58,G1,19.3,0.8194226613416865
58,G1,19.4,0.8197738442982836
58,G1,19.5,0.8201246452130094
58,G1,19.6,0.8204750415769498
58,G1,19.7,0.820825067977784
58,G1,19.8,0.8211746816153728
58,G1,19.9,0.8215239247368947
58,G1,20.0,0.8218727619778083
58,G1,20.1,0.8222212225927864
58,G1,20.2,0.8225692810954304
58,G1,20.3,0.822916958795776
58,G1,20.4,0.8232642376342523
58,G1,20.5,0.8236111285567629
58,G1,20.6,0.8239576318267798
58,G1,20.7,0.8243037309276431
58,G1,20.8,0.8246494553485552
58,G1,20.9,0.8249947640070155
58,G1,21.0,0.8253397003747831
58,G1,21.1,0.8256842263857592
58,G1,21.2,0.8260283737312957
58,G1,21.3,0.8263721155523346
58,G1,21.4,0.8267154749815863
58,G1,21.5,0.8270584312531998
58,G1,21.6,0.827400998689354
58,G1,21.7,0.8277431731894032
58,G1,21.8,0.8280849444037875
58,G1,21.9,0.8284263357553918
58,G1,22.0,0.8287673097424297
58,G1,22.1,0.8291079093138287
58,G1,22.2,0.8294480940171445
58,G1,22.3,0.8297878986472026
58,G1,22.4,0.8301272942165121
58,G1,22.5,0.830466305623805
58,G1,22.6,0.8308049107443967
58,G1,22.7,0.8311431259674098
58,G1,22.8,0.8314809427466867
58,G1,22.9,0.8318183579000484
58,G1,23.0,0.8321553874652553
58,G1,23.1,0.8324919990758324
58,G1,23.2,0.8328282341376473
58,G1,23.3,0.8331640495226964
58,G1,23.4,0.8334994844700769
58,G1,23.5,0.8338345065180539
58,G1,23.6,0.8341691429691894
58,G1,23.7,0.8345033700291266
58,G1,23.8,0.8348372063752775
58,G1,23.9,0.8351706392117817
58,G1,24.0,0.8355036718118367
58,G1,24.1,0.8358363132295813
58,G1,24.2,0.8361685373949923
58,G1,24.3,0.8365003820818813
58,G1,24.4,0.8368318031725437
58,G1,24.5,0.8371628431783975
58,G1,24.6,0.8374934670804975
58,G1,24.7,0.8378237039024559
58,G1,24.8,0.838153528476431
58,G1,24.9,0.8384829614913768
58,G1,25.0,0.8388119864950466
58,G2,10.0,0.7187071285205496
58,G2,10.1,0.7191436181946127
58,G2,10.2,0.7195798429064252
58,G2,10.3,0.7200157939138105
58,G2,10.4,0.7204514770447535
58,G2,10.5,0.7208868905816275
58,G2,10.6,0.7213220328046247
58,G2,10.7,0.7217569031113277
58,G2,10.8,0.7221914974922998
58,G2,10.9,0.7226258228083425
58,G2,11.0,0.7230598653387852
58,G2,11.1,0.7234936427781954
58,G2,11.2,0.7239271387806162
58,G2,11.3,0.7243603637510477
58,G2,11.4,0.7247933077675073
58,G2,11.5,0.725225976085587
58,G2,11.6,0.7256583679059496
58,G2,11.7,0.7260904815943807
58,G2,11.8,0.7265223169262478
58,G2,11.9,0.7269538696701517
58,G2,12.0,0.7273851464806259
58,G2,12.1,0.727816133043826
58,G2,12.2,0.7282468473638486
58,G2,12.3,0.7286772730987288
58,G2,12.4,0.7291074225265919
58,G2,12.5,0.729537283349996
58,G2,12.6,0.7299668611694371
58,G2,12.7,0.7303961549974989
58,G2,12.8,0.7308251643459788
58,G2,12.9,0.7312538899706476
58,G2,13.0,0.7316823250582805
58,G2,13.1,0.7321104779592134
58,G2,13.2,0.7325383345451789
58,G2,13.3,0.7329659108786193
58,G2,13.4,0.7333931908965338
58,G2,13.5,0.7338201907967254
58,G2,13.6,0.7342468927697238
58,G2,13.7,0.7346733071121643
58,G2,13.8,0.735099428535627
58,G2,13.9,0.7355252595563273
58,G2,14.0,0.735950800611495
58,G2,14.1,0.7363760453603411
58,G2,14.2,0.7368010001778907
58,G2,14.3,0.737225653985523
58,G2,14.4,0.7376500189324684
58,G2,14.5,0.7380740802441035
58,G2,14.6,0.7384978559944297
58,G2,14.7,0.7389213273229378
58,G2,14.8,0.7393445059758951
58,G2,14.9,0.7397673825438209
58,G2,15.0,0.7401899628383535
58,G2,15.1,0.7406122466784537
58,G2,15.2,0.741034229278288
58,G2,15.3,0.7414559138190965
58,G2,15.4,0.7418772923809136
58,G2,15.5,0.7422983751620176
58,G2,15.6,0.7427191463697772
58,G2,15.7,0.7431396263282929
58,G2,15.8,0.7435597958086338
58,G2,15.9,0.7439796665740281
58,G2,16.0,0.7443992288359135
58,G2,16.1,0.7448184876628997
58,G2,16.2,0.7452374436468291
58,G2,16.3,0.7456560927101131
58,G2,16.4,0.7460744371922083
58,G2,16.5,0.7464924697558751
58,G2,16.6,0.7469102012355495
58,G2,16.7,0.7473276127635015
58,G2,16.8,0.7477447272705592
58,G2,16.9,0.7481615247980691
58,G2,17.0,0.7485780189319349
58,G2,17.1,0.7489941976585375
58,G2,17.2,0.7494100659761771
58,G2,17.3,0.7498256249898503
58,G2,17.4,0.7502408711811864
58,G2,17.5,0.7506558075905064
58,G2,17.6,0.7510704256322621
58,G2,17.7,0.7514847365309225
58,G2,17.8,0.7518987216441718
58,G2,17.9,0.7523124027663499
58,G2,18.0,0.7527257599233226
58,G2,18.1,0.7531388104562582
58,G2,18.2,0.7535515374158028
58,G2,18.3,0.753963948662136
58,G2,18.4,0.7543760429203482
58,G2,18.5,0.7547878192346658
58,G2,18.6,0.7551992809202819
58,G2,18.7,0.7556104176288864
58,G2,18.8,0.7560212412063169
58,G2,18.9,0.7564317344159925
58,G2,19.0,0.7568419159412768
58,G2,19.1,0.7572517663983014
58,G2,19.2,0.7576613068718445
58,G2,19.3,0.7580705157686031
58,G2,19.4,0.758479405993773
58,G2,19.5,0.7588879700576054
58,G2,19.6,0.7592962113034408
58,G2,19.7,0.7597041319964885
58,G2,19.8,0.7601117237501266
58,G2,19.9,0.7605189945142544
58,G2,20.0,0.7609259316533041
58,G2,20.1,0.7613325492169507
58,G2,20.2,0.7617388291530317
58,G2,20.3,0.7621447941709796
58,G2,20.4,0.7625504224403498
58,G2,20.5,0.7629557269888282
58,G2,20.6,0.7633606983300307
58,G2,20.7,0.7637653411442404
58,G2,20.8,0.7641696575976133
58,G2,20.9,0.7645736408842055
58,G2,21.0,0.7649772963336023
58,G2,21.1,0.765380613147963
58,G2,21.2,0.7657836059627837
58,G2,21.3,0.7661862529831711
58,G2,21.4,0.7665885803707968
58,G2,21.5,0.7669905652343701
58,G2,21.6,0.7673922223272129
58,G2,21.7,0.7677935399619178
58,G2,21.8,0.768194522847929
58,G2,21.9,0.7685951736848852
58,G2,22.0,0.7689954862437237
58,G2,22.1,0.7693954658813508
58,G2,22.2,0.7697951018939081
58,G2,22.3,0.7701944085447927
58,G2,22.4,0.7705933632459617
58,G2,22.5,0.7709919927189117
58,G2,22.6,0.7713902736976735
58,G2,22.7,0.7717882237636201
58,G2,22.8,0.772185827668493
58,G2,22.9,0.7725830912536588
58,G2,23.0,0.7729800164011421
58,G2,23.1,0.7733765987483707
58,G2,23.2,0.7737728443225668
58,G2,23.3,0.7741687398306865
58,G2,23.4,0.7745643012121839
58,G2,23.5,0.7749595062675911
58,G2,23.6,0.7753543794682718
58,G2,23.7,0.7757488975397719
58,G2,23.8,0.7761430832766728
58,G2,23.9,0.7765369141261405
58,G2,24.0,0.7769304023504524
58,G2,24.1,0.7773235440312942
58,G2,24.2,0.7777163389080091
58,G2,24.3,0.7781087921477383
58,G2,24.4,0.7785008914002352
58,G2,24.5,0.7788926500511486
58,G2,24.6,0.7792840495936335
58,G2,24.7,0.7796751099229723
58,G2,24.8,0.7800658091299564
58,G2,24.9,0.7804561724911252
58,G2,25.0,0.7808461757057152
59,G1,10.0,0.8021609140891726
59,G1,10.1,0.802678878356481
59,G1,10.2,0.8031961260410966
59,G1,10.3,0.803712644913104
59,G1,10.4,0.8042284237615218
59,G1,10.5,0.8047434828925415
59,G1,10.6,0.8052578101462394
59,G1,10.7,0.8057713947693715
59,G1,10.8,0.806284256461428
59,G1,10.9,0.8067963832965065
59,G1,11.0,0.8073077650245108
59,G1,11.1,0.8078184205733345
59,G1,11.2,0.8083283383983946
59,G1,11.3,0.8088375087160294
59,G1,11.4,0.809345949602507
59,G1,11.5,0.8098536500093044
59,G1,11.6,0.8103606005138139
59,G1,11.7,0.810866818420128
59,G1,11.8,0.811372293135108
59,G1,11.9,0.811877015638939
59,G1,12.0,0.8123810023640761
59,G1,12.1,0.8128842433076962
59,G1,12.2,0.8133867297955579
59,G1,12.3,0.8138884773294849
59,G1,12.4,0.8143894765952523
59,G1,12.5,0.8148897191891593
59,G1,12.6,0.8153892197414637
59,G1,12.7,0.8158879695287413
59,G1,12.8,0.8163859605430791
59,G1,12.9,0.8168832064902528
59,G1,13.0,0.8173796991705493
59,G1,13.1,0.8178754311317312
59,G1,13.2,0.8183704149764878
59,G1,13.3,0.8188646432133819
59,G1,13.4,0.8193581087554948
59,G1,13.5,0.819850823144982
59,G1,13.6,0.8203427797806845
59,G1,13.7,0.8208339717185431
59,G1,13.8,0.8213244094746236
59,G1,13.9,0.8218140874723583
59,G1,14.0,0.8223029988390649
59,G1,14.1,0.8227911529970386
59,G1,14.2,0.8232785454748508
59,G1,14.3,0.8237651694693239
59,G1,14.4,0.8242510332328696
59,G1,14.5,0.8247361334836243
59,G1,14.6,0.8252204634370963
59,G1,14.7,0.8257040302709027
59,G1,14.8,0.826186831768569
59,G1,14.9,0.8266688611298758
59,G1,15.0,0.8271501246931743
59,G1,15.1,0.8276306210277324
59,G1,15.2,0.8281103435061008
59,G1,15.3,0.8285892975948178
59,G1,15.4,0.8290674825294914
59,G1,15.5,0.8295448920037266
59,G1,15.6,0.8300215305474115
59,G1,15.7,0.8304973981205217
59,G1,15.8,0.8309724886522165
59,G1,15.9,0.8314468057174114
59,G1,16.0,0.8319203501116039
59,G1,16.1,0.8323931159367833
59,G1,16.2,0.8328651058208986
59,G1,16.3,0.8333363213838391
59,G1,16.4,0.8338067568923329
59,G1,16.5,0.8342764140496914
59,G1,16.6,0.8347452952982859
59,G1,16.7,0.8352133950840873
59,G1,16.8,0.8356807140989888
59,G1,16.9,0.8361472557614167
59,G1,17.0,0.8366130145798086
59,G1,17.1,0.837077990216132
59,G1,17.2,0.8375421871982464
59,G1,17.3,0.8380056000229743
59,G1,17.4,0.8384682271921144
59,G1,17.5,0.8389300746063034
59,G1,17.6,0.839391136530709
59,G1,17.7,0.8398514103714031
59,G1,17.8,0.8403109034693654
59,G1,17.9,0.84076960979786
59,G1,18.0,0.8412275255184233
59,G1,18.1,0.8416846597998916
59,G1,18.2,0.8421410060071302
59,G1,18.3,0.84259655911934
59,G1,18.4,0.8430513301552417
59,G1,18.5,0.843505311904873
59,G1,18.6,0.8439584980704826
59,G1,18.7,0.8444109016554542
59,G1,18.8,0.8448625147224812
59,G1,18.9,0.8453133298283116
59,G1,19.0,0.8457633618669176
59,G1,19.1,0.8462126021562799
59,G1,19.2,0.846661042383716
59,G1,19.3,0.8471086989469779
59,G1,19.4,0.8475555626361536
59,G1,19.5,0.8480016242026004
59,G1,19.6,0.8484469015907069
59,G1,19.7,0.8488913850093291
59,G1,19.8,0.8493350643281428
59,G1,19.9,0.8497779589599428
59,G1,20.0,0.8502200585601127
59,G1,20.1,0.8506613523134334
59,G1,20.2,0.8511018607627191
59,G1,20.3,0.8515415731931482
59,G1,20.4,0.8519804782009402
59,G1,20.5,0.8524185973099359
59,G1,20.6,0.8528559193484899
59,G1,20.7,0.8532924326091106
59,G1,20.8,0.8537281593312002
59,G1,20.9,0.8541630879956509
59,G1,21.0,0.8545972066599462
59,G1,21.1,0.8550305380667098
59,G1,21.2,0.8554630706021008
59,G1,21.3,0.8558947919895353
59,G1,21.4,0.8563257254241938
59,G1,21.5,0.856755859192277
59,G1,21.6,0.8571851807460089
59,G1,21.7,0.857613713728408
59,G1,21.8,0.8580414462594631
59,G1,21.9,0.8584683656209906
59,G1,22.0,0.858894495879914
59,G1,22.1,0.859319824869386
59,G1,22.2,0.8597443399043674
59,G1,22.3,0.8601680652482214
59,G1,22.4,0.8605909886555739
59,G1,22.5,0.8610130973373128
59,G1,22.6,0.8614344157212802
59,G1,22.7,0.8618549316566169
59,G1,22.8,0.8622746321680451
59,G1,22.9,0.862693541788816
59,G1,23.0,0.8631116485062074
59,G1,23.1,0.8635289391625852
59,G1,23.2,0.8639454383581985
59,G1,23.3,0.8643611342912648
59,G1,23.4,0.8647760136167673
59,G1,23.5,0.8651901009395718
59,G1,23.6,0.8656033846940551
59,G1,23.7,0.8660158513223978
59,G1,23.8,0.8664275255049946
59,G1,23.9,0.8668383958636791
59,G1,24.0,0.8672484485700291
59,G1,24.1,0.8676577085752568
59,G1,24.2,0.8680661644320992
59,G1,24.3,0.8684738022262553
59,G1,24.4,0.8688806471361805
59,G1,24.5,0.8692866875832032
59,G1,24.6,0.8696919095902962
59,G1,24.7,0.8700963386797745
59,G1,24.8,0.8704999630222783
59,G1,24.9,0.8709027685799812
59,G1,25.0,0.8713047812671528
59,G2,10.0,0.717858424769013
59,G2,10.1,0.7184693683536618
59,G2,10.2,0.7190797872518976
59,G2,10.3,0.719689717453207
59,G2,10.4,0.7202991136724083
59,G2,10.5,0.7209079793358562
59,G2,10.6,0.7215163509496642
59,G2,10.7,0.7221241835889102
59,G2,10.8,0.7227314801523241
59,G2,10.9,0.7233382771835625
59,G2,11.0,0.7239445303022192
59,G2,11.1,0.7245502417087931
59,G2,11.2,0.7251554484268704
59,G2,11.3,0.7257601062008662
59,G2,11.4,0.7263642165988868
59,G2,11.5,0.7269678173028981
59,G2,11.6,0.7275708640262284
59,G2,11.7,0.7281733577384076
59,G2,11.8,0.7287753367908013
59,G2,11.9,0.7293767568770181
59,G2,12.0,0.7299776183462099
59,G2,12.1,0.7305779602300387
59,G2,12.2,0.731177738213726
59,G2,12.3,0.7317769520043987
59,G2,12.4,0.732375641255482
59,G2,12.5,0.7329737618630164
59,G2,12.6,0.7335713126627081
59,G2,12.7,0.734168333775023
59,G2,12.8,0.7347647820220757
59,G2,12.9,0.7353606546428323
59,G2,13.0,0.7359559923485249
59,G2,13.1,0.7365507532629103
59,G2,13.2,0.7371449326427111
59,G2,13.3,0.7377385718348693
59,G2,13.4,0.7383316303359728
59,G2,13.5,0.7389241017407616
59,G2,13.6,0.7395160275203845
59,G2,13.7,0.740107368709856
59,G2,13.8,0.7406981174000625
59,G2,13.9,0.7412883149974238
59,G2,14.0,0.7418779241692596
59,G2,14.1,0.7424669354724895
59,G2,14.2,0.7430553902485038
59,G2,14.3,0.743643252827542
59,G2,14.4,0.7442305122027962
59,G2,14.5,0.744817209477974
59,G2,14.6,0.7454033111589689
59,G2,14.7,0.7459888042326457
59,G2,14.8,0.7465737295730008
59,G2,14.9,0.7471580558872172
59,G2,15.0,0.7477417686045892
59,G2,15.1,0.7483249077668446
59,G2,15.2,0.7489074445400468
59,G2,15.3,0.749489362765993
59,G2,15.4,0.7500707016428669
59,G2,15.5,0.7506514348369288
59,G2,15.6,0.7512315445729101
59,G2,15.7,0.7518110691943968
59,G2,15.8,0.7523899849085722
59,G2,15.9,0.752968272293901
59,G2,16.0,0.7535459688285339
59,G2,16.1,0.7541230533007113
59,G2,16.2,0.7546995045344705
59,G2,16.3,0.755275359369893
59,G2,16.4,0.7558505989778292
59,G2,16.5,0.756425200464066
59,G2,16.6,0.7569992000642967
59,G2,16.7,0.757572581326833
59,G2,16.8,0.758145319620408
59,G2,16.9,0.75871745058241
59,G2,17.0,0.7592889601606706
59,G2,17.1,0.7598598219591882
59,G2,17.2,0.7604300710233208
59,G2,17.3,0.7609996957218895
59,G2,17.4,0.7615686678668739
59,G2,17.5,0.7621370219180612
59,G2,17.6,0.7627047486861437
59,G2,17.7,0.7632718181641938
59,G2,17.8,0.7638382642330739
59,G2,17.9,0.7644040801656372
59,G2,18.0,0.7649692341095632
59,G2,18.1,0.7655337593736197
59,G2,18.2,0.7660976517125136
59,G2,18.3,0.7666608774024557
59,G2,18.4,0.7672234691871285
59,G2,18.5,0.7677854253221874
59,G2,18.6,0.7683467101867116
59,G2,18.7,0.7689073559664882
59,G2,18.8,0.7694673634366129
59,G2,18.9,0.7700266950537912
59,G2,19.0,0.7705853824532772
59,G2,19.1,0.7711434289474989
59,G2,19.2,0.7717007950459662
59,G2,19.3,0.7722575118409375
59,G2,19.4,0.7728135851994591
59,G2,19.5,0.7733689736594521
59,G2,19.6,0.7739237077778865
59,G2,19.7,0.7744777959931041
59,G2,19.8,0.7750311948474791
59,G2,19.9,0.7755839343705669
59,G2,20.0,0.7761360255880738
59,G2,20.1,0.7766874230233036
59,G2,20.2,0.7772381561864384
59,G2,20.3,0.7777882387060053
59,G2,20.4,0.7783376227886983
59,G2,20.5,0.7788863382569061
59,G2,20.6,0.7794344005334428
59,G2,20.7,0.7799817597100316
59,G2,20.8,0.7805284460801877
59,G2,20.9,0.7810744767246829
59,G2,21.0,0.781619799647104
59,G2,21.1,0.7821644456241155
59,G2,21.2,0.7827084331639588
59,G2,21.3,0.783251708831667
59,G2,21.4,0.7837943033288816
59,G2,21.5,0.7843362366358063
59,G2,21.6,0.7848774538030823
59,G2,21.7,0.7854179861097125
59,G2,21.8,0.7859578542657155
59,G2,21.9,0.7864970020606393
59,G2,22.0,0.7870354613594845
59,G2,22.1,0.7875732536062613
59,G2,22.2,0.7881103213170108
59,G2,22.3,0.7886466969512742
59,G2,22.4,0.7891824025670081
59,G2,22.5,0.7897173796016137
59,G2,22.6,0.7902516612408428
59,G2,22.7,0.7907852694249198
59,G2,22.8,0.7913181455186346
59,G2,22.9,0.7918503230690557
59,G2,23.0,0.7923818235295828
59,G2,23.1,0.7929125882764834
59,G2,23.2,0.7934426517278546
59,G2,23.3,0.7939720343824609
59,G2,23.4,0.7945006777216843
59,G2,23.5,0.7950286168483888
59,G2,23.6,0.7955558719653997
59,G2,23.7,0.7960823840001302
59,G2,23.8,0.7966081888748574
59,G2,23.9,0.7971333067529416
59,G2,24.0,0.7976576777511285
59,G2,24.1,0.7981813384815033
59,G2,24.2,0.798704309714459
59,G2,24.3,0.7992265301095133
59,G2,24.4,0.7997480371818799
59,G2,24.5,0.8002688523162196
59,G2,24.6,0.8007889127076863
59,G2,24.7,0.8013082567747377
59,G2,24.8,0.8018269065233841
59,G2,24.9,0.8023447976775946
59,G2,25.0,0.802861969559015
60,G1,10.0,0.7918901099080042
60,G1,10.1,0.7923405931225181
60,G1,10.2,0.7927905648479471
60,G1,10.3,0.7932400453703969
60,G1,10.4,0.7936889929098891
60,G1,10.5,0.7941374504776166
60,G1,10.6,0.7945853863457987
60,G1,10.7,0.7950328133382393
60,G1,10.8,0.7954797415861128
60,G1,10.9,0.7959261370588024
60,G1,11.0,0.7963720403257465
60,G1,11.1,0.7968174122392462
60,G1,11.2,0.7972622776096839
60,G1,11.3,0.7977066355406082
60,G1,11.4,0.7981504631392861
60,G1,11.5,0.7985937951105767
60,G1,11.6,0.7990365878413265
60,G1,11.7,0.7994788769079851
60,G1,11.8,0.7999206476575064
60,G1,11.9,0.800361891103067
60,G1,12.0,0.8008026345865918
60,G1,12.1,0.8012428332512918
60,G1,12.2,0.8016825301252907
60,G1,12.3,0.8021216977905431
60,G1,12.4,0.8025603419719982
60,G1,12.5,0.8029984798528099
60,G1,12.6,0.8034360711166768
60,G1,12.7,0.803873159777576
60,G1,12.8,0.8043097098165919
60,G1,12.9,0.8047457393797108
60,G1,13.0,0.8051812550041992
60,G1,13.1,0.805616225679261
60,G1,13.2,0.8060506906876218
60,G1,13.3,0.8064846088869794
60,G1,13.4,0.8069180095101602
60,G1,13.5,0.8073508864703152
60,G1,13.6,0.8077832221369762
60,G1,13.7,0.8082150488511783
60,G1,13.8,0.808646320955849
60,G1,13.9,0.8090770793094764
60,G1,14.0,0.8095073028420798
60,G1,14.1,0.8099369888168846
60,G1,14.2,0.8103661612649429
60,G1,14.3,0.8107947756049368
60,G1,14.4,0.8112228765253142
60,G1,14.5,0.8116504331385542
60,G1,14.6,0.8120774561878642
60,G1,14.7,0.8125039590033456
60,G1,14.8,0.8129299036621549
60,G1,14.9,0.8133553339966855
60,G1,15.0,0.8137802107050093
60,G1,15.1,0.8142045569279749
60,G1,15.2,0.8146283749838336
60,G1,15.3,0.8150516378688355
60,G1,15.4,0.8154743836726254
60,G1,15.5,0.815896568232751
60,G1,15.6,0.8163182259144037
60,G1,15.7,0.8167393452514963
60,G1,15.8,0.8171599135800915
60,G1,15.9,0.8175799611845664
60,G1,16.0,0.8179994415254117
60,G1,16.1,0.8184183985543975
60,G1,16.2,0.8188368061071631
60,G1,16.3,0.8192546674231084
60,G1,16.4,0.819672002805065
60,G1,16.5,0.8200887689817921
60,G1,16.6,0.8205050118043594
60,G1,16.7,0.8209206966058668
60,G1,16.8,0.8213358390917803
60,G1,16.9,0.8217504486157927
60,G1,17.0,0.822164490805492
60,G1,17.1,0.8225780079863241
60,G1,17.2,0.8229909585353482
60,G1,17.3,0.8234033703683243
60,G1,17.4,0.8238152408375221
60,G1,17.5,0.8242265480358502
60,G1,17.6,0.8246373277648112
60,G1,17.7,0.8250475335232667
60,G1,17.8,0.8254572050887536
60,G1,17.9,0.8258663246672472
60,G1,18.0,0.8262748854088714
60,G1,18.1,0.8266829151356788
60,G1,18.2,0.8270903668920533
60,G1,18.3,0.827497286674572
60,G1,18.4,0.8279036446757789
60,G1,18.5,0.8283094491196469
60,G1,18.6,0.8287147165882918
60,G1,18.7,0.8291194058957403
60,G1,18.8,0.8295235634138138
60,G1,18.9,0.8299271502972388
60,G1,19.0,0.8303301877483832
60,G1,19.1,0.830732681180162
60,G1,19.2,0.8311345997551223
60,G1,19.3,0.8315359843806578
60,G1,19.4,0.8319367910758472
60,G1,19.5,0.8323370526571923
60,G1,19.6,0.8327367607510557
60,G1,19.7,0.8331358993009561
60,G1,19.8,0.8335345010441935
60,G1,19.9,0.8339325184431058
60,G1,20.0,0.8343299956807367
60,G1,20.1,0.8347269087463928
60,G1,20.2,0.8351232574684552
60,G1,20.3,0.8355190655850991
60,G1,20.4,0.8359142872444042
60,G1,20.5,0.8363089696153672
60,G1,20.6,0.8367030796134299
60,G1,20.7,0.8370966303646962
60,G1,20.8,0.8374896342693947
60,G1,20.9,0.8378820535003062
60,G1,21.0,0.8382739332355419
60,G1,21.1,0.8386652319587591
60,G1,21.2,0.8390559758547187
60,G1,21.3,0.8394461654575863
60,G1,21.4,0.8398357749838067
60,G1,21.5,0.840224843282679
60,G1,21.6,0.8406133237049425
60,G1,21.7,0.8410012543439322
60,G1,21.8,0.8413886209010676
60,G1,21.9,0.8417754127604579
60,G1,22.0,0.8421616605756723
60,G1,22.1,0.8425473161005839
60,G1,22.2,0.8429324258975369
60,G1,22.3,0.8433169617445608
60,G1,22.4,0.8437009289056367
60,G1,22.5,0.8440843472162597
60,G1,22.6,0.8444671729873116
60,G1,22.7,0.8448494539583797
60,G1,22.8,0.8452311529025476
60,G1,22.9,0.8456122884089731
60,G1,23.0,0.8459928687683466
60,G1,23.1,0.8463728600447061
60,G1,23.2,0.846752305327352
60,G1,23.3,0.8471311613628649
60,G1,23.4,0.8475094588943625
60,G1,23.5,0.8478871929948183
60,G1,23.6,0.8482643436984407
60,G1,23.7,0.8486409469346494
60,G1,23.8,0.8490169542981566
60,G1,23.9,0.8493924090156488
60,G1,24.0,0.8497672903142148
60,G1,24.1,0.8501415941161078
60,G1,24.2,0.8505153474530257
60,G1,24.3,0.8508885027486042
60,G1,24.4,0.8512611077646239
60,G1,24.5,0.8516331310369862
60,G1,24.6,0.8520045830509859
60,G1,24.7,0.852375479355355
60,G1,24.8,0.8527457790765949
60,G1,24.9,0.8531155296114706
60,G1,25.0,0.8534846902369713
60,G2,10.0,0.7299566629992807
60,G2,10.1,0.7304656838167993
60,G2,10.2,0.7309742879103934
60,G2,10.3,0.7314825130599357
60,G2,10.4,0.7319903385922498
60,G2,10.5,0.7324977602078699
60,G2,10.6,0.7330047970070775
60,G2,10.7,0.7335114084299849
60,G2,10.8,0.734017634160868
60,G2,10.9,0.7345234520157669
60,G2,11.0,0.7350288704136153
60,G2,11.1,0.735533897129841
60,G2,11.2,0.7360384887330055
60,G2,11.3,0.736542692798834
60,G2,11.4,0.7370464778370138
60,G2,11.5,0.7375498655129759
60,G2,11.6,0.738052850501069
60,G2,11.7,0.7385554028563039
60,G2,11.8,0.7390575621736695
60,G2,11.9,0.7395592887549524
60,G2,12.0,0.7400606198313832
60,G2,12.1,0.7405615360947093
60,G2,12.2,0.7410620254602444
60,G2,12.3,0.7415621146006549
60,G2,12.4,0.7420617615139621
60,G2,12.5,0.7425610084139703
60,G2,12.6,0.7430598313295788
60,G2,12.7,0.7435582320070465
60,G2,12.8,0.7440562265556679
60,G2,12.9,0.7445537699981
60,G2,13.0,0.7450509082395912
60,G2,13.1,0.7455476138401647
60,G2,13.2,0.7460439020799323
60,G2,13.3,0.7465397744992384
60,G2,13.4,0.7470351912447106
60,G2,13.5,0.7475302003327359
60,G2,13.6,0.7480247635255973
60,G2,13.7,0.7485189124102596
60,G2,13.8,0.7490126339983837
60,G2,13.9,0.749505905347124
60,G2,14.0,0.7499987619803767
60,G2,14.1,0.750491161104174
60,G2,14.2,0.750983145814907
60,G2,14.3,0.7514746920235419
60,G2,14.4,0.7519657936071102
60,G2,14.5,0.7524564745166054
60,G2,14.6,0.7529466893598937
60,G2,14.7,0.7534364835480628
60,G2,14.8,0.7539258309790413
60,G2,14.9,0.7544147397938007
60,G2,15.0,0.7549032211564997
60,G2,15.1,0.755391227856343
60,G2,15.2,0.7558788110087856
60,G2,15.3,0.756365937503438
60,G2,15.4,0.756852629354404
60,G2,15.5,0.7573388829757062
60,G2,15.6,0.7578246623707539
60,G2,15.7,0.7583100152771425
60,G2,15.8,0.7587948966157595
60,G2,15.9,0.7592793475275043
60,G2,16.0,0.7597633474632269
60,G2,16.1,0.7602468810506863
60,G2,16.2,0.7607299801421038
60,G2,16.3,0.7612125980872079
60,G2,16.4,0.7616947830755826
60,G2,16.5,0.7621765076982512
60,G2,16.6,0.7626577714863676
60,G2,16.7,0.7631385949035572
60,G2,16.8,0.763618929785735
60,G2,16.9,0.7640988257990765
60,G2,17.0,0.7645782528497609
60,G2,17.1,0.7650572263391401
60,G2,17.2,0.7655357511335548
60,G2,17.3,0.7660137800364346
60,G2,17.4,0.7664913693293415
60,G2,17.5,0.7669684772987941
60,G2,17.6,0.7674451359368325
60,G2,17.7,0.7679213342392474
60,G2,17.8,0.7683970429000924
60,G2,17.9,0.7688723057471865
60,G2,18.0,0.7693470740962568
60,G2,18.1,0.7698213961717469
60,G2,18.2,0.770295245472522
60,G2,18.3,0.770768612914
60,G2,18.4,0.7712415279165641
60,G2,18.5,0.7717139403569532
60,G2,18.6,0.7721859017226608
60,G2,18.7,0.7726573813632209
60,G2,18.8,0.773128386801837
60,G2,18.9,0.7735989333132925
60,G2,19.0,0.7740689694547018
60,G2,19.1,0.7745385507908384
60,G2,19.2,0.775007641605442
60,G2,19.3,0.775476264759202
60,G2,19.4,0.7759444179000516
60,G2,19.5,0.7764120601437787
60,G2,19.6,0.7768792456094125
60,G2,19.7,0.7773459261071548
60,G2,19.8,0.7778121444092935
60,G2,19.9,0.7782778804172834
60,G2,20.0,0.7787431139685007
60,G2,20.1,0.7792078834684468
60,G2,20.2,0.7796721376004013
60,G2,20.3,0.7801359295737895
60,G2,20.4,0.7805992288893803
60,G2,20.5,0.7810620334052725
60,G2,20.6,0.7815243673508946
60,G2,20.7,0.7819861796594701
60,G2,20.8,0.782447523633502
60,G2,20.9,0.7829083669022195
60,G2,21.0,0.7833687237144912
60,G2,21.1,0.7838286030249277
60,G2,21.2,0.7842879530145089
60,G2,21.3,0.7847468340579624
60,G2,21.4,0.7852052032793715
60,G2,21.5,0.7856630918350593
60,G2,21.6,0.7861204913597487
60,G2,21.7,0.7865773664580716
60,G2,21.8,0.7870337688894815
60,G2,21.9,0.7874896447850352
60,G2,22.0,0.7879450459316751
60,G2,22.1,0.7883999449821547
60,G2,22.2,0.7888543296667702
60,G2,22.3,0.7893082338179559
60,G2,22.4,0.7897616037355134
60,G2,22.5,0.7902144962335591
60,G2,22.6,0.7906668775989829
60,G2,22.7,0.7911187525482031
60,G2,22.8,0.7915701411627537
60,G2,22.9,0.7920209892021659
60,G2,23.0,0.792471355287842
60,G2,23.1,0.7929212016442209
60,G2,23.2,0.7933705508470439
60,G2,23.3,0.7938194038150848
60,G2,23.4,0.7942677131391745
60,G2,23.5,0.7947155399900285
60,G2,23.6,0.7951628336629251
60,G2,23.7,0.7956096368047931
60,G2,23.8,0.7960559318051295
60,G2,23.9,0.7965016921773191
60,G2,24.0,0.7969469634991717
60,G2,24.1,0.7973916901173385
60,G2,24.2,0.7978359296495943
60,G2,24.3,0.7982796490191488
60,G2,24.4,0.7987228433283959
60,G2,24.5,0.7991655426831635
60,G2,24.6,0.7996076908637059
60,G2,24.7,0.8000493468053202
60,G2,24.8,0.8004904746496918
60,G2,24.9,0.8009310872738147
60,G2,25.0,0.8013711980098268
61,G1,10.0,0.797824265032849
61,G1,10.1,0.7984165070340717
61,G1,10.2,0.799007823609123
61,G1,10.3,0.7995982134541978
61,G1,10.4,0.8001876890585269
61,G1,10.5,0.8007762481934576
61,G1,10.6,0.801363872187653
61,G1,10.7,0.8019505693918684
61,G1,10.8,0.8025363461868944
61,G1,10.9,0.803121197847213
61,G1,11.0,0.8037051049079469
61,G1,11.1,0.8042880860647744
61,G1,11.2,0.8048701410539553
61,G1,11.3,0.8054512599365689
61,G1,11.4,0.8060314295862308
61,G1,11.5,0.8066106702087613
61,G1,11.6,0.8071889792500686
61,G1,11.7,0.8077663425321931
61,G1,11.8,0.8083427550515978
61,G1,11.9,0.8089182325990785
61,G1,12.0,0.8094927729387303
61,G1,12.1,0.8100663589952899
61,G1,12.2,0.8106389936522165
61,G1,12.3,0.8112106871101658
61,G1,12.4,0.8117814368405819
61,G1,12.5,0.8123512229832595
61,G1,12.6,0.8129200596206437
61,G1,12.7,0.8134879497906498
61,G1,12.8,0.8140548867887184
61,G1,12.9,0.8146208539019204
61,G1,13.0,0.8151858708829468
61,G1,13.1,0.815749936769509
61,G1,13.2,0.8163130401037282
61,G1,13.3,0.8168751702062288
61,G1,13.4,0.8174363469185459
61,G1,13.5,0.8179965679637831
61,G1,13.6,0.8185558175969639
61,G1,13.7,0.8191140941405202
61,G1,13.8,0.8196714113991216
61,G1,13.9,0.8202277681772205
61,G1,14.0,0.820783145281512
61,G1,14.1,0.8213375503901008
61,G1,14.2,0.8218909914229677
61,G1,14.3,0.8224434649305086
61,G1,14.4,0.822994950305543
61,G1,14.5,0.823545466586078
61,G1,14.6,0.8240950144875617
61,G1,14.7,0.8246435850801537
61,G1,14.8,0.8251911639031168
61,G1,14.9,0.825737772543484
61,G1,15.0,0.8262834087362417
61,G1,15.1,0.8268280591834403
61,G1,15.2,0.82737171748447
61,G1,15.3,0.8279144011901525
61,G1,15.4,0.828456108746025
61,G1,15.5,0.828996823083204
61,G1,15.6,0.82953654604468
61,G1,15.7,0.830075289532947
61,G1,15.8,0.8306130519899522
61,G1,15.9,0.8311498134403428
61,G1,16.0,0.8316855866478433
61,G1,16.1,0.8322203767018445
61,G1,16.2,0.8327541779323985
61,G1,16.3,0.8332869724283228
61,G1,16.4,0.8338187804379974
61,G1,16.5,0.8343496021995345
61,G1,16.6,0.8348794265573567
61,G1,16.7,0.8354082421690808
61,G1,16.8,0.8359360697106547
61,G1,16.9,0.8364629081381555
61,G1,17.0,0.8369887413145508
61,G1,17.1,0.8375135673407139
61,G1,17.2,0.8380374011621587
61,G1,17.3,0.8385602422924134
61,G1,17.4,0.839082071726148
61,G1,17.5,0.8396028960984179
61,G1,17.6,0.8401227248648924
61,G1,17.7,0.8406415555813147
61,G1,17.8,0.8411593674436972
61,G1,17.9,0.8416761788439132
61,G1,18.0,0.8421919917224118
61,G1,18.1,0.8427067984248329
61,G1,18.2,0.8432205834923503
61,G1,18.3,0.8437333688687964
61,G1,18.4,0.8442451533787292
61,G1,18.5,0.8447559243222277
61,G1,18.6,0.8452656741880908
61,G1,18.7,0.8457744219878524
61,G1,18.8,0.8462821667828248
61,G1,18.9,0.8467888916137342
61,G1,19.0,0.8472945977263358
61,G1,19.1,0.8477992982055642
61,G1,19.2,0.8483029926010529
61,G1,19.3,0.8488056608986085
61,G1,19.4,0.8493073144771088
61,G1,19.5,0.8498079603246949
61,G1,19.6,0.8503075941641066
61,G1,19.7,0.8508061967246716
61,G1,19.8,0.8513037887747327
61,G1,19.9,0.8518003713886957
61,G1,20.0,0.8522959342092746
61,G1,20.1,0.8527904652566948
61,G1,20.2,0.8532839859529899
61,G1,20.3,0.85377649600414
61,G1,20.4,0.8542679794749412
61,G1,20.5,0.8547584341398377
61,G1,20.6,0.8552478759711359
61,G1,20.7,0.8557363049682389
61,G1,20.8,0.8562237026682715
61,G1,20.9,0.8567100746099299
61,G1,21.0,0.857195431620345
61,G1,21.1,0.8576797722804324
61,G1,21.2,0.8581630760726946
61,G1,21.3,0.858645359996183
61,G1,21.4,0.8591266275522087
61,G1,21.5,0.8596068723170325
61,G1,21.6,0.8600860782808435
61,G1,21.7,0.8605642669839338
61,G1,21.8,0.8610414387423493
61,G1,21.9,0.8615175814666987
61,G1,22.0,0.8619926865494612
61,G1,22.1,0.8624667742738062
61,G1,22.2,0.8629398443685266
61,G1,22.3,0.8634118800692059
61,G1,22.4,0.8638828821494886
61,G1,22.5,0.8643528646890282
61,G1,22.6,0.8648218281694304
61,G1,22.7,0.8652897527832161
61,G1,22.8,0.8657566486325996
61,G1,22.9,0.8662225241731715
61,G1,23.0,0.8666873767719533
61,G1,23.1,0.8671511859104627
61,G1,23.2,0.8676139727293493
61,G1,23.3,0.868075738968016
61,G1,23.4,0.8685364754609451
61,G1,23.5,0.8689961694859014
61,G1,23.6,0.8694548430952788
61,G1,23.7,0.8699124962000394
61,G1,23.8,0.8703691142135908
61,G1,23.9,0.8708246936508013
61,G1,24.0,0.8712792517818879
61,G1,24.1,0.8717327890870656
61,G1,24.2,0.8721852877722902
61,G1,24.3,0.8726367522942172
61,G1,24.4,0.8730871944722846
61,G1,24.5,0.8735366141684178
61,G1,24.6,0.8739849911977913
61,G1,24.7,0.8744323409377496
61,G1,24.8,0.8748786686062864
61,G1,24.9,0.8753239690193577
61,G1,25.0,0.875768225470932
61,G2,10.0,0.6921194462467267
61,G2,10.1,0.6928309437905509
61,G2,10.2,0.693541850088301
61,G2,10.3,0.6942522243516784
61,G2,10.4,0.6949620356741917
61,G2,10.5,0.6956712832490743
61,G2,10.6,0.6963799323370998
61,G2,10.7,0.6970880430607267
61,G2,10.8,0.6977955768517303
61,G2,10.9,0.6985025293343258
61,G2,11.0,0.6992088818288446
61,G2,11.1,0.6999146797248552
61,G2,11.2,0.7006198961088195
61,G2,11.3,0.7013245038738151
61,G2,11.4,0.7020285193792934
61,G2,11.5,0.7027319603910732
61,G2,11.6,0.7034348128811398
61,G2,11.7,0.7041370310039111
61,G2,11.8,0.7048386701999357
61,G2,11.9,0.7055397112715828
61,G2,12.0,0.7062401485287567
61,G2,12.1,0.7069399424556468
61,G2,12.2,0.7076391580487352
61,G2,12.3,0.7083377558099139
61,G2,12.4,0.7090357350748383
61,G2,12.5,0.7097330658844498
61,G2,12.6,0.7104298086750997
61,G2,12.7,0.7111259233025108
61,G2,12.8,0.7118213992548453
61,G2,12.9,0.712516230010878
61,G2,13.0,0.713210453516694
61,G2,13.1,0.713904046190547
61,G2,13.2,0.7145969692378705
61,G2,13.3,0.7152892624838271
61,G2,13.4,0.7159809260375449
61,G2,13.5,0.7166719470581925
61,G2,13.6,0.7173622819580652
61,G2,13.7,0.7180519973054741
61,G2,13.8,0.7187410574233982
61,G2,13.9,0.7194294617150063
61,G2,14.0,0.7201171737897981
61,G2,14.1,0.7208042627309859
61,G2,14.2,0.7214906804022733
61,G2,14.3,0.7221764268595844
61,G2,14.4,0.7228614801519796
61,G2,14.5,0.7235458958454495
61,G2,14.6,0.7242296347380507
61,G2,14.7,0.7249126776742266
61,G2,14.8,0.7255950361878649
61,G2,14.9,0.7262767362580256
61,G2,15.0,0.7269577562852082
61,G2,15.1,0.7276380511096854
61,G2,15.2,0.7283176801089556
61,G2,15.3,0.7289966255797266
61,G2,15.4,0.7296748770582477
61,G2,15.5,0.7303523944860951
61,G2,15.6,0.7310292513101133
61,G2,15.7,0.7317054014182187
61,G2,15.8,0.7323808451590346
61,G2,15.9,0.733055550676196
61,G2,16.0,0.7337295884066115
61,G2,16.1,0.7344029070736185
61,G2,16.2,0.7350755025024847
61,G2,16.3,0.7357473637942804
61,G2,16.4,0.7364185384128613
61,G2,16.5,0.737088992027095
61,G2,16.6,0.737758692460893
61,G2,16.7,0.7384276761101246
61,G2,16.8,0.7390959497516028
61,G2,16.9,0.7397634945458424
61,G2,17.0,0.7404302662636414
61,G2,17.1,0.7410963371787458
61,G2,17.2,0.7417616707201906
61,G2,17.3,0.7424262631597208
61,G2,17.4,0.7430900778294058
61,G2,17.5,0.7437531915527683
61,G2,17.6,0.7444155492272928
61,G2,17.7,0.7450771531072851
61,G2,17.8,0.7457379786703714
61,G2,17.9,0.7463980914833793
61,G2,18.0,0.7470574408920221
61,G2,18.1,0.7477160154608816
61,G2,18.2,0.7483738208903588
61,G2,18.3,0.749030892799762
61,G2,18.4,0.7496872006830894
61,G2,18.5,0.7503427023175342
61,G2,18.6,0.7509974582096304
61,G2,18.7,0.751651454163204
61,G2,18.8,0.7523046743676182
61,G2,18.9,0.7529570789236489
61,G2,19.0,0.7536087481297764
61,G2,19.1,0.7542596309684018
61,G2,19.2,0.754909727681674
61,G2,19.3,0.7555590059610686
61,G2,19.4,0.756207544699885
61,G2,19.5,0.7568552823634325
61,G2,19.6,0.7575022207586868
61,G2,19.7,0.7581483449304028
61,G2,19.8,0.7587937123185741
61,G2,19.9,0.7594382768590455
61,G2,20.0,0.7600820147501146
61,G2,20.1,0.7607249562954681
61,G2,20.2,0.7613671174911621
61,G2,20.3,0.7620084717759181
61,G2,20.4,0.7626489763037289
61,G2,20.5,0.763288706343432
61,G2,20.6,0.7639276273207634
61,G2,20.7,0.7645657304748082
61,G2,20.8,0.7652029798098514
61,G2,20.9,0.7658394590177786
61,G2,21.0,0.7664751073147904
61,G2,21.1,0.767109928257491
61,G2,21.2,0.76774389510617
61,G2,21.3,0.7683770830823661
61,G2,21.4,0.7690094309641982
61,G2,21.5,0.7696409341832907
61,G2,21.6,0.7702715935165295
61,G2,21.7,0.7709014535411828
61,G2,21.8,0.7715304740607153
61,G2,21.9,0.7721586192228572
61,G2,22.0,0.7727859464653404
61,G2,22.1,0.773412447553288
61,G2,22.2,0.7740381005689516
61,G2,22.3,0.7746628668043266
61,G2,22.4,0.7752868313093829
61,G2,22.5,0.7759099403549968
61,G2,22.6,0.7765321934156456
61,G2,22.7,0.777153558185976
61,G2,22.8,0.7777741203954041
61,G2,22.9,0.7783938102939365
61,G2,23.0,0.7790126341959164
61,G2,23.1,0.7796305742719867
61,G2,23.2,0.780247697094292
61,G2,23.3,0.7808639449480144
61,G2,23.4,0.7814793034257572
61,G2,23.5,0.7820937957737419
61,G2,23.6,0.7827074477207301
61,G2,23.7,0.7833202244127904
61,G2,23.8,0.7839320855600216
61,G2,23.9,0.7845431076685163
61,G2,24.0,0.7851532601339005
61,G2,24.1,0.7857625278955014
61,G2,24.2,0.7863708764164886
61,G2,24.3,0.7869783952850979
61,G2,24.4,0.7875850193708815
61,G2,24.5,0.7881907525022341
61,G2,24.6,0.7887955664912503
61,G2,24.7,0.7893995454982039
61,G2,24.8,0.7900026184403047
61,G2,24.9,0.7906047875541614
61,G2,25.0,0.7912060481598944
62,G1,10.0,0.7936062899406263
62,G1,10.1,0.7943814271277299
62,G1,10.2,0.79515503012176
62,G1,10.3,0.7959270918844317
62,G1,10.4,0.7966976091021801
62,G1,10.5,0.7974665767445275
62,G1,10.6,0.7982339907627193
62,G1,10.7,0.7989998467074326
62,G1,10.8,0.7997641429663903
62,G1,10.9,0.8005268773463085
62,G1,11.0,0.8012880496757183
62,G1,11.1,0.8020476556674816
62,G1,11.2,0.8028056911222664
62,G1,11.3,0.8035621564540424
62,G1,11.4,0.8043170489704449
62,G1,11.5,0.8050703612193084
62,G1,11.6,0.8058220922393466
62,G1,11.7,0.8065722352583974
62,G1,11.8,0.8073207882485272
62,G1,11.9,0.8080677471225107
62,G1,12.0,0.8088131098743495
62,G1,12.1,0.8095568761269609
62,G1,12.2,0.8102990449109864
62,G1,12.3,0.8110396118923594
62,G1,12.4,0.8117785742183269
62,G1,12.5,0.8125159329967973
62,G1,12.6,0.8132516841383087
62,G1,12.7,0.8139858213300145
62,G1,12.8,0.8147183435855931
62,G1,12.9,0.815449244891515
62,G1,13.0,0.81617852245607
62,G1,13.1,0.8169061745548366
62,G1,13.2,0.8176321989680507
62,G1,13.3,0.8183565962039115
62,G1,13.4,0.8190793643042561
62,G1,13.5,0.8198004994442768
62,G1,13.6,0.8205200008434321
62,G1,13.7,0.8212378687614206
62,G1,13.8,0.8219540978822791
62,G1,13.9,0.8226686846479757
62,G1,14.0,0.8233816261828045
62,G1,14.1,0.8240929183694516
62,G1,14.2,0.8248025582327962
62,G1,14.3,0.8255105448314818
62,G1,14.4,0.8262168764877356
62,G1,14.5,0.8269215544544118
62,G1,14.6,0.8276245764123757
62,G1,14.7,0.8283259381380566
62,G1,14.8,0.8290256414773841
62,G1,14.9,0.8297236853005716
62,G1,15.0,0.8304200635335812
62,G1,15.1,0.8311147751710445
62,G1,15.2,0.8318078153790583
62,G1,15.3,0.8324991827533829
62,G1,15.4,0.8331888735823988
62,G1,15.5,0.8338768869250476
62,G1,15.6,0.8345632231126444
62,G1,15.7,0.835247883340922
62,G1,15.8,0.8359308639125994
62,G1,15.9,0.8366121628946567
62,G1,16.0,0.8372917825353517
62,G1,16.1,0.8379697205952608
62,G1,16.2,0.8386459708969171
62,G1,16.3,0.839320534282528
62,G1,16.4,0.839993404948376
62,G1,16.5,0.8406645822395472
62,G1,16.6,0.8413340638440552
62,G1,16.7,0.8420018487654631
62,G1,16.8,0.8426679386679975
62,G1,16.9,0.8433323334587727
62,G1,17.0,0.8439950301617196
62,G1,17.1,0.8446560280469354
62,G1,17.2,0.8453153296795217
62,G1,17.3,0.8459729313533634
62,G1,17.4,0.846628828950859
62,G1,17.5,0.8472830221862058
62,G1,17.6,0.84793550693986
62,G1,17.7,0.8485862813993801
62,G1,17.8,0.8492353455084198
62,G1,17.9,0.8498826982510501
62,G1,18.0,0.8505283419319596
62,G1,18.1,0.8511722760214014
62,G1,18.2,0.8518144973939658
62,G1,18.3,0.85245500789273
62,G1,18.4,0.8530938087769814
62,G1,18.5,0.8537308951908676
62,G1,18.6,0.8543662662632975
62,G1,18.7,0.8549999191336101
62,G1,18.8,0.8556318523266102
62,G1,18.9,0.8562620634832403
62,G1,19.0,0.8568905527694755
62,G1,19.1,0.8575173206581908
62,G1,19.2,0.8581423701102772
62,G1,19.3,0.8587656990910028
62,G1,19.4,0.859387305781139
62,G1,19.5,0.8600071937026359
62,G1,19.6,0.86062536222363
62,G1,19.7,0.8612418063810828
62,G1,19.8,0.8618565276938808
62,G1,19.9,0.8624695214030809
62,G1,20.0,0.8630807883587737
62,G1,20.1,0.8636903261866471
62,G1,20.2,0.8642981349041262
62,G1,20.3,0.8649042168180824
62,G1,20.4,0.8655085741534525
62,G1,20.5,0.8661112045886376
62,G1,20.6,0.8667121079368904
62,G1,20.7,0.8673112881473678
62,G1,20.8,0.8679087432781069
62,G1,20.9,0.8685044693899744
62,G1,21.0,0.8690984680460347
62,G1,21.1,0.8696907353932907
62,G1,21.2,0.8702812713189968
62,G1,21.3,0.8708700757131549
62,G1,21.4,0.8714571486465021
62,G1,21.5,0.8720424933786133
62,G1,21.6,0.8726261108231832
62,G1,21.7,0.873207999298447
62,G1,21.8,0.8737881607700142
62,G1,21.9,0.8743665980070248
62,G1,22.0,0.8749433080758923
62,G1,22.1,0.8755182897466267
62,G1,22.2,0.8760915424972784
62,G1,22.3,0.8766630647155287
62,G1,22.4,0.8772328556727451
62,G1,22.5,0.8778009161390217
62,G1,22.6,0.8783672468649663
62,G1,22.7,0.8789318519920937
62,G1,22.8,0.8794947316646547
62,G1,22.9,0.8800558839235717
62,G1,23.0,0.880615313454389
62,G1,23.1,0.8811730213318482
62,G1,23.2,0.8817290039696951
62,G1,23.3,0.882283262738397
62,G1,23.4,0.8828357950390321
62,G1,23.5,0.8833866020703085
62,G1,23.6,0.8839356820860361
62,G1,23.7,0.884483035952152
62,G1,23.8,0.8850286664794281
62,G1,23.9,0.8855725778012984
62,G1,24.0,0.886114768410206
62,G1,24.1,0.8866552388010518
62,G1,24.2,0.8871939939164166
62,G1,24.3,0.8877310335546945
62,G1,24.4,0.8882663541216442
62,G1,24.5,0.8887999588133744
62,G1,24.6,0.8893318439678235
62,G1,24.7,0.88986201162685
62,G1,24.8,0.8903904610973518
62,G1,24.9,0.8909171934159356
62,G1,25.0,0.8914422126711375
62,G2,10.0,0.6925107703575883
62,G2,10.1,0.693434815295237
62,G2,10.2,0.6943579003317026
62,G2,10.3,0.6952800186656737
62,G2,10.4,0.6962011578957207
62,G2,10.5,0.6971213152969402
62,G2,10.6,0.6980404902630816
62,G2,10.7,0.6989586741254074
62,G2,10.8,0.6998758592493902
62,G2,10.9,0.7007920363963185
62,G2,11.0,0.7017071992803143
62,G2,11.1,0.7026213471741751
62,G2,11.2,0.703534469475405
62,G2,11.3,0.7044465654927735
62,G2,11.4,0.7053576318869678
62,G2,11.5,0.7062676596120627
62,G2,11.6,0.7071766344478527
62,G2,11.7,0.708084560437785
62,G2,11.8,0.7089914328728472
62,G2,11.9,0.7098972426158109
62,G2,12.0,0.7108019843095188
62,G2,12.1,0.7117056452348649
62,G2,12.2,0.712608224598537
62,G2,12.3,0.713509716116069
62,G2,12.4,0.7144101174091334
62,G2,12.5,0.7153094223897093
62,G2,12.6,0.7162076288308529
62,G2,12.7,0.7171047264033928
62,G2,12.8,0.7180007036939173
62,G2,12.9,0.7188955652913612
62,G2,13.0,0.7197893053871414
62,G2,13.1,0.7206819140907211
62,G2,13.2,0.7215733868985799
62,G2,13.3,0.7224637085466278
62,G2,13.4,0.7233528862573702
62,G2,13.5,0.7242409055702511
62,G2,13.6,0.7251277709921786
62,G2,13.7,0.7260134754924715
62,G2,13.8,0.7268980138012548
62,G2,13.9,0.7277813752376863
62,G2,14.0,0.7286635528681992
62,G2,14.1,0.7295445505103093
62,G2,14.2,0.7304243609317164
62,G2,14.3,0.7313029748739718
62,G2,14.4,0.7321803852549716
62,G2,14.5,0.7330565815435939
62,G2,14.6,0.7339315700460953
62,G2,14.7,0.7348053376927779
62,G2,14.8,0.735677887293477
62,G2,14.9,0.7365492149303319
62,G2,15.0,0.737419312172913
62,G2,15.1,0.7382881664838273
62,G2,15.2,0.7391557784897682
62,G2,15.3,0.7400221480400452
62,G2,15.4,0.7408872663499735
62,G2,15.5,0.7417511275510441
62,G2,15.6,0.7426137200238532
62,G2,15.7,0.7434750405054208
62,G2,15.8,0.7443350895537528
62,G2,15.9,0.7451938617065138
62,G2,16.0,0.7460513535537154
62,G2,16.1,0.7469075640529448
62,G2,16.2,0.7477624835499992
62,G2,16.3,0.7486160985845356
62,G2,16.4,0.7494684152380601
62,G2,16.5,0.750319430523809
62,G2,16.6,0.7511691341789911
62,G2,16.7,0.7520175226957317
62,G2,16.8,0.7528645804079095
62,G2,16.9,0.7537103133798744
62,G2,17.0,0.7545547128977836
62,G2,17.1,0.7553977826532026
62,G2,17.2,0.7562395149937047
62,G2,17.3,0.7570799082637509
62,G2,17.4,0.7579189520225627
62,G2,17.5,0.7587566366807875
62,G2,17.6,0.7595929687033949
62,G2,17.7,0.7604279432635791
62,G2,17.8,0.7612615501512663
62,G2,17.9,0.7620937851654871
62,G2,18.0,0.7629246326613539
62,G2,18.1,0.7637541047891037
62,G2,18.2,0.7645821885549993
62,G2,18.3,0.7654088890741101
62,G2,18.4,0.7662342018064513
62,G2,18.5,0.7670581202734879
62,G2,18.6,0.7678806326927657
62,G2,18.7,0.7687017368907719
62,G2,18.8,0.7695214370755513
62,G2,18.9,0.7703397263170201
62,G2,19.0,0.771156595884678
62,G2,19.1,0.7719720386667036
62,G2,19.2,0.7727860458347787
62,G2,19.3,0.7735986261133535
62,G2,19.4,0.7744097706881318
62,G2,19.5,0.7752194801221596
62,G2,19.6,0.7760277537883434
62,G2,19.7,0.7768345826166857
62,G2,19.8,0.7776399528481159
62,G2,19.9,0.7784438702633317
62,G2,20.0,0.7792463350891641
62,G2,20.1,0.7800473381294929
62,G2,20.2,0.7808468755415544
62,G2,20.3,0.7816449333288192
62,G2,20.4,0.7824415132435588
62,G2,20.5,0.7832366158168168
62,G2,20.6,0.7840302410251266
62,G2,20.7,0.7848223837053763
62,G2,20.8,0.7856130439010874
62,G2,20.9,0.7864022120009755
62,G2,21.0,0.787189876762182
62,G2,21.1,0.7879760457934405
62,G2,21.2,0.7887607177452722
62,G2,21.3,0.7895438812895607
62,G2,21.4,0.7903255356703061
62,G2,21.5,0.7911056612639231
62,G2,21.6,0.7918842732242732
62,G2,21.7,0.792661360763753
62,G2,21.8,0.7934369309266933
62,G2,21.9,0.794210978219983
62,G2,22.0,0.7949834985414526
62,G2,22.1,0.7957544827466043
62,G2,22.2,0.796523923914818
62,G2,22.3,0.797291830391561
62,G2,22.4,0.798058197870845
62,G2,22.5,0.7988230161634894
62,G2,22.6,0.7995862814239684
62,G2,22.7,0.8003479795169427
62,G2,22.8,0.8011081263986614
62,G2,22.9,0.8018667115309144
62,G2,23.0,0.8026237393773425
62,G2,23.1,0.8033792085111865
62,G2,23.2,0.8041331111371786
62,G2,23.3,0.8048854362251833
62,G2,23.4,0.8056361851931217
62,G2,23.5,0.8063853629720621
62,G2,23.6,0.8071329620908091
62,G2,23.7,0.8078789772450007
62,G2,23.8,0.8086233981747267
62,G2,23.9,0.8093662214791817
62,G2,24.0,0.8101074559962609
62,G2,24.1,0.8108470986884829
62,G2,24.2,0.8115851471812776
62,G2,24.3,0.8123216032636194
62,G2,24.4,0.813056458219529
62,G2,24.5,0.8137896996520317
62,G2,24.6,0.8145213353866914
62,G2,24.7,0.8152513676608802
62,G2,24.8,0.8159797859351203
62,G2,24.9,0.8167065895502047
62,G2,25.0,0.8174317611462931
63,G1,10.0,0.7891946876014484
63,G1,10.1,0.7897533243084889
63,G1,10.2,0.7903112119739976
63,G1,10.3,0.7908683264760269
63,G1,10.4,0.7914246446283726
63,G1,10.5,0.7919802191693482
63,G1,10.6,0.7925349925799002
63,G1,10.7,0.7930889915974447
63,G1,10.8,0.7936422301916554
63,G1,10.9,0.7941946580223666
63,G1,11.0,0.794746327600363
63,G1,11.1,0.7952972136843275
63,G1,11.2,0.7958472936833705
63,G1,11.3,0.7963966206902888
63,G1,11.4,0.796945136130577
63,G1,11.5,0.797492868198849
63,G1,11.6,0.7980398303483266
63,G1,11.7,0.7985859716748223
63,G1,11.8,0.7991313459981727
63,G1,11.9,0.7996759269059297
63,G1,12.0,0.8002196925531431
63,G1,12.1,0.8007626962171812
63,G1,12.2,0.8013048783842078
63,G1,12.3,0.8018462687153672
63,G1,12.4,0.802386880000118
63,G1,12.5,0.8029266610223672
63,G1,12.6,0.8034656666981635
63,G1,12.7,0.8040038694516967
63,G1,12.8,0.8045412483498166
63,G1,12.9,0.8050778566559468
63,G1,13.0,0.8056136340296215
63,G1,13.1,0.8061486116206388
63,G1,13.2,0.8066828014789235
63,G1,13.3,0.8072161522087282
63,G1,13.4,0.8077487196626286
63,G1,13.5,0.8082804750574204
63,G1,13.6,0.8088113986868248
63,G1,13.7,0.8093415434755755
63,G1,13.8,0.8098708483543768
63,G1,13.9,0.8103993460752986
63,G1,14.0,0.8109270477679515
63,G1,14.1,0.8114539020440837
63,G1,14.2,0.8119799654920157
63,G1,14.3,0.8125052082833027
63,G1,14.4,0.8130296119261418
63,G1,14.5,0.8135532288860732
63,G1,14.6,0.8140759974952907
63,G1,14.7,0.8145979520545801
63,G1,14.8,0.8151191027432098
63,G1,14.9,0.8156393982326485
63,G1,15.0,0.8161588957919276
63,G1,15.1,0.8166775645911216
63,G1,15.2,0.8171953873604787
63,G1,15.3,0.8177124161016075
63,G1,15.4,0.8182285885975681
63,G1,15.5,0.8187439405834791
63,G1,15.6,0.8192584812878665
63,G1,15.7,0.8197721595790199
63,G1,15.8,0.8202850332766313
63,G1,15.9,0.8207970705974242
63,G1,16.0,0.8213082555525719
63,G1,16.1,0.8218186395731356
63,G1,16.2,0.8223281600082646
63,G1,16.3,0.8228368539211829
63,G1,16.4,0.8233447296183767
63,G1,16.5,0.8238517361837951
63,G1,16.6,0.8243579319898686
63,G1,16.7,0.8248632842748699
63,G1,16.8,0.8253677783622735
63,G1,16.9,0.8258714650870035
63,G1,17.0,0.8263742814342252
63,G1,17.1,0.8268762657024225
63,G1,17.2,0.8273774252650902
63,G1,17.3,0.8278777095144566
63,G1,17.4,0.8283771773362234
63,G1,17.5,0.8288757949926908
63,G1,17.6,0.82937354906576
63,G1,17.7,0.8298704898788773
63,G1,17.8,0.8303665540527122
63,G1,17.9,0.8308617810234327
63,G1,18.0,0.8313561773067869
63,G1,18.1,0.8318496926021189
63,G1,18.2,0.8323423862278931
63,G1,18.3,0.8328342236339514
63,G1,18.4,0.8333251925420487
63,G1,18.5,0.8338153427104519
63,G1,18.6,0.8343046105761145
63,G1,18.7,0.8347930365411975
63,G1,18.8,0.8352806263760033
63,G1,18.9,0.8357673299935422
63,G1,19.0,0.8362532071964888
63,G1,19.1,0.8367382226495574
63,G1,19.2,0.8372223652073224
63,G1,19.3,0.8377056839532331
63,G1,19.4,0.83818811530255
63,G1,19.5,0.8386697005445021
63,G1,19.6,0.8391504446796653
63,G1,19.7,0.8396302978233979
63,G1,19.8,0.8401093203097952
63,G1,19.9,0.8405874760880458
63,G1,20.0,0.8410647550640569
63,G1,20.1,0.841541205532741
63,G1,20.2,0.8420167641520367
63,G1,20.3,0.8424914728503926
63,G1,20.4,0.8429653360015942
63,G1,20.5,0.8434383038701775
63,G1,20.6,0.8439104373347663
63,G1,20.7,0.844381699583782
63,G1,20.8,0.8448520816850705
63,G1,20.9,0.8453216310044551
63,G1,21.0,0.8457902845741053
63,G1,21.1,0.8462580848571328
63,G1,21.2,0.8467250356311594
63,G1,21.3,0.8471910873676833
63,G1,21.4,0.8476563014548748
63,G1,21.5,0.8481206402871823
63,G1,21.6,0.8485840961560842
63,G1,21.7,0.8490467153788569
63,G1,21.8,0.8495084355160406
63,G1,21.9,0.8499692994212296
63,G1,22.0,0.850429310401031
63,G1,22.1,0.8508884190517145
63,G1,22.2,0.8513466873282735
63,G1,22.3,0.8518040768076526
63,G1,22.4,0.8522605809611752
63,G1,22.5,0.8527162450982084
63,G1,22.6,0.8531710073323914
63,G1,22.7,0.8536249108148832
63,G1,22.8,0.854077958467787
63,G1,22.9,0.8545301010363996
63,G1,23.0,0.8549814009525494
63,G1,23.1,0.8554318190213095
63,G1,23.2,0.8558813498828022
63,G1,23.3,0.8563300378404873
63,G1,23.4,0.8567778215980387
63,G1,23.5,0.8572247445697521
63,G1,23.6,0.8576708092323232
63,G1,23.7,0.8581159665724254
63,G1,23.8,0.8585602795162124
63,G1,23.9,0.8590037079522225
63,G1,24.0,0.8594462478814846
63,G1,24.1,0.8598879424465552
63,G1,24.2,0.8603287310108826
63,G1,24.3,0.860768657226912
63,G1,24.4,0.8612077231225731
63,G1,24.5,0.8616458799738634
63,G1,24.6,0.8620831911574709
63,G1,24.7,0.862519615648492
63,G1,24.8,0.8629551507415598
63,G1,24.9,0.8633898385969289
63,G1,25.0,0.8638236191126775
63,G2,10.0,0.6453546839509124
63,G2,10.1,0.6460393595732553
63,G2,10.2,0.6467236970497615
63,G2,10.3,0.647407742850712
63,G2,10.4,0.6480914193241152
63,G2,10.5,0.6487747684455858
63,G2,10.6,0.6494578043569117
63,G2,10.7,0.6501404646830751
63,G2,10.8,0.6508228109036125
63,G2,10.9,0.6515047983468504
63,G2,11.0,0.6521864281007388
63,G2,11.1,0.6528677488121558
63,G2,11.2,0.6535486796594202
63,G2,11.3,0.6542292648132407
63,G2,11.4,0.6549095175681807
63,G2,11.5,0.655589375167568
63,G2,11.6,0.6562689008751703
63,G2,11.7,0.6569480483435884
63,G2,11.8,0.6576268187566807
63,G2,11.9,0.6583052629214539
63,G2,12.0,0.6589832968165579
63,G2,12.1,0.6596609669042386
63,G2,12.2,0.6603382854869226
63,G2,12.3,0.6610151894415293
63,G2,12.4,0.6616917441428838
63,G2,12.5,0.6623679011835886
63,G2,12.6,0.6630436619947561
63,G2,12.7,0.6637190793023726
63,G2,12.8,0.6643940665284236
63,G2,12.9,0.6650686718504552
63,G2,13.0,0.6657429065623897
63,G2,13.1,0.6664167075565464
63,G2,13.2,0.6670901421229657
63,G2,13.3,0.6677631597397151
63,G2,13.4,0.6684357621585535
63,G2,13.5,0.6691080039844143
63,G2,13.6,0.6697797961212847
63,G2,13.7,0.67045118849033
63,G2,13.8,0.6711221911248493
63,G2,13.9,0.6717927414432735
63,G2,14.0,0.6724629082771005
63,G2,14.1,0.6731326390429591
63,G2,14.2,0.6738019358622587
63,G2,14.3,0.6744708550645842
63,G2,14.4,0.6751393054165112
63,G2,14.5,0.6758073382481691
63,G2,14.6,0.6764749623826719
63,G2,14.7,0.6771421158400456
63,G2,14.8,0.677808869009062
63,G2,14.9,0.6784751671777294
63,G2,15.0,0.6791410128846083
63,G2,15.1,0.679806464103115
63,G2,15.2,0.6804714276217909
63,G2,15.3,0.6811359559115139
63,G2,15.4,0.6818000570286127
63,G2,15.5,0.6824636692028249
63,G2,15.6,0.6831268645502399
63,G2,15.7,0.6837895861659112
63,G2,15.8,0.6844518370514625
63,G2,15.9,0.6851136767809904
63,G2,16.0,0.6857750100897242
63,G2,16.1,0.6864358907348377
63,G2,16.2,0.6870963262392545
63,G2,16.3,0.6877562545800873
63,G2,16.4,0.6884157498329391
63,G2,16.5,0.6890747528385615
63,G2,16.6,0.6897332671058753
63,G2,16.7,0.6903913537658973
63,G2,16.8,0.6910489155181048
63,G2,16.9,0.6917060074963612
63,G2,17.0,0.6923626365384064
63,G2,17.1,0.6930187404745138
63,G2,17.2,0.6936743953503459
63,G2,17.3,0.6943295396941248
63,G2,17.4,0.6949841775645508
63,G2,17.5,0.6956383716052272
63,G2,17.6,0.6962920225153281
63,G2,17.7,0.6969451868423626
63,G2,17.8,0.6975978706463473
63,G2,17.9,0.6982500116903867
63,G2,18.0,0.6989016880020642
63,G2,18.1,0.6995528357420933
63,G2,18.2,0.7002034595596058
63,G2,18.3,0.7008536235659252
63,G2,18.4,0.701503226496826
63,G2,18.5,0.702152326338765
63,G2,18.6,0.7028009283138414
63,G2,18.7,0.7034489701656278
63,G2,18.8,0.7040965319241607
63,G2,18.9,0.7047435473310409
63,G2,19.0,0.7053900216645795
63,G2,19.1,0.706036020458459
63,G2,19.2,0.7066814405234094
63,G2,19.3,0.7073263413076878
63,G2,19.4,0.7079707271398807
63,G2,19.5,0.7086145357874322
63,G2,19.6,0.7092578493026791
63,G2,19.7,0.7099005989599972
63,G2,19.8,0.7105427907036515
63,G2,19.9,0.7111844912861253
63,G2,20.0,0.7118255961061318
63,G2,20.1,0.7124661656216259
63,G2,20.2,0.7131062033721266
63,G2,20.3,0.7137456471904792
63,G2,20.4,0.7143845811696045
63,G2,20.5,0.715022934072147
63,G2,20.6,0.7156607125430617
63,G2,20.7,0.7162979844504478
63,G2,20.8,0.7169346439931048
63,G2,20.9,0.7175707524871409
63,G2,21.0,0.7182063126890637
63,G2,21.1,0.7188412625367268
63,G2,21.2,0.7194756881802902
63,G2,21.3,0.7201095158298716
63,G2,21.4,0.7207427528637538
63,G2,21.5,0.7213754682087621
63,G2,21.6,0.7220075549372962
63,G2,21.7,0.7226390752102136
63,G2,21.8,0.7232700309628866
63,G2,21.9,0.7239003602758275
63,G2,22.0,0.7245301513713861
63,G2,22.1,0.7251593278701736
63,G2,22.2,0.7257878979142778
63,G2,22.3,0.7264159314324268
63,G2,22.4,0.7270433204443534
63,G2,22.5,0.7276701279415094
63,G2,22.6,0.7282963550021903
63,G2,22.7,0.7289219398852222
63,G2,22.8,0.7295469728983315
63,G2,22.9,0.730171375039547
63,G2,23.0,0.7307951552430315
63,G2,23.1,0.7314183843827071
63,G2,23.2,0.732040953499536
63,G2,23.3,0.732662926400635
63,G2,23.4,0.733284303273535
63,G2,23.5,0.7339050225890058
63,G2,23.6,0.7345251765662659
63,G2,23.7,0.7351446841074002
63,G2,23.8,0.7357635544089363
63,G2,23.9,0.7363818594186902
63,G2,24.0,0.7369994892728631
63,G2,24.1,0.7376165085785035
63,G2,24.2,0.7382329166010102
63,G2,24.3,0.738848652054676
63,G2,24.4,0.7394638090416421
63,G2,24.5,0.7400783044571418
63,G2,24.6,0.7406921476696714
63,G2,24.7,0.7413054116826593
63,G2,24.8,0.7419179858016063
63,G2,24.9,0.7425299354169379
63,G2,25.0,0.7431412588429323
64,G1,10.0,0.788813322467547
64,G1,10.1,0.7894492456774856
64,G1,10.2,0.7900841845056286
64,G1,10.3,0.7907181237490556
64,G1,10.4,0.7913510671748082
64,G1,10.5,0.7919830216383738
64,G1,10.6,0.7926139690915043
64,G1,10.7,0.7932439162990509
64,G1,10.8,0.7938728696461567
64,G1,10.9,0.7945008085461738
64,G1,11.0,0.795127742956612
64,G1,11.1,0.7957536785640593
64,G1,11.2,0.7963785929067901
64,G1,11.3,0.7970024985771961
64,G1,11.4,0.797625399954829
64,G1,11.5,0.7982472738644468
64,G1,11.6,0.7988681351832903
64,G1,11.7,0.799487986384794
64,G1,11.8,0.8001068039818627
64,G1,11.9,0.800724605771402
64,G1,12.0,0.8013413912152823
64,G1,12.1,0.8019571370189007
64,G1,12.2,0.802571864450704
64,G1,12.3,0.8031855685449214
64,G1,12.4,0.8037982283406244
64,G1,12.5,0.8044098663173795
64,G1,12.6,0.8050204739992156
64,G1,12.7,0.8056300332712287
64,G1,12.8,0.8062385674991266
64,G1,12.9,0.8068460644359315
64,G1,13.0,0.8074525090054362
64,G1,13.1,0.8080579247205828
64,G1,13.2,0.8086622970694973
64,G1,13.3,0.8092656134319849
64,G1,13.4,0.8098678960794886
64,G1,13.5,0.8104691304518263
64,G1,13.6,0.8110693050235911
64,G1,13.7,0.8116684409083892
64,G1,13.8,0.8122665240431176
64,G1,13.9,0.8128635432514166
64,G1,14.0,0.8134595193802334
64,G1,14.1,0.8140544384846349
64,G1,14.2,0.8146482891263708
64,G1,14.3,0.8152410927129083
64,G1,14.4,0.8158328349607775
64,G1,14.5,0.8164235048462364
64,G1,14.6,0.8170131232566861
64,G1,14.7,0.8176016764470321
64,G1,14.8,0.8181891534025059
64,G1,14.9,0.818775574114221
64,G1,15.0,0.8193609258940321
64,G1,15.1,0.8199451985328311
64,G1,15.2,0.8205284097092571
64,G1,15.3,0.8211105483521833
64,G1,15.4,0.8216916052068296
64,G1,15.5,0.8222715951520909
64,G1,15.6,0.8228505094111725
64,G1,15.7,0.8234283393549235
64,G1,15.8,0.8240050969495912
64,G1,15.9,0.824580775768296
64,G1,16.0,0.8251553682818641
64,G1,16.1,0.8257288827217643
64,G1,16.2,0.8263013152511527
64,G1,16.3,0.8268726599008956
64,G1,16.4,0.8274429208653452
64,G1,16.5,0.8280120964205728
64,G1,16.6,0.8285801831445807
64,G1,16.7,0.829147180676966
64,G1,16.8,0.8297130892745915
64,G1,16.9,0.8302779082886015
64,G1,17.0,0.8308416325914447
64,G1,17.1,0.8314042649316514
64,G1,17.2,0.831965806589375
64,G1,17.3,0.832526248071633
64,G1,17.4,0.8330855951671284
64,G1,17.5,0.8336438500805101
64,G1,17.6,0.8342009997674404
64,G1,17.7,0.8347570529580685
64,G1,17.8,0.8353120123163813
64,G1,17.9,0.835865861335001
64,G1,18.0,0.836418612395724
64,G1,18.1,0.8369702676147978
64,G1,18.2,0.8375208077068764
64,G1,18.3,0.838070248530509
64,G1,18.4,0.8386185910780316
64,G1,18.5,0.8391658147171074
64,G1,18.6,0.8397119376421004
64,G1,18.7,0.8402569593563796
64,G1,18.8,0.8408008588101344
64,G1,18.9,0.8413436566221526
64,G1,19.0,0.8418853501396644
64,G1,19.1,0.842425917672599
64,G1,19.2,0.8429653837054603
64,G1,19.3,0.843503741590233
64,G1,19.4,0.8440409706116567
64,G1,19.5,0.844577097986034
64,G1,19.6,0.845112113090311
64,G1,19.7,0.8456459977513359
64,G1,19.8,0.8461787799223216
64,G1,19.9,0.8467104458514372
64,G1,20.0,0.8472409798022529
64,G1,20.1,0.8477704107269115
64,G1,20.2,0.8482987214079988
64,G1,20.3,0.8488258991917922
64,G1,20.4,0.849351972072961
64,G1,20.5,0.8498769225645388
64,G1,20.6,0.850400738828135
64,G1,20.7,0.8509234478204913
64,G1,20.8,0.8514450328110453
64,G1,20.9,0.8519654823637743
64,G1,21.0,0.852484822343003
64,G1,21.1,0.8530030371911269
64,G1,21.2,0.8535201146334904
64,G1,21.3,0.8540360811086737
64,G1,21.4,0.8545509211840878
64,G1,21.5,0.8550646221187375
64,G1,21.6,0.8555772107746382
64,G1,21.7,0.8560886717712626
64,G1,21.8,0.8565989923377492
64,G1,21.9,0.8571081986618765
64,G1,22.0,0.8576162767890388
64,G1,22.1,0.8581232133235348
64,G1,22.2,0.8586290333114196
64,G1,22.3,0.8591337244079307
64,G1,22.4,0.859637274139535
64,G1,22.5,0.8601397043288368
64,G1,22.6,0.8606410054166282
64,G1,22.7,0.8611411650412694
64,G1,22.8,0.8616402022782963
64,G1,22.9,0.8621381102981301
64,G1,23.0,0.8626348773923006
64,G1,23.1,0.8631305189676589
64,G1,23.2,0.86362503124361
64,G1,23.3,0.8641184034709091
64,G1,23.4,0.8646106470763889
64,G1,23.5,0.8651017611256657
64,G1,23.6,0.8655917364494625
64,G1,23.7,0.8660805801187278
64,G1,23.8,0.8665682936008602
64,G1,23.9,0.8670548704147993
64,G1,24.0,0.8675403126180545
64,G1,24.1,0.8680246241509968
64,G1,24.2,0.8685078009680178
64,G1,24.3,0.8689898401878278
64,G1,24.4,0.8694707486773924
64,G1,24.5,0.8699505241534538
64,G1,24.6,0.8704291592498603
64,G1,24.7,0.8709066641315177
64,G1,24.8,0.871383037224734
64,G1,24.9,0.8718582675573369
64,G1,25.0,0.8723323686494233
64,G2,10.0,0.6256361128259219
64,G2,10.1,0.6264214811160083
64,G2,10.2,0.6272065337374872
64,G2,10.3,0.6279912575409957
64,G2,10.4,0.628775632898429
64,G2,10.5,0.6295596824259293
64,G2,10.6,0.6303433941774675
64,G2,10.7,0.6311267442039035
64,G2,10.8,0.6319097587395166
64,G2,10.9,0.6326924265831622
64,G2,11.0,0.6334747189208886
64,G2,11.1,0.6342566666082678
64,G2,11.2,0.635038258985301
64,G2,11.3,0.6358194613184028
64,G2,11.4,0.6366003101804729
64,G2,11.5,0.6373807953006507
64,G2,11.6,0.63816087569758
64,G2,11.7,0.6389405938358588
64,G2,11.8,0.639719938729923
64,G2,11.9,0.6404988665997385
64,G2,12.0,0.6412774221987312
64,G2,12.1,0.6420555947892119
64,G2,12.2,0.6428333388195118
64,G2,12.3,0.643610699954904
64,G2,12.4,0.6443876688557958
64,G2,12.5,0.6451641974179539
64,G2,12.6,0.6459403326002218
64,G2,12.7,0.6467160661756092
64,G2,12.8,0.6474913473187045
64,G2,12.9,0.648266225781805
64,G2,13.0,0.6490406915814957
64,G2,13.1,0.6498146943396088
64,G2,13.2,0.6505882848303605
64,G2,13.3,0.6513614511432875
64,G2,13.4,0.65213414462535
64,G2,13.5,0.6529064157891445
64,G2,13.6,0.653678251273911
64,G2,13.7,0.6544496044333212
64,G2,13.8,0.6552205248033053
64,G2,13.9,0.6559909978594185
64,G2,14.0,0.6567609800664627
64,G2,14.1,0.6575305185648493
64,G2,14.2,0.6582995984729637
64,G2,14.3,0.6590681783900906
64,G2,14.4,0.6598363043278942
64,G2,14.5,0.6606039602166042
64,G2,14.6,0.6613711070223912
64,G2,14.7,0.6621377892248148
64,G2,14.8,0.662903989993996
64,G2,14.9,0.6636696736240987
64,G2,15.0,0.6644348792547874
64,G2,15.1,0.6651995963962356
64,G2,15.2,0.6659637862387472
64,G2,15.3,0.6667274837447319
64,G2,15.4,0.6674906877296574
64,G2,15.5,0.6682533528726299
64,G2,15.6,0.6690155121260375
64,G2,15.7,0.6697771727045213
64,G2,15.8,0.6705382822821259
64,G2,15.9,0.6712988733855408
64,G2,16.0,0.6720589595965929
64,G2,16.1,0.6728184837702071
64,G2,16.2,0.6735774769350024
64,G2,16.3,0.6743359583916335
64,G2,16.4,0.6750938674452065
64,G2,16.5,0.6758512326235949
64,G2,16.6,0.6766080783871069
64,G2,16.7,0.6773643434866403
64,G2,16.8,0.6781200507503253
64,G2,16.9,0.6788752306611978
64,G2,17.0,0.6796298221798222
64,G2,17.1,0.680383842076387
64,G2,17.2,0.6811373262582878
64,G2,17.3,0.6818902144976365
64,G2,17.4,0.6826425178374365
64,G2,17.5,0.6833942763003755
64,G2,17.6,0.6841454323958011
64,G2,17.7,0.6848959897544631
64,G2,17.8,0.68564599271971
64,G2,17.9,0.6863953879274776
64,G2,18.0,0.6871441692765892
64,G2,18.1,0.687892388295267
64,G2,18.2,0.688639993673273
64,G2,18.3,0.6893869698842975
64,G2,18.4,0.690133375932384
64,G2,18.5,0.6908791626828219
64,G2,18.6,0.6916243048325234
64,G2,18.7,0.6923688690631598
64,G2,18.8,0.6931128081501723
64,G2,18.9,0.6938560879108445
64,G2,19.0,0.6945987816582859
64,G2,19.1,0.6953408428601383
64,G2,19.2,0.6960822334552547
64,G2,19.3,0.6968230282387885
64,G2,19.4,0.6975631832480983
64,G2,19.5,0.6983026563598413
64,G2,19.6,0.6990415232043644
64,G2,19.7,0.6997797445865929
64,G2,19.8,0.7005172719860538
64,G2,19.9,0.7012541833037358
64,G2,20.0,0.7019904426537725
64,G2,20.1,0.7027259956533527
64,G2,20.2,0.7034609243661288
64,G2,20.3,0.7041951927058553
64,G2,20.4,0.7049287448045539
64,G2,20.5,0.7056616631848714
64,G2,20.6,0.7063939130253444
64,G2,20.7,0.7071254366812277
64,G2,20.8,0.7078563172053212
64,G2,20.9,0.7085865204988586
64,G2,21.0,0.7093159891399288
64,G2,21.1,0.710044803766315
64,G2,21.2,0.7107729337255548
64,G2,21.3,0.7115003198254294
64,G2,21.4,0.7122270422316945
64,G2,21.5,0.7129530720331293
64,G2,21.6,0.7136783485882905
64,G2,21.7,0.7144029519662761
64,G2,21.8,0.7151268544155127
64,G2,21.9,0.7158499952805152
64,G2,22.0,0.7165724515246494
64,G2,22.1,0.7172942011401653
64,G2,22.2,0.7180151803283267
64,G2,22.3,0.7187354609651041
64,G2,22.4,0.719455033553394
64,G2,22.5,0.7201738248270704
64,G2,22.6,0.7208919032407632
64,G2,22.7,0.7216092732029273
64,G2,22.8,0.7223258494815585
64,G2,22.9,0.7230417007080832
64,G2,23.0,0.7237568419457726
64,G2,23.1,0.724471177395254
64,G2,23.2,0.7251847760655885
64,G2,23.3,0.7258976617557802
64,G2,23.4,0.7266097316327299
64,G2,23.5,0.7273210527153513
64,G2,23.6,0.7280316565583844
64,G2,23.7,0.7287414365613996
64,G2,23.8,0.7294504547730316
64,G2,23.9,0.7301587507977929
64,G2,24.0,0.7308662167773415
64,G2,24.1,0.7315729070777842
64,G2,24.2,0.7322788692435166
64,G2,24.3,0.7329839967089474
64,G2,24.4,0.7336883352020305
64,G2,24.5,0.7343919386818741
64,G2,24.6,0.7350947031873278
64,G2,24.7,0.7357966654610906
64,G2,24.8,0.7364978845427727
64,G2,24.9,0.7371982631393337
64,G2,25.0,0.7378978244556369
65,G1,10.0,0.7980737434995359
65,G1,10.1,0.7984447731730452
65,G1,10.2,0.7988154389258144
65,G1,10.3,0.7991857615489792
65,G1,10.4,0.7995556908980288
65,G1,10.5,0.7999252921461719
65,G1,10.6,0.8002944933239325
65,G1,10.7,0.8006633606446716
65,G1,10.8,0.8010318464845562
65,G1,10.9,0.8013999685777935
65,G1,11.0,0.8017677425609391
65,G1,11.1,0.8021351229288547
65,G1,11.2,0.8025021714212737
65,G1,11.3,0.8028688172782317
65,G1,11.4,0.8032351279580761
65,G1,11.5,0.803601051948835
65,G1,11.6,0.8039666130553661
65,G1,11.7,0.804331820912676
65,G1,11.8,0.8046966349633362
65,G1,11.9,0.8050611135058426
65,G1,12.0,0.8054251865397624
65,G1,12.1,0.8057889233249678
65,G1,12.2,0.8061522684864587
65,G1,12.3,0.8065152518535544
65,G1,12.4,0.8068778762479913
65,G1,12.5,0.8072401072333585
65,G1,12.6,0.807601999160845
65,G1,12.7,0.8079634826572166
65,G1,12.8,0.8083246288794113
65,G1,12.9,0.808685378868144
65,G1,13.0,0.8090457679781026
65,G1,13.1,0.8094057925251554
65,G1,13.2,0.8097654238315254
65,G1,13.3,0.8101247127086773
65,G1,13.4,0.8104835908509644
65,G1,13.5,0.8108421307503444
65,G1,13.6,0.8112002694070581
65,G1,13.7,0.8115580483103622
65,G1,13.8,0.8119154571421051
65,G1,13.9,0.812272472905502
65,G1,14.0,0.812629143175005
65,G1,14.1,0.8129854003055464
65,G1,14.2,0.8133413180782441
65,G1,14.3,0.8136968303464716
65,G1,14.4,0.8140519835974239
65,G1,14.5,0.8144067612742063
65,G1,14.6,0.8147611463007064
65,G1,14.7,0.8151151830527819
65,G1,14.8,0.8154688040089381
65,G1,14.9,0.8158220845963345
65,G1,15.0,0.8161749555932583
65,G1,15.1,0.8165274685021794
65,G1,15.2,0.816879600249033
65,G1,15.3,0.8172313398124542
65,G1,15.4,0.8175827280633368
65,G1,15.5,0.8179336988198247
65,G1,15.6,0.8182843277704669
65,G1,15.7,0.8186345430811134
65,G1,15.8,0.818984401246797
65,G1,15.9,0.8193338729600492
65,G1,16.0,0.8196829529555745
65,G1,16.1,0.8200316785828133
65,G1,16.2,0.8203799853104023
65,G1,16.3,0.8207279487357111
65,G1,16.4,0.8210754947235221
65,G1,16.5,0.8214226841192608
65,G1,16.6,0.8217694824821278
65,G1,16.7,0.8221158892651305
65,G1,16.8,0.8224619385674737
65,G1,16.9,0.8228075681178233
65,G1,17.0,0.823152852423871
65,G1,17.1,0.8234977162969087
65,G1,17.2,0.8238422235078666
65,G1,17.3,0.8241863355748763
65,G1,17.4,0.824530056110133
65,G1,17.5,0.8248734161382071
65,G1,17.6,0.8252163555371244
65,G1,17.7,0.8255589479578818
65,G1,17.8,0.8259011172296316
65,G1,17.9,0.8262429297485167
65,G1,18.0,0.8265843427044335
65,G1,18.1,0.8269253648999084
65,G1,18.2,0.8272660230381685
65,G1,18.3,0.827606260299308
65,G1,18.4,0.8279461483006472
65,G1,18.5,0.8282856110115544
65,G1,18.6,0.8286247165462428
65,G1,18.7,0.8289634184680729
65,G1,18.8,0.8293017307019215
65,G1,18.9,0.829639674692379
65,G1,19.0,0.8299771986642316
65,G1,19.1,0.830314370267324
65,G1,19.2,0.8306511149649517
65,G1,19.3,0.8309875019618096
65,G1,19.4,0.8313234814886283
65,G1,19.5,0.831659072584899
65,G1,19.6,0.8319942912278541
65,G1,19.7,0.8323290906951875
65,G1,19.8,0.8326635348029964
65,G1,19.9,0.8329975505785198
65,G1,20.0,0.8333312081669446
65,G1,20.1,0.8336644541048561
65,G1,20.2,0.8339973134898472
65,G1,20.3,0.8343297961653051
65,G1,20.4,0.8346618605646074
65,G1,20.5,0.8349935667660093
65,G1,20.6,0.8353248429531207
65,G1,20.7,0.8356557607306602
65,G1,20.8,0.8359862628327925
65,G1,20.9,0.836316380593454
65,G1,21.0,0.8366461167776187
65,G1,21.1,0.83697543623963
65,G1,21.2,0.8373043947099633
65,G1,21.3,0.8376329213859368
65,G1,21.4,0.8379610894564891
65,G1,21.5,0.8382888383027142
65,G1,21.6,0.8386162047388946
65,G1,21.7,0.8389431848726251
65,G1,21.8,0.8392697495407594
65,G1,21.9,0.8395959507769027
65,G1,22.0,0.8399217189608327
65,G1,22.1,0.8402471284372944
65,G1,22.2,0.8405721147150146
65,G1,22.3,0.8408967207676707
65,G1,22.4,0.841220935825442
65,G1,22.5,0.8415447366987099
65,G1,22.6,0.8418681719348502
65,G1,22.7,0.8421911728767107
65,G1,22.8,0.8425138149092812
65,G1,22.9,0.8428360303732915
65,G1,23.0,0.8431578674090269
65,G1,23.1,0.8434793088490526
65,G1,23.2,0.8438003376097637
65,G1,23.3,0.8441209988393571
65,G1,23.4,0.8444412242290192
65,G1,23.5,0.8447610905634078
65,G1,23.6,0.8450805272779804
65,G1,23.7,0.8453995875038037
65,G1,23.8,0.8457182474367257
65,G1,23.9,0.8460364962158488
65,G1,24.0,0.8463543754327645
65,G1,24.1,0.8466718180487351
65,G1,24.2,0.8469889011124154
65,G1,24.3,0.8473055515638045
65,G1,24.4,0.8476218274793296
65,G1,24.5,0.8479376986528856
65,G1,24.6,0.8482531602822185
65,G1,24.7,0.8485682501645097
65,G1,24.8,0.8488829031513243
65,G1,24.9,0.8491971959594897
65,G1,25.0,0.8495110533786379
65,G2,10.0,0.6473590286979264
65,G2,10.1,0.6478229566331941
65,G2,10.2,0.6482867361359386
65,G2,10.3,0.6487503379989568
65,G2,10.4,0.6492138296990453
65,G2,10.5,0.6496771210701607
65,G2,10.6,0.6501403033848165
65,G2,10.7,0.6506032974007154
65,G2,10.8,0.6510661586715685
65,G2,10.9,0.6515288627988084
65,G2,11.0,0.6519913875786236
65,G2,11.1,0.6524537955057301
65,G2,11.2,0.6529159963900675
65,G2,11.3,0.6533780863279284
65,G2,11.4,0.6538399787694126
65,G2,11.5,0.6543017364497941
65,G2,11.6,0.6547633283137422
65,G2,11.7,0.6552247402741567
65,G2,11.8,0.6556860276142462
65,G2,11.9,0.656147101753716
65,G2,12.0,0.6566080629864833
65,G2,12.1,0.657068817331938
65,G2,12.2,0.657529435136092
65,G2,12.3,0.6579898782665587
65,G2,12.4,0.6584501412267242
65,G2,12.5,0.658910271261395
65,G2,12.6,0.6593701827295427
65,G2,12.7,0.6598299790714349
65,G2,12.8,0.6602895584228735
65,G2,12.9,0.6607490004643547
65,G2,13.0,0.6612082589097656
65,G2,13.1,0.6616673368772996
65,G2,13.2,0.6621262734102996
65,G2,13.3,0.6625849861431264
65,G2,13.4,0.6630435812909006
65,G2,13.5,0.6635019498561125
65,G2,13.6,0.6639601799076092
65,G2,13.7,0.6644182178540199
65,G2,13.8,0.6648760747265174
65,G2,13.9,0.6653337820644948
65,G2,14.0,0.6657912602071769
65,G2,14.1,0.6662486175969509
65,G2,14.2,0.6667057402535531
65,G2,14.3,0.6671627225369243
65,G2,14.4,0.6676195041357407
65,G2,14.5,0.6680761040277269
65,G2,14.6,0.6685325461263347
65,G2,14.7,0.668988754588973
65,G2,14.8,0.6694448381696592
65,G2,14.9,0.6699006797108548
65,G2,15.0,0.6703563786632185
65,G2,15.1,0.6708118682842983
65,G2,15.2,0.6712671758032632
65,G2,15.3,0.6717223164930719
65,G2,15.4,0.6721772204773608
65,G2,15.5,0.6726319942490028
65,G2,15.6,0.6730865198643063
65,G2,15.7,0.6735409001475515
65,G2,15.8,0.6739950623887523
65,G2,15.9,0.6744490423690883
65,G2,16.0,0.6749028462435913
65,G2,16.1,0.6753564106492903
65,G2,16.2,0.6758098390276742
65,G2,16.3,0.6762630138483767
65,G2,16.4,0.6767160404674498
65,G2,16.5,0.6771688401641072
65,G2,16.6,0.6776214576764708
65,G2,16.7,0.6780738893153818
65,G2,16.8,0.6785260793199359
65,G2,16.9,0.6789781274572404
65,G2,17.0,0.6794299165439124
65,G2,17.1,0.6798815547827283
65,G2,17.2,0.6803329570170564
65,G2,17.3,0.6807841768536849
65,G2,17.4,0.681235201628722
65,G2,17.5,0.6816859827522592
65,G2,17.6,0.6821366159724934
65,G2,17.7,0.6825869847029747
65,G2,17.8,0.6830372000007748
65,G2,17.9,0.6834871701111911
65,G2,18.0,0.6839369577067264
65,G2,18.1,0.6843865402209529
65,G2,18.2,0.6848358789585538
65,G2,18.3,0.6852850627693083
65,G2,18.4,0.6857339763974075
65,G2,18.5,0.6861827348412733
65,G2,18.6,0.6866312384316362
65,G2,18.7,0.6870795595712594
65,G2,18.8,0.6875276657227533
65,G2,18.9,0.6879755277233571
65,G2,19.0,0.6884232279017765
65,G2,19.1,0.6888706523318221
65,G2,19.2,0.6893179199003348
65,G2,19.3,0.6897649228490964
65,G2,19.4,0.6902117430904234
65,G2,19.5,0.6906583390359817
65,G2,19.6,0.6911046907440196
65,G2,19.7,0.6915508733458965
65,G2,19.8,0.6919967744130857
65,G2,19.9,0.6924425173622499
65,G2,20.0,0.6928879861832787
65,G2,20.1,0.6933332711648922
65,G2,20.2,0.6937783228676296
65,G2,20.3,0.6942231316938556
65,G2,20.4,0.6946677628195272
65,G2,20.5,0.6951121070681899
65,G2,20.6,0.6955562920048346
65,G2,20.7,0.6960001932649889
65,G2,20.8,0.6964439095732732
65,G2,20.9,0.6968873835110723
65,G2,21.0,0.6973306162846327
65,G2,21.1,0.6977736620677379
65,G2,21.2,0.6982164167512344
65,G2,21.3,0.6986590105147855
65,G2,21.4,0.6991013101883726
65,G2,21.5,0.6995434251956514
65,G2,21.6,0.6999852885125217
65,G2,21.7,0.7004269123283764
65,G2,21.8,0.7008683396952033
65,G2,21.9,0.7013094718865934
65,G2,22.0,0.7017504411081152
65,G2,22.1,0.7021911067893041
65,G2,22.2,0.7026315873058245
65,G2,22.3,0.7030718075350134
65,G2,22.4,0.7035117895016837
65,G2,22.5,0.7039515659898508
65,G2,22.6,0.7043910430773468
65,G2,22.7,0.7048303542685044
65,G2,22.8,0.7052693543049174
65,G2,22.9,0.7057081678405867
65,G2,23.0,0.7061467124547877
65,G2,23.1,0.7065850198558855
65,G2,23.2,0.7070231128377812
65,G2,23.3,0.7074609031654264
65,G2,23.4,0.7078985234804956
65,G2,23.5,0.7083358262282472
65,G2,23.6,0.7087729406193174
65,G2,23.7,0.7092097774210018
65,G2,23.8,0.7096463782884678
65,G2,23.9,0.7100827549576536
65,G2,24.0,0.710518827290998
65,G2,24.1,0.7109547240230254
65,G2,24.2,0.7113902983673837
65,G2,24.3,0.7118256817848401
65,G2,24.4,0.7122607789146629
65,G2,24.5,0.7126956416164612
65,G2,24.6,0.7131302700420677
65,G2,24.7,0.7135645929510535
65,G2,24.8,0.7139987340267618
65,G2,24.9,0.7144325487627258
65,G2,25.0,0.7148661698616692
66,G1,10.0,0.8050751413937643
66,G1,10.1,0.8055255446308625
66,G1,10.2,0.8059753738064047
66,G1,10.3,0.8064246466637636
66,G1,10.4,0.8068733318039584
66,G1,10.5,0.8073214721271361
66,G1,10.6,0.8077690098932797
66,G1,10.7,0.8082160129351192
66,G1,10.8,0.8086624066912665
66,G1,10.9,0.809108266817599
66,G1,11.0,0.8095535184502479
66,G1,11.1,0.8099982279353504
66,G1,11.2,0.8104423354946564
66,G1,11.3,0.810885891965622
66,G1,11.4,0.8113288556432905
66,G1,11.5,0.8117712552298123
66,G1,11.6,0.8122130748050701
66,G1,11.7,0.8126543152748981
66,G1,11.8,0.8130949873658275
66,G1,11.9,0.8135350669941873
66,G1,12.0,0.8139745880012671
66,G1,12.1,0.8144135015027163
66,G1,12.2,0.8148518692734227
66,G1,12.3,0.8152896190651977
66,G1,12.4,0.8157268277231258
66,G1,12.5,0.8161634176907687
66,G1,12.6,0.8165994597015622
66,G1,12.7,0.8170348882467868
66,G1,12.8,0.8174697604536644
66,G1,12.9,0.8179040271569085
66,G1,13.0,0.8183377265339713
66,G1,13.1,0.8187708323236143
66,G1,13.2,0.8192033552295201
66,G1,13.3,0.8196352977428867
66,G1,13.4,0.8200666440577644
66,G1,13.5,0.8204974195543352
66,G1,13.6,0.82092758424861
66,G1,13.7,0.8213571917376821
66,G1,13.8,0.8217861742258498
66,G1,13.9,0.8222146077542103
66,G1,14.0,0.8226424134985382
66,G1,14.1,0.8230696672897935
66,G1,14.2,0.8234962963445502
66,G1,14.3,0.8239223646734072
66,G1,14.4,0.8243478158128915
66,G1,14.5,0.8247726968065086
66,G1,14.6,0.8251969715602776
66,G1,14.7,0.8256206613679755
66,G1,14.8,0.8260437588326284
66,G1,14.9,0.826466256825957
66,G1,15.0,0.8268881736232766
66,G1,15.1,0.8273094771358351
66,G1,15.2,0.8277302112979171
66,G1,15.3,0.8281503171298918
66,G1,15.4,0.8285698649084302
66,G1,15.5,0.8289887773574699
66,G1,15.6,0.8294071338136737
66,G1,15.7,0.8298248560309028
66,G1,15.8,0.8302420138647891
66,G1,15.9,0.8306585443489662
66,G1,16.0,0.8310745017033778
66,G1,16.1,0.8314898415146169
66,G1,16.2,0.8319045951768786
66,G1,16.3,0.8323187451117056
66,G1,16.4,0.8327322934412881
66,G1,16.5,0.8331452507598908
66,G1,16.6,0.8335575930901467
66,G1,16.7,0.8339693548138821
66,G1,16.8,0.8343804863826141
66,G1,16.9,0.8347910511501976
66,G1,17.0,0.8352009748605209
66,G1,17.1,0.8356103373587502
66,G1,17.2,0.8360190582646441
66,G1,17.3,0.8364272118454726
66,G1,17.4,0.8368347293652929
66,G1,17.5,0.8372416710578315
66,G1,17.6,0.8376479851098786
66,G1,17.7,0.8380537126217427
66,G1,17.8,0.8384588252165227
66,G1,17.9,0.8388633355412984
66,G1,18.0,0.8392672452883762
66,G1,18.1,0.8396705390994347
66,G1,18.2,0.8400732426618932
66,G1,18.3,0.8404753159818483
66,G1,18.4,0.840876813010274
66,G1,18.5,0.8412776655015423
66,G1,18.6,0.8416779510637143
66,G1,18.7,0.8420775887727271
66,G1,18.8,0.8424766577579428
66,G1,18.9,0.8428750823028924
66,G1,19.0,0.8432729292114766
66,G1,19.1,0.8436701397946719
66,G1,19.2,0.8440667635870172
66,G1,19.3,0.8444627623542018
66,G1,19.4,0.8448581598194159
66,G1,19.5,0.8452529470562797
66,G1,19.6,0.8456471180551218
66,G1,19.7,0.8460406912030536
66,G1,19.8,0.8464336342851554
66,G1,19.9,0.8468259915034866
66,G1,20.0,0.8472177037212247
66,G1,20.1,0.8476088424090475
66,G1,20.2,0.8479993288192818
66,G1,20.3,0.8483892447005821
66,G1,20.4,0.8487785096769884
66,G1,20.5,0.8491671960561152
66,G1,20.6,0.8495552385880184
66,G1,20.7,0.8499426940239454
66,G1,20.8,0.8503295159295153
66,G1,20.9,0.8507157380860925
66,G1,21.0,0.8511013411994054
66,G1,21.1,0.8514863287373994
66,G1,21.2,0.8518707110377645
66,G1,21.3,0.852254464521271
66,G1,21.4,0.8526376235280749
66,G1,21.5,0.8530201388494859
66,G1,21.6,0.8534020742089587
66,G1,21.7,0.8537833544235627
66,G1,21.8,0.8541640612493272
66,G1,21.9,0.8545441126393123
66,G1,22.0,0.854923585408133
66,G1,22.1,0.8553024083784754
66,G1,22.2,0.8556806441578778
66,G1,22.3,0.8560582389620893
66,G1,22.4,0.8564352363052495
66,G1,22.5,0.8568116060361306
66,G1,22.6,0.8571873625935179
66,G1,22.7,0.85756250668926
66,G1,22.8,0.8579370237215467
66,G1,22.9,0.8583109395499304
66,G1,23.0,0.858684214380959
66,G1,23.1,0.8590569019297092
66,G1,23.2,0.859428934348682
66,G1,23.3,0.8598003898376133
66,G1,23.4,0.860171186415102
66,G1,23.5,0.8605414054777208
66,G1,23.6,0.8609109692234075
66,G1,23.7,0.8612799466822287
66,G1,23.8,0.8616482774086538
66,G1,23.9,0.8620160128921982
66,G1,24.0,0.8623831132261531
66,G1,24.1,0.8627496042650551
66,G1,24.2,0.8631154756477847
66,G1,24.3,0.8634807225892337
66,G1,24.4,0.8638453632485876
66,G1,24.5,0.8642093658028779
66,G1,24.6,0.8645727740813433
66,G1,24.7,0.8649355296735924
66,G1,24.8,0.8652977041193125
66,G1,24.9,0.8656592183275628
66,G1,25.0,0.8660201553458897
66,G2,10.0,0.6646320757006744
66,G2,10.1,0.665199069868932
66,G2,10.2,0.6657657897686184
66,G2,10.3,0.6663322243210642
66,G2,10.4,0.6668983851334265
66,G2,10.5,0.6674642621798584
66,G2,10.6,0.668029854574139
66,G2,10.7,0.6685951647174107
66,G2,10.8,0.6691601878775995
66,G2,10.9,0.6697249270176189
66,G2,11.0,0.6702893751630647
66,G2,11.1,0.6708535371112417
66,G2,11.2,0.6714174063218512
66,G2,11.3,0.6719809820214668
66,G2,11.4,0.6725442674326888
66,G2,11.5,0.673107254363954
66,G2,11.6,0.6736699472555949
66,G2,11.7,0.6742323421346221
66,G2,11.8,0.6747944332071658
66,G2,11.9,0.6753562308663246
66,G2,12.0,0.6759177216807738
66,G2,12.1,0.6764789108888704
66,G2,12.2,0.6770397962107808
66,G2,12.3,0.6776003728140955
66,G2,12.4,0.6781606454565429
66,G2,12.5,0.6787206075624093
66,G2,12.6,0.679280263605176
66,G2,12.7,0.6798396050667518
66,G2,12.8,0.6803986348710818
66,G2,12.9,0.6809573533876654
66,G2,13.0,0.6815157528850808
66,G2,13.1,0.6820738391637217
66,G2,13.2,0.6826316054266267
66,G2,13.3,0.683189050440039
66,G2,13.4,0.6837461814298875
66,G2,13.5,0.6843029823999403
66,G2,13.6,0.6848594661560677
66,G2,13.7,0.6854156238854702
66,G2,13.8,0.6859714533521006
66,G2,13.9,0.6865269576019576
66,G2,14.0,0.6870821331076531
66,G2,14.1,0.687636981369354
66,G2,14.2,0.6881914956411078
66,G2,14.3,0.6887456802764569
66,G2,14.4,0.6892995316941739
66,G2,14.5,0.689853045145676
66,G2,14.6,0.6904062260704598
66,G2,14.7,0.6909590663205495
66,G2,14.8,0.6915115678907002
66,G2,14.9,0.6920637336959763
66,G2,15.0,0.6926155491324052
66,G2,15.1,0.6931670308423177
66,G2,15.2,0.6937181636985337
66,G2,15.3,0.6942689512046611
66,G2,15.4,0.6948193932356764
66,G2,15.5,0.6953694860040168
66,G2,15.6,0.6959192328527147
66,G2,15.7,0.6964686262241601
66,G2,15.8,0.6970176720160839
66,G2,15.9,0.6975663624736957
66,G2,16.0,0.6981146983148653
66,G2,16.1,0.6986626816475952
66,G2,16.2,0.6992103053606726
66,G2,16.3,0.6997575724304258
66,G2,16.4,0.7003044808495148
66,G2,16.5,0.7008510223804143
66,G2,16.6,0.7013972114939129
66,G2,16.7,0.7019430297848843
66,G2,16.8,0.7024884879256028
66,G2,16.9,0.703033579574233
66,G2,17.0,0.7035783018703042
66,G2,17.1,0.7041226592993927
66,G2,17.2,0.7046666455698383
66,G2,17.3,0.7052102655184517
66,G2,17.4,0.7057535097429228
66,G2,17.5,0.7062963825286908
66,G2,17.6,0.7068388832449255
66,G2,17.7,0.7073810050887638
66,G2,17.8,0.7079227531945335
66,G2,17.9,0.7084641214184475
66,G2,18.0,0.7090051073740994
66,G2,18.1,0.7095457213860646
66,G2,18.2,0.7100859426841054
66,G2,18.3,0.7106257897698226
66,G2,18.4,0.7111652494699587
66,G2,18.5,0.7117043225302349
66,G2,18.6,0.7122430103035343
66,G2,18.7,0.7127813101261661
66,G2,18.8,0.7133192239081555
66,G2,18.9,0.7138567443992715
66,G2,19.0,0.7143938771401591
66,G2,19.1,0.7149306167000037
66,G2,19.2,0.7154669606322817
66,G2,19.3,0.7160029127488692
66,G2,19.4,0.7165384663925265
66,G2,19.5,0.7170736218264093
66,G2,19.6,0.7176083842418384
66,G2,19.7,0.7181427359831658
66,G2,19.8,0.7186766984418523
66,G2,19.9,0.7192102517041279
66,G2,20.0,0.7197434035120952
66,G2,20.1,0.720276151121755
66,G2,20.2,0.7208084919334194
66,G2,20.3,0.7213404295703711
66,G2,20.4,0.7218719558905904
66,G2,20.5,0.7224030779699604
66,G2,20.6,0.7229337868849224
66,G2,20.7,0.7234640848483631
66,G2,20.8,0.7239939728895067
66,G2,20.9,0.7245234449933631
66,G2,21.0,0.725052502625049
66,G2,21.1,0.725581145814266
66,G2,21.2,0.7261093641919238
66,G2,21.3,0.726637175819321
66,G2,21.4,0.7271645575456971
66,G2,21.5,0.7276915256075724
66,G2,21.6,0.7282180692215275
66,G2,21.7,0.7287441884173163
66,G2,21.8,0.7292698864967204
66,G2,21.9,0.7297951579024424
66,G2,22.0,0.7303200074865774
66,G2,22.1,0.7308444257866135
66,G2,22.2,0.731368417715156
66,G2,22.3,0.7318919818637977
66,G2,22.4,0.732415112550166
66,G2,22.5,0.732937814192716
66,G2,22.6,0.7334600811328121
66,G2,22.7,0.7339819102142814
66,G2,22.8,0.7345033143380207
66,G2,22.9,0.7350242686518966
66,G2,23.0,0.7355447968529322
66,G2,23.1,0.7360648814075861
66,G2,23.2,0.7365845264674877
66,G2,23.3,0.7371037317017449
66,G2,23.4,0.737622494987158
66,G2,23.5,0.7381408188058545
66,G2,23.6,0.7386586953789356
66,G2,23.7,0.7391761315908176
66,G2,23.8,0.73969311997986
66,G2,23.9,0.7402096606362625
66,G2,24.0,0.7407257556939405
66,G2,24.1,0.741241399974845
66,G2,24.2,0.7417565922900846
66,G2,24.3,0.7422713394995337
66,G2,24.4,0.7427856215576867
66,G2,24.5,0.7432994641685224
66,G2,24.6,0.7438128430634668
66,G2,24.7,0.7443257700018684
66,G2,24.8,0.7448382395664132
66,G2,24.9,0.7453502505590242
66,G2,25.0,0.7458618067979125
67,G1,10.0,0.7999419859972973
67,G1,10.1,0.8005192998574017
67,G1,10.2,0.8010957394608351
67,G1,10.3,0.8016712902371054
67,G1,10.4,0.8022459417840788
67,G1,10.5,0.8028196920945522
67,G1,10.6,0.8033925636546034
67,G1,10.7,0.8039645363578003
67,G1,10.8,0.8045355925547334
67,G1,10.9,0.8051057709749535
67,G1,11.0,0.8056750467019757
67,G1,11.1,0.8062434040992752
67,G1,11.2,0.80681086975594
67,G1,11.3,0.8073774373170403
67,G1,11.4,0.8079430932942069
67,G1,11.5,0.8085078311038498
67,G1,11.6,0.8090716784470013
67,G1,11.7,0.8096346152224986
67,G1,11.8,0.8101966210714034
67,G1,11.9,0.8107577372004003
67,G1,12.0,0.8113179373476724
67,G1,12.1,0.8118772094742946
67,G1,12.2,0.812435572196538
67,G1,12.3,0.8129930281345416
67,G1,12.4,0.813549561004838
67,G1,12.5,0.8141051605452269
67,G1,12.6,0.8146598592999239
67,G1,12.7,0.8152136351262197
67,G1,12.8,0.8157664681283509
67,G1,12.9,0.8163183986811208
67,G1,13.0,0.8168694022305558
67,G1,13.1,0.8174194693431032
67,G1,13.2,0.8179686095256324
67,G1,13.3,0.8185168349288207
67,G1,13.4,0.8190641272405073
67,G1,13.5,0.8196104720741645
67,G1,13.6,0.820155906825125
67,G1,13.7,0.820700406760978
67,G1,13.8,0.8212439540912142
67,G1,13.9,0.8217865852116385
67,G1,14.0,0.8223282808848499
67,G1,14.1,0.8228690322599227
67,G1,14.2,0.8234088406004634
67,G1,14.3,0.8239477262262721
67,G1,14.4,0.8244856697900369
67,G1,14.5,0.8250226535640274
67,G1,14.6,0.8255587175198368
67,G1,14.7,0.8260938372145216
67,G1,14.8,0.8266279952904589
67,G1,14.9,0.8271612231798666
67,G1,15.0,0.8276935098199231
67,G1,15.1,0.8282248435952976
67,G1,15.2,0.8287552206894067
67,G1,15.3,0.8292846671797334
67,G1,15.4,0.8298131632091537
67,G1,15.5,0.8303406891604163
67,G1,15.6,0.8308672864129198
67,G1,15.7,0.8313929302998568
67,G1,15.8,0.8319176052231975
67,G1,15.9,0.8324413366006574
67,G1,16.0,0.8329641219223651
67,G1,16.1,0.8334859465399109
67,G1,16.2,0.8340068025058047
67,G1,16.3,0.8345267203739468
67,G1,16.4,0.8350456805832669
67,G1,16.5,0.8355636611034556
67,G1,16.6,0.8360807051219814
67,G1,16.7,0.8365967872777142
67,G1,16.8,0.8371118956648685
67,G1,16.9,0.8376260469603795
67,G1,17.0,0.838139247973417
67,G1,17.1,0.8386514818188321
67,G1,17.2,0.8391627360868523
67,G1,17.3,0.8396730468670359
67,G1,17.4,0.840182391613442
67,G1,17.5,0.8406907501135706
67,G1,17.6,0.841198163138964
67,G1,17.7,0.8417046082271955
67,G1,17.8,0.8422100760930886
67,G1,17.9,0.8427145735831402
67,G1,18.0,0.8432181172429167
67,G1,18.1,0.8437206883366549
67,G1,18.2,0.8442222706854215
67,G1,18.3,0.8447229041669636
67,G1,18.4,0.8452225648459151
67,G1,18.5,0.8457212341672445
67,G1,18.6,0.8462189483696254
67,G1,18.7,0.8467156912989643
67,G1,18.8,0.8472114532801415
67,G1,18.9,0.8477062338953855
67,G1,19.0,0.8482000568224197
67,G1,19.1,0.8486929028744988
67,G1,19.2,0.8491847529439293
67,G1,19.3,0.8496756486156684
67,G1,19.4,0.8501655667258837
67,G1,19.5,0.8506544892913779
67,G1,19.6,0.8511424469737484
67,G1,19.7,0.8516294324023549
67,G1,19.8,0.8521154329963903
67,G1,19.9,0.8526004432112126
67,G1,20.0,0.8530844920469299
67,G1,20.1,0.8535675605536847
67,G1,20.2,0.8540496272775572
67,G1,20.3,0.8545307354704247
67,G1,20.4,0.8550108611797805
67,G1,20.5,0.8554899894230062
67,G1,20.6,0.8559681435209312
67,G1,20.7,0.8564453249460411
67,G1,20.8,0.8569215183742306
67,G1,20.9,0.8573967144596546
67,G1,21.0,0.8578709461507098
67,G1,21.1,0.8583441944774768
67,G1,21.2,0.8588164366309501
67,G1,21.3,0.859287716400492
67,G1,21.4,0.8597580101967904
67,G1,21.5,0.8602273064840724
67,G1,21.6,0.8606956193982325
67,G1,21.7,0.8611629598189544
67,G1,21.8,0.8616293106288745
67,G1,21.9,0.8620946577575026
67,G1,22.0,0.8625590397597459
67,G1,22.1,0.8630224342646146
67,G1,22.2,0.863484821207542
67,G1,22.3,0.8639462406744124
67,G1,22.4,0.8644066730336144
67,G1,22.5,0.8648661090869156
67,G1,22.6,0.865324553115017
67,G1,22.7,0.8657820252552004
67,G1,22.8,0.8662385072154769
67,G1,22.9,0.8666939810663017
67,G1,23.0,0.8671484884742763
67,G1,23.1,0.8676020066119953
67,G1,23.2,0.868054516773036
67,G1,23.3,0.8685060538405515
67,G1,23.4,0.8689566055293645
67,G1,23.5,0.8694061612403746
67,G1,23.6,0.8698547190551913
67,G1,23.7,0.8703023052161275
67,G1,23.8,0.8707489012839138
67,G1,23.9,0.8711944871176236
67,G1,24.0,0.871639105190377
67,G1,24.1,0.872082733680945
67,G1,24.2,0.8725253547635081
67,G1,24.3,0.8729669973964156
67,G1,24.4,0.8734076580798478
67,G1,24.5,0.8738473235715799
67,G1,24.6,0.8742859867279116
67,G1,24.7,0.8747236787066656
67,G1,24.8,0.875160381873297
67,G1,24.9,0.8755960734774644
67,G1,25.0,0.8760307976264718
67,G2,10.0,0.6896394339060772
67,G2,10.1,0.6903402668171841
67,G2,10.2,0.6910405579803786
67,G2,10.3,0.6917402989775889
67,G2,10.4,0.6924395221312791
67,G2,10.5,0.6931382186186917
67,G2,10.6,0.6938363379597237
67,G2,10.7,0.6945339300328955
67,G2,10.8,0.695230998624176
67,G2,10.9,0.6959274876115873
67,G2,11.0,0.6966234244561681
67,G2,11.1,0.69731882946683
67,G2,11.2,0.698013671451361
67,G2,11.3,0.698707931607664
67,G2,11.4,0.699401649224846
67,G2,11.5,0.7000948188003613
67,G2,11.6,0.7007873794975499
67,G2,11.7,0.701479386515773
67,G2,11.8,0.7021708448572711
67,G2,11.9,0.7028617013824032
67,G2,12.0,0.7035519765082758
67,G2,12.1,0.7042416923085325
67,G2,12.2,0.7049308237207649
67,G2,12.3,0.7056193438596549
67,G2,12.4,0.7063072956296246
67,G2,12.5,0.7069946777710515
67,G2,12.6,0.7076814232707326
67,G2,12.7,0.7083675866556459
67,G2,12.8,0.7090531781971448
67,G2,12.9,0.7097381458240402
67,G2,13.0,0.7104225024088578
67,G2,13.1,0.7111062728034623
67,G2,13.2,0.7117894396303109
67,G2,13.3,0.7124719646566219
67,G2,13.4,0.713153896576948
67,G2,13.5,0.7138352361462006
67,G2,13.6,0.7145159150783322
67,G2,13.7,0.715195983043723
67,G2,13.8,0.7158754551637625
67,G2,13.9,0.7165542834303197
67,G2,14.0,0.717232469805411
67,G2,14.1,0.7179100467628875
67,G2,14.2,0.718587000177084
67,G2,14.3,0.7192632808673594
67,G2,14.4,0.7199389445418642
67,G2,14.5,0.7206139934136799
67,G2,14.6,0.7212883605226479
67,G2,14.7,0.7219620867428697
67,G2,14.8,0.7226351934599686
67,G2,14.9,0.7233076378700489
67,G2,15.0,0.7239794089308406
67,G2,15.1,0.7246505490169887
67,G2,15.2,0.7253210466073553
67,G2,15.3,0.7259908405939719
67,G2,15.4,0.726659994089822
67,G2,15.5,0.7273285102676719
67,G2,15.6,0.7279963246510305
67,G2,15.7,0.7286634706284608
67,G2,15.8,0.7293299719617496
67,G2,15.9,0.7299957929476748
67,G2,16.0,0.7306609120021592
67,G2,16.1,0.7313253773805696
67,G2,16.2,0.7319891826879957
67,G2,16.3,0.7326522554041414
67,G2,16.4,0.7333146633153359
67,G2,16.5,0.7339764117043953
67,G2,16.6,0.7346374401063311
67,G2,16.7,0.7352977727760486
67,G2,16.8,0.7359574359377448
67,G2,16.9,0.73661640153054
67,G2,17.0,0.7372746379390525
67,G2,17.1,0.7379321974968719
67,G2,17.2,0.7385890784154084
67,G2,17.3,0.7392452028760849
67,G2,17.4,0.7399006363280649
67,G2,17.5,0.7405553902259487
67,G2,17.6,0.7412094062560525
67,G2,17.7,0.741862698309013
67,G2,17.8,0.7425152978280397
67,G2,17.9,0.743167184456433
67,G2,18.0,0.7438183131621018
67,G2,18.1,0.7444687435345662
67,G2,18.2,0.7451184755270935
67,G2,18.3,0.7457674319549189
67,G2,18.4,0.7464156701869236
67,G2,18.5,0.7470632082224936
67,G2,18.6,0.7477099923159638
67,G2,18.7,0.7483560239165464
67,G2,18.8,0.7490013433027
67,G2,18.9,0.7496459337314717
67,G2,19.0,0.7502897376137861
67,G2,19.1,0.7509328224357094
67,G2,19.2,0.7515751898342651
67,G2,19.3,0.752216764497319
67,G2,19.4,0.7528575938938046
67,G2,19.5,0.7534977022616054
67,G2,19.6,0.7541370427317307
67,G2,19.7,0.7547756015988724
67,G2,19.8,0.755413430260287
67,G2,19.9,0.7560505152112982
67,G2,20.0,0.7566867855930616
67,G2,20.1,0.7573223163395444
67,G2,20.2,0.7579571101703695
67,G2,20.3,0.75859109625004
67,G2,20.4,0.7592243121436406
67,G2,20.5,0.7598567850051319
67,G2,20.6,0.760488475837067
67,G2,20.7,0.7611193600612404
67,G2,20.8,0.7617494940364165
67,G2,20.9,0.7623788709606233
67,G2,21.0,0.7630074081795969
67,G2,21.1,0.7636351840016737
67,G2,21.2,0.7642622047471662
67,G2,21.3,0.764888403775175
67,G2,21.4,0.7655138079721672
67,G2,21.5,0.7661384473724263
67,G2,21.6,0.7667622925949865
67,G2,21.7,0.76738530659852
67,G2,21.8,0.7680075506342099
67,G2,21.9,0.7686290225061273
67,G2,22.0,0.7692496353407605
67,G2,22.1,0.7698694636835106
67,G2,22.2,0.7704885203082641
67,G2,22.3,0.7711067420751773
67,G2,22.4,0.7717241430056136
67,G2,22.5,0.7723407611003646
67,G2,22.6,0.7729565734436311
67,G2,22.7,0.7735715284771008
67,G2,22.8,0.7741856958592227
67,G2,22.9,0.7747990748472501
67,G2,23.0,0.7754115813919059
67,G2,23.1,0.7760232784615594
67,G2,23.2,0.7766341870993403
67,G2,23.3,0.7772442492533979
67,G2,23.4,0.7778534649868375
67,G2,23.5,0.7784618822014656
67,G2,23.6,0.7790694820619842
67,G2,23.7,0.7796761990558824
67,G2,23.8,0.7802821114131496
67,G2,23.9,0.7808872200359093
67,G2,24.0,0.7814914436706368
67,G2,24.1,0.7820948345840996
67,G2,24.2,0.782697419283368
67,G2,24.3,0.7832991483615767
67,G2,24.4,0.7839000054338962
67,G2,24.5,0.7845000497410294
67,G2,24.6,0.7850992665861957
67,G2,24.7,0.7856975762367646
67,G2,24.8,0.7862950640350413
67,G2,24.9,0.7868917322780233
67,G2,25.0,0.7874875058728137
68,G1,10.0,0.7586924889533817
68,G1,10.1,0.7597881383804788
68,G1,10.2,0.760881475319413
68,G1,10.3,0.7619724950936473
68,G1,10.4,0.7630611813653925
68,G1,10.5,0.7641475125255052
68,G1,10.6,0.7652314751996558
68,G1,10.7,0.7663130602111113
68,G1,10.8,0.7673922540425312
68,G1,10.9,0.7684690583211944
68,G1,11.0,0.7695434675310977
68,G1,11.1,0.7706154751535184
68,G1,11.2,0.771685078288211
68,G1,11.3,0.7727522590833871
68,G1,11.4,0.7738169959299801
68,G1,11.5,0.7748792778354151
68,G1,11.6,0.7759390949976664
68,G1,11.7,0.7769964373619958
68,G1,11.8,0.7780513060922498
68,G1,11.9,0.779103696454147
68,G1,12.0,0.7801536033947403
68,G1,12.1,0.7812010237163656
68,G1,12.2,0.7822459391974499
68,G1,12.3,0.7832883280573292
68,G1,12.4,0.7843281822392495
68,G1,12.5,0.7853654906095136
68,G1,12.6,0.786400246757722
68,G1,12.7,0.7874324517370587
68,G1,12.8,0.7884621016414257
68,G1,12.9,0.7894891926414617
68,G1,13.0,0.7905137207162645
68,G1,13.1,0.7915356676347194
68,G1,13.2,0.7925550124521441
68,G1,13.3,0.7935717494620779
68,G1,13.4,0.7945858659119815
68,G1,13.5,0.7955973591800399
68,G1,13.6,0.7966062300740997
68,G1,13.7,0.7976124762676162
68,G1,13.8,0.7986160943056877
68,G1,13.9,0.7996170793949073
68,G1,14.0,0.8006154133707946
68,G1,14.1,0.8016110772629744
68,G1,14.2,0.8026040663193079
68,G1,14.3,0.8035943670799114
68,G1,14.4,0.8045819806401254
68,G1,14.5,0.8055669069941188
68,G1,14.6,0.806549145814841
68,G1,14.7,0.8075286941453673
68,G1,14.8,0.8085055458194589
68,G1,14.9,0.8094796831705119
68,G1,15.0,0.810451089216566
68,G1,15.1,0.8114197607438983
68,G1,15.2,0.8123856825607289
68,G1,15.3,0.8133488604586351
68,G1,15.4,0.8143092934092809
68,G1,15.5,0.8152669823791463
68,G1,15.6,0.8162219256979681
68,G1,15.7,0.8171741150260244
68,G1,15.8,0.8181235340633639
68,G1,15.9,0.8190701671102167
68,G1,16.0,0.8200140124341249
68,G1,16.1,0.8209550551185308
68,G1,16.2,0.821893303216835
68,G1,16.3,0.8228287562899002
68,G1,16.4,0.8237614153733179
68,G1,16.5,0.8246912805247097
68,G1,16.6,0.8256183417978098
68,G1,16.7,0.8265425830654264
68,G1,16.8,0.8274639912390763
68,G1,16.9,0.828382565059947
68,G1,17.0,0.8292982908840911
68,G1,17.1,0.8302111783318856
68,G1,17.2,0.8311212279559508
68,G1,17.3,0.8320284401615066
68,G1,17.4,0.8329328173668308
68,G1,17.5,0.8338343480704257
68,G1,17.6,0.8347330158967422
68,G1,17.7,0.8356288110402936
68,G1,17.8,0.8365217314666004
68,G1,17.9,0.8374117663680364
68,G1,18.0,0.8382989259759369
68,G1,18.1,0.8391832122305363
68,G1,18.2,0.8400646246805501
68,G1,18.3,0.8409431680442183
68,G1,18.4,0.8418188290994217
68,G1,18.5,0.8426915917759991
68,G1,18.6,0.8435614490935285
68,G1,18.7,0.8444283982841181
68,G1,18.8,0.8452924323566594
68,G1,18.9,0.8461535611588785
68,G1,19.0,0.8470117874159572
68,G1,19.1,0.8478671117407025
68,G1,19.2,0.8487195390619477
68,G1,19.3,0.8495690554222495
68,G1,19.4,0.8504156450914455
68,G1,19.5,0.8512593040443014
68,G1,19.6,0.8521000284278454
68,G1,19.7,0.8529378152943962
68,G1,19.8,0.8537726740868258
68,G1,19.9,0.8546046081361998
68,G1,20.0,0.8554336196419542
68,G1,20.1,0.8562597124461114
68,G1,20.2,0.8570828727421006
68,G1,20.3,0.8579030855438515
68,G1,20.4,0.8587203497630979
68,G1,20.5,0.8595346597398649
68,G1,20.6,0.8603460165801956
68,G1,20.7,0.8611544296480037
68,G1,20.8,0.8619599032418451
68,G1,20.9,0.8627624403339318
68,G1,21.0,0.8635620435042821
68,G1,21.1,0.8643586996042335
68,G1,21.2,0.8651523953174236
68,G1,21.3,0.8659431312189522
68,G1,21.4,0.8667309004235928
68,G1,21.5,0.8675157079871983
68,G1,21.6,0.8682975624630062
68,G1,21.7,0.8690764700857601
68,G1,21.8,0.869852434013165
68,G1,21.9,0.8706254554649923
68,G1,22.0,0.8713955220879935
68,G1,22.1,0.8721626225597292
68,G1,22.2,0.8729267590334269
68,G1,22.3,0.8736879229633826
68,G1,22.4,0.8744461242398589
68,G1,22.5,0.8752013699362727
68,G1,22.6,0.8759536676483776
68,G1,22.7,0.8767030217489034
68,G1,22.8,0.8774494310092258
68,G1,22.9,0.8781928848269634
68,G1,23.0,0.8789333730547328
68,G1,23.1,0.8796708998862147
68,G1,23.2,0.8804054557394192
68,G1,23.3,0.8811370541100363
68,G1,23.4,0.8818657019234049
68,G1,23.5,0.8825914065563584
68,G1,23.6,0.8833141743481623
68,G1,23.7,0.884034001651414
68,G1,23.8,0.8847508792719828
68,G1,23.9,0.8854647986278716
68,G1,24.0,0.8861757652369441
68,G1,24.1,0.886883770163964
68,G1,24.2,0.8875888287998809
68,G1,24.3,0.8882909484317718
68,G1,24.4,0.8889901359151626
68,G1,24.5,0.8896863996378741
68,G1,24.6,0.8903797343469589
68,G1,24.7,0.8910701307687825
68,G1,24.8,0.8917575836386339
68,G1,24.9,0.8924420978155119
68,G1,25.0,0.8931236665088935
68,G2,10.0,0.6130586166271778
68,G2,10.1,0.6143358525449385
68,G2,10.2,0.6156123942674465
68,G2,10.3,0.6168882310963695
68,G2,10.4,0.6181633483732226
68,G2,10.5,0.6194377322102496
68,G2,10.6,0.6207113530619986
68,G2,10.7,0.6219842049342118
68,G2,10.8,0.6232562724549641
68,G2,10.9,0.6245275379505087
68,G2,11.0,0.6257979797963215
68,G2,11.1,0.6270675922468664
68,G2,11.2,0.6283363625523997
68,G2,11.3,0.6296042781796625
68,G2,11.4,0.6308713214942745
68,G2,11.5,0.632137467071077
68,G2,11.6,0.6334027073540169
68,G2,11.7,0.6346670270469978
68,G2,11.8,0.6359304080743209
68,G2,11.9,0.6371928280951805
68,G2,12.0,0.6384542844066661
68,G2,12.1,0.6397147629582899
68,G2,12.2,0.6409742531512816
68,G2,12.3,0.6422327330466937
68,G2,12.4,0.6434901820551755
68,G2,12.5,0.644746590877949
68,G2,12.6,0.6460019437920674
68,G2,12.7,0.647256223662404
68,G2,12.8,0.6485094063692528
68,G2,12.9,0.6497614927758549
68,G2,13.0,0.6510124674399153
68,G2,13.1,0.6522623220287078
68,G2,13.2,0.653511029770091
68,G2,13.3,0.6547585748420552
68,G2,13.4,0.656004948016678
68,G2,13.5,0.657250130613426
68,G2,13.6,0.6584941077631081
68,G2,13.7,0.6597368548292774
68,G2,13.8,0.6609783743315008
68,G2,13.9,0.6622186501733425
68,G2,14.0,0.6634576763607842
68,G2,14.1,0.6646954215413979
68,G2,14.2,0.6659318742889092
68,G2,14.3,0.6671670259940611
68,G2,14.4,0.6684008544170137
68,G2,14.5,0.6696333460886947
68,G2,14.6,0.6708644800706689
68,G2,14.7,0.6720942562850716
68,G2,14.8,0.6733226595845014
68,G2,14.9,0.6745496850837429
68,G2,15.0,0.6757753002087472
68,G2,15.1,0.6769994946709088
68,G2,15.2,0.6782222613522635
68,G2,15.3,0.6794435753866369
68,G2,15.4,0.6806634232586403
68,G2,15.5,0.6818817892523644
68,G2,15.6,0.6830986706108919
68,G2,15.7,0.6843140531879914
68,G2,15.8,0.685527931714457
68,G2,15.9,0.6867402736769521
68,G2,16.0,0.6879510703510966
68,G2,16.1,0.6891603148027076
68,G2,16.2,0.6903679813924997
68,G2,16.3,0.6915740548809767
68,G2,16.4,0.6927785259977554
68,G2,16.5,0.6939813885808389
68,G2,16.6,0.6951826303857312
68,G2,16.7,0.696382245078814
68,G2,16.8,0.6975801998412975
68,G2,16.9,0.698776489385504
68,G2,17.0,0.6999711041570321
68,G2,17.1,0.7011640210813754
68,G2,17.2,0.7023552208820371
68,G2,17.3,0.703544701637311
68,G2,17.4,0.7047324535295214
68,G2,17.5,0.705918466517923
68,G2,17.6,0.7071027328289442
68,G2,17.7,0.7082852198190577
68,G2,17.8,0.70946592601571
68,G2,17.9,0.7106448383170493
68,G2,18.0,0.7118219361295827
68,G2,18.1,0.7129971980504144
68,G2,18.2,0.7141706278747411
68,G2,18.3,0.7153422119752564
68,G2,18.4,0.7165119442599285
68,G2,18.5,0.717679812411177
68,G2,18.6,0.7188457890267235
68,G2,18.7,0.7200098715210144
68,G2,18.8,0.7211720464635578
68,G2,18.9,0.7223322932840056
68,G2,19.0,0.7234905910362415
68,G2,19.1,0.7246469467681993
68,G2,19.2,0.7258013454465804
68,G2,19.3,0.7269537841877161
68,G2,19.4,0.7281042448976766
68,G2,19.5,0.7292527071869361
68,G2,19.6,0.7303991663308875
68,G2,19.7,0.7315436083135511
68,G2,19.8,0.7326860141096916
68,G2,19.9,0.7338263619983304
68,G2,20.0,0.7349646627097154
68,G2,20.1,0.7361008998713606
68,G2,20.2,0.7372350739418025
68,G2,20.3,0.738367160773515
68,G2,20.4,0.7394971466894743
68,G2,20.5,0.7406250266613241
68,G2,20.6,0.7417507829913643
68,G2,20.7,0.7428744016483017
68,G2,20.8,0.7439958587542918
68,G2,20.9,0.7451151677054229
68,G2,21.0,0.7462323124285295
68,G2,21.1,0.7473472957655733
68,G2,21.2,0.7484600878658166
68,G2,21.3,0.7495706812924053
68,G2,21.4,0.7506790722536685
68,G2,21.5,0.7517852374704621
68,G2,21.6,0.7528891673644688
68,G2,21.7,0.7539908412980612
68,G2,21.8,0.7550902692597332
68,G2,21.9,0.7561874381318441
68,G2,22.0,0.7572823509353721
68,G2,22.1,0.7583749774057178
68,G2,22.2,0.7594653112210863
68,G2,22.3,0.7605533509123775
68,G2,22.4,0.7616390696595376
68,G2,22.5,0.7627224587746007
68,G2,22.6,0.7638035055875091
68,G2,22.7,0.7648822140850131
68,G2,22.8,0.7659585740864439
68,G2,22.9,0.7670325885557007
68,G2,23.0,0.768104227923055
68,G2,23.1,0.7691734861482918
68,G2,23.2,0.7702403637965803
68,G2,23.3,0.7713048322356669
68,G2,23.4,0.7723668819350584
68,G2,23.5,0.7734265085010391
68,G2,23.6,0.7744837109229359
68,G2,23.7,0.775538482072971
68,G2,23.8,0.776590823636669
68,G2,23.9,0.7776407061986355
68,G2,24.0,0.7786881274148727
68,G2,24.1,0.7797330850560222
68,G2,24.2,0.7807755540457926
68,G2,24.3,0.7818155199276778
68,G2,24.4,0.782852988153669
68,G2,24.5,0.7838879524680694
68,G2,24.6,0.7849204089970427
68,G2,24.7,0.7859503581245003
68,G2,24.8,0.786977770093513
68,G2,24.9,0.788002647760626
68,G2,25.0,0.7890249841332722
69,G1,10.0,0.7732361135362825
69,G1,10.1,0.7735732239085708
69,G1,10.2,0.7739100720360549
69,G1,10.3,0.7742466847459228
69,G1,10.4,0.7745830403398994
69,G1,10.5,0.7749191542581074
69,G1,10.6,0.7752550172038849
69,G1,10.7,0.7755906298507702
69,G1,10.8,0.7759259991303646
69,G1,10.9,0.7762611095891497
69,G1,11.0,0.7765959830499508
69,G1,11.1,0.7769305916536575
69,G1,11.2,0.777264967608849
69,G1,11.3,0.7775990732961207
69,G1,11.4,0.77793294940387
69,G1,11.5,0.7782665520885338
69,G1,11.6,0.7785999243112612
69,G1,11.7,0.7789330262670748
69,G1,11.8,0.7792658930607567
69,G1,11.9,0.7795984936498256
69,G1,12.0,0.7799308530641137
69,G1,12.1,0.7802629518107519
69,G1,12.2,0.7805948022579848
69,G1,12.3,0.7809263989486732
69,G1,12.4,0.7812577385972413
69,G1,12.5,0.7815888317152799
69,G1,12.6,0.7819196601528442
69,G1,12.7,0.7822502480751188
69,G1,12.8,0.7825805647926535
69,G1,12.9,0.7829106454372184
69,G1,13.0,0.7832404500895849
69,G1,13.1,0.7835700216157273
69,G1,13.2,0.7838993145673058
69,G1,13.3,0.7842283718684866
69,G1,13.4,0.7845571552665284
69,G1,13.5,0.7848856977682511
69,G1,13.6,0.785213970492303
69,G1,13.7,0.7855419965777153
69,G1,13.8,0.7858697586667619
69,G1,13.9,0.7861972660990354
69,G1,14.0,0.7865245170426747
69,G1,14.1,0.7868515045433984
69,G1,14.2,0.7871782426334473
69,G1,14.3,0.7875047103156482
69,G1,14.4,0.7878309342662221
69,G1,14.5,0.7881568810339955
69,G1,14.6,0.7884825882897663
69,G1,14.7,0.788808014154581
69,G1,14.8,0.7891332029763962
69,G1,14.9,0.7894581091994862
69,G1,15.0,0.7897827747346776
69,G1,15.1,0.7901071626216372
69,G1,15.2,0.7904313042305146
69,G1,15.3,0.7907551727956219
69,G1,15.4,0.7910787893644488
69,G1,15.5,0.79140213880417
69,G1,15.6,0.7917252275655282
69,G1,15.7,0.7920480573672264
69,G1,15.8,0.7923706175420384
69,G1,15.9,0.7926929257173727
69,G1,16.0,0.7930149577465653
69,G1,16.1,0.793336743149068
69,G1,16.2,0.7936582458897458
69,G1,16.3,0.7939795058266587
69,G1,16.4,0.7943004791252894
69,G1,16.5,0.794621211361194
69,G1,16.6,0.7949416575770724
69,G1,16.7,0.7952618583969312
69,G1,16.8,0.795581777882953
69,G1,16.9,0.7959014459808205
69,G1,17.0,0.7962208381623631
69,G1,17.1,0.7965399727465879
69,G1,17.2,0.7968588377713434
69,G1,17.3,0.7971774362249218
69,G1,17.4,0.7974957734924668
69,G1,17.5,0.797813835064614
69,G1,17.6,0.7981316425422076
69,G1,17.7,0.798449168066981
69,G1,17.8,0.7987664443357254
69,G1,17.9,0.799083432826021
69,G1,18.0,0.7994001755572885
69,G1,18.1,0.7997166268085908
69,G1,18.2,0.8000328327612576
69,G1,18.3,0.8003487496937769
69,G1,18.4,0.8006644165960863
69,G1,18.5,0.8009797990265485
69,G1,18.6,0.8012949251441891
69,G1,18.7,0.8016097727179093
69,G1,18.8,0.8019243570988207
69,G1,18.9,0.8022386699752171
69,G1,19.0,0.8025527104672362
69,G1,19.1,0.8028664877696551
69,G1,19.2,0.8031799839246274
69,G1,19.3,0.8034932237532607
69,G1,19.4,0.8038061760607583
69,G1,19.5,0.8041188768425287
69,G1,19.6,0.8044312847732678
69,G1,19.7,0.8047434444833697
69,G1,19.8,0.805055308428823
69,G1,19.9,0.8053669226329507
69,G1,20.0,0.8056782452697034
69,G1,20.1,0.8059893130833604
69,G1,20.2,0.806300093908566
69,G1,20.3,0.8066106136625436
69,G1,20.4,0.8069208526624606
69,G1,20.5,0.8072308227642995
69,G1,20.6,0.8075405199281687
69,G1,20.7,0.8078499389836601
69,G1,20.8,0.8081590929011322
69,G1,20.9,0.8084679610568595
69,G1,21.0,0.8087765705064062
69,G1,21.1,0.809084887251485
69,G1,21.2,0.8093929501017517
69,G1,21.3,0.8097007156882631
69,G1,21.4,0.8100082304189085
69,G1,21.5,0.8103154457699346
69,G1,21.6,0.810622407198534
69,G1,21.7,0.8109290746920661
69,G1,21.8,0.811235482616343
69,G1,21.9,0.8115416013243533
69,G1,22.0,0.811847454584169
69,G1,22.1,0.8121530249857496
69,G1,22.2,0.8124583212455366
69,G1,22.3,0.8127633431232518
69,G1,22.4,0.8130680816113524
69,G1,22.5,0.8133725533429126
69,G1,22.6,0.8136767346306807
69,G1,22.7,0.8139806552189361
69,G1,22.8,0.8142842784701002
69,G1,22.9,0.814587645445744
69,G1,23.0,0.8148907109944749
69,G1,23.1,0.8151935227116334
69,G1,23.2,0.8154960325711073
69,G1,23.3,0.8157982845206073
69,G1,23.4,0.8161002400354658
69,G1,23.5,0.8164019317034734
69,G1,23.6,0.816703332233294
69,G1,23.7,0.8170044629069485
69,G1,23.8,0.8173053090222553
69,G1,23.9,0.817605876094535
69,G1,24.0,0.8179061675522503
69,G1,24.1,0.8182061705254788
69,G1,24.2,0.8185059054868036
69,G1,24.3,0.8188053454069666
69,G1,24.4,0.8191045228774412
69,G1,24.5,0.8194033988810553
69,G1,24.6,0.8197020164693664
69,G1,24.7,0.8200003286710538
69,G1,24.8,0.8202983839792028
69,G1,24.9,0.8205961354400143
69,G1,25.0,0.8208936253659184
69,G2,10.0,0.6954026901623068
69,G2,10.1,0.6957846902116891
69,G2,10.2,0.6961665548075964
69,G2,10.3,0.6965482135741918
69,G2,10.4,0.6969297446781084
69,G2,10.5,0.6973110605617546
69,G2,10.6,0.6976922557997198
69,G2,10.7,0.6980732279982151
69,G2,10.8,0.6984540830249385
69,G2,10.9,0.6988347126884289
69,G2,11.0,0.699215219555351
69,G2,11.1,0.6995955123539319
69,G2,11.2,0.6999756685363416
69,G2,11.3,0.7003556239664175
69,G2,11.4,0.7007354243106481
69,G2,11.5,0.7011150439375624
69,G2,11.6,0.7014944825917779
69,G2,11.7,0.7018737664006818
69,G2,11.8,0.7022528434833777
69,G2,11.9,0.7026317826120937
69,G2,12.0,0.7030105044794508
69,G2,12.1,0.703389095421978
69,G2,12.2,0.7037674607705835
69,G2,12.3,0.7041457015608186
69,G2,12.4,0.7045237081757662
69,G2,12.5,0.704901592920169
69,G2,12.6,0.7052792451308089
69,G2,12.7,0.7056567663501914
69,G2,12.8,0.7060340683742823
69,G2,12.9,0.7064112243671476
69,G2,13.0,0.706788175465958
69,G2,13.1,0.7071649595512344
69,G2,13.2,0.7075415621963933
69,G2,13.3,0.7079179699293812
69,G2,13.4,0.7082942213270196
69,G2,13.5,0.7086702551354105
69,G2,13.6,0.7090461478658823
69,G2,13.7,0.7094218118593925
69,G2,13.8,0.7097973419544913
69,G2,13.9,0.7101726361685169
69,G2,14.0,0.71054780170841
69,G2,14.1,0.7109227230466051
69,G2,14.2,0.711297516909909
69,G2,14.3,0.711672072161618
69,G2,14.4,0.712046487875672
69,G2,14.5,0.7124206796483953
69,G2,14.6,0.7127947154780453
69,G2,14.7,0.7131685434253348
69,G2,14.8,0.7135421918301333
69,G2,14.9,0.7139156586195834
69,G2,15.0,0.7142889164087767
69,G2,15.1,0.7146620166566829
69,G2,15.2,0.715034888680157
69,G2,15.3,0.7154076163841208
69,G2,15.4,0.7157801044746587
69,G2,15.5,0.7161524555989452
69,G2,15.6,0.7165245604709162
69,G2,15.7,0.7168965327087536
69,G2,15.8,0.7172682517026503
69,G2,15.9,0.7176398368799433
69,G2,16.0,0.7180111780385977
69,G2,16.1,0.7183823711140381
69,G2,16.2,0.7187533357983402
69,G2,16.3,0.7191241342676379
69,G2,16.4,0.7194947227747713
69,G2,16.5,0.7198651187514135
69,G2,16.6,0.7202353333289048
69,G2,16.7,0.720605324987051
69,G2,16.8,0.7209751581074387
69,G2,16.9,0.7213447524553159
69,G2,17.0,0.7217141991480103
69,G2,17.1,0.722083396073515
69,G2,17.2,0.7224524528162724
69,G2,17.3,0.7228212527464378
69,G2,17.4,0.7231899162089465
69,G2,17.5,0.7235583187983241
69,G2,17.6,0.7239265801287256
69,G2,17.7,0.7242945930612497
69,G2,17.8,0.7246624489764971
69,G2,17.9,0.7250300724965523
69,G2,18.0,0.7253975188489618
69,G2,18.1,0.7257647543684598
69,G2,18.2,0.7261317839394401
69,G2,18.3,0.7264986330270408
69,G2,18.4,0.7268652452779591
69,G2,18.5,0.727231698096744
69,G2,18.6,0.7275979016111052
69,G2,18.7,0.7279639541552149
69,G2,18.8,0.7283297475423558
69,G2,18.9,0.7286953973255217
69,G2,19.0,0.7290607799415985
69,G2,19.1,0.7294260217939055
69,G2,19.2,0.729790996604901
69,G2,19.3,0.7301558220606839
69,G2,19.4,0.7305203952343403
69,G2,19.5,0.7308848023149147
69,G2,19.6,0.7312489735081965
69,G2,19.7,0.7316129559696479
69,G2,19.8,0.73197672797863
69,G2,19.9,0.7323402801705778
69,G2,20.0,0.7327036521219168
69,G2,20.1,0.733066775579345
69,G2,20.2,0.7334297378436967
69,G2,20.3,0.7337924399132121
69,G2,20.4,0.7341549886538239
69,G2,20.5,0.7345172689212174
69,G2,20.6,0.734879402018329
69,G2,20.7,0.7352412580099655
69,G2,20.8,0.7356029687515686
69,G2,20.9,0.7359644070141412
69,G2,21.0,0.7363256875514455
69,G2,21.1,0.7366867124155191
69,G2,21.2,0.7370475616017759
69,G2,21.3,0.7374081726829453
69,G2,21.4,0.7377685827248186
69,G2,21.5,0.7381287835977008
69,G2,21.6,0.7384887503998049
69,G2,21.7,0.7388485368728614
69,G2,21.8,0.7392080648501147
69,G2,21.9,0.739567429343055
69,G2,22.0,0.7399265228581003
69,G2,22.1,0.7402854608232398
69,G2,22.2,0.7406441210209631
69,G2,22.3,0.7410026304298062
69,G2,22.4,0.7413608542518306
69,G2,22.5,0.7417189271462126
69,G2,22.6,0.7420767232396084
69,G2,22.7,0.7424343531641064
69,G2,22.8,0.7427917242627644
69,G2,22.9,0.7431489095502802
69,G2,23.0,0.7435058558965275
69,G2,23.1,0.7438625882636624
69,G2,23.2,0.7442191131177458
69,G2,23.3,0.7445753898904796
69,G2,23.4,0.7449314864459057
69,G2,23.5,0.745287314637021
69,G2,23.6,0.7456429768073072
69,G2,23.7,0.7459983583033121
69,G2,23.8,0.7463535817277209
69,G2,23.9,0.7467085179449889
69,G2,24.0,0.7470632999800683
69,G2,24.1,0.7474177892232728
69,G2,24.2,0.7477721208858606
69,G2,24.3,0.7481261723479852
69,G2,24.4,0.7484800490494163
69,G2,24.5,0.7488336641316164
69,G2,24.6,0.7491870829227842
69,G2,24.7,0.7495402629004644
69,G2,24.8,0.7498932155148892
69,G2,24.9,0.75024596285508
69,G2,25.0,0.7505984481522229
70,G1,10.0,0.763616113359127
70,G1,10.1,0.764383410134962
70,G1,10.2,0.7651495243560887
70,G1,10.3,0.7659144519724778
70,G1,10.4,0.766678184226098
70,G1,10.5,0.7674407299203223
70,G1,10.6,0.7682020830619459
70,G1,10.7,0.7689622421618286
70,G1,10.8,0.7697211947423782
70,G1,10.9,0.7704789354826092
70,G1,11.0,0.771235470893932
70,G1,11.1,0.7719907966571449
70,G1,11.2,0.7727449134831581
70,G1,11.3,0.7734978060442114
70,G1,11.4,0.7742494744295011
70,G1,11.5,0.774999915332825
70,G1,11.6,0.7757491305887848
70,G1,11.7,0.7764971207238359
70,G1,11.8,0.7772438739456868
70,G1,11.9,0.7779893873357165
70,G1,12.0,0.7787336523719401
70,G1,12.1,0.77947667813909
70,G1,12.2,0.7802184592563298
70,G1,12.3,0.7809589938520068
70,G1,12.4,0.7816982702737378
70,G1,12.5,0.782436282688416
70,G1,12.6,0.783173039228479
70,G1,12.7,0.7839085353730703
70,G1,12.8,0.7846427718128279
70,G1,12.9,0.7853757334994029
70,G1,13.0,0.7861074207755846
70,G1,13.1,0.7868378314448365
70,G1,13.2,0.7875669670732635
70,G1,13.3,0.7882948289550671
70,G1,13.4,0.7890214045965912
70,G1,13.5,0.7897466921126514
70,G1,13.6,0.7904706833342299
70,G1,13.7,0.7911933875926198
70,G1,13.8,0.7919148002192399
70,G1,13.9,0.7926349187382911
70,G1,14.0,0.7933537326563588
70,G1,14.1,0.7940712355415104
70,G1,14.2,0.7947874370042762
70,G1,14.3,0.795502332249299
70,G1,14.4,0.7962159223971356
70,G1,14.5,0.7969281923011485
70,G1,14.6,0.7976391428097971
70,G1,14.7,0.7983487726226631
70,G1,14.8,0.7990570832790923
70,G1,14.9,0.7997640765936255
70,G1,15.0,0.8004697396688645
70,G1,15.1,0.8011740713680588
70,G1,15.2,0.8018770641910324
70,G1,15.3,0.8025787276163573
70,G1,15.4,0.8032790575356372
70,G1,15.5,0.8039780509802427
70,G1,15.6,0.8046756987401953
70,G1,15.7,0.8053719937308805
70,G1,15.8,0.8060669469614237
70,G1,15.9,0.8067605534825236
70,G1,16.0,0.807452814565888
70,G1,16.1,0.8081437155763094
70,G1,16.2,0.8088332573056324
70,G1,16.3,0.8095214397315726
70,G1,16.4,0.8102082641688919
70,G1,16.5,0.8108937329670232
70,G1,16.6,0.8115778326921127
70,G1,16.7,0.8122605633436892
70,G1,16.8,0.8129419179410893
70,G1,16.9,0.8136219061207509
70,G1,17.0,0.8143005243462731
70,G1,17.1,0.8149777688342749
70,G1,17.2,0.8156536321340101
70,G1,17.3,0.8163281063745211
70,G1,17.4,0.8170012040917983
70,G1,17.5,0.8176729198038091
70,G1,17.6,0.8183432552519146
70,G1,17.7,0.8190121962636292
70,G1,17.8,0.8196797433764698
70,G1,17.9,0.8203458981694407
70,G1,18.0,0.8210106617572047
70,G1,18.1,0.8216740366512779
70,G1,18.2,0.82233600914829
70,G1,18.3,0.8229965803914754
70,G1,18.4,0.823655744035713
70,G1,18.5,0.8243135094413886
70,G1,18.6,0.8249698743111535
70,G1,18.7,0.8256248335019443
70,G1,18.8,0.8262783813526451
70,G1,18.9,0.8269305096703203
70,G1,19.0,0.8275812321156354
70,G1,19.1,0.8282305427905156
70,G1,19.2,0.8288784438106351
70,G1,19.3,0.8295249218198195
70,G1,19.4,0.830169976552132
70,G1,19.5,0.8308136118341313
70,G1,19.6,0.8314558279769155
70,G1,19.7,0.8320966280658872
70,G1,19.8,0.8327359979964262
70,G1,19.9,0.8333739399969492
70,G1,20.0,0.8340104485992431
70,G1,20.1,0.834645532509129
70,G1,20.2,0.8352791909156306
70,G1,20.3,0.8359114172214311
70,G1,20.4,0.8365422078498644
70,G1,20.5,0.8371715540102991
70,G1,20.6,0.8377994703196326
70,G1,20.7,0.8384259508833188
70,G1,20.8,0.8390509980161278
70,G1,20.9,0.8396745991590283
70,G1,21.0,0.8402967532244346
70,G1,21.1,0.8409174663435595
70,G1,21.2,0.8415367379057985
70,G1,21.3,0.8421545716524607
70,G1,21.4,0.8427709531598847
70,G1,21.5,0.8433858855799382
70,G1,21.6,0.8439993646352049
70,G1,21.7,0.8446113980531892
70,G1,21.8,0.8452219865361916
70,G1,21.9,0.845831122168034
70,G1,22.0,0.8464388033841923
70,G1,22.1,0.8470450207959767
70,G1,22.2,0.84764979005729
70,G1,22.3,0.8482531051991578
70,G1,22.4,0.848854968714969
70,G1,22.5,0.8494553690398856
70,G1,22.6,0.8500543038681986
70,G1,22.7,0.8506517820083859
70,G1,22.8,0.8512478018409889
70,G1,22.9,0.8518423675316155
70,G1,23.0,0.8524354647017636
70,G1,23.1,0.8530270971454208
70,G1,23.2,0.8536172618402007
70,G1,23.3,0.8542059656549916
70,G1,23.4,0.8547932106824331
70,G1,23.5,0.8553789877136925
70,G1,23.6,0.8559632968979716
70,G1,23.7,0.8565461291461932
70,G1,23.8,0.8571275000577445
70,G1,23.9,0.8577074043650286
70,G1,24.0,0.85828584423523
70,G1,24.1,0.8588628093276146
70,G1,24.2,0.8594382962826934
70,G1,24.3,0.8600123161493322
70,G1,24.4,0.8605848668269784
70,G1,24.5,0.8611559522767174
70,G1,24.6,0.8617255588054703
70,G1,24.7,0.8622936904828612
70,G1,24.8,0.8628603454888504
70,G1,24.9,0.8634255300172704
70,G1,25.0,0.8639892471539877
70,G2,10.0,0.610982279059017
70,G2,10.1,0.6118858697677667
70,G2,10.2,0.6127891358937139
70,G2,10.3,0.6136920653608254
70,G2,10.4,0.6145946392592506
70,G2,10.5,0.6154968632188654
70,G2,10.6,0.6163987320940792
70,G2,10.7,0.6173002451644698
70,G2,10.8,0.6182014024736553
70,G2,10.9,0.6191021761470581
70,G2,11.0,0.620002570234094
70,G2,11.1,0.6209025836621792
70,G2,11.2,0.6218022109559826
70,G2,11.3,0.6227014571329689
70,G2,11.4,0.6236002964480919
70,G2,11.5,0.6244987289417531
70,G2,11.6,0.6253967522121174
70,G2,11.7,0.6262943590977501
70,G2,11.8,0.6271915571591836
70,G2,11.9,0.6280883316043355
70,G2,12.0,0.6289846655746332
70,G2,12.1,0.6298805647346346
70,G2,12.2,0.6307760208794326
70,G2,12.3,0.63167103602063
70,G2,12.4,0.6325656102364785
70,G2,12.5,0.6334597145870645
70,G2,12.6,0.6343533553759149
70,G2,12.7,0.6352465285141204
70,G2,12.8,0.6361392294531544
70,G2,12.9,0.6370314656311685
70,G2,13.0,0.6379232080341548
70,G2,13.1,0.6388144601348806
70,G2,13.2,0.6397052177628205
70,G2,13.3,0.6405954716538637
70,G2,13.4,0.6414852334885361
70,G2,13.5,0.6423744856251925
70,G2,13.6,0.643263213622612
70,G2,13.7,0.6441514227126979
70,G2,13.8,0.6450391020770365
70,G2,13.9,0.6459262563859587
70,G2,14.0,0.6468128856083032
70,G2,14.1,0.6476989600530024
70,G2,14.2,0.6485844881876303
70,G2,14.3,0.6494694625556081
70,G2,14.4,0.6503538801754327
70,G2,14.5,0.6512377506151819
70,G2,14.6,0.6521210416500403
70,G2,14.7,0.6530037603860581
70,G2,14.8,0.6538858999936298
70,G2,14.9,0.6547674508883539
70,G2,15.0,0.6556484276012061
70,G2,15.1,0.6565288097639411
70,G2,15.2,0.6574085858331651
70,G2,15.3,0.6582877601278845
70,G2,15.4,0.6591663195408468
70,G2,15.5,0.6600442715360768
70,G2,15.6,0.6609216155884273
70,G2,15.7,0.6617983217541572
70,G2,15.8,0.6626744006927646
70,G2,15.9,0.6635498409222436
70,G2,16.0,0.6644246417979716
70,G2,16.1,0.6652988147187797
70,G2,16.2,0.6661723243327589
70,G2,16.3,0.6670451813368026
70,G2,16.4,0.6679173763470452
70,G2,16.5,0.6687888995829261
70,G2,16.6,0.6696597683766831
70,G2,16.7,0.670529959440424
70,G2,16.8,0.671399464578915
70,G2,16.9,0.6722682867267279
70,G2,17.0,0.6731364106155422
70,G2,17.1,0.6740038472504402
70,G2,17.2,0.6748705943403717
70,G2,17.3,0.6757366230883275
70,G2,17.4,0.6766019455510832
70,G2,17.5,0.6774665464955738
70,G2,17.6,0.6783304275840754
70,G2,17.7,0.6791936019566323
70,G2,17.8,0.6800560312839454
70,G2,17.9,0.6809177296110924
70,G2,18.0,0.6817786856113871
70,G2,18.1,0.6826388889784698
70,G2,18.2,0.6834983598975003
70,G2,18.3,0.6843570720130615
70,G2,18.4,0.6852150208937535
70,G2,18.5,0.6860722076313187
70,G2,18.6,0.6869286151192118
70,G2,18.7,0.687784258077934
70,G2,18.8,0.6886391320628922
70,G2,18.9,0.6894932098820848
70,G2,19.0,0.6903465049361592
70,G2,19.1,0.691198997370354
70,G2,19.2,0.6920506928491547
70,G2,19.3,0.6929016044541404
70,G2,19.4,0.6937516929846581
70,G2,19.5,0.6946009742253163
70,G2,19.6,0.6954494347358265
70,G2,19.7,0.6962970653402274
70,G2,19.8,0.6971438878243442
70,G2,19.9,0.6979898726885861
70,G2,20.0,0.6988350204573494
70,G2,20.1,0.6996793291235808
70,G2,20.2,0.7005227801381133
70,G2,20.3,0.7013653927104732
70,G2,20.4,0.7022071592579778
70,G2,20.5,0.703048054837561
70,G2,20.6,0.7038880939861603
70,G2,20.7,0.7047272520396777
70,G2,20.8,0.7055655392494825
70,G2,20.9,0.7064029678772052
70,G2,21.0,0.7072394990273488
70,G2,21.1,0.7080751493220728
70,G2,21.2,0.7089099030694376
70,G2,21.3,0.7097437529955598
70,G2,21.4,0.710576722276302
70,G2,21.5,0.7114087778125435
70,G2,21.6,0.7122399255440693
70,G2,21.7,0.7130701607785412
70,G2,21.8,0.7138994626379951
70,G2,21.9,0.7147278556028704
70,G2,22.0,0.7155553283998941
70,G2,22.1,0.716381858818725
70,G2,22.2,0.7172074619895826
70,G2,22.3,0.7180321092712867
70,G2,22.4,0.7188558150652847
70,G2,22.5,0.7196785905890353
70,G2,22.6,0.7205003978433514
70,G2,22.7,0.7213212538305782
70,G2,22.8,0.7221411406790031
70,G2,22.9,0.7229600530106677
70,G2,23.0,0.7237780162063164
70,G2,23.1,0.7245949927557486
70,G2,23.2,0.7254109942334325
70,G2,23.3,0.7262260131559904
70,G2,23.4,0.7270400263812294
70,G2,23.5,0.7278530640572524
70,G2,23.6,0.7286651106001396
70,G2,23.7,0.7294761473172453
70,G2,23.8,0.7302861891816287
70,G2,23.9,0.7310952041589965
70,G2,24.0,0.7319032107185256
70,G2,24.1,0.7327102186997363
70,G2,24.2,0.7335161910526385
70,G2,24.3,0.7343211463293131
70,G2,24.4,0.7351250628269921
70,G2,24.5,0.7359279381257265
70,G2,24.6,0.7367297990527327
70,G2,24.7,0.7375306050513308
70,G2,24.8,0.7383303721919569
70,G2,24.9,0.7391290903296674
70,G2,25.0,0.739926734242084
71,G1,10.0,0.8013511596058757
71,G1,10.1,0.8017693367089324
71,G1,10.2,0.8021870488014944
71,G1,10.3,0.802604279550912
71,G1,10.4,0.8030210445408673
71,G1,10.5,0.8034373267912239
71,G1,10.6,0.8038531426589425
71,G1,10.7,0.8042684743739904
71,G1,10.8,0.8046833390675437
71,G1,10.9,0.8050977182902324
71,G1,11.0,0.8055116296850784
71,G1,11.1,0.8059250544431431
71,G1,11.2,0.8063380104946459
71,G1,11.3,0.806750478798624
71,G1,11.4,0.8071624776253207
71,G1,11.5,0.8075739874871483
71,G1,11.6,0.8079850271958234
71,G1,11.7,0.8083955766466369
71,G1,11.8,0.8088056551767044
71,G1,11.9,0.8092152424226845
71,G1,12.0,0.8096243578613833
71,G1,12.1,0.810032980944625
71,G1,12.2,0.810441131419199
71,G1,12.3,0.8108487884205392
71,G1,12.4,0.8112559720534788
71,G1,12.5,0.8116626611224195
71,G1,12.6,0.8120688761543561
71,G1,12.7,0.8124745954386471
71,G1,12.8,0.8128798400012326
71,G1,12.9,0.8132845877689977
71,G1,13.0,0.8136888600581649
71,G1,13.1,0.8140926343519903
71,G1,13.2,0.814495932735801
71,G1,13.3,0.8148987317533931
71,G1,13.4,0.8153010545452329
71,G1,13.5,0.8157028764955748
71,G1,13.6,0.8161042219543768
71,G1,13.7,0.8165050650909083
71,G1,13.8,0.8169054315309499
71,G1,13.9,0.817305294173698
71,G1,14.0,0.8177046798888257
71,G1,14.1,0.8181035603410036
71,G1,14.2,0.8185019635811672
71,G1,14.3,0.8188998601975475
71,G1,14.4,0.8192972793987471
71,G1,14.5,0.8196941904998605
71,G1,14.6,0.8200906240538897
71,G1,14.7,0.8204865480083683
71,G1,14.8,0.8208819941970662
71,G1,14.9,0.8212769295598324
71,G1,15.0,0.8216713867473764
71,G1,15.1,0.8220653319862153
71,G1,15.2,0.8224587985814784
71,G1,15.3,0.8228517521865665
71,G1,15.4,0.8232442265604626
71,G1,15.5,0.8236361870880671
71,G1,15.6,0.8240276676503115
71,G1,15.7,0.8244186336223929
71,G1,15.8,0.8248091188642028
71,G1,15.9,0.8251990888273897
71,G1,16.0,0.8255885772948849
71,G1,16.1,0.8259775497047269
71,G1,16.2,0.8263660400230265
71,G1,16.3,0.8267540134024126
71,G1,16.4,0.8271415040862478
71,G1,16.5,0.827528477059836
71,G1,16.6,0.8279149666513514
71,G1,16.7,0.828300937839438
71,G1,16.8,0.8286864250185361
71,G1,16.9,0.8290713930123937
71,G1,17.0,0.8294558763599695
71,G1,17.1,0.8298398398727507
71,G1,17.2,0.8302233178932621
71,G1,17.3,0.8306062756986283
71,G1,17.4,0.8309887470213383
71,G1,17.5,0.8313706977689449
71,G1,17.6,0.8317521611878351
71,G1,17.7,0.8321331035305574
71,G1,17.8,0.8325135578098386
71,G1,17.9,0.8328934904626367
71,G1,18.0,0.8332729343464451
71,G1,18.1,0.8336518560438093
71,G1,18.2,0.8340302882096368
71,G1,18.3,0.8344081978402536
71,G1,18.4,0.8347856170316884
71,G1,18.5,0.8351625134879195
71,G1,18.6,0.8355389184658992
71,G1,18.7,0.8359148006180659
71,G1,18.8,0.8362901901704777
71,G1,18.9,0.8366650568801391
71,G1,19.0,0.8370394297951266
71,G1,19.1,0.8374132799382115
71,G1,19.2,0.8377866350814256
71,G1,19.3,0.8381594675734717
71,G1,19.4,0.8385318038248886
71,G1,19.5,0.8389036175649113
71,G1,19.6,0.8392749338266708
71,G1,19.7,0.8396457276915379
71,G1,19.8,0.840016022963418
71,G1,19.9,0.8403857959531413
71,G1,20.0,0.8407550692202715
71,G1,20.1,0.8411238202419665
71,G1,20.2,0.8414920705493689
71,G1,20.3,0.8418597985721519
71,G1,20.4,0.8422270248520182
71,G1,20.5,0.8425937289270786
71,G1,20.6,0.8429599301802342
71,G1,20.7,0.8433256093859152
71,G1,20.8,0.8436907846558171
71,G1,20.9,0.8440554380680964
71,G1,21.0,0.8444195864145175
71,G1,21.1,0.8447832130803098
71,G1,21.2,0.8451463335349271
71,G1,21.3,0.8455089326649565
71,G1,21.4,0.8458710242615185
71,G1,21.5,0.8462325950806997
71,G1,21.6,0.8465936569380945
71,G1,21.7,0.846954198606606
71,G1,21.8,0.8473142298696583
71,G1,21.9,0.8476737415613319
71,G1,22.0,0.8480327414229647
71,G1,22.1,0.8483912222126564
71,G1,22.2,0.8487491900076486
71,G1,22.3,0.8491066390881902
71,G1,22.4,0.8494635740598593
71,G1,22.5,0.8498199906253227
71,G1,22.6,0.8501758920078253
71,G1,22.7,0.850531275307513
71,G1,22.8,0.8508861423405631
71,G1,22.9,0.851240491631069
71,G1,23.0,0.8515943236472197
71,G1,23.1,0.8519476381903895
71,G1,23.2,0.8523004345825906
71,G1,23.3,0.8526527137196617
71,G1,23.4,0.8530044737565956
71,G1,23.5,0.8533557168944643
71,G1,23.6,0.8537064398188565
71,G1,23.7,0.8540566463139352
71,G1,23.8,0.8544063315751699
71,G1,23.9,0.8547555005996832
71,G1,24.0,0.8551041477838843
71,G1,24.1,0.8554522786378577
71,G1,24.2,0.8557998873327365
71,G1,24.3,0.8561469794233905
71,G1,24.4,0.8564935490120933
71,G1,24.5,0.8568396018268323
71,G1,24.6,0.8571851316738306
71,G1,24.7,0.8575301447758643
71,G1,24.8,0.8578746343484029
71,G1,24.9,0.8582186072708421
71,G1,25.0,0.8585620560238674
71,G2,10.0,0.6697740043067106
71,G2,10.1,0.6702926451592521
71,G2,10.2,0.6708110938848968
71,G2,10.3,0.6713292497805207
71,G2,10.4,0.6718472117822061
71,G2,10.5,0.6723648788586855
71,G2,10.6,0.672882349892319
71,G2,10.7,0.6733995239329803
71,G2,10.8,0.6739164997423526
71,G2,10.9,0.6744331765611881
71,G2,11.0,0.6749496526537365
71,G2,11.1,0.6754658283198766
71,G2,11.2,0.6759818005018208
71,G2,11.3,0.6764974708046378
71,G2,11.4,0.6770129348918433
71,G2,11.5,0.677528095630323
71,G2,11.6,0.6780430474484193
71,G2,11.7,0.678557694431279
71,G2,11.8,0.6790721297675322
71,G2,11.9,0.6795862588615823
71,G2,12.0,0.6801001733434606
71,G2,12.1,0.6806137805952748
71,G2,12.2,0.681127170074579
71,G2,12.3,0.6816402513265971
71,G2,12.4,0.6821531116653747
71,G2,12.5,0.6826656627702208
71,G2,12.6,0.6831779898408814
71,G2,12.7,0.6836900066614824
71,G2,12.8,0.6842017963469134
71,G2,12.9,0.6847132747566133
71,G2,13.0,0.685224522950294
71,G2,13.1,0.6857354585525766
71,G2,13.2,0.6862461614390898
71,G2,13.3,0.6867565498383232
71,G2,13.4,0.6872667036228374
71,G2,13.5,0.6877765407170101
71,G2,13.6,0.6882861413327728
71,G2,13.7,0.6887954230307898
71,G2,13.8,0.6893044664220612
71,G2,13.9,0.6898131886438582
71,G2,14.0,0.6903216707660241
71,G2,14.1,0.6908298294426805
71,G2,14.2,0.6913377460319919
71,G2,14.3,0.6918453373362189
71,G2,14.4,0.6923526842860649
71,G2,14.5,0.6928597042561584
71,G2,14.6,0.6933664775524819
71,G2,14.7,0.6938729221571301
71,G2,14.8,0.6943791177974675
71,G2,14.9,0.6948849830169368
71,G2,15.0,0.6953905969718969
71,G2,15.1,0.6958958788367743
71,G2,15.2,0.6964009068979222
71,G2,15.3,0.6969056016414551
71,G2,15.4,0.6974100398379619
71,G2,15.5,0.6979141434796297
71,G2,15.6,0.6984179878527171
71,G2,15.7,0.6989214964240061
71,G2,15.8,0.6994247430270575
71,G2,15.9,0.6999276525715712
71,G2,16.0,0.7004302974702395
71,G2,16.1,0.7009326040438082
71,G2,16.2,0.7014346433161246
71,G2,16.3,0.701936342986915
71,G2,16.4,0.702437772665427
71,G2,16.5,0.7029388615699452
71,G2,16.6,0.7034396774448497
71,G2,16.7,0.7039401517350785
71,G2,16.8,0.70444035015814
71,G2,16.9,0.7049402058499298
71,G2,17.0,0.7054397830873097
71,G2,17.1,0.7059390160266577
71,G2,17.2,0.7064379683004758
71,G2,17.3,0.7069365747765027
71,G2,17.4,0.7074348981576732
71,G2,17.5,0.7079328743985189
71,G2,17.6,0.7084305650456801
71,G2,17.7,0.7089279072179759
71,G2,17.8,0.7094249613029837
71,G2,17.9,0.7099216655865693
71,G2,18.0,0.7104180792946019
71,G2,18.1,0.710914141882631
71,G2,18.2,0.7114099114122928
71,G2,18.3,0.7119053285113366
71,G2,18.4,0.7124004497747634
71,G2,18.5,0.7128952179049144
71,G2,18.6,0.7133896870760581
71,G2,18.7,0.7138838025228511
71,G2,18.8,0.714377615838055
71,G2,18.9,0.7148710748520988
71,G2,19.0,0.715364228390449
71,G2,19.1,0.7158570274072775
71,G2,19.2,0.7163495174021653
71,G2,19.3,0.7168416527308815
71,G2,19.4,0.7173334754564228
71,G2,19.5,0.7178249433934799
71,G2,19.6,0.7183160951379702
71,G2,19.7,0.718806891993919
71,G2,19.8,0.7192973690599336
71,G2,19.9,0.7197874911595233
71,G2,20.0,0.7202772898640173
71,G2,20.1,0.7207667333411223
71,G2,20.2,0.7212558502207026
71,G2,20.3,0.721744610844736
71,G2,20.4,0.7222330428294457
71,G2,20.5,0.7227211169630633
71,G2,20.6,0.7232088604188752
71,G2,20.7,0.7236962444393791
71,G2,20.8,0.7241832954924761
71,G2,20.9,0.7246699860464231
71,G2,21.0,0.7251563410512507
71,G2,21.1,0.7256423345865954
71,G2,21.2,0.7261279899499435
71,G2,21.3,0.7266132828921474
71,G2,21.4,0.7270982349867776
71,G2,21.5,0.7275828238253756
71,G2,21.6,0.7280670688521875
71,G2,21.7,0.7285509502788118
71,G2,21.8,0.7290344846862704
71,G2,21.9,0.7295176551754123
71,G2,22.0,0.7300004754273173
71,G2,22.1,0.7304829314687484
71,G2,22.2,0.7309650340443287
71,G2,22.3,0.7314467721431914
71,G2,22.4,0.7319281535371993
71,G2,22.5,0.7324091702141016
71,G2,22.6,0.7328898267439067
71,G2,22.7,0.7333701187280103
71,G2,22.8,0.733850046770981
71,G2,22.9,0.7343296107628077
71,G2,23.0,0.734808806857563
71,G2,23.1,0.7352876394279227
71,G2,23.2,0.7357661001289973
71,G2,23.3,0.7362441978645057
71,G2,23.4,0.7367219197424416
71,G2,23.5,0.7371992792456104
71,G2,23.6,0.737676258805516
71,G2,23.7,0.7381528767763703
71,G2,23.8,0.7386291104154332
71,G2,23.9,0.7391049836941797
71,G2,24.0,0.7395804680278104
71,G2,24.1,0.7400555932688696
71,G2,24.2,0.7405303249288615
71,G2,24.3,0.7410046988028826
71,G2,24.4,0.7414786744375014
71,G2,24.5,0.7419522936314492
71,G2,24.6,0.7424255099055193
71,G2,24.7,0.7428983708629668
71,G2,24.8,0.7433708246179601
71,G2,24.9,0.7438429240030716
71,G2,25.0,0.7443146120203263
72,G1,10.0,0.799826194090429
72,G1,10.1,0.8001907129380815
72,G1,10.2,0.800554877752771
72,G1,10.3,0.8009186902277595
72,G1,10.4,0.8012821381772264
72,G1,10.5,0.8016452428212298
72,G1,10.6,0.8020079730104118
72,G1,10.7,0.8023703660214637
72,G1,10.8,0.8027323791519642
72,G1,10.9,0.8030940571671694
72,G1,11.0,0.8034553523154622
72,G1,11.1,0.8038163149887357
72,G1,11.2,0.8041768906480556
72,G1,11.3,0.8045371361944024
72,G1,11.4,0.8048969924481749
72,G1,11.5,0.805256516678401
72,G1,11.6,0.8056156551876745
72,G1,11.7,0.8059744554993029
72,G1,11.8,0.8063328751613722
72,G1,11.9,0.806690950718303
72,G1,12.0,0.807048651477585
72,G1,12.1,0.8074059984226704
72,G1,12.2,0.8077629803983435
72,G1,12.3,0.8081195974703138
72,G1,12.4,0.8084758594943982
72,G1,12.5,0.8088317457875218
72,G1,12.6,0.8091872857649663
72,G1,12.7,0.8095424417081941
72,G1,12.8,0.8098972551931631
72,G1,12.9,0.8102516807920008
72,G1,13.0,0.8106057662566829
72,G1,13.1,0.8109594603239341
72,G1,13.2,0.8113128175917528
72,G1,13.3,0.8116657792799077
72,G1,13.4,0.8120184048409222
72,G1,13.5,0.812370635385284
72,G1,13.6,0.8127225260017599
72,G1,13.7,0.8130740260240293
72,G1,13.8,0.8134251797378232
72,G1,13.9,0.8137759488531309
72,G1,14.0,0.8141263640684074
72,G1,14.1,0.8144764024101699
72,G1,14.2,0.814826075900853
72,G1,14.3,0.8151753829200747
72,G1,14.4,0.8155243143721467
72,G1,14.5,0.8158728890228496
72,G1,14.6,0.8162210774760486
72,G1,14.7,0.816568916497951
72,G1,14.8,0.8169163631769953
72,G1,14.9,0.8172634628821485
72,G1,15.0,0.817610167258292
72,G1,15.1,0.8179565274754174
72,G1,15.2,0.8183024880857835
72,G1,15.3,0.8186481077674719
72,G1,15.4,0.8189933249437186
72,G1,15.5,0.8193381997723815
72,G1,15.6,0.8196826755237796
72,G1,15.7,0.8200268029826436
72,G1,15.8,0.8203705366920601
72,G1,15.9,0.8207139162193382
72,G1,16.0,0.8210569079804283
72,G1,16.1,0.8213995362182068
72,G1,16.2,0.8217417864318849
72,G1,16.3,0.8220836617406895
72,G1,16.4,0.8224251695919206
72,G1,16.5,0.8227662916699243
72,G1,16.6,0.8231070555608987
72,G1,16.7,0.8234474246239316
72,G1,16.8,0.8237874405198635
72,G1,16.9,0.824127057229924
72,G1,17.0,0.8244663230888846
72,G1,17.1,0.8248051865481784
72,G1,17.2,0.8251437027542516
72,G1,17.3,0.8254818121627955
72,G1,17.4,0.825819575919622
72,G1,17.5,0.8261569324839649
72,G1,17.6,0.8264939402483193
72,G1,17.7,0.8268305455099569
72,G1,17.8,0.8271667953555786
72,G1,17.9,0.8275026489044406
72,G1,18.0,0.8278381400468237
72,G1,18.1,0.8281732421964342
72,G1,18.2,0.8285079712203364
72,G1,18.3,0.8288423220194863
72,G1,18.4,0.829176288760968
72,G1,18.5,0.8295098874052259
72,G1,18.6,0.8298430908953814
72,G1,18.7,0.8301759349140112
72,G1,18.8,0.8305083768053176
72,G1,18.9,0.8308404620694693
72,G1,19.0,0.831172142116659
72,G1,19.1,0.8315034686847836
72,G1,19.2,0.8318343857925462
72,G1,19.3,0.8321649532005599
72,G1,19.4,0.8324951077739705
72,G1,19.5,0.8328249118122751
72,G1,19.6,0.8331543059970257
72,G1,19.7,0.8334833443096762
72,G1,19.8,0.8338119782219277
72,G1,19.9,0.8341402501909756
72,G1,20.0,0.8344681240330873
72,G1,20.1,0.8347956270734467
72,G1,20.2,0.83512274147061
72,G1,20.3,0.835449473571702
72,G1,20.4,0.8357758280931368
72,G1,20.5,0.836101789411357
72,G1,20.6,0.8364273829432962
72,G1,20.7,0.8367525736017549
72,G1,20.8,0.8370774025610741
72,G1,20.9,0.8374018237275986
72,G1,21.0,0.8377258857070464
72,G1,21.1,0.8380495369136093
72,G1,21.2,0.8383728325799569
72,G1,21.3,0.8386957130600674
72,G1,21.4,0.8390182404224585
72,G1,21.5,0.8393403513512459
72,G1,21.6,0.8396621067895155
72,G1,21.7,0.8399834504849428
72,G1,21.8,0.8403044320344609
72,G1,21.9,0.8406250081024907
72,G1,22.0,0.8409452155958554
72,G1,22.1,0.8412650245812093
72,G1,22.2,0.8415844546522107
72,G1,22.3,0.8419034971748809
72,G1,22.4,0.8422221496733406
72,G1,22.5,0.8425404251847155
72,G1,22.6,0.8428582993363714
72,G1,22.7,0.8431758059485885
72,G1,22.8,0.8434929036084161
72,G1,22.9,0.8438096372160293
72,G1,23.0,0.8441259585144626
72,G1,23.1,0.8444419191240727
72,G1,23.2,0.8447574633414583
72,G1,23.3,0.8450726509993663
72,G1,23.4,0.8453874184579099
72,G1,23.5,0.8457018294260078
72,G1,23.6,0.8460158224796703
72,G1,23.7,0.8463294544461902
72,G1,23.8,0.8466426738855901
72,G1,23.9,0.8469555259736231
72,G1,24.0,0.8472679721738301
72,G1,24.1,0.8475800426388078
72,G1,24.2,0.8478917164720177
72,G1,24.3,0.8482030031791647
72,G1,24.4,0.8485139045387505
72,G1,24.5,0.8488244079084825
72,G1,24.6,0.8491345361786179
72,G1,24.7,0.8494442561988292
72,G1,24.8,0.8497536082039726
72,G1,24.9,0.8500625465962698
72,G1,25.0,0.8503711198054227
72,G2,10.0,0.7099421022171152
72,G2,10.1,0.7103740910761046
72,G2,10.2,0.7108058624852693
72,G2,10.3,0.7112373554049293
72,G2,10.4,0.7116686439685131
72,G2,10.5,0.712099641189437
72,G2,10.6,0.7125304423599539
72,G2,10.7,0.7129609433911539
72,G2,10.8,0.7133912526099007
72,G2,10.9,0.7138212572759192
72,G2,11.0,0.714251067109902
72,G2,11.1,0.7146805775622832
72,G2,11.2,0.7151098821478121
72,G2,11.3,0.715538899913307
72,G2,11.4,0.7159676935594123
72,G2,11.5,0.7163962162657486
72,G2,11.6,0.7168244984861316
72,G2,11.7,0.7172525214144796
72,G2,11.8,0.7176802910763569
72,G2,11.9,0.7181078132071911
72,G2,12.0,0.718535068461612
72,G2,12.1,0.7189620856745459
72,G2,12.2,0.7193888216697639
72,G2,12.3,0.7198153343340352
72,G2,12.4,0.7202415484074067
72,G2,12.5,0.7206675518133865
72,G2,12.6,0.7210932458723829
72,G2,12.7,0.7215187359889692
72,G2,12.8,0.7219439091030062
72,G2,12.9,0.7223688789428943
72,G2,13.0,0.7227935321404982
72,G2,13.1,0.7232179767583506
72,G2,13.2,0.7236421118091256
72,G2,13.3,0.724066023025569
72,G2,13.4,0.7244896417413642
72,G2,13.5,0.7249130166921395
72,G2,13.6,0.725336113582192
72,G2,13.7,0.7257589533519488
72,G2,13.8,0.726181526163358
72,G2,13.9,0.7266038277172503
72,G2,14.0,0.727025875075219
72,G2,14.1,0.7274476353702544
72,G2,14.2,0.7278691540584143
72,G2,14.3,0.7282903700210598
72,G2,14.4,0.7287113586410581
72,G2,14.5,0.7291320297348753
72,G2,14.6,0.7295524834449265
72,G2,14.7,0.7299726101584757
72,G2,14.8,0.7303925246336598
72,G2,14.9,0.7308121070067403
72,G2,15.0,0.7312314746544877
72,G2,15.1,0.731650514842908
72,G2,15.2,0.7320693304376972
72,G2,15.3,0.7324878302865692
72,G2,15.4,0.732906087130379
72,G2,15.5,0.7333240454243637
72,G2,15.6,0.733741743054646
72,G2,15.7,0.7341591548046356
72,G2,15.8,0.7345762921881508
72,G2,15.9,0.7349931569373407
72,G2,16.0,0.7354097324832911
72,G2,16.1,0.7358260464100675
72,G2,16.2,0.7362420556332384
72,G2,16.3,0.7366578189213366
72,G2,16.4,0.7370732590722914
72,G2,16.5,0.7374884671449842
72,G2,16.6,0.7379033406193436
72,G2,16.7,0.7383179894994603
72,G2,16.8,0.7387322955356329
72,G2,16.9,0.7391463792761674
72,G2,17.0,0.7395601187198042
72,G2,17.1,0.7399736312160025
72,G2,17.2,0.7403868068221631
72,G2,17.3,0.7407997405491583
72,G2,17.4,0.74121235464549
72,G2,17.5,0.7416247058250854
72,G2,17.6,0.7420367533076297
72,G2,17.7,0.7424485233913857
72,G2,17.8,0.7428600018954541
72,G2,17.9,0.7432711879958037
72,G2,18.0,0.7436820967572444
72,G2,18.1,0.7440926965131005
72,G2,18.2,0.7445030316100811
72,G2,18.3,0.7449130420235786
72,G2,18.4,0.7453228031117985
72,G2,18.5,0.7457322231322354
72,G2,18.6,0.7461414053470227
72,G2,18.7,0.7465502363203456
72,G2,18.8,0.7469588356818275
72,G2,18.9,0.7473670777064526
72,G2,19.0,0.7477750864450627
72,G2,19.1,0.7481827417011051
72,G2,19.2,0.7485901553147839
72,G2,19.3,0.7489972260216999
72,G2,19.4,0.7494040367112083
72,G2,19.5,0.7498105229468126
72,G2,19.6,0.7502167299121217
72,G2,19.7,0.7506226267161004
72,G2,19.8,0.7510282298210238
72,G2,19.9,0.7514335365938891
72,G2,20.0,0.7518385338821563
72,G2,20.1,0.7522432478073472
72,G2,20.2,0.752647635495677
72,G2,20.3,0.7530517559245419
72,G2,20.4,0.7534555313801875
72,G2,20.5,0.7538590545014456
72,G2,20.6,0.7542622200755591
72,G2,20.7,0.7546651417539784
72,G2,20.8,0.7550676970615876
72,G2,20.9,0.7554700123303726
72,G2,21.0,0.7558719582520854
72,G2,21.1,0.7562736602433234
72,G2,21.2,0.7566750000483047
72,G2,21.3,0.7570760817784105
72,G2,21.4,0.7574768182749766
72,G2,21.5,0.7578772752970723
72,G2,21.6,0.7582774044997933
72,G2,21.7,0.7586772380230052
72,G2,21.8,0.7590767569580698
72,G2,21.9,0.7594759646422979
72,G2,22.0,0.7598748729807028
72,G2,22.1,0.7602734534302201
72,G2,22.2,0.7606717472446769
72,G2,22.3,0.7610696968360049
72,G2,22.4,0.7614673765357665
72,G2,22.5,0.761864694009451
72,G2,22.6,0.7622617547396549
72,G2,22.7,0.7626584424019287
72,G2,22.8,0.7630548805229833
72,G2,22.9,0.7634509384853457
72,G2,23.0,0.7638467461248185
72,G2,23.1,0.7642421765264917
72,G2,23.2,0.7646373498531676
72,G2,23.3,0.7650321554595431
72,G2,23.4,0.7654266855332046
72,G2,23.5,0.7658208678086547
72,G2,23.6,0.7662147538192835
72,G2,23.7,0.7666083074361763
72,G2,23.8,0.7670015501504909
72,G2,23.9,0.7673944744492266
72,G2,24.0,0.7677870713237116
72,G2,24.1,0.7681793647868548
72,G2,24.2,0.7685713127868657
72,G2,24.3,0.7689629736886746
72,G2,24.4,0.7693542704629966
72,G2,24.5,0.769745296088039
72,G2,24.6,0.7701359436808873
72,G2,24.7,0.7705263295894114
72,G2,24.8,0.7709163280852773
72,G2,24.9,0.7713060702763388
72,G2,25.0,0.7716954207473474
73,G1,10.0,0.8001687838503624
73,G1,10.1,0.8006848700420436
73,G1,10.2,0.8012002298000679
73,G1,10.3,0.8017148856052622
73,G1,10.4,0.8022288222652794
73,G1,10.5,0.8027420308558396
73,G1,10.6,0.8032545363745769
73,G1,10.7,0.8037663162487915
73,G1,10.8,0.8042773659444757
73,G1,10.9,0.8047877104654303
73,G1,11.0,0.8052973260041646
73,G1,11.1,0.805806209695754
73,G1,11.2,0.8063143821701095
73,G1,11.3,0.8068218253985548
73,G1,11.4,0.8073285351597658
73,G1,11.5,0.8078345280809675
73,G1,11.6,0.8083397884837131
73,G1,11.7,0.8088443168226621
73,G1,11.8,0.8093481238320995
73,G1,11.9,0.8098511922960036
73,G1,12.0,0.8103535321321896
73,G1,12.1,0.8108551442071481
73,G1,12.2,0.8113560124762194
73,G1,12.3,0.8118561559367573
73,G1,12.4,0.8123555644303749
73,G1,12.5,0.8128542256322668
73,G1,12.6,0.8133521654678411
73,G1,12.7,0.8138493624138707
73,G1,12.8,0.8143458113421493
73,G1,12.9,0.8148415381080323
73,G1,13.0,0.8153365181212312
73,G1,13.1,0.8158307481348437
73,G1,13.2,0.8163242516147289
73,G1,13.3,0.8168170075200807
73,G1,13.4,0.8173090126846793
73,G1,13.5,0.8178002853089796
73,G1,13.6,0.8182908089351578
73,G1,13.7,0.818780582201561
73,G1,13.8,0.8192696186563853
73,G1,13.9,0.8197579014465787
73,G1,14.0,0.8202454371736465
73,G1,14.1,0.8207322305711122
73,G1,14.2,0.8212182649647028
73,G1,14.3,0.821703556466609
73,G1,14.4,0.8221880992415108
73,G1,14.5,0.8226718789691844
73,G1,14.6,0.8231549201695142
73,G1,14.7,0.8236372046625164
73,G1,14.8,0.8241187255674591
73,G1,14.9,0.8245995091072215
73,G1,15.0,0.825079530681558
73,G1,15.1,0.8255587873411419
73,G1,15.2,0.8260373045063348
73,G1,15.3,0.8265150578423559
73,G1,15.4,0.8269920456601907
73,G1,15.5,0.8274682881617486
73,G1,15.6,0.8279437673900629
73,G1,15.7,0.8284184805949559
73,G1,15.8,0.8288924438009551
73,G1,15.9,0.8293656407361125
73,G1,16.0,0.829838074612376
73,G1,16.1,0.8303097540177581
73,G1,16.2,0.8307806622036289
73,G1,16.3,0.831250811589955
73,G1,16.4,0.8317202008443828
73,G1,16.5,0.8321888143375266
73,G1,16.6,0.8326566742236728
73,G1,16.7,0.8331237664669433
73,G1,16.8,0.8335900816480346
73,G1,16.9,0.8340556465359272
73,G1,17.0,0.8345204372798782
73,G1,17.1,0.8349844507651631
73,G1,17.2,0.8354477135246764
73,G1,17.3,0.8359101994183042
73,G1,17.4,0.8363719072357968
73,G1,17.5,0.8368328598597599
73,G1,17.6,0.8372930364393107
73,G1,17.7,0.8377524348069787
73,G1,17.8,0.83821107270939
73,G1,17.9,0.8386689336390819
73,G1,18.0,0.8391260180707566
73,G1,18.1,0.8395823385276234
73,G1,18.2,0.8400378778547885
73,G1,18.3,0.840492645291718
73,G1,18.4,0.8409466432508924
73,G1,18.5,0.841399856042335
73,G1,18.6,0.8418523019431239
73,G1,18.7,0.8423039723944212
73,G1,18.8,0.8427548549426863
73,G1,18.9,0.8432049757204886
73,G1,19.0,0.8436543138179943
73,G1,19.1,0.8441028645699039
73,G1,19.2,0.8445506548403893
73,G1,19.3,0.8449976586741512
73,G1,19.4,0.8454438745763863
73,G1,19.5,0.8458893276898046
73,G1,19.6,0.8463339940989925
73,G1,19.7,0.8467778729784993
73,G1,19.8,0.8472209838179596
73,G1,19.9,0.8476633089100852
73,G1,20.0,0.8481048472762214
73,G1,20.1,0.8485456139055462
73,G1,20.2,0.8489855921830266
73,G1,20.3,0.8494247879949204
73,G1,20.4,0.8498632076665613
73,G1,20.5,0.8503008352538527
73,G1,20.6,0.8507376854794259
73,G1,20.7,0.8511737545407773
73,G1,20.8,0.8516090280024722
73,G1,20.9,0.8520435302025243
73,G1,21.0,0.8524772439568187
73,G1,21.1,0.8529101627391945
73,G1,21.2,0.853342313335936
73,G1,21.3,0.853773670533533
73,G1,21.4,0.8542042330281057
73,G1,21.5,0.8546340272934748
73,G1,21.6,0.8550630265960932
73,G1,21.7,0.8554912315794152
73,G1,21.8,0.8559186639409427
73,G1,21.9,0.8563453035411781
73,G1,22.0,0.8567711492499199
73,G1,22.1,0.8571962179842418
73,G1,22.2,0.8576204934829645
73,G1,22.3,0.8580439781923419
73,G1,22.4,0.8584666829852289
73,G1,22.5,0.8588885910366734
73,G1,22.6,0.8593097139971687
73,G1,22.7,0.8597300518544179
73,G1,22.8,0.860149590192465
73,G1,22.9,0.8605683492273825
73,G1,23.0,0.8609863175734801
73,G1,23.1,0.8614034850627604
73,G1,23.2,0.8618198789063639
73,G1,23.3,0.8622354757229155
73,G1,23.4,0.8626502733031711
73,G1,23.5,0.863064298482512
73,G1,23.6,0.8634775245183689
73,G1,23.7,0.8638899514411227
73,G1,23.8,0.8643016036117787
73,G1,23.9,0.864712457795596
73,G1,24.0,0.865122514226066
73,G1,24.1,0.8655317913206101
73,G1,24.2,0.8659402717995413
73,G1,24.3,0.8663479566080314
73,G1,24.4,0.8667548592109681
73,G1,24.5,0.8671609631911965
73,G1,24.6,0.8675662767750892
73,G1,24.7,0.8679708041629998
73,G1,24.8,0.8683745300835651
73,G1,24.9,0.8687774717452493
73,G1,25.0,0.8691796223991602
73,G2,10.0,0.6941207859007782
73,G2,10.1,0.694744076565546
73,G2,10.2,0.6953669261239332
73,G2,10.3,0.6959893578320318
73,G2,10.4,0.6966113142145235
73,G2,10.5,0.6972328281240272
73,G2,10.6,0.6978539194760598
73,G2,10.7,0.6984745307393653
73,G2,10.8,0.6990946923383731
73,G2,10.9,0.6997144242863972
73,G2,11.0,0.70033367671118
73,G2,11.1,0.7009524679672088
73,G2,11.2,0.7015708237085033
73,G2,11.3,0.7021886971229943
73,G2,11.4,0.7028061054781453
73,G2,11.5,0.7034230641492818
73,G2,11.6,0.7040395410630249
73,G2,11.7,0.7046555559318542
73,G2,11.8,0.7052711007058432
73,G2,11.9,0.7058861634521919
73,G2,12.0,0.7065007695015003
73,G2,12.1,0.7071148842270036
73,G2,12.2,0.7077285178383643
73,G2,12.3,0.7083416975043474
73,G2,12.4,0.7089543665317811
73,G2,12.5,0.7095665547700546
73,G2,12.6,0.7101782868237572
73,G2,12.7,0.710789499037464
73,G2,12.8,0.7114002266301
73,G2,12.9,0.7120104908619813
73,G2,13.0,0.7126202353702209
73,G2,13.1,0.7132294844679805
73,G2,13.2,0.7138382649761191
73,G2,13.3,0.7144465256484237
73,G2,13.4,0.7150542816829795
73,G2,13.5,0.7156615596141356
73,G2,13.6,0.7162683159470509
73,G2,13.7,0.7168745703134026
73,G2,13.8,0.7174803271073033
73,G2,13.9,0.7180855632937859
73,G2,14.0,0.7186903035370384
73,G2,14.1,0.7192945240130786
73,G2,14.2,0.719898224304844
73,G2,14.3,0.7205014339545108
73,G2,14.4,0.7211041032375292
73,G2,14.5,0.721706253369715
73,G2,14.6,0.7223079132026448
73,G2,14.7,0.7229090181871457
73,G2,14.8,0.7235096031575678
73,G2,14.9,0.7241096929680134
73,G2,15.0,0.724709224953217
73,G2,15.1,0.725308228771217
73,G2,15.2,0.7259067315833382
73,G2,15.3,0.7265046778343496
73,G2,15.4,0.7271020845984493
73,G2,15.5,0.7276989845181677
73,G2,15.6,0.7282953248982099
73,G2,15.7,0.7288911248821892
73,G2,15.8,0.7294864021041535
73,G2,15.9,0.7300811214239945
73,G2,16.0,0.7306753058517224
73,G2,16.1,0.7312689455634207
73,G2,16.2,0.7318620273616709
73,G2,16.3,0.7324545820727947
73,G2,16.4,0.7330465694337227
73,G2,16.5,0.7336380012380209
73,G2,16.6,0.7342289094764125
73,G2,16.7,0.734819230743305
73,G2,16.8,0.7354089976190304
73,G2,16.9,0.7359982390409401
73,G2,17.0,0.7365868863114783
73,G2,17.1,0.7371749746312461
73,G2,17.2,0.737762530944901
73,G2,17.3,0.7383494944533163
73,G2,17.4,0.7389358874530673
73,G2,17.5,0.7395217447681269
73,G2,17.6,0.740107008407331
73,G2,17.7,0.7406916948307156
73,G2,17.8,0.7412758344921428
73,G2,17.9,0.7418593802984096
73,G2,18.0,0.7424423542455828
73,G2,18.1,0.743024760014603
73,G2,18.2,0.74360657299078
73,G2,18.3,0.7441878230015221
73,G2,18.4,0.7447684812502461
73,G2,18.5,0.7453485486078082
73,G2,18.6,0.7459280596552531
73,G2,18.7,0.7465069573370564
73,G2,18.8,0.7470852659773299
73,G2,18.9,0.7476630194274662
73,G2,19.0,0.7482401464657996
73,G2,19.1,0.7488166837600468
73,G2,19.2,0.7493926608129909
73,G2,19.3,0.7499680106953395
73,G2,19.4,0.7505427615695643
73,G2,19.5,0.7511169478176729
73,G2,19.6,0.7516905087258073
73,G2,19.7,0.7522634599690358
73,G2,19.8,0.752835840513835
73,G2,19.9,0.7534075925115331
73,G2,20.0,0.7539787378594144
73,G2,20.1,0.75454929446462
73,G2,20.2,0.7551192253657751
73,G2,20.3,0.7556885572986167
73,G2,20.4,0.7562572774732834
73,G2,20.5,0.7568253723144073
73,G2,20.6,0.7573928781957407
73,G2,20.7,0.7579597486810972
73,G2,20.8,0.7585259977549115
73,G2,20.9,0.7590916614819176
73,G2,21.0,0.759656671130353
73,G2,21.1,0.7602210609547252
73,G2,21.2,0.7607848640155741
73,G2,21.3,0.7613480079181395
73,G2,21.4,0.7619105263460794
73,G2,21.5,0.7624724528778769
73,G2,21.6,0.7630337227154824
73,G2,21.7,0.7635943551088744
73,G2,21.8,0.7641543927399437
73,G2,21.9,0.7647137720948849
73,G2,22.0,0.7652725109355456
73,G2,22.1,0.7658306421394426
73,G2,22.2,0.7663881160804504
73,G2,22.3,0.7669449576417411
73,G2,22.4,0.7675011689558195
73,G2,22.5,0.7680567240511234
73,G2,22.6,0.7686116581030671
73,G2,22.7,0.7691659373005193
73,G2,22.8,0.7697195638963413
73,G2,22.9,0.7702725771595069
73,G2,23.0,0.7708249130784787
73,G2,23.1,0.7713765996088445
73,G2,23.2,0.7719276743178944
73,G2,23.3,0.7724780608742334
73,G2,23.4,0.773027796777886
73,G2,23.5,0.7735769160877327
73,G2,23.6,0.7741253484963232
73,G2,23.7,0.7746731200556359
73,G2,23.8,0.7752202722640457
73,G2,23.9,0.7757667395354939
73,G2,24.0,0.7763125366343663
73,G2,24.1,0.7768577076207236
73,G2,24.2,0.7774021916390894
73,G2,24.3,0.7779460119325344
73,G2,24.4,0.7784891860767608
73,G2,24.5,0.7790316760053406
73,G2,24.6,0.779573513260637
73,G2,24.7,0.7801146799193025
73,G2,24.8,0.7806551643162221
73,G2,24.9,0.7811950070481645
73,G2,25.0,0.7817341556082226
74,G1,10.0,0.7402730818143243
74,G1,10.1,0.7413865200207863
74,G1,10.2,0.7424978831065597
74,G1,10.3,0.7436071685581344
74,G1,10.4,0.7447143643130715
74,G1,10.5,0.7458194517679169
74,G1,10.6,0.7469224264211455
74,G1,10.7,0.7480232799593833
74,G1,10.8,0.7491219945195625
74,G1,10.9,0.7502185680158976
74,G1,11.0,0.751312989033112
74,G1,11.1,0.7524052388657457
74,G1,11.2,0.7534953136174105
74,G1,11.3,0.7545832055450029
74,G1,11.4,0.7556688969455047
74,G1,11.5,0.7567523861577916
74,G1,11.6,0.7578336624581973
74,G1,11.7,0.7589127070572924
74,G1,11.8,0.7599895166562395
74,G1,11.9,0.7610640840869001
74,G1,12.0,0.7621363918509437
74,G1,12.1,0.7632064386970452
74,G1,12.2,0.7642742146101048
74,G1,12.3,0.7653397007507141
74,G1,12.4,0.7664028944199858
74,G1,12.5,0.7674637889883071
74,G1,12.6,0.7685223672618184
74,G1,12.7,0.7695786283478085
74,G1,12.8,0.7706325629477985
74,G1,12.9,0.7716841522430047
74,G1,13.0,0.7727333940908374
74,G1,13.1,0.7737802824242301
74,G1,13.2,0.7748248003574879
74,G1,13.3,0.7758669473782098
74,G1,13.4,0.776906714932739
74,G1,13.5,0.7779440842103581
74,G1,13.6,0.7789790536632297
74,G1,13.7,0.7800116177563688
74,G1,13.8,0.7810417599291446
74,G1,13.9,0.7820694800688243
74,G1,14.0,0.7830947703762028
74,G1,14.1,0.7841176121326381
74,G1,14.2,0.785138004281782
74,G1,14.3,0.7861559418694162
74,G1,14.4,0.7871714086693037
74,G1,14.5,0.7881844049682766
74,G1,14.6,0.7891949237536027
74,G1,14.7,0.7902029464396327
74,G1,14.8,0.7912084724045255
74,G1,14.9,0.7922114972767307
74,G1,15.0,0.7932120052581901
74,G1,15.1,0.7942099969537336
74,G1,15.2,0.7952054661899247
74,G1,15.3,0.7961983945401285
74,G1,15.4,0.7971887817802656
74,G1,15.5,0.7981766241376386
74,G1,15.6,0.7991619062794326
74,G1,15.7,0.8001446291254509
74,G1,15.8,0.8011247873146713
74,G1,15.9,0.8021023626399506
74,G1,16.0,0.8030773552543053
74,G1,16.1,0.8040497619873945
74,G1,16.2,0.805019567973111
74,G1,16.3,0.8059867744976971
74,G1,16.4,0.8069513769442609
74,G1,16.5,0.8079133574010243
74,G1,16.6,0.8088727163928199
74,G1,16.7,0.8098294512898337
74,G1,16.8,0.8107835477972333
74,G1,16.9,0.8117350075216571
74,G1,17.0,0.8126838265853525
74,G1,17.1,0.8136299874007491
74,G1,17.2,0.8145734908710692
74,G1,17.3,0.8155143348659238
74,G1,17.4,0.8164525057196642
74,G1,17.5,0.8173880054016542
74,G1,17.6,0.8183208306833402
74,G1,17.7,0.8192509643565269
74,G1,17.8,0.8201784077004843
74,G1,17.9,0.821103159070455
74,G1,18.0,0.8220252054733249
74,G1,18.1,0.8229445492074147
74,G1,18.2,0.8238611877147077
74,G1,18.3,0.8247751041735194
74,G1,18.4,0.8256863002419947
74,G1,18.5,0.8265947747386109
74,G1,18.6,0.8275005153920242
74,G1,18.7,0.828403524771005
74,G1,18.8,0.8293038010530112
74,G1,18.9,0.8302013277852497
74,G1,19.0,0.8310961069860253
74,G1,19.1,0.8319881379732564
74,G1,19.2,0.8328774091875497
74,G1,19.3,0.8337639234153125
74,G1,19.4,0.8346476796799664
74,G1,19.5,0.8355286618031227
74,G1,19.6,0.8364068722180935
74,G1,19.7,0.8372823107001877
74,G1,19.8,0.8381549664743926
74,G1,19.9,0.8390248424561545
74,G1,20.0,0.8398919385907879
74,G1,20.1,0.8407562389273676
74,G1,20.2,0.8416177463480573
74,G1,20.3,0.842476461036383
74,G1,20.4,0.8433323730488886
74,G1,20.5,0.8441854854539933
74,G1,20.6,0.8450357990267453
74,G1,20.7,0.8458832981345092
74,G1,20.8,0.8467279860761632
74,G1,20.9,0.8475698633837907
74,G1,21.0,0.8484089210669009
74,G1,21.1,0.8492451622525935
74,G1,21.2,0.8500785885438337
74,G1,21.3,0.8509091846805111
74,G1,21.4,0.8517369543387965
74,G1,21.5,0.8525618983908665
74,G1,21.6,0.8533840088460842
74,G1,21.7,0.8542032888299416
74,G1,21.8,0.8550197407775247
74,G1,21.9,0.8558333498465882
74,G1,22.0,0.8566441200475625
74,G1,22.1,0.8574520526139874
74,G1,22.2,0.85825714052467
74,G1,22.3,0.8590593868943169
74,G1,22.4,0.8598587950476924
74,G1,22.5,0.8606553504669905
74,G1,22.6,0.8614490575801514
74,G1,22.7,0.8622399179635148
74,G1,22.8,0.8630279254960213
74,G1,22.9,0.8638130833353399
74,G1,23.0,0.8645953956802331
74,G1,23.1,0.8653748483192696
74,G1,23.2,0.8661514461199277
74,G1,23.3,0.8669251909717429
74,G1,23.4,0.8676960776560336
74,G1,23.5,0.8684641093528184
74,G1,23.6,0.8692292911404614
74,G1,23.7,0.8699916091615432
74,G1,23.8,0.8707510686551646
74,G1,23.9,0.8715076718227536
74,G1,24.0,0.8722614143542615
74,G1,24.1,0.8730122994431566
74,G1,24.2,0.8737603330382298
74,G1,24.3,0.874505501613777
74,G1,24.4,0.87524781084882
74,G1,24.5,0.875987263153024
74,G1,24.6,0.8767238551870987
74,G1,24.7,0.8774575901013338
74,G1,24.8,0.8781884747328137
74,G1,24.9,0.878916495891652
74,G1,25.0,0.8796416596779215
74,G2,10.0,0.6268848480534964
74,G2,10.1,0.6281346368285582
74,G2,10.2,0.629383590314827
74,G2,10.3,0.6306316990986459
74,G2,10.4,0.6318789553716706
74,G2,10.5,0.633125340268185
74,G2,10.6,0.6343708466906697
74,G2,10.7,0.6356154463837544
74,G2,10.8,0.6368591234552792
74,G2,10.9,0.6381018692848198
74,G2,11.0,0.6393436766349812
74,G2,11.1,0.6405845263827129
74,G2,11.2,0.6418244123663525
74,G2,11.3,0.6430633062470649
74,G2,11.4,0.6443011908121303
74,G2,11.5,0.6455380582245982
74,G2,11.6,0.6467739018853144
74,G2,11.7,0.648008702397425
74,G2,11.8,0.6492424545611908
74,G2,11.9,0.650475130046538
74,G2,12.0,0.6517067102823513
74,G2,12.1,0.652937188203636
74,G2,12.2,0.6541665579163876
74,G2,12.3,0.6553947997330881
74,G2,12.4,0.6566219094413626
74,G2,12.5,0.6578478588112642
74,G2,12.6,0.6590726278785959
74,G2,12.7,0.66029621033707
74,G2,12.8,0.6615186010641855
74,G2,12.9,0.6627397800645394
74,G2,13.0,0.6639597441378764
74,G2,13.1,0.6651784652446435
74,G2,13.2,0.66639592194535
74,G2,13.3,0.66761210882985
74,G2,13.4,0.6688270214603858
74,G2,13.5,0.6700406395669339
74,G2,13.6,0.6712529609853534
74,G2,13.7,0.672463957955427
74,G2,13.8,0.6736736074967197
74,G2,13.9,0.6748819051914388
74,G2,14.0,0.6760888472384757
74,G2,14.1,0.6772944131129959
74,G2,14.2,0.6784986017101408
74,G2,14.3,0.6797013856364216
74,G2,14.4,0.6809027403359397
74,G2,14.5,0.6821026623948735
74,G2,14.6,0.6833011486825816
74,G2,14.7,0.6844981784113503
74,G2,14.8,0.6856937515578813
74,G2,14.9,0.6868878411810357
74,G2,15.0,0.6880804211187601
74,G2,15.1,0.6892714889704622
74,G2,15.2,0.6904610423093458
74,G2,15.3,0.6916490600763261
74,G2,15.4,0.6928355433509806
74,G2,15.5,0.6940204657281662
74,G2,15.6,0.6952037994129106
74,G2,15.7,0.6963855430247291
74,G2,15.8,0.6975656948735249
74,G2,15.9,0.6987442336199544
74,G2,16.0,0.6999211614667643
74,G2,16.1,0.7010964526262679
74,G2,16.2,0.7022700776478354
74,G2,16.3,0.7034420361755717
74,G2,16.4,0.7046123272817758
74,G2,16.5,0.7057809293572478
74,G2,16.6,0.7069478457274591
74,G2,16.7,0.708113051307814
74,G2,16.8,0.7092765149733912
74,G2,16.9,0.7104382373949611
74,G2,17.0,0.711598218333276
74,G2,17.1,0.7127564362162144
74,G2,17.2,0.7139128951935264
74,G2,17.3,0.7150675710657269
74,G2,17.4,0.7162204310191445
74,G2,17.5,0.7173714767508911
74,G2,17.6,0.718520708732126
74,G2,17.7,0.7196681054444395
74,G2,17.8,0.7208136718522339
74,G2,17.9,0.7219573846445506
74,G2,18.0,0.723099209546295
74,G2,18.1,0.7242391490406472
74,G2,18.2,0.7253772044098334
74,G2,18.3,0.7265133542044308
74,G2,18.4,0.7276476041937266
74,G2,18.5,0.728779931982025
74,G2,18.6,0.7299103019845921
74,G2,18.7,0.7310387173078474
74,G2,18.8,0.7321651801185892
74,G2,18.9,0.7332896690502861
74,G2,19.0,0.7344121906672156
74,G2,19.1,0.735532723557151
74,G2,19.2,0.7366512308469891
74,G2,19.3,0.7377677162360314
74,G2,19.4,0.7388821828036058
74,G2,19.5,0.7399946092785881
74,G2,19.6,0.7411050030102392
74,G2,19.7,0.7422133436348084
74,G2,19.8,0.7433195930150919
74,G2,19.9,0.7444237554119225
74,G2,20.0,0.7455258348413427
74,G2,20.1,0.74662581014674
74,G2,20.2,0.747723689444267
74,G2,20.3,0.7488194534829724
74,G2,20.4,0.7499130628887709
74,G2,20.5,0.7510045224517791
74,G2,20.6,0.7520938370550854
74,G2,20.7,0.7531809859522622
74,G2,20.8,0.7542659777302064
74,G2,20.9,0.7553487944042677
74,G2,21.0,0.7564293953935913
74,G2,21.1,0.7575077859500876
74,G2,21.2,0.7585839719420685
74,G2,21.3,0.7596579329668197
74,G2,21.4,0.7607296780776317
74,G2,21.5,0.7617991906202389
74,G2,21.6,0.7628664287808744
74,G2,21.7,0.7639313983051699
74,G2,21.8,0.76499410621791
74,G2,21.9,0.7660545322190048
74,G2,22.0,0.767112685901785
74,G2,22.1,0.7681685520024195
74,G2,22.2,0.7692220874463405
74,G2,22.3,0.7702732986229603
74,G2,22.4,0.7713221935544493
74,G2,22.5,0.7723687521200836
74,G2,22.6,0.7734129844226031
74,G2,22.7,0.774454876644493
74,G2,22.8,0.7754943844804834
74,G2,22.9,0.7765315149478433
74,G2,23.0,0.7775662770703599
74,G2,23.1,0.7785986509271283
74,G2,23.2,0.7796286471002086
74,G2,23.3,0.7806562532312202
74,G2,23.4,0.7816814239336072
74,G2,23.5,0.7827041665841118
74,G2,23.6,0.7837244916546073
74,G2,23.7,0.7847423790380922
74,G2,23.8,0.7857578399014572
74,G2,23.9,0.7867708632757323
74,G2,24.0,0.7877814030798288
74,G2,24.1,0.7887894666414651
74,G2,24.2,0.7897950661174455
74,G2,24.3,0.7907981811135607
74,G2,24.4,0.7917988233922943
74,G2,24.5,0.792796983411606
74,G2,24.6,0.7937926144502327
74,G2,24.7,0.7947857237511664
74,G2,24.8,0.7957763251638023
74,G2,24.9,0.7967643980200406
74,G2,25.0,0.797749954650809
75,G1,10.0,0.7800323650297079
75,G1,10.1,0.7807171490806819
75,G1,10.2,0.7814008590319953
75,G1,10.3,0.7820834922074741
75,G1,10.4,0.7827650420724981
75,G1,10.5,0.7834455155066108
75,G1,10.6,0.7841249138361458
75,G1,10.7,0.7848032339553599
75,G1,10.8,0.7854804633139503
75,G1,10.9,0.7861565996898571
75,G1,11.0,0.7868316425433668
75,G1,11.1,0.7875055971418307
75,G1,11.2,0.7881784651692797
75,G1,11.3,0.7888502321907088
75,G1,11.4,0.789520896127929
75,G1,11.5,0.7901904519507712
75,G1,11.6,0.790858906770494
75,G1,11.7,0.791526262171769
75,G1,11.8,0.7921925123769036
75,G1,11.9,0.792857646904833
75,G1,12.0,0.7935216627116586
75,G1,12.1,0.794184562252638
75,G1,12.2,0.7948463500435123
75,G1,12.3,0.7955070261246143
75,G1,12.4,0.796166576279629
75,G1,12.5,0.7968249986077667
75,G1,12.6,0.7974822900136368
75,G1,12.7,0.7981384575899411
75,G1,12.8,0.7987935032682817
75,G1,12.9,0.7994474182734561
75,G1,13.0,0.8001001952119777
75,G1,13.1,0.8007518290625347
75,G1,13.2,0.801402325867381
75,G1,13.3,0.8020516884803774
75,G1,13.4,0.8026999170984546
75,G1,13.5,0.803346996434118
75,G1,13.6,0.8039929251821527
75,G1,13.7,0.8046377021568883
75,G1,13.8,0.8052813339108112
75,G1,13.9,0.8059238231994035
75,G1,14.0,0.806565158061939
75,G1,14.1,0.8072053339872158
75,G1,14.2,0.80784434508488
75,G1,14.3,0.8084821999829428
75,G1,14.4,0.8091189003309394
75,G1,14.5,0.8097544450743074
75,G1,14.6,0.8103888199051253
75,G1,14.7,0.8110220236472674
75,G1,14.8,0.8116540565386993
75,G1,14.9,0.8122849244790608
75,G1,15.0,0.8129146308141748
75,G1,15.1,0.8135431610848192
75,G1,15.2,0.8141705129931885
75,G1,15.3,0.8147966818629143
75,G1,15.4,0.8154216761875205
75,G1,15.5,0.816045497811428
75,G1,15.6,0.8166681434868929
75,G1,15.7,0.8172896006569723
75,G1,15.8,0.8179098680045186
75,G1,15.9,0.8185289474939191
75,G1,16.0,0.8191468450287029
75,G1,16.1,0.8197635622822884
75,G1,16.2,0.8203790848586336
75,G1,16.3,0.8209934111193938
75,G1,16.4,0.8216065379340266
75,G1,16.5,0.8222184738825531
75,G1,16.6,0.8228292212012241
75,G1,16.7,0.8234387734943648
75,G1,16.8,0.8240471210061215
75,G1,16.9,0.8246542610860105
75,G1,17.0,0.8252601992408124
75,G1,17.1,0.8258649398695709
75,G1,17.2,0.8264684840127127
75,G1,17.3,0.8270708164400852
75,G1,17.4,0.8276719362624673
75,G1,17.5,0.8282718424906592
75,G1,17.6,0.8288705432907102
75,G1,17.7,0.829468041327843
75,G1,17.8,0.8300643271936674
75,G1,17.9,0.8306593942592411
75,G1,18.0,0.8312532382557701
75,G1,18.1,0.8318458679304621
75,G1,18.2,0.8324372861567088
75,G1,18.3,0.8330274935726001
75,G1,18.4,0.8336164746333271
75,G1,18.5,0.834204229132808
75,G1,18.6,0.8347907576805171
75,G1,18.7,0.8353760678256306
75,G1,18.8,0.8359601629924249
75,G1,18.9,0.8365430303728425
75,G1,19.0,0.8371246666846689
75,G1,19.1,0.8377050674911206
75,G1,19.2,0.8382842429111268
75,G1,19.3,0.8388621952353694
75,G1,19.4,0.8394389231465649
75,G1,19.5,0.8400144128257866
75,G1,19.6,0.8405886640864638
75,G1,19.7,0.8411616789772439
75,G1,19.8,0.8417334643546084
75,G1,19.9,0.8423040236977715
75,G1,20.0,0.8428733426664694
75,G1,20.1,0.8434414194272701
75,G1,20.2,0.8440082512668098
75,G1,20.3,0.8445738479782278
75,G1,20.4,0.8451382120398806
75,G1,20.5,0.845701339746372
75,G1,20.6,0.8462632190354774
75,G1,20.7,0.8468238497493791
75,G1,20.8,0.8473832361774873
75,G1,20.9,0.8479413847374947
75,G1,21.0,0.8484982968245012
75,G1,21.1,0.8490539584292874
75,G1,21.2,0.8496083685791865
75,G1,21.3,0.8501615262602725
75,G1,21.4,0.8507134409787571
75,G1,21.5,0.851264115603499
75,G1,21.6,0.8518135432789689
75,G1,21.7,0.8523617152805194
75,G1,21.8,0.8529086295177862
75,G1,21.9,0.8534542942371779
75,G1,22.0,0.8539987135673774
75,G1,22.1,0.854541889327466
75,G1,22.2,0.8550838059696513
75,G1,22.3,0.8556244636439059
75,G1,22.4,0.8561638634615458
75,G1,22.5,0.8567020142102256
75,G1,22.6,0.8572389191521652
75,G1,22.7,0.857774568642415
75,G1,22.8,0.858308956880038
75,G1,22.9,0.8588420807670919
75,G1,23.0,0.8593739512007554
75,G1,23.1,0.8599045710254511
75,G1,23.2,0.8604339410433802
75,G1,23.3,0.860962046169559
75,G1,23.4,0.8614888872652646
75,G1,23.5,0.8620144667299704
75,G1,23.6,0.8625387925435754
75,G1,23.7,0.8630618688213965
75,G1,23.8,0.8635836825263166
75,G1,23.9,0.8641042312957438
75,G1,24.0,0.8646235125445761
75,G1,24.1,0.8651415373848867
75,G1,24.2,0.865658308545282
75,G1,24.3,0.8661738246601347
75,G1,24.4,0.8666880725712205
75,G1,24.5,0.8672010532678224
75,G1,24.6,0.8677127704439879
75,G1,24.7,0.8682232317474118
75,G1,24.8,0.8687324404403581
75,G1,24.9,0.8692403826860049
75,G1,25.0,0.8697470574095599
75,G2,10.0,0.6749684502202662
75,G2,10.1,0.675770898656356
75,G2,10.2,0.6765727427840071
75,G2,10.3,0.6773739843316531
75,G2,10.4,0.6781745991064102
75,G2,10.5,0.6789745998640151
75,G2,10.6,0.6797739754697851
75,G2,10.7,0.6805727217544191
75,G2,10.8,0.6813708499071012
75,G2,10.9,0.6821683357609453
75,G2,11.0,0.6829651773453508
75,G2,11.1,0.6837613852536024
75,G2,11.2,0.6845569389852771
75,G2,11.3,0.6853518470327008
75,G2,11.4,0.6861461087010086
75,G2,11.5,0.6869397007152724
75,G2,11.6,0.6877326373809473
75,G2,11.7,0.6885249039944468
75,G2,11.8,0.6893164985831922
75,G2,11.9,0.6901074345386556
75,G2,12.0,0.6908976824321837
75,G2,12.1,0.6916872472396278
75,G2,12.2,0.6924761330871151
75,G2,12.3,0.6932643232000314
75,G2,12.4,0.6940518272607716
75,G2,12.5,0.69483864038665
75,G2,12.6,0.6956247433038656
75,G2,12.7,0.6964101499530231
75,G2,12.8,0.6971948426628857
75,G2,12.9,0.6979788225341775
75,G2,13.0,0.6987621019503847
75,G2,13.1,0.6995446513206107
75,G2,13.2,0.7003264789465354
75,G2,13.3,0.7011075825960748
75,G2,13.4,0.7018879501538993
75,G2,13.5,0.7026675927322968
75,G2,13.6,0.7034465005567919
75,G2,13.7,0.7042246582350747
75,G2,13.8,0.705002080589992
75,G2,13.9,0.7057787450149076
75,G2,14.0,0.7065546579484702
75,G2,14.1,0.7073298283634913
75,G2,14.2,0.7081042290238749
75,G2,14.3,0.7088778705884576
75,G2,14.4,0.7096507438385505
75,G2,14.5,0.7104228405587383
75,G2,14.6,0.7111941768275081
75,G2,14.7,0.7119647337502808
75,G2,14.8,0.7127345026950412
75,G2,14.9,0.7135034972360292
75,G2,15.0,0.714271691380121
75,G2,15.1,0.7150390967504573
75,G2,15.2,0.7158057201450527
75,G2,15.3,0.716571534072751
75,G2,15.4,0.7173365520967644
75,G2,15.5,0.7181007586420092
75,G2,15.6,0.7188641503190295
75,G2,15.7,0.719626747031681
75,G2,15.8,0.7203885197069408
75,G2,15.9,0.7211494697590249
75,G2,16.0,0.7219096045664334
75,G2,16.1,0.7226689004768686
75,G2,16.2,0.7234273720645376
75,G2,16.3,0.7241850213881595
75,G2,16.4,0.7249418242185164
75,G2,16.5,0.7256977936459219
75,G2,16.6,0.7264529116938913
75,G2,16.7,0.72720717758683
75,G2,16.8,0.7279606128540835
75,G2,16.9,0.7287131840384707
75,G2,17.0,0.7294648984123528
75,G2,17.1,0.7302157562413125
75,G2,17.2,0.7309657395175709
75,G2,17.3,0.7317148641080795
75,G2,17.4,0.7324631264641034
75,G2,17.5,0.7332105066040326
75,G2,17.6,0.7339570184735718
75,G2,17.7,0.7347026390907566
75,G2,17.8,0.7354473730687231
75,G2,17.9,0.7361912393084634
75,G2,18.0,0.7369342057822994
75,G2,18.1,0.7376762821293382
75,G2,18.2,0.7384174613808265
75,G2,18.3,0.739157731245279
75,G2,18.4,0.7398971106198684
75,G2,18.5,0.7406355885240661
75,G2,18.6,0.7413731497880419
75,G2,18.7,0.7421098090120671
75,G2,18.8,0.7428455378822508
75,G2,18.9,0.7435803484729899
75,G2,19.0,0.7443142551649771
75,G2,19.1,0.7450472280020854
75,G2,19.2,0.7457792786955199
75,G2,19.3,0.7465103931619071
75,G2,19.4,0.7472405638334533
75,G2,19.5,0.7479698156356959
75,G2,19.6,0.7486981259531625
75,G2,19.7,0.7494254883447504
75,G2,19.8,0.7501519147315556
75,G2,19.9,0.7508773744490111
75,G2,20.0,0.7516018858100654
75,G2,20.1,0.7523254592595958
75,G2,20.2,0.753048065259865
75,G2,20.3,0.7537697177016718
75,G2,20.4,0.7544903967030565
75,G2,20.5,0.7552101004878555
75,G2,20.6,0.7559288571356166
75,G2,20.7,0.7566466334863222
75,G2,20.8,0.757363434027327
75,G2,20.9,0.7580792621697436
75,G2,21.0,0.7587940929131131
75,G2,21.1,0.7595079466526684
75,G2,21.2,0.7602208273696527
75,G2,21.3,0.7609327105938749
75,G2,21.4,0.7616436088228219
75,G2,21.5,0.7623534997434882
75,G2,21.6,0.7630623854533306
75,G2,21.7,0.7637702943652595
75,G2,21.8,0.764477190199368
75,G2,21.9,0.7651830820013438
75,G2,22.0,0.7658879656795368
75,G2,22.1,0.7665918236136784
75,G2,22.2,0.767294677538522
75,G2,22.3,0.7679965245965086
75,G2,22.4,0.7686973449658487
75,G2,22.5,0.7693971522408012
75,G2,22.6,0.7700959183036292
75,G2,22.7,0.7707936521423592
75,G2,22.8,0.7714903782445343
75,G2,22.9,0.7721860633293554
75,G2,23.0,0.7728807175890109
75,G2,23.1,0.7735743294573472
75,G2,23.2,0.7742668873121314
75,G2,23.3,0.7749584179852843
75,G2,23.4,0.775648908206261
75,G2,23.5,0.776338344477667
75,G2,23.6,0.7770267403693307
75,G2,23.7,0.7777140622803234
75,G2,23.8,0.7784003288753953
75,G2,23.9,0.7790855586954304
75,G2,24.0,0.7797697202294599
75,G2,24.1,0.7804528253952057
75,G2,24.2,0.78113485543136
75,G2,24.3,0.7818158051473377
75,G2,24.4,0.7824957070644365
75,G2,24.5,0.7831745345588181
75,G2,24.6,0.783852284635095
75,G2,24.7,0.7845289659741916
75,G2,24.8,0.7852045456572861
75,G2,24.9,0.7858790480943953
75,G2,25.0,0.7865524858309397
76,G1,10.0,0.7889572162799052
76,G1,10.1,0.7893938116466138
76,G1,10.2,0.7898299150564865
76,G1,10.3,0.7902655782258848
76,G1,10.4,0.7907007579284822
76,G1,10.5,0.7911354748252885
76,G1,10.6,0.7915697380145085
76,G1,10.7,0.7920035082705811
76,G1,10.8,0.7924368365935709
76,G1,10.9,0.7928696707486591
76,G1,11.0,0.793302050326447
76,G1,11.1,0.7937339625234788
76,G1,11.2,0.7941653866890747
76,G1,11.3,0.7945963627597783
76,G1,11.4,0.7950268390754781
76,G1,11.5,0.7954568645553743
76,G1,11.6,0.795886410290304
76,G1,11.7,0.7963154737038373
76,G1,11.8,0.7967440827044863
76,G1,11.9,0.7971721884938725
76,G1,12.0,0.7975998435924293
76,G1,12.1,0.798027008385359
76,G1,12.2,0.7984536957933296
76,G1,12.3,0.7988799227996725
76,G1,12.4,0.7993056445570834
76,G1,12.5,0.7997309149200305
76,G1,12.6,0.8001556835987798
76,G1,12.7,0.8005799832193199
76,G1,12.8,0.8010038108320068
76,G1,12.9,0.8014271360290862
76,G1,13.0,0.8018500059184533
76,G1,13.1,0.8022723664683491
76,G1,13.2,0.8026942644102246
76,G1,13.3,0.8031156770190266
76,G1,13.4,0.8035365938641063
76,G1,13.5,0.803957048115955
76,G1,13.6,0.8043769895175691
76,G1,13.7,0.8047964700830524
76,G1,13.8,0.8052154542417395
76,G1,13.9,0.8056339478250548
76,G1,14.0,0.8060519737548396
76,G1,14.1,0.8064694842177491
76,G1,14.2,0.8068865337008014
76,G1,14.3,0.8073030757035177
76,G1,14.4,0.8077191343614084
76,G1,14.5,0.8081347170289764
76,G1,14.6,0.80854978442262
76,G1,14.7,0.8089643893860544
76,G1,14.8,0.8093784767153692
76,G1,14.9,0.809792089809803
76,G1,15.0,0.8102052130607527
76,G1,15.1,0.8106178272564858
76,G1,15.2,0.8110299727060122
76,G1,15.3,0.8114415960410947
76,G1,15.4,0.8118527490795316
76,G1,15.5,0.8122634002698712
76,G1,15.6,0.8126735488822265
76,G1,15.7,0.8130832230816881
76,G1,15.8,0.8134923722557498
76,G1,15.9,0.8139010518077081
76,G1,16.0,0.8143092190556278
76,G1,16.1,0.8147168898770205
76,G1,16.2,0.8151240802221975
76,G1,16.3,0.815530744445749
76,G1,16.4,0.8159369387389787
76,G1,16.5,0.8163426096907113
76,G1,16.6,0.8167477937584189
76,G1,16.7,0.8171524852332189
76,G1,16.8,0.8175566549726214
76,G1,16.9,0.817960350731806
76,G1,17.0,0.8183635164542824
76,G1,17.1,0.8187662020878098
76,G1,17.2,0.819168382068223
76,G1,17.3,0.8195700480553674
76,G1,17.4,0.8199712330638191
76,G1,17.5,0.8203718852140207
76,G1,17.6,0.8207720594716311
76,G1,17.7,0.8211717173361239
76,G1,17.8,0.8215708671616457
76,G1,17.9,0.8219695313825364
76,G1,18.0,0.8223676610347526
76,G1,18.1,0.8227653129108974
76,G1,18.2,0.8231624376405727
76,G1,18.3,0.8235590627772882
76,G1,18.4,0.8239551936004808
76,G1,18.5,0.8243507913447579
76,G1,18.6,0.8247459100213552
76,G1,18.7,0.8251404921790944
76,G1,18.8,0.8255345844656466
76,G1,18.9,0.8259281686621027
76,G1,19.0,0.8263212271881816
76,G1,19.1,0.8267138003797485
76,G1,19.2,0.8271058335742958
76,G1,19.3,0.8274973810276087
76,G1,19.4,0.8278884087938612
76,G1,19.5,0.8282789181484533
76,G1,19.6,0.8286689371049879
76,G1,19.7,0.8290584137917093
76,G1,19.8,0.829447405915785
76,G1,19.9,0.8298358680768141
76,G1,20.0,0.8302238191373191
76,G1,20.1,0.8306112736819932
76,G1,20.2,0.8309981858809723
76,G1,20.3,0.8313846135683356
76,G1,20.4,0.8317705006999964
76,G1,20.5,0.8321558873672696
76,G1,20.6,0.832540765016865
76,G1,20.7,0.8329251061484388
76,G1,20.8,0.8333089587049749
76,G1,20.9,0.8336922649721503
76,G1,21.0,0.8340750779039758
76,G1,21.1,0.8344573690951763
76,G1,21.2,0.8348391324204364
76,G1,21.3,0.835220400636934
76,G1,21.4,0.8356011205502546
76,G1,21.5,0.8359813495219863
76,G1,21.6,0.8363610465168075
76,G1,21.7,0.8367402224276698
76,G1,21.8,0.8371188988716922
76,G1,21.9,0.8374970262207801
76,G1,22.0,0.8378746631766023
76,G1,22.1,0.8382517576617322
76,G1,22.2,0.8386283407347486
76,G1,22.3,0.8390044152470876
76,G1,22.4,0.839379943499318
76,G1,22.5,0.8397549800878255
76,G1,22.6,0.8401294659038944
76,G1,22.7,0.840503450372573
76,G1,22.8,0.840876912787547
76,G1,22.9,0.8412498374574621
76,G1,23.0,0.8416222643174371
76,G1,23.1,0.8419941379093722
76,G1,23.2,0.8423655144558642
76,G1,23.3,0.8427363578243177
76,G1,23.4,0.8431066714325391
76,G1,23.5,0.8434764827404684
76,G1,23.6,0.8438457392625649
76,G1,23.7,0.8442145003413417
76,G1,23.8,0.8445827182042428
76,G1,23.9,0.8449504147845102
76,G1,24.0,0.8453176029321193
76,G1,24.1,0.8456842371514366
76,G1,24.2,0.8460503763342345
76,G1,24.3,0.846415962357125
76,G1,24.4,0.8467810386017114
76,G1,24.5,0.847145593682736
76,G1,24.6,0.847509602057809
76,G1,24.7,0.8478731113303607
76,G1,24.8,0.84823606271915
76,G1,24.9,0.8485985116776802
76,G1,25.0,0.848960427198394
76,G2,10.0,0.7296669256480381
76,G2,10.1,0.7301567531319003
76,G2,10.2,0.7306462223672378
76,G2,10.3,0.7311353005188992
76,G2,10.4,0.731624057399112
76,G2,10.5,0.732112394782263
76,G2,10.6,0.7326003948089693
76,G2,10.7,0.7330880187314138
76,G2,10.8,0.7335752622410813
76,G2,10.9,0.7340621709385041
76,G2,11.0,0.7345486515899847
76,G2,11.1,0.7350348036709947
76,G2,11.2,0.735520559557566
76,G2,11.3,0.7360059442796355
76,G2,11.4,0.7364909768401274
76,G2,11.5,0.7369755854119056
76,G2,11.6,0.7374598664842283
76,G2,11.7,0.7379437331917027
76,G2,11.8,0.7384272336636138
76,G2,11.9,0.7389103658612727
76,G2,12.0,0.7393930845662845
76,G2,12.1,0.7398754707952028
76,G2,12.2,0.7403574238265848
76,G2,12.3,0.7408390190628715
76,G2,12.4,0.7413202297305099
76,G2,12.5,0.7418010378550017
76,G2,12.6,0.7422815004685328
76,G2,12.7,0.7427615197031219
76,G2,12.8,0.7432411911446692
76,G2,12.9,0.7437204570366297
76,G2,13.0,0.7441993311272064
76,G2,13.1,0.7446778464543944
76,G2,13.2,0.7451559132754938
76,G2,13.3,0.7456336386151944
76,G2,13.4,0.7461109401927752
76,G2,13.5,0.7465878566053974
76,G2,13.6,0.7470643954605951
76,G2,13.7,0.7475404980775529
76,G2,13.8,0.7480162559335974
76,G2,13.9,0.7484915702216199
76,G2,14.0,0.7489665068731358
76,G2,14.1,0.7494410504809953
76,G2,14.2,0.7499151680793995
76,G2,14.3,0.7503889326695998
76,G2,14.4,0.7508622391828852
76,G2,14.5,0.7513351773718385
76,G2,14.6,0.7518077034347486
76,G2,14.7,0.7522798157798909
76,G2,14.8,0.752751561546924
76,G2,14.9,0.7532228410593101
76,G2,15.0,0.7536937620459531
76,G2,15.1,0.7541642506849401
76,G2,15.2,0.7546343355763946
76,G2,15.3,0.7551040353612213
76,G2,15.4,0.7555732759186302
76,G2,15.5,0.7560421591526535
76,G2,15.6,0.7565105908747591
76,G2,15.7,0.7569786249710977
76,G2,15.8,0.7574462576610872
76,G2,15.9,0.7579134429872686
76,G2,16.0,0.7583802660802762
76,G2,16.1,0.7588466188351585
76,G2,16.2,0.759312583411448
76,G2,16.3,0.7597781299165969
76,G2,16.4,0.7602432417277367
76,G2,16.5,0.7607079773904266
76,G2,16.6,0.761172233135035
76,G2,16.7,0.761636112584545
76,G2,16.8,0.762099551827711
76,G2,16.9,0.7625625683268258
76,G2,17.0,0.7630251946523394
76,G2,17.1,0.7634873383184176
76,G2,17.2,0.7639491120162566
76,G2,17.3,0.7644104271227785
76,G2,17.4,0.7648713264721091
76,G2,17.5,0.7653318170852359
76,G2,17.6,0.7657918388243825
76,G2,17.7,0.766251487551024
76,G2,17.8,0.7667106572381919
76,G2,17.9,0.7671694202477717
76,G2,18.0,0.7676277585438831
76,G2,18.1,0.7680856398952348
76,G2,18.2,0.7685431393206519
76,G2,18.3,0.7690001457442789
76,G2,18.4,0.7694567564964079
76,G2,18.5,0.7699129223112173
76,G2,18.6,0.7703686447901745
76,G2,18.7,0.770823971765447
76,G2,18.8,0.771278798581285
76,G2,18.9,0.7717332399822273
76,G2,19.0,0.7721872163901435
76,G2,19.1,0.7726407600235915
76,G2,19.2,0.7730938887121712
76,G2,19.3,0.7735465270837979
76,G2,19.4,0.7739987814062725
76,G2,19.5,0.7744505507144978
76,G2,19.6,0.7749018945442666
76,G2,19.7,0.775352807127239
76,G2,19.8,0.775803242487454
76,G2,19.9,0.7762532888957687
76,G2,20.0,0.7767028316416854
76,G2,20.1,0.7771519595750406
76,G2,20.2,0.777600639199819
76,G2,20.3,0.7780488555948039
76,G2,20.4,0.7784966688988408
76,G2,20.5,0.7789439695385799
76,G2,20.6,0.7793908686417154
76,G2,20.7,0.7798372967333251
76,G2,20.8,0.7802832747657702
76,G2,20.9,0.780728834223315
76,G2,21.0,0.7811738815500905
76,G2,21.1,0.7816185334795999
76,G2,21.2,0.7820626957535521
76,G2,21.3,0.7825064153139094
76,G2,21.4,0.782949698368599
76,G2,21.5,0.783392484115605
76,G2,21.6,0.783834871822945
76,G2,21.7,0.7842767489621967
76,G2,21.8,0.7847181940039548
76,G2,21.9,0.7851591861926378
76,G2,22.0,0.7855996946144457
76,G2,22.1,0.7860397952599422
76,G2,22.2,0.7864793723210736
76,G2,22.3,0.7869185298192389
76,G2,22.4,0.7873572134366822
76,G2,22.5,0.7877954279270546
76,G2,22.6,0.7882332212917211
76,G2,22.7,0.7886704848067183
76,G2,22.8,0.7891073396779416
76,G2,22.9,0.7895437006600093
76,G2,23.0,0.7899796036596662
76,G2,23.1,0.7904150652950747
76,G2,23.2,0.7908500099415973
76,G2,23.3,0.7912845471688039
76,G2,23.4,0.7917185696917548
76,G2,23.5,0.7921521428005543
76,G2,23.6,0.7925852586872766
76,G2,23.7,0.7930178715403042
76,G2,23.8,0.793450071871483
76,G2,23.9,0.7938817397409019
76,G2,24.0,0.7943129698499407
76,G2,24.1,0.7947437250596554
76,G2,24.2,0.7951739924868384
76,G2,24.3,0.7956038335225208
76,G2,24.4,0.7960331335277786
76,G2,24.5,0.7964620101619354
76,G2,24.6,0.7968903891382821
76,G2,24.7,0.7973182943843085
76,G2,24.8,0.7977457565648008
76,G2,24.9,0.7981726815210143
76,G2,25.0,0.7985991891097607
77,G1,10.0,0.8078126662288669
77,G1,10.1,0.8081206596530112
77,G1,10.2,0.808428375869233
77,G1,10.3,0.8087358234471518
77,G1,10.4,0.8090430062607253
77,G1,10.5,0.8093499024261164
77,G1,10.6,0.8096565420216253
77,G1,10.7,0.8099629082886042
77,G1,10.8,0.8102689916045673
77,G1,10.9,0.8105748154902567
77,G1,11.0,0.8108803614899917
77,G1,11.1,0.8111856323057017
77,G1,11.2,0.8114906367496867
77,G1,11.3,0.8117953593656924
77,G1,11.4,0.8120998190682216
77,G1,11.5,0.8124040066073479
77,G1,11.6,0.8127079057462927
77,G1,11.7,0.8130115473839457
77,G1,11.8,0.8133149095528034
77,G1,11.9,0.8136179919536701
77,G1,12.0,0.8139208088498664
77,G1,12.1,0.8142233447989552
77,G1,12.2,0.8145256103416364
77,G1,12.3,0.8148276064830007
77,G1,12.4,0.8151293114443038
77,G1,12.5,0.8154307572812817
77,G1,12.6,0.8157319249123379
77,G1,12.7,0.8160328074230431
77,G1,12.8,0.8163334262902493
77,G1,12.9,0.8166337633578312
77,G1,13.0,0.8169338227847384
77,G1,13.1,0.8172336125688245
77,G1,13.2,0.8175331153523704
77,G1,13.3,0.8178323531680494
77,G1,13.4,0.8181313146926362
77,G1,13.5,0.8184299853210251
77,G1,13.6,0.81872839382519
77,G1,13.7,0.819026519707102
77,G1,13.8,0.8193243631159716
77,G1,13.9,0.8196219367641939
77,G1,14.0,0.8199192259277218
77,G1,14.1,0.8202162430413759
77,G1,14.2,0.8205129861653735
77,G1,14.3,0.8208094347220153
77,G1,14.4,0.8211056215624475
77,G1,14.5,0.8214015257714338
77,G1,14.6,0.8216971429999195
77,G1,14.7,0.8219924921011428
77,G1,14.8,0.8222875562425199
77,G1,14.9,0.8225823407074231
77,G1,15.0,0.8228768524938909
77,G1,15.1,0.8231710723406302
77,G1,15.2,0.8234650253915503
77,G1,15.3,0.8237586982130155
77,G1,15.4,0.8240520781662741
77,G1,15.5,0.824345191808248
77,G1,15.6,0.8246380198697482
77,G1,15.7,0.8249305633230986
77,G1,15.8,0.825222832905561
77,G1,15.9,0.8255148146744908
77,G1,16.0,0.8258065229557655
77,G1,16.1,0.8260979530279255
77,G1,16.2,0.8263890856265779
77,G1,16.3,0.8266799538972088
77,G1,16.4,0.8269705357495595
77,G1,16.5,0.8272608288762324
77,G1,16.6,0.8275508497754139
77,G1,16.7,0.8278405826903485
77,G1,16.8,0.8281300347917179
77,G1,16.9,0.8284192110828928
77,G1,17.0,0.8287080905714139
77,G1,17.1,0.8289967019379572
77,G1,17.2,0.8292850293206538
77,G1,17.3,0.8295730623709329
77,G1,17.4,0.8298608253255135
77,G1,17.5,0.8301482998590703
77,G1,17.6,0.8304354879508924
77,G1,17.7,0.8307223988729203
77,G1,17.8,0.8310090182187676
77,G1,17.9,0.8312953633354205
77,G1,18.0,0.8315814260804739
77,G1,18.1,0.831867189575095
77,G1,18.2,0.8321526855799523
77,G1,18.3,0.8324378919298033
77,G1,18.4,0.8327228078188964
77,G1,18.5,0.8330074481097945
77,G1,18.6,0.833291797590131
77,G1,18.7,0.8335758657201592
77,G1,18.8,0.8338596546433671
77,G1,18.9,0.8341431428517962
77,G1,19.0,0.8344263615038039
77,G1,19.1,0.8347092926513248
77,G1,19.2,0.8349919282311827
77,G1,19.3,0.8352742906169819
77,G1,19.4,0.8355563617468601
77,G1,19.5,0.8358381449621654
77,G1,19.6,0.8361196486134127
77,G1,19.7,0.83640085675395
77,G1,19.8,0.8366817898918303
77,G1,19.9,0.8369624372544375
77,G1,20.0,0.8372427841518189
77,G1,20.1,0.837522860023791
77,G1,20.2,0.8378026439786763
77,G1,20.3,0.8380821356714778
77,G1,20.4,0.8383613487826899
77,G1,20.5,0.8386402686610059
77,G1,20.6,0.8389189067184128
77,G1,20.7,0.8391972620604142
77,G1,20.8,0.8394753141848201
77,G1,20.9,0.8397530953318199
77,G1,21.0,0.8400305854136103
77,G1,21.1,0.8403077791969917
77,G1,21.2,0.8405846965442101
77,G1,21.3,0.8408613204341141
77,G1,21.4,0.8411376554508482
77,G1,21.5,0.8414137089578895
77,G1,21.6,0.8416894631318933
77,G1,21.7,0.8419649413636783
77,G1,21.8,0.8422401312890372
77,G1,21.9,0.8425150196204191
77,G1,22.0,0.8427896336437175
77,G1,22.1,0.8430639540071947
77,G1,22.2,0.8433379810918296
77,G1,22.3,0.8436117264150812
77,G1,22.4,0.8438851763975899
77,G1,22.5,0.8441583441650609
77,G1,22.6,0.8444312260078073
77,G1,22.7,0.8447038027557142
77,G1,22.8,0.8449761070727444
77,G1,22.9,0.8452481176436022
77,G1,23.0,0.8455198312782265
77,G1,23.1,0.8457912652631654
77,G1,23.2,0.8460624040854332
77,G1,23.3,0.846333253551309
77,G1,23.4,0.8466038197169945
77,G1,23.5,0.8468740828377601
77,G1,23.6,0.8471440697342478
77,G1,23.7,0.8474137655649392
77,G1,23.8,0.8476831594745979
77,G1,23.9,0.8479522761825036
77,G1,24.0,0.8482210976159096
77,G1,24.1,0.8484896250840352
77,G1,24.2,0.8487578681702268
77,G1,24.3,0.849025813682985
77,G1,24.4,0.8492934770758865
77,G1,24.5,0.849560851610644
77,G1,24.6,0.8498279199314146
77,G1,24.7,0.8500947141571273
77,G1,24.8,0.8503612123005956
77,G1,24.9,0.8506274129269553
77,G1,25.0,0.8508933315761995
77,G2,10.0,0.6655719617003015
77,G2,10.1,0.6659615556160209
77,G2,10.2,0.6663510585619417
77,G2,10.3,0.6667403839190624
77,G2,10.4,0.6671295904684766
77,G2,10.5,0.6675186988317535
77,G2,10.6,0.6679076235235022
77,G2,10.7,0.6682964351088607
77,G2,10.8,0.6686851233724268
77,G2,10.9,0.6690736488499511
77,G2,11.0,0.669462076784262
77,G2,11.1,0.6698503355233173
77,G2,11.2,0.6702384632991889
77,G2,11.3,0.6706264935859193
77,G2,11.4,0.6710143324842804
77,G2,11.5,0.6714020546382584
77,G2,11.6,0.6717896638477794
77,G2,11.7,0.6721770911080467
77,G2,11.8,0.6725644125016337
77,G2,11.9,0.6729515816591367
77,G2,12.0,0.6733385989416151
77,G2,12.1,0.6737255192184782
77,G2,12.2,0.6741122495353298
77,G2,12.3,0.6744988540505722
77,G2,12.4,0.6748853521879072
77,G2,12.5,0.6752716572531876
77,G2,12.6,0.675657843421467
77,G2,12.7,0.6760438945894721
77,G2,12.8,0.6764297756485109
77,G2,12.9,0.676815553952979
77,G2,13.0,0.6772011499033834
77,G2,13.1,0.6775866084180922
77,G2,13.2,0.6779719628997829
77,G2,13.3,0.6783571156247827
77,G2,13.4,0.6787421436547946
77,G2,13.5,0.6791270483968819
77,G2,13.6,0.6795117649458032
77,G2,13.7,0.6798963701690369
77,G2,13.8,0.6802808091277934
77,G2,13.9,0.680665090864005
77,G2,14.0,0.6810492692382811
77,G2,14.1,0.6814332453121921
77,G2,14.2,0.6818170891059089
77,G2,14.3,0.6822008181804975
77,G2,14.4,0.6825843443049832
77,G2,14.5,0.6829677475676424
77,G2,14.6,0.6833510028511619
77,G2,14.7,0.6837340813571
77,G2,14.8,0.6841170525771774
77,G2,14.9,0.6844998276274207
77,G2,15.0,0.6848824591333279
77,G2,15.1,0.6852649804652763
77,G2,15.2,0.6856472895396665
77,G2,15.3,0.6860294662117028
77,G2,15.4,0.6864115091305254
77,G2,15.5,0.6867933580166407
77,G2,15.6,0.6871750905067113
77,G2,15.7,0.6875566419798113
77,G2,15.8,0.6879380319653682
77,G2,15.9,0.6883193122479603
77,G2,16.0,0.6887003775880591
77,G2,16.1,0.6890813046920947
77,G2,16.2,0.6894621086254783
77,G2,16.3,0.6898426999157523
77,G2,16.4,0.6902231648324394
77,G2,16.5,0.6906034681940191
77,G2,16.6,0.690983589137866
77,G2,16.7,0.6913635974082559
77,G2,16.8,0.691743397091622
77,G2,16.9,0.6921230468346933
77,G2,17.0,0.6925025793616257
77,G2,17.1,0.6928818904740426
77,G2,17.2,0.6932610619239388
77,G2,17.3,0.6936400886676213
77,G2,17.4,0.694018915488325
77,G2,17.5,0.6943976217788111
77,G2,17.6,0.6947761316911892
77,G2,17.7,0.6951544764156966
77,G2,17.8,0.695532704757199
77,G2,17.9,0.6959107063810153
77,G2,18.0,0.6962885637675058
77,G2,18.1,0.6966662886122518
77,G2,18.2,0.6970437929682844
77,G2,18.3,0.6974211670647191
77,G2,18.4,0.6977983657782182
77,G2,18.5,0.6981753768347935
77,G2,18.6,0.6985522700188107
77,G2,18.7,0.698928942169682
77,G2,18.8,0.6993054584282016
77,G2,18.9,0.6996818497681155
77,G2,19.0,0.7000580107871736
77,G2,19.1,0.7004340263574633
77,G2,19.2,0.700809886166541
77,G2,19.3,0.701185539872781
77,G2,19.4,0.7015610679699414
77,G2,19.5,0.7019363867362342
77,G2,19.6,0.7023115353233637
77,G2,19.7,0.7026865609585884
77,G2,19.8,0.7030613495527113
77,G2,19.9,0.7034359871948518
77,G2,20.0,0.7038104819798979
77,G2,20.1,0.7041847508373948
77,G2,20.2,0.7045588848202707
77,G2,20.3,0.7049328293738016
77,G2,20.4,0.7053065816886833
77,G2,20.5,0.7056802107037267
77,G2,20.6,0.7060536063021947
77,G2,20.7,0.7064268406003753
77,G2,20.8,0.7067999417309598
77,G2,20.9,0.7071728034405709
77,G2,21.0,0.7075455165949917
77,G2,21.1,0.70791806134011
77,G2,21.2,0.7082903935652995
77,G2,21.3,0.7086625967402964
77,G2,21.4,0.7090345767157162
77,G2,21.5,0.7094063815868328
77,G2,21.6,0.7097780579454445
77,G2,21.7,0.7101494868697384
77,G2,21.8,0.7105207580397358
77,G2,21.9,0.7108918759991235
77,G2,22.0,0.711262763434224
77,G2,22.1,0.7116335114004072
77,G2,22.2,0.7120040554643163
77,G2,22.3,0.7123744035739062
77,G2,22.4,0.7127446230357569
77,G2,22.5,0.7131145965120254
77,G2,22.6,0.713484403827764
77,G2,22.7,0.7138540696625628
77,G2,22.8,0.7142234871600296
77,G2,22.9,0.7145927535412901
77,G2,23.0,0.7149618379373024
77,G2,23.1,0.7153307051787476
77,G2,23.2,0.7156994390877826
77,G2,23.3,0.7160679366680698
77,G2,23.4,0.7164362543201558
77,G2,23.5,0.7168044372312204
77,G2,23.6,0.7171723635383913
77,G2,23.7,0.7175401256423768
77,G2,23.8,0.7179077236997753
77,G2,23.9,0.7182750866979094
77,G2,24.0,0.7186423067767381
77,G2,24.1,0.7190093074842017
77,G2,24.2,0.7193761096582457
77,G2,24.3,0.7197427777336899
77,G2,24.4,0.7201091873039418
77,G2,24.5,0.720475426270234
77,G2,24.6,0.7208415151862753
77,G2,24.7,0.721207347502484
77,G2,24.8,0.7215730263879265
77,G2,24.9,0.7219385095446752
77,G2,25.0,0.7223037713231109
78,G1,10.0,0.7834884424515018
78,G1,10.1,0.7843926731017759
78,G1,10.2,0.7852949959453692
78,G1,10.3,0.7861954075263992
78,G1,10.4,0.7870939010668507
78,G1,10.5,0.7879904700476763
78,G1,10.6,0.7888851093021548
78,G1,10.7,0.7897778150824689
78,G1,10.8,0.7906685830143909
78,G1,10.9,0.791557406824837
78,G1,11.0,0.7924442817794858
78,G1,11.1,0.7933292006131998
78,G1,11.2,0.7942121579358286
78,G1,11.3,0.7950931503163179
78,G1,11.4,0.7959721696549673
78,G1,11.5,0.796849211643388
78,G1,11.6,0.79772427149166
78,G1,11.7,0.7985973422850777
78,G1,11.8,0.7994684228597165
78,G1,11.9,0.8003375077914276
78,G1,12.0,0.8012045901832184
78,G1,12.1,0.8020696657495263
78,G1,12.2,0.8029327310080403
78,G1,12.3,0.8037937833388008
78,G1,12.4,0.8046528169202043
78,G1,12.5,0.8055098269670212
78,G1,12.6,0.8063648090787199
78,G1,12.7,0.8072177564235878
78,G1,12.8,0.8080686666498351
78,G1,12.9,0.808917534550683
78,G1,13.0,0.8097643528991169
78,G1,13.1,0.8106091201272337
78,G1,13.2,0.8114518292772948
78,G1,13.3,0.8122924784975922
78,G1,13.4,0.8131310651433569
78,G1,13.5,0.813967583155748
78,G1,13.6,0.8148020280954325
78,G1,13.7,0.8156343963814712
78,G1,13.8,0.8164646865855566
78,G1,13.9,0.8172928944108464
78,G1,14.0,0.8181190157363455
78,G1,14.1,0.8189430473208714
78,G1,14.2,0.819764982658284
78,G1,14.3,0.8205848187979032
78,G1,14.4,0.8214025534376703
78,G1,14.5,0.8222181789726806
78,G1,14.6,0.8230316942432847
78,G1,14.7,0.8238430949084523
78,G1,14.8,0.8246523762458997
78,G1,14.9,0.825459538657904
78,G1,15.0,0.8262645774836264
78,G1,15.1,0.8270674877852225
78,G1,15.2,0.8278682669393231
78,G1,15.3,0.8286669130445661
78,G1,15.4,0.829463424932355
78,G1,15.5,0.8302577983143697
78,G1,15.6,0.8310500300819312
78,G1,15.7,0.831840116413653
78,G1,15.8,0.832628052896384
78,G1,15.9,0.8334138386443638
78,G1,16.0,0.8341974688915247
78,G1,16.1,0.83497893972394
78,G1,16.2,0.8357582497525351
78,G1,16.3,0.8365353939932062
78,G1,16.4,0.837310372996525
78,G1,16.5,0.8380831845464082
78,G1,16.6,0.8388538241921917
78,G1,16.7,0.8396222890715871
78,G1,16.8,0.8403885779351679
78,G1,16.9,0.8411526909234188
78,G1,17.0,0.8419146244367923
78,G1,17.1,0.8426743763906975
78,G1,17.2,0.8434319445477471
78,G1,17.3,0.8441873241359629
78,G1,17.4,0.8449405145722515
78,G1,17.5,0.8456915139806767
78,G1,17.6,0.8464403163814743
78,G1,17.7,0.8471869229640167
78,G1,17.8,0.8479313297643274
78,G1,17.9,0.8486735354669398
78,G1,18.0,0.8494135407251253
78,G1,18.1,0.8501513423449832
78,G1,18.2,0.8508869374717359
78,G1,18.3,0.8516203248587587
78,G1,18.4,0.8523515046258525
78,G1,18.5,0.8530804764888458
78,G1,18.6,0.8538072378266622
78,G1,18.7,0.8545317876714318
78,G1,18.8,0.8552541224362612
78,G1,18.9,0.8559742403265149
78,G1,19.0,0.8566921419451111
78,G1,19.1,0.8574078228286375
78,G1,19.2,0.8581212823865815
78,G1,19.3,0.8588325198716352
78,G1,19.4,0.8595415319896343
78,G1,19.5,0.860248321576128
78,G1,19.6,0.860952886967016
78,G1,19.7,0.8616552249458022
78,G1,19.8,0.8623553351469391
78,G1,19.9,0.8630532179922642
78,G1,20.0,0.863748874821734
78,G1,20.1,0.8644423036785043
78,G1,20.2,0.8651335035030691
78,G1,20.3,0.8658224738109683
78,G1,20.4,0.8665092112266409
78,G1,20.5,0.8671937174531786
78,G1,20.6,0.86787599109437
78,G1,20.7,0.8685560283992011
78,G1,20.8,0.8692338320430264
78,G1,20.9,0.8699093988319503
78,G1,21.0,0.8705827305539751
78,G1,21.1,0.8712538286011123
78,G1,21.2,0.8719226905859611
78,G1,21.3,0.8725893159129369
78,G1,21.4,0.8732537048684964
78,G1,21.5,0.8739158598406013
78,G1,21.6,0.8745757806250237
78,G1,21.7,0.8752334667043506
78,G1,21.8,0.8758889188814956
78,G1,21.9,0.8765421340496821
78,G1,22.0,0.8771931131064726
78,G1,22.1,0.8778418577766768
78,G1,22.2,0.8784883640732839
78,G1,22.3,0.87913263461855
78,G1,22.4,0.8797746691800927
78,G1,22.5,0.8804144664532456
78,G1,22.6,0.8810520309325901
78,G1,22.7,0.8816873614922
78,G1,22.8,0.8823204570057844
78,G1,22.9,0.8829513188064386
78,G1,23.0,0.8835799486758474
78,G1,23.1,0.8842063493568256
78,G1,23.2,0.8848305203004105
78,G1,23.3,0.8854524621467907
78,G1,23.4,0.8860721749329245
78,G1,23.5,0.8866896576840015
78,G1,23.6,0.8873049134665956
78,G1,23.7,0.8879179413223358
78,G1,23.8,0.888528740808032
78,G1,23.9,0.8891373146089272
78,G1,24.0,0.8897436614342255
78,G1,24.1,0.890347785288464
78,G1,24.2,0.8909496879102669
78,G1,24.3,0.8915493684503737
78,G1,24.4,0.8921468278080406
78,G1,24.5,0.8927420683903189
78,G1,24.6,0.8933350940653514
78,G1,24.7,0.8939259049690559
78,G1,24.8,0.8945145027459548
78,G1,24.9,0.8951008888240336
78,G1,25.0,0.8956850619754324
78,G2,10.0,0.7214757383924078
78,G2,10.1,0.7224893560077714
78,G2,10.2,0.7235015195749533
78,G2,10.3,0.7245122245755986
78,G2,10.4,0.7255214638044367
78,G2,10.5,0.7265292241343698
78,G2,10.6,0.7275354979581566
78,G2,10.7,0.7285402731627109
78,G2,10.8,0.7295435503446139
78,G2,10.9,0.7305453168614405
78,G2,11.0,0.7315455616398331
78,G2,11.1,0.7325442773432892
78,G2,11.2,0.7335414609948211
78,G2,11.3,0.734537104895336
78,G2,11.4,0.7355311987986293
78,G2,11.5,0.7365237375141671
78,G2,11.6,0.7375147156564126
78,G2,11.7,0.7385041242129751
78,G2,11.8,0.7394919506325581
78,G2,11.9,0.7404781950825322
78,G2,12.0,0.7414628429201655
78,G2,12.1,0.7424458857073789
78,G2,12.2,0.7434273150101285
78,G2,12.3,0.7444071247567108
78,G2,12.4,0.7453853126363126
78,G2,12.5,0.7463618610020973
78,G2,12.6,0.7473367651628315
78,G2,12.7,0.7483100215009004
78,G2,12.8,0.7492816241272564
78,G2,12.9,0.7502515656354861
78,G2,13.0,0.7512198364994739
78,G2,13.1,0.7521864334692944
78,G2,13.2,0.7531513526179571
78,G2,13.3,0.7541145766910393
78,G2,13.4,0.7550761072821981
78,G2,13.5,0.7560359347809876
78,G2,13.6,0.7569940479217431
78,G2,13.7,0.7579504405099035
78,G2,13.8,0.7589051000264031
78,G2,13.9,0.7598580323204351
78,G2,14.0,0.7608092198616372
78,G2,14.1,0.7617586569910072
78,G2,14.2,0.7627063374172264
78,G2,14.3,0.7636522588131158
78,G2,14.4,0.7645964154861787
78,G2,14.5,0.7655387967925538
78,G2,14.6,0.766479400306807
78,G2,14.7,0.7674182222863084
78,G2,14.8,0.768355251859033
78,G2,14.9,0.7692904817176622
78,G2,15.0,0.7702239110865885
78,G2,15.1,0.7711555258928638
78,G2,15.2,0.7720853196369325
78,G2,15.3,0.7730132831838092
78,G2,15.4,0.7739394164833744
78,G2,15.5,0.7748637144980096
78,G2,15.6,0.7757861609492983
78,G2,15.7,0.7767067525953516
78,G2,15.8,0.7776254899635376
78,G2,15.9,0.7785423670588808
78,G2,16.0,0.7794573760205634
78,G2,16.1,0.7803705110922928
78,G2,16.2,0.7812817701247856
78,G2,16.3,0.7821911488464057
78,G2,16.4,0.7830986320861185
78,G2,16.5,0.7840042242625559
78,G2,16.6,0.784907914167873
78,G2,16.7,0.7858096927125272
78,G2,16.8,0.7867095545643475
78,G2,16.9,0.7876074910413782
78,G2,17.0,0.7885035083954003
78,G2,17.1,0.789397586853207
78,G2,17.2,0.7902897252056675
78,G2,17.3,0.791179919987855
78,G2,17.4,0.7920681693072669
78,G2,17.5,0.7929544683545371
78,G2,17.6,0.7938388071759683
78,G2,17.7,0.794721186028845
78,G2,17.8,0.7956016031482426
78,G2,17.9,0.7964800453863092
78,G2,18.0,0.7973565118371114
78,G2,18.1,0.7982309993955491
78,G2,18.2,0.7991034964696256
78,G2,18.3,0.7999739982213383
78,G2,18.4,0.8008424948309429
78,G2,18.5,0.8017089923834889
78,G2,18.6,0.8025734810921499
78,G2,18.7,0.8034359501603399
78,G2,18.8,0.8042963977946358
78,G2,18.9,0.8051548257982275
78,G2,19.0,0.8060112294406543
78,G2,19.1,0.8068656002806134
78,G2,19.2,0.8077179371875352
78,G2,19.3,0.8085682390115743
78,G2,19.4,0.8094165004582656
78,G2,19.5,0.8102627101607752
78,G2,19.6,0.8111068743294789
78,G2,19.7,0.8119489798097983
78,G2,19.8,0.8127890212798591
78,G2,19.9,0.8136269931791232
78,G2,20.0,0.8144628927444157
78,G2,20.1,0.8152967235469397
78,G2,20.2,0.8161284672664031
78,G2,20.3,0.8169581248385595
78,G2,20.4,0.817785696829932
78,G2,20.5,0.8186111813304543
78,G2,20.6,0.8194345740589261
78,G2,20.7,0.8202558675243707
78,G2,20.8,0.8210750632891624
78,G2,20.9,0.821892162167347
78,G2,21.0,0.8227071484956276
78,G2,21.1,0.8235200285291006
78,G2,21.2,0.8243307962765803
78,G2,21.3,0.8251394430780342
78,G2,21.4,0.8259459656965878
78,G2,21.5,0.826750354491029
78,G2,21.6,0.8275526211434905
78,G2,21.7,0.8283527503023147
78,G2,21.8,0.8291507387439265
78,G2,21.9,0.8299465854552867
78,G2,22.0,0.8307402925021327
78,G2,22.1,0.8315318575753642
78,G2,22.2,0.8323212723380627
78,G2,22.3,0.8331085388932287
78,G2,22.4,0.8338936578388453
78,G2,22.5,0.8346766218210097
78,G2,22.6,0.8354574261688476
78,G2,22.7,0.8362360754838586
78,G2,22.8,0.8370125576469973
78,G2,22.9,0.8377868699721661
78,G2,23.0,0.8385590063367397
78,G2,23.1,0.8393289708596131
78,G2,23.2,0.8400967636679177
78,G2,23.3,0.8408623684644316
78,G2,23.4,0.841625788523136
78,G2,23.5,0.842387028404821
78,G2,23.6,0.8431460859676044
78,G2,23.7,0.8439029564991513
78,G2,23.8,0.8446576373279222
78,G2,23.9,0.8454101309524502
78,G2,24.0,0.8461604377641225
78,G2,24.1,0.8469085445164192
78,G2,24.2,0.8476544608511349
78,G2,24.3,0.8483981789412364
78,G2,24.4,0.8491396930904117
78,G2,24.5,0.8498790010700319
78,G2,24.6,0.8506160971141683
78,G2,24.7,0.8513509939642063
78,G2,24.8,0.8520836729303666
78,G2,24.9,0.852814137459342
78,G2,25.0,0.8535423884301552
79,G1,10.0,0.7692453331301207
79,G1,10.1,0.7699247573945864
79,G1,10.2,0.7706032037217573
79,G1,10.3,0.771280682016708
79,G1,10.4,0.7719571943068069
79,G1,10.5,0.7726327412345427
79,G1,10.6,0.7733073011538438
79,G1,10.7,0.7739808807430707
79,G1,10.8,0.774653481882952
79,G1,10.9,0.775325110270197
79,G1,11.0,0.775995747265623
79,G1,11.1,0.7766653881273471
79,G1,11.2,0.7773340427530735
79,G1,11.3,0.7780017143423743
79,G1,11.4,0.7786683906324474
79,G1,11.5,0.7793340581607616
79,G1,11.6,0.7799987289539152
79,G1,11.7,0.7806624071053119
79,G1,11.8,0.7813250852845096
79,G1,11.9,0.7819867451565388
79,G1,12.0,0.7826473974726584
79,G1,12.1,0.7833070442539769
79,G1,12.2,0.7839656879504292
79,G1,12.3,0.7846233062942246
79,G1,12.4,0.7852799049786524
79,G1,12.5,0.7859354870270503
79,G1,12.6,0.7865900588403953
79,G1,12.7,0.7872436026578776
79,G1,12.8,0.787896111219538
79,G1,12.9,0.7885475962905192
79,G1,13.0,0.7891980614907849
79,G1,13.1,0.7898474953887857
79,G1,13.2,0.7904958835888269
79,G1,13.3,0.791143237936949
79,G1,13.4,0.7917895632892215
79,G1,13.5,0.7924348544066403
79,G1,13.6,0.7930790905055177
79,G1,13.7,0.7937222832528527
79,G1,13.8,0.794364434669923
79,G1,13.9,0.7950055487614693
79,G1,14.0,0.7956456030537755
79,G1,14.1,0.7962846019518705
79,G1,14.2,0.7969225498257038
79,G1,14.3,0.7975594534764016
79,G1,14.4,0.7981952964836376
79,G1,14.5,0.7988300689638486
79,G1,14.6,0.7994637843845278
79,G1,14.7,0.8000964467625011
79,G1,14.8,0.8007280456996158
79,G1,14.9,0.8013585658383754
79,G1,15.0,0.8019880186675118
79,G1,15.1,0.8026164098834428
79,G1,15.2,0.8032437362164543
79,G1,15.3,0.8038699751106451
79,G1,15.4,0.8044951384339736
79,G1,15.5,0.8051192284608388
79,G1,15.6,0.8057422506277786
79,G1,15.7,0.8063641825413703
79,G1,15.8,0.8069850270403783
79,G1,15.9,0.8076047901443288
79,G1,16.0,0.8082234787941052
79,G1,16.1,0.8088410778102356
79,G1,16.2,0.8094575751869925
79,G1,16.3,0.8100729859068526
79,G1,16.4,0.8106873140183154
79,G1,16.5,0.8113005504130018
79,G1,16.6,0.8119126788090485
79,G1,16.7,0.8125237106457948
79,G1,16.8,0.8131336517635733
79,G1,16.9,0.8137425011662842
79,G1,17.0,0.8143502350262163
79,G1,17.1,0.8149568648973409
79,G1,17.2,0.8155623932934725
79,G1,17.3,0.8161668270696305
79,G1,17.4,0.8167701445318718
79,G1,17.5,0.8173723462197147
79,G1,17.6,0.8179734402501846
79,G1,17.7,0.8185734332687405
79,G1,17.8,0.8191723116258202
79,G1,17.9,0.8197700614775152
79,G1,18.0,0.820366698685173
79,G1,18.1,0.8209622281078004
79,G1,18.2,0.8215566412254488
79,G1,18.3,0.8221499210121935
79,G1,18.4,0.8227420793733975
79,G1,18.5,0.8233331215935958
79,G1,18.6,0.8239230489662197
79,G1,18.7,0.8245118372996618
79,G1,18.8,0.8250994968015984
79,G1,18.9,0.8256860307339213
79,G1,19.0,0.8262714472813489
79,G1,19.1,0.826855725662083
79,G1,19.2,0.8274388637181213
79,G1,19.3,0.8280208718724595
79,G1,19.4,0.8286017566366236
79,G1,19.5,0.8291815054715616
79,G1,19.6,0.8297601032480383
79,G1,19.7,0.8303375662627561
79,G1,19.8,0.8309139002863439
79,G1,19.9,0.831489097590035
79,G1,20.0,0.8320631402049222
79,G1,20.1,0.8326360404852207
79,G1,20.2,0.8332078033711576
79,G1,20.3,0.8337784320209063
79,G1,20.4,0.8343479024920106
79,G1,20.5,0.8349162233000778
79,G1,20.6,0.8354833985204979
79,G1,20.7,0.8360494375868628
79,G1,20.8,0.8366143206882858
79,G1,20.9,0.8371780429423782
79,G1,21.0,0.8377406170363281
79,G1,21.1,0.838302049432115
79,G1,21.2,0.838862328594056
79,G1,21.3,0.8394214386601283
79,G1,21.4,0.8399793956109936
79,G1,21.5,0.840536206286566
79,G1,21.6,0.8410918641511291
79,G1,21.7,0.8416463500318969
79,G1,21.8,0.8421996766250538
79,G1,21.9,0.8427518486687146
79,G1,22.0,0.8433028710772774
79,G1,22.1,0.8438527202911656
79,G1,22.2,0.8444014029897742
79,G1,22.3,0.8449489244551052
79,G1,22.4,0.8454952948156118
79,G1,22.5,0.8460404955129793
79,G1,22.6,0.8465845191775692
79,G1,22.7,0.8471273801590972
79,G1,22.8,0.8476690852107536
79,G1,22.9,0.8482096238983451
79,G1,23.0,0.8487489796409161
79,G1,23.1,0.8492871680962147
79,G1,23.2,0.8498241965024579
79,G1,23.3,0.8503600607114867
79,G1,23.4,0.8508947395384938
79,G1,23.5,0.8514282461183641
79,G1,23.6,0.8519605850494464
79,G1,23.7,0.8524917630679508
79,G1,23.8,0.8530217567491971
79,G1,23.9,0.8535505712930948
79,G1,24.0,0.8540782131254926
79,G1,24.1,0.85460469278043
79,G1,24.2,0.8551299933245127
79,G1,24.3,0.8556541047230019
79,G1,24.4,0.8561770429507288
79,G1,24.5,0.8566988149437078
79,G1,24.6,0.8572194114980544
79,G1,24.7,0.8577388155997034
79,G1,24.8,0.8582570420693172
79,G1,24.9,0.8587740987539948
79,G1,25.0,0.8592899839019763
79,G2,10.0,0.6478631051627984
79,G2,10.1,0.6486574070184348
79,G2,10.2,0.6494512817066013
79,G2,10.3,0.650244699618875
79,G2,10.4,0.6510376528419647
79,G2,10.5,0.6518301631900623
79,G2,10.6,0.6526222384714548
79,G2,10.7,0.653413843577715
79,G2,10.8,0.6542049677003019
79,G2,10.9,0.6549956286395785
79,G2,11.0,0.6557858371979501
79,G2,11.1,0.6565755719418084
79,G2,11.2,0.6573648096046042
79,G2,11.3,0.6581535603709366
79,G2,11.4,0.6589418440529635
79,G2,11.5,0.6597296472288263
79,G2,11.6,0.6605169394998167
79,G2,11.7,0.6613037229224965
79,G2,11.8,0.6620900206750283
79,G2,11.9,0.6628758304881851
79,G2,12.0,0.6636611203292525
79,G2,12.1,0.6644458796045709
79,G2,12.2,0.665230132261323
79,G2,12.3,0.6660138885493032
79,G2,12.4,0.6667971133965398
79,G2,12.5,0.6675797914061911
79,G2,12.6,0.668361942980908
79,G2,12.7,0.6691435800935887
79,G2,12.8,0.6699246828689276
79,G2,12.9,0.6707052247832218
79,G2,13.0,0.6714852149195202
79,G2,13.1,0.6722646763593354
79,G2,13.2,0.6730435974133206
79,G2,13.3,0.6738219449464175
79,G2,13.4,0.6745997188668719
79,G2,13.5,0.6753769450906704
79,G2,13.6,0.6761536240608835
79,G2,13.7,0.6769297215654221
79,G2,13.8,0.6777052241105074
79,G2,13.9,0.6784801576398448
79,G2,14.0,0.6792545344866862
79,G2,14.1,0.6800283210041719
79,G2,14.2,0.6808014965441006
79,G2,14.3,0.6815740833959192
79,G2,14.4,0.68234609548648
79,G2,14.5,0.683117514369047
79,G2,14.6,0.6838883104642156
79,G2,14.7,0.684658491266548
79,G2,14.8,0.6854280834019129
79,G2,14.9,0.6861970766277299
79,G2,15.0,0.6869654363186369
79,G2,15.1,0.6877331589300668
79,G2,15.2,0.688500273434866
79,G2,15.3,0.6892667830962311
79,G2,15.4,0.6900326514263045
79,G2,15.5,0.6907978628909714
79,G2,15.6,0.6915624442484817
79,G2,15.7,0.6923264101790623
79,G2,15.8,0.6930897286257967
79,G2,15.9,0.6938523748399165
79,G2,16.0,0.6946143712838959
79,G2,16.1,0.6953757344068806
79,G2,16.2,0.6961364475377538
79,G2,16.3,0.696896477760448
79,G2,16.4,0.6976558314987139
79,G2,16.5,0.698414537909957
79,G2,16.6,0.6991725893027116
79,G2,16.7,0.6999299492758466
79,G2,16.8,0.7006866105312188
79,G2,16.9,0.701442605171201
79,G2,17.0,0.702197939359292
79,G2,17.1,0.7029525740793596
79,G2,17.2,0.7037064923648944
79,G2,17.3,0.7044597224384078
79,G2,17.4,0.7052122793998868
79,G2,17.5,0.7059641338794654
79,G2,17.6,0.7067152576267092
79,G2,17.7,0.7074656717674223
79,G2,17.8,0.7082153964426017
79,G2,17.9,0.7089644169344081
79,G2,18.0,0.7097126966904542
79,G2,18.1,0.7104602409046727
79,G2,18.2,0.711207080932102
79,G2,18.3,0.7119532122058476
79,G2,18.4,0.7126985966637054
79,G2,18.5,0.7134432229137905
79,G2,18.6,0.7141871262149644
79,G2,18.7,0.7149303156827553
79,G2,18.8,0.7156727498950011
79,G2,18.9,0.7164144104654077
79,G2,19.0,0.7171553273661033
79,G2,19.1,0.7178955153316502
79,G2,19.2,0.7186349481191153
79,G2,19.3,0.7193735945340253
79,G2,19.4,0.7201114739850875
79,G2,19.5,0.7208486098276907
79,G2,19.6,0.7215849896435537
79,G2,19.7,0.7223205736657976
79,G2,19.8,0.723055365485525
79,G2,19.9,0.7237893988995053
79,G2,20.0,0.7245226720232979
79,G2,20.1,0.7252551455872418
79,G2,20.2,0.7259868041309189
79,G2,20.3,0.7267176857038795
79,G2,20.4,0.727447802488398
79,G2,20.5,0.7281771109264581
79,G2,20.6,0.7289055912388516
79,G2,20.7,0.7296332745616448
79,G2,20.8,0.7303601760153657
79,G2,20.9,0.7310862723627789
79,G2,21.0,0.7318115294564047
79,G2,21.1,0.7325359645842598
79,G2,21.2,0.7332596045886544
79,G2,21.3,0.7339824393236655
79,G2,21.4,0.7347044262801999
79,G2,21.5,0.7354255668692691
79,G2,21.6,0.7361458975078162
79,G2,21.7,0.7368654189670518
79,G2,21.8,0.7375840906633255
79,G2,21.9,0.738301894140744
79,G2,22.0,0.7390188688488117
79,G2,22.1,0.7397350299458731
79,G2,22.2,0.7404503335605962
79,G2,22.3,0.7411647570180532
79,G2,22.4,0.7418783329063069
79,G2,22.5,0.7425910765279217
79,G2,22.6,0.7433029681920721
79,G2,22.7,0.7440139708389407
79,G2,22.8,0.7447240991168308
79,G2,22.9,0.7454333836399485
79,G2,23.0,0.746141816141653
79,G2,23.1,0.7468493525165633
79,G2,23.2,0.7475559913381166
79,G2,23.3,0.7482617712876741
79,G2,23.4,0.7489666960309445
79,G2,23.5,0.7496707239674427
79,G2,23.6,0.7503738335236613
79,G2,23.7,0.751076065379093
79,G2,23.8,0.7517774365828883
79,G2,23.9,0.7524779063175011
79,G2,24.0,0.7531774462418043
79,G2,24.1,0.7538760905445563
79,G2,24.2,0.7545738555751151
79,G2,24.3,0.755270724730477
79,G2,24.4,0.7559666584434879
79,G2,24.5,0.756661668225366
79,G2,24.6,0.7573557887152553
79,G2,24.7,0.7580490134071547
79,G2,24.8,0.7587412970880659
79,G2,24.9,0.759432635104183
79,G2,25.0,0.7601230683803621
80,G1,10.0,0.7807896001792188
80,G1,10.1,0.7813388489843439
80,G1,10.2,0.7818873914940795
80,G1,10.3,0.7824352571559341
80,G1,10.4,0.7829824026573243
80,G1,10.5,0.7835288639584609
80,G1,10.6,0.7840746116605926
80,G1,10.7,0.7846196596131074
80,G1,10.8,0.785164017436117
80,G1,10.9,0.785707654949462
80,G1,11.0,0.786250604448103
80,G1,11.1,0.7867928271457247
80,G1,11.2,0.7873343525657531
80,G1,11.3,0.7878751686731896
80,G1,11.4,0.7884152660515543
80,G1,11.5,0.788954671981554
80,G1,11.6,0.7894933440722695
80,G1,11.7,0.7900313182801308
80,G1,11.8,0.7905685626907555
80,G1,11.9,0.791105094951423
80,G1,12.0,0.7916409213229176
80,G1,12.1,0.7921760145207849
80,G1,12.2,0.7927104068984187
80,G1,12.3,0.7932440576300759
80,G1,12.4,0.7937769991837582
80,G1,12.5,0.7943092139635232
80,G1,12.6,0.794840699292803
80,G1,12.7,0.7953714784534831
80,G1,12.8,0.795901511408029
80,G1,12.9,0.7964308339571509
80,G1,13.0,0.7969594114957768
80,G1,13.1,0.7974872653284496
80,G1,13.2,0.7980143979192114
80,G1,13.3,0.7985407855476834
80,G1,13.4,0.7990664604682342
80,G1,13.5,0.799591380134201
80,G1,13.6,0.8001155790262148
80,G1,13.7,0.8006390350401684
80,G1,13.8,0.8011617519519658
80,G1,13.9,0.8016837481685472
80,G1,14.0,0.8022049870980317
80,G1,14.1,0.8027255040748579
80,G1,14.2,0.8032452619337506
80,G1,14.3,0.8037642856787122
80,G1,14.4,0.804282572869995
80,G1,14.5,0.8048001044499596
80,G1,14.6,0.8053169127855259
80,G1,14.7,0.805832952824017
80,G1,14.8,0.8063482622804201
80,G1,14.9,0.806862812511003
80,G1,15.0,0.8073766153447918
80,G1,15.1,0.807889683864798
80,G1,15.2,0.8084019851324394
80,G1,15.3,0.8089135534784988
80,G1,15.4,0.8094243496404396
80,G1,15.5,0.8099344027221732
80,G1,15.6,0.8104437043286292
80,G1,15.7,0.8109522409672558
80,G1,15.8,0.811460043504207
80,G1,15.9,0.8119670672160184
80,G1,16.0,0.8124733497541657
80,G1,16.1,0.8129788601497493
80,G1,16.2,0.8134836139247326
80,G1,16.3,0.8139876213946966
80,G1,16.4,0.8144908518797159
80,G1,16.5,0.8149933398849867
80,G1,16.6,0.8154950439322758
80,G1,16.7,0.8159959964255595
80,G1,16.8,0.8164961833952327
80,G1,16.9,0.8169955977252195
80,G1,17.0,0.8174942669305865
80,G1,17.1,0.817992148161018
80,G1,17.2,0.8184892787891453
80,G1,17.3,0.8189856254010488
80,G1,17.4,0.8194812072530905
80,G1,17.5,0.8199760307564002
80,G1,17.6,0.8204700689681179
80,G1,17.7,0.8209633559125179
80,G1,17.8,0.8214558487441054
80,G1,17.9,0.8219475820838106
80,G1,18.0,0.8224385367733484
80,G1,18.1,0.8229287124640866
80,G1,18.2,0.8234181320686748
80,G1,18.3,0.8239067557889455
80,G1,18.4,0.8243946211772918
80,G1,18.5,0.8248816911952529
80,G1,18.6,0.8253679895449699
80,G1,18.7,0.8258535178978531
80,G1,18.8,0.8263382535264453
80,G1,18.9,0.8268222305224414
80,G1,19.0,0.8273054039925624
80,G1,19.1,0.8277878112676931
80,G1,19.2,0.8282694271421704
80,G1,19.3,0.8287502591077417
80,G1,19.4,0.8292303246547963
80,G1,19.5,0.8297095879789873
80,G1,19.6,0.8301880851730893
80,G1,19.7,0.8306657774099493
80,G1,19.8,0.83114269205145
80,G1,19.9,0.8316188254280342
80,G1,20.0,0.8320941599352825
80,G1,20.1,0.8325687291579978
80,G1,20.2,0.8330424868952803
80,G1,20.3,0.8335154719797321
80,G1,20.4,0.8339876550111782
80,G1,20.5,0.8344590490922975
80,G1,20.6,0.8349296678205544
80,G1,20.7,0.8353994785942199
80,G1,20.8,0.8358685165626668
80,G1,20.9,0.8363367411970065
80,G1,21.0,0.8368041835453112
80,G1,21.1,0.8372708338973072
80,G1,21.2,0.837736680628923
80,G1,21.3,0.8382017549403636
80,G1,21.4,0.8386660120125604
80,G1,21.5,0.8391294904241378
80,G1,21.6,0.8395921580964348
80,G1,21.7,0.8400540320596697
80,G1,21.8,0.8405151224895061
80,G1,21.9,0.8409753997792753
80,G1,22.0,0.8414348990872277
80,G1,22.1,0.8418935780236815
80,G1,22.2,0.8423514706118534
80,G1,22.3,0.842808561053608
80,G1,22.4,0.8432648449568003
80,G1,22.5,0.8437203492121271
80,G1,22.6,0.8441750319256232
80,G1,22.7,0.8446289311047354
80,G1,22.8,0.8450820119007403
80,G1,22.9,0.8455342951819949
80,G1,23.0,0.8459857871985931
80,G1,23.1,0.8464364620075829
80,G1,23.2,0.8468863545938673
80,G1,23.3,0.8473354211401303
80,G1,23.4,0.8477836975019529
80,G1,23.5,0.8482311631659795
80,G1,23.6,0.8486778204117532
80,G1,23.7,0.8491236910200151
80,G1,23.8,0.8495687370810896
80,G1,23.9,0.8500129956978547
80,G1,24.0,0.8504564294630926
80,G1,24.1,0.850899063219797
80,G1,24.2,0.8513408979600081
80,G1,24.3,0.8517819125802831
80,G1,24.4,0.8522221422148435
80,G1,24.5,0.8526615406479633
80,G1,24.6,0.8531001470005647
80,G1,24.7,0.8535379338014344
80,G1,24.8,0.85397491167316
80,G1,24.9,0.8544110970009555
80,G1,25.0,0.8548464557635592
80,G2,10.0,0.6091147218965014
80,G2,10.1,0.6097858260090919
80,G2,10.2,0.6104567291391518
80,G2,10.3,0.6111274689664131
80,G2,10.4,0.6117979926423367
80,G2,10.5,0.6124683364110255
80,G2,10.6,0.6131384869085879
80,G2,10.7,0.6138084348227246
80,G2,10.8,0.614478206461778
80,G2,10.9,0.6151477497802186
80,G2,11.0,0.6158171132226873
80,G2,11.1,0.6164862549948746
80,G2,11.2,0.6171551919314809
80,G2,11.3,0.6178239323373309
80,G2,11.4,0.6184924448497898
80,G2,11.5,0.6191607712582337
80,G2,11.6,0.6198288500390774
80,G2,11.7,0.620496727498895
80,G2,11.8,0.6211643822472163
80,G2,11.9,0.621831807643563
80,G2,12.0,0.6224990325587866
80,G2,12.1,0.6231660018331661
80,G2,12.2,0.6238327682929985
80,G2,12.3,0.6244992828627058
80,G2,12.4,0.625165566585052
80,G2,12.5,0.6258316285148364
80,G2,12.6,0.6264974354507716
80,G2,12.7,0.6271630328405612
80,G2,12.8,0.6278283537480094
80,G2,12.9,0.6284934504606863
80,G2,13.0,0.6291582949161186
80,G2,13.1,0.6298228842036022
80,G2,13.2,0.6304872484393089
80,G2,13.3,0.6311513289044909
80,G2,13.4,0.6318151866408758
80,G2,13.5,0.6324787595274272
80,G2,13.6,0.6331420778741017
80,G2,13.7,0.6338051486839542
80,G2,13.8,0.6344679367011984
80,G2,13.9,0.6351304927039719
80,G2,14.0,0.6357927430710194
80,G2,14.1,0.6364547474241036
80,G2,14.2,0.6371164694823028
80,G2,14.3,0.6377779107597553
80,G2,14.4,0.6384391026747338
80,G2,14.5,0.6390999824751036
80,G2,14.6,0.639760619278214
80,G2,14.7,0.6404209391833824
80,G2,14.8,0.6410809835104728
80,G2,14.9,0.6417407521121384
80,G2,15.0,0.6424002105139122
80,G2,15.1,0.6430594159604693
80,G2,15.2,0.6437182851161517
80,G2,15.3,0.6443768885709171
80,G2,15.4,0.6450351780907724
80,G2,15.5,0.6456931625489044
80,G2,15.6,0.6463508722667378
80,G2,15.7,0.6470082436067558
80,G2,15.8,0.6476653510088024
80,G2,15.9,0.6483221092279174
80,G2,16.0,0.6489785728477659
80,G2,16.1,0.6496347304032721
80,G2,16.2,0.6502905526914227
80,G2,16.3,0.6509460991202837
80,G2,16.4,0.6516012811826406
80,G2,16.5,0.6522561769663564
80,G2,16.6,0.6529107276979607
80,G2,16.7,0.6535649497019158
80,G2,16.8,0.6542188710309715
80,G2,16.9,0.654872429214511
80,G2,17.0,0.6555257013198932
80,G2,17.1,0.6561785938792604
80,G2,17.2,0.6568311723581141
80,G2,17.3,0.6574834142479618
80,G2,17.4,0.6581352968617618
80,G2,17.5,0.6587868798005277
80,G2,17.6,0.6594380712078597
80,G2,17.7,0.6600889577727804
80,G2,17.8,0.6607394664689027
80,G2,17.9,0.6613896240282456
80,G2,18.0,0.6620394555161659
80,G2,18.1,0.6626888980060696
80,G2,18.2,0.663338032763217
80,G2,18.3,0.6639867593920923
80,G2,18.4,0.6646351520988835
80,G2,18.5,0.6652831775458264
80,G2,18.6,0.6659308208351854
80,G2,18.7,0.6665781403991861
80,G2,18.8,0.6672250408083854
80,G2,18.9,0.6678716198723998
80,G2,19.0,0.6685177866240474
80,G2,19.1,0.6691635834263308
80,G2,19.2,0.6698090268680972
80,G2,19.3,0.6704540556018728
80,G2,19.4,0.671098756599646
80,G2,19.5,0.671743019564331
80,G2,19.6,0.6723869312305738
80,G2,19.7,0.6730304437497061
80,G2,19.8,0.6736735522872007
80,G2,19.9,0.6743163122902452
80,G2,20.0,0.6749586273661946
80,G2,20.1,0.6756006027234105
80,G2,20.2,0.6762421334979837
80,G2,20.3,0.676883278002723
80,G2,20.4,0.6775240388481442
80,G2,20.5,0.6781643614448143
80,G2,20.6,0.6788043362819749
80,G2,20.7,0.6794438434456773
80,G2,20.8,0.6800829825862654
80,G2,20.9,0.680721690210096
80,G2,21.0,0.6813599735249432
80,G2,21.1,0.681997882815197
80,G2,21.2,0.6826353238081618
80,G2,21.3,0.6832724060331893
80,G2,21.4,0.6839090115856342
80,G2,21.5,0.6845452155381377
80,G2,21.6,0.6851810048220945
80,G2,21.7,0.6858163339651467
80,G2,21.8,0.6864512932628877
80,G2,21.9,0.6870857586911435
80,G2,22.0,0.6877198395602117
80,G2,22.1,0.6883534562511113
80,G2,22.2,0.688986629170577
80,G2,22.3,0.6896194025841891
80,G2,22.4,0.6902516849249367
80,G2,22.5,0.6908835879488877
80,G2,22.6,0.6915149865267125
80,G2,22.7,0.6921459664319999
80,G2,22.8,0.6927765009850707
80,G2,22.9,0.693406555316471
80,G2,23.0,0.6940362167456136
80,G2,23.1,0.6946653580401233
80,G2,23.2,0.695294101880595
80,G2,23.3,0.6959223460252217
80,G2,23.4,0.6965501298449823
80,G2,23.5,0.6971774881614381
80,G2,23.6,0.6978043326157319
80,G2,23.7,0.6984307783479076
80,G2,23.8,0.699056691669321
80,G2,23.9,0.6996821709634976
80,G2,24.0,0.7003071734653419
80,G2,24.1,0.7009316770723705
80,G2,24.2,0.7015557644446859
80,G2,24.3,0.702179306280471
80,G2,24.4,0.7028024362897656
80,G2,24.5,0.703425034064534
80,G2,24.6,0.7040471575773318
80,G2,24.7,0.7046688270285707
80,G2,24.8,0.7052899603066644
80,G2,24.9,0.7059106780227897
80,G2,25.0,0.7065308333946775
81,G1,10.0,0.7857142240516013
81,G1,10.1,0.7866288567341143
81,G1,10.2,0.787541483488746
81,G1,10.3,0.7884520988354327
81,G1,10.4,0.7893606965556685
81,G1,10.5,0.790267272967198
81,G1,10.6,0.7911718222001579
81,G1,10.7,0.7920743386460967
81,G1,10.8,0.7929748152654158
81,G1,10.9,0.7938732481086561
81,G1,11.0,0.7947696323017657
81,G1,11.1,0.7956639606114281
81,G1,11.2,0.7965562298963593
81,G1,11.3,0.7974464356986228
81,G1,11.4,0.7983345719043091
81,G1,11.5,0.7992206317159973
81,G1,11.6,0.8001046120262625
81,G1,11.7,0.800986508205057
81,G1,11.8,0.8018663134557006
81,G1,11.9,0.8027440233227564
81,G1,12.0,0.8036196331756726
81,G1,12.1,0.804493137738639
81,G1,12.2,0.8053645310064861
81,G1,12.3,0.8062338105091623
81,G1,12.4,0.8071009711730912
81,G1,12.5,0.8079660088003646
81,G1,12.6,0.8088289202369057
81,G1,12.7,0.8096897007808316
81,G1,12.8,0.8105483448067453
81,G1,12.9,0.8114048475575681
81,G1,13.0,0.8122592064691356
81,G1,13.1,0.8131114163622948
81,G1,13.2,0.8139614724033627
81,G1,13.3,0.8148093726166891
81,G1,13.4,0.8156551129133643
81,G1,13.5,0.8164986876118757
81,G1,13.6,0.8173400922124697
81,G1,13.7,0.8181793248341701
81,G1,13.8,0.8190163806947695
81,G1,13.9,0.819851254770941
81,G1,14.0,0.8206839439442384
81,G1,14.1,0.8215144446314157
81,G1,14.2,0.8223427513354329
81,G1,14.3,0.8231688615044648
81,G1,14.4,0.8239927727654821
81,G1,14.5,0.824814480281677
81,G1,14.6,0.825633982781408
81,G1,14.7,0.8264512769861068
81,G1,14.8,0.8272663594052893
81,G1,14.9,0.8280792247630889
81,G1,15.0,0.8288898707897825
81,G1,15.1,0.8296982957861685
81,G1,15.2,0.8305044944611746
81,G1,15.3,0.8313084652034664
81,G1,15.4,0.8321102059711136
81,G1,15.5,0.8329097134298137
81,G1,15.6,0.8337069827920249
81,G1,15.7,0.834502011907849
81,G1,15.8,0.8352947997884382
81,G1,15.9,0.8360853412772398
81,G1,16.0,0.8368736338508572
81,G1,16.1,0.8376596751947
81,G1,16.2,0.8384434629327636
81,G1,16.3,0.8392249919312601
81,G1,16.4,0.8400042623532765
81,G1,16.5,0.8407812716922399
81,G1,16.6,0.8415560171823031
81,G1,16.7,0.8423284984756206
81,G1,16.8,0.8430987126355332
81,G1,16.9,0.8438666571364322
81,G1,17.0,0.8446323285376797
81,G1,17.1,0.8453957262818879
81,G1,17.2,0.84615684857129
81,G1,17.3,0.8469156915190462
81,G1,17.4,0.8476722555678092
81,G1,17.5,0.8484265390943145
81,G1,17.6,0.8491785393011656
81,G1,17.7,0.8499282528127194
81,G1,17.8,0.8506756800391889
81,G1,17.9,0.8514208191028475
81,G1,18.0,0.85216366662454
81,G1,18.1,0.8529042216107328
81,G1,18.2,0.853642482710872
81,G1,18.3,0.8543784477803474
81,G1,18.4,0.8551121144437971
81,G1,18.5,0.8558434834249525
81,G1,18.6,0.8565725526342002
81,G1,18.7,0.857299321735
81,G1,18.8,0.8580237905438621
81,G1,18.9,0.8587459575253957
81,G1,19.0,0.85946582019353
81,G1,19.1,0.8601833774220489
81,G1,19.2,0.8608986300108419
81,G1,19.3,0.8616115758666584
81,G1,19.4,0.8623222138273257
81,G1,19.5,0.8630305449677947
81,G1,19.6,0.8637365684437912
81,G1,19.7,0.864440281671339
81,G1,19.8,0.865141683937902
81,G1,19.9,0.8658407765213247
81,G1,20.0,0.8665375574778237
81,G1,20.1,0.8672320253985459
81,G1,20.2,0.867924180498061
81,G1,20.3,0.8686140224610174
81,G1,20.4,0.8693015490455696
81,G1,20.5,0.8699867611785604
81,G1,20.6,0.8706696596188168
81,G1,20.7,0.8713502428215691
81,G1,20.8,0.8720285129280324
81,G1,20.9,0.872704469642075
81,G1,21.0,0.873378112644289
81,G1,21.1,0.874049440008795
81,G1,21.2,0.874718453106164
81,G1,21.3,0.8753851532349889
81,G1,21.4,0.8760495383434576
81,G1,21.5,0.8767116103824856
81,G1,21.6,0.8773713703011132
81,G1,21.7,0.8780288178330984
81,G1,21.8,0.8786839515948724
81,G1,21.9,0.8793367730167836
81,G1,22.0,0.8799872838996932
81,G1,22.1,0.8806354822160617
81,G1,22.2,0.8812813689606327
81,G1,22.3,0.8819249450043872
81,G1,22.4,0.8825662112378269
81,G1,22.5,0.8832051658043482
81,G1,22.6,0.8838418120983049
81,G1,22.7,0.8844761506073711
81,G1,22.8,0.8851081820555753
81,G1,22.9,0.8857379090660091
81,G1,23.0,0.8863653317434524
81,G1,23.1,0.8869904505782641
81,G1,23.2,0.8876132657056649
81,G1,23.3,0.8882337797322077
81,G1,23.4,0.8888519937479327
81,G1,23.5,0.8894679074300089
81,G1,23.6,0.8900815242578453
81,G1,23.7,0.8906928454875275
81,G1,23.8,0.8913018714143134
81,G1,23.9,0.8919086021671904
81,G1,24.0,0.8925130412094483
81,G1,24.1,0.893115189335193
81,G1,24.2,0.8937150465595686
81,G1,24.3,0.894312615103851
81,G1,24.4,0.8949078967373361
81,G1,24.5,0.8955008921929293
81,G1,24.6,0.8960916026076505
81,G1,24.7,0.896680031487819
81,G1,24.8,0.8972661796388944
81,G1,24.9,0.8978500501886887
81,G1,25.0,0.8984316455968993
81,G2,10.0,0.7094587857599327
81,G2,10.1,0.7105077382629374
81,G2,10.2,0.7115552632077489
81,G2,10.3,0.7126013511645012
81,G2,10.4,0.7136459939828541
81,G2,10.5,0.7146891838035673
81,G2,10.6,0.7157309138070084
81,G2,10.7,0.7167711752315913
81,G2,10.8,0.7178099569493243
81,G2,10.9,0.7188472504119898
81,G2,11.0,0.7198830420734474
81,G2,11.1,0.7209173235350483
81,G2,11.2,0.7219500909889676
81,G2,11.3,0.7229813354770751
81,G2,11.4,0.7240110457168181
81,G2,11.5,0.7250392133556846
81,G2,11.6,0.7260658314360927
81,G2,11.7,0.7270908914938837
81,G2,11.8,0.728114384408723
81,G2,11.9,0.729136302765684
81,G2,12.0,0.7301566414150406
81,G2,12.1,0.731175387522636
81,G2,12.2,0.732192532843565
81,G2,12.3,0.7332080697562872
81,G2,12.4,0.73422198994495
81,G2,12.5,0.735234285212745
81,G2,12.6,0.7362449507863845
81,G2,12.7,0.737253979382242
81,G2,12.8,0.7382613624716208
81,G2,12.9,0.7392670899545929
81,G2,13.0,0.7402711524517428
81,G2,13.1,0.7412735384235499
81,G2,13.2,0.7422742410062371
81,G2,13.3,0.7432732584243672
81,G2,13.4,0.7442705800167085
81,G2,13.5,0.7452661952501823
81,G2,13.6,0.7462600975797525
81,G2,13.7,0.7472522811030279
81,G2,13.8,0.7482427387740885
81,G2,13.9,0.7492314601184743
81,G2,14.0,0.7502184418701654
81,G2,14.1,0.7512036774881725
81,G2,14.2,0.7521871533082783
81,G2,14.3,0.7531688648668541
81,G2,14.4,0.7541488031757484
81,G2,14.5,0.7551269627207862
81,G2,14.6,0.7561033356956115
81,G2,14.7,0.7570779190667069
81,G2,14.8,0.7580507056797745
81,G2,14.9,0.7590216866111332
81,G2,15.0,0.7599908541712904
81,G2,15.1,0.7609581969648088
81,G2,15.2,0.7619237070279877
81,G2,15.3,0.7628873799558202
81,G2,15.4,0.7638492123916619
81,G2,15.5,0.7648091942523945
81,G2,15.6,0.7657673174823028
81,G2,15.7,0.7667235758156234
81,G2,15.8,0.7676779640798338
81,G2,15.9,0.7686304764199188
81,G2,16.0,0.7695811027547413
81,G2,16.1,0.7705298430462384
81,G2,16.2,0.7714766875773219
81,G2,16.3,0.7724216270222818
81,G2,16.4,0.7733646555060183
81,G2,16.5,0.7743057664945554
81,G2,16.6,0.7752449546556051
81,G2,16.7,0.7761822155039647
81,G2,16.8,0.7771175454146146
81,G2,16.9,0.7780509381941939
81,G2,17.0,0.7789823844752205
81,G2,17.1,0.7799118787358237
81,G2,17.2,0.7808394088891621
81,G2,17.3,0.7817649691759458
81,G2,17.4,0.78268855962998
81,G2,17.5,0.783610173650196
81,G2,17.6,0.7845298021004414
81,G2,17.7,0.7854474392041754
81,G2,17.8,0.7863630803766294
81,G2,17.9,0.7872767215390972
81,G2,18.0,0.7881883542527183
81,G2,18.1,0.7890979753463561
81,G2,18.2,0.7900055828980883
81,G2,18.3,0.7909111653727051
81,G2,18.4,0.7918147173489681
81,G2,18.5,0.7927162334167348
81,G2,18.6,0.7936157088804442
81,G2,18.7,0.7945131377680303
81,G2,18.8,0.7954085199632914
81,G2,18.9,0.7963018508820379
81,G2,19.0,0.7971931244575662
81,G2,19.1,0.7980823335670176
81,G2,19.2,0.7989694706470699
81,G2,19.3,0.7998545278863751
81,G2,19.4,0.8007374997804486
81,G2,19.5,0.8016183893419144
81,G2,19.6,0.802497188351549
81,G2,19.7,0.8033738885911531
81,G2,19.8,0.8042484861490132
81,G2,19.9,0.8051209785003746
81,G2,20.0,0.8059913622797112
81,G2,20.1,0.8068596283391325
81,G2,20.2,0.8077257782761644
81,G2,20.3,0.8085898078228548
81,G2,20.4,0.8094517060441526
81,G2,20.5,0.8103114708236604
81,G2,20.6,0.8111690956597682
81,G2,20.7,0.8120245792693763
81,G2,20.8,0.8128779168281821
81,G2,20.9,0.8137291091726382
81,G2,21.0,0.8145781521684244
81,G2,21.1,0.8154250394001751
81,G2,21.2,0.8162697664565418
81,G2,21.3,0.8171123245416895
81,G2,21.4,0.8179527083122811
81,G2,21.5,0.8187909172224518
81,G2,21.6,0.819626950997608
81,G2,21.7,0.8204608023475666
81,G2,21.8,0.8212924661989782
81,G2,21.9,0.8221219391253329
81,G2,22.0,0.8229492196422206
81,G2,22.1,0.82377430454312
81,G2,22.2,0.8245971872033742
81,G2,22.3,0.8254178713739488
81,G2,22.4,0.8262363495575028
81,G2,22.5,0.8270526156130819
81,G2,22.6,0.8278666660885856
81,G2,22.7,0.8286784981392822
81,G2,22.8,0.8294881094989559
81,G2,22.9,0.8302954998654788
81,G2,23.0,0.831100668941208
81,G2,23.1,0.8319036136998333
81,G2,23.2,0.8327043273610344
81,G2,23.3,0.833502808053485
81,G2,23.4,0.8342990461372904
81,G2,23.5,0.8350930391189094
81,G2,23.6,0.8358847911286293
81,G2,23.7,0.8366742982712526
81,G2,23.8,0.8374615543888193
81,G2,23.9,0.8382465568192706
81,G2,24.0,0.8390293038619044
81,G2,24.1,0.8398097960215569
81,G2,24.2,0.8405880266462058
81,G2,24.3,0.8413639969296968
81,G2,24.4,0.8421377082808232
81,G2,24.5,0.8429091511879333
81,G2,24.6,0.8436783241867497
81,G2,24.7,0.8444452238715475
81,G2,24.8,0.8452098503037587
81,G2,24.9,0.8459721996190688
81,G2,25.0,0.8467322767547534
82,G1,10.0,0.7498358318649193
82,G1,10.1,0.7508866906822036
82,G1,10.2,0.751935565674428
82,G1,10.3,0.7529824533540251
82,G1,10.4,0.7540273399855499
82,G1,10.5,0.7550702128986069
82,G1,10.6,0.7561110637417751
82,G1,10.7,0.7571498785051979
82,G1,10.8,0.7581866527592243
82,G1,10.9,0.7592213811499868
82,G1,11.0,0.7602540605283714
82,G1,11.1,0.761284676868928
82,G1,11.2,0.7623132191359385
82,G1,11.3,0.7633396787281825
82,G1,11.4,0.764364041920974
82,G1,11.5,0.7653863036360105
82,G1,11.6,0.7664064602276055
82,G1,11.7,0.767424507578343
82,G1,11.8,0.7684404342496098
82,G1,11.9,0.7694542290725065
82,G1,12.0,0.7704658827789697
82,G1,12.1,0.7714753830247458
82,G1,12.2,0.7724827242849384
82,G1,12.3,0.7734879032925297
82,G1,12.4,0.7744909154422829
82,G1,12.5,0.7754917525985627
82,G1,12.6,0.7764904029858359
82,G1,12.7,0.7774868570765273
82,G1,12.8,0.7784811037447558
82,G1,12.9,0.7794731365064365
82,G1,13.0,0.7804629525166377
82,G1,13.1,0.7814505477543996
82,G1,13.2,0.7824359159083022
82,G1,13.3,0.7834190458634652
82,G1,13.4,0.7843999274093308
82,G1,13.5,0.7853785503806929
82,G1,13.6,0.7863549075893478
82,G1,13.7,0.7873289969394812
82,G1,13.8,0.7883008144140415
82,G1,13.9,0.789270355893058
82,G1,14.0,0.7902376102307176
82,G1,14.1,0.7912025674292434
82,G1,14.2,0.792165218550728
82,G1,14.3,0.7931255548088502
82,G1,14.4,0.7940835752496633
82,G1,14.5,0.7950392756378075
82,G1,14.6,0.795992654300827
82,G1,14.7,0.7969437002705118
82,G1,14.8,0.7978924030856465
82,G1,14.9,0.7988387561667644
82,G1,15.0,0.799782748312885
82,G1,15.1,0.8007243792091058
82,G1,15.2,0.8016636458909028
82,G1,15.3,0.8026005480695221
82,G1,15.4,0.8035350744710573
82,G1,15.5,0.804467215565962
82,G1,15.6,0.8053969660637096
82,G1,15.7,0.8063243133863552
82,G1,15.8,0.8072492570671663
82,G1,15.9,0.8081717962553865
82,G1,16.0,0.8090919307922904
82,G1,16.1,0.8100096492958185
82,G1,16.2,0.8109249443858737
82,G1,16.3,0.811837810165563
82,G1,16.4,0.8127482347978512
82,G1,16.5,0.8136562170185384
82,G1,16.6,0.8145617574757713
82,G1,16.7,0.815464854807139
82,G1,16.8,0.8163655015202423
82,G1,16.9,0.8172636892962652
82,G1,17.0,0.8181594117282804
82,G1,17.1,0.8190526589187144
82,G1,17.2,0.8199434285553068
82,G1,17.3,0.8208317216080188
82,G1,17.4,0.8217175370034275
82,G1,17.5,0.822600869919584
82,G1,17.6,0.8234817119849819
82,G1,17.7,0.8243600566496202
82,G1,17.8,0.8252358950737303
82,G1,17.9,0.8261092239483924
82,G1,18.0,0.82698004490024
82,G1,18.1,0.8278483571691749
82,G1,18.2,0.8287141581180923
82,G1,18.3,0.8295774398735886
82,G1,18.4,0.8304381954843809
82,G1,18.5,0.8312964173538056
82,G1,18.6,0.8321521010729882
82,G1,18.7,0.833005248987603
82,G1,18.8,0.8338558605880281
82,G1,18.9,0.8347039353620667
82,G1,19.0,0.8355494656882313
82,G1,19.1,0.8363924443991021
82,G1,19.2,0.8372328661788321
82,G1,19.3,0.8380707241131468
82,G1,19.4,0.8389060218183784
82,G1,19.5,0.8397387588258198
82,G1,19.6,0.8405689370843414
82,G1,19.7,0.8413965487381175
82,G1,19.8,0.8422215868514386
82,G1,19.9,0.8430440486173818
82,G1,20.0,0.8438639242197346
82,G1,20.1,0.8446812177894153
82,G1,20.2,0.8454959307802502
82,G1,20.3,0.8463080661191084
82,G1,20.4,0.8471176154979024
82,G1,20.5,0.8479245734748811
82,G1,20.6,0.848728937948133
82,G1,20.7,0.8495306987082641
82,G1,20.8,0.850329858940032
82,G1,20.9,0.8511264223996068
82,G1,21.0,0.8519203918424518
82,G1,21.1,0.8527117595932899
82,G1,21.2,0.853500521897566
82,G1,21.3,0.8542866760629932
82,G1,21.4,0.8550702129614932
82,G1,21.5,0.8558511349398373
82,G1,21.6,0.8566294468092797
82,G1,21.7,0.8574051501881524
82,G1,21.8,0.8581782416733474
82,G1,21.9,0.8589487164862971
82,G1,22.0,0.8597165713484959
82,G1,22.1,0.8604817994337653
82,G1,22.2,0.8612444014444243
82,G1,22.3,0.8620043826124907
82,G1,22.4,0.8627617452769194
82,G1,22.5,0.8635164881743593
82,G1,22.6,0.8642686067819026
82,G1,22.7,0.8650180977303822
82,G1,22.8,0.8657649552118123
82,G1,22.9,0.8665091788397509
82,G1,23.0,0.8672507745412853
82,G1,23.1,0.8679897449366156
82,G1,23.2,0.868726090892174
82,G1,23.3,0.8694598081344005
82,G1,23.4,0.8701908932798592
82,G1,23.5,0.8709193419480804
82,G1,23.6,0.8716451522204849
82,G1,23.7,0.8723683307835003
82,G1,23.8,0.8730888804234309
82,G1,23.9,0.8738068042220697
82,G1,24.0,0.8745220981635944
82,G1,24.1,0.8752347584050124
82,G1,24.2,0.8759447835135937
82,G1,24.3,0.8766521684051989
82,G1,24.4,0.877356920968072
82,G1,24.5,0.8780590443334003
82,G1,24.6,0.8787585438482608
82,G1,24.7,0.879455414940481
82,G1,24.8,0.8801496544310904
82,G1,24.9,0.8808412632905493
82,G1,25.0,0.8815302336154017
82,G2,10.0,0.6403457240639364
82,G2,10.1,0.6415357295678622
82,G2,10.2,0.6427248334096833
82,G2,10.3,0.6439130230610548
82,G2,10.4,0.6451002865357954
82,G2,10.5,0.6462866203541876
82,G2,10.6,0.6474720052201052
82,G2,10.7,0.6486564345723901
82,G2,10.8,0.6498398857214762
82,G2,10.9,0.6510223453359824
82,G2,11.0,0.6522038034838107
82,G2,11.1,0.6533842457027154
82,G2,11.2,0.6545636725529584
82,G2,11.3,0.655742063437337
82,G2,11.4,0.6569194118399889
82,G2,11.5,0.6580956950161544
82,G2,11.6,0.6592708993758571
82,G2,11.7,0.6604450165475325
82,G2,11.8,0.6616180282258142
82,G2,11.9,0.6627899388614039
82,G2,12.0,0.663960728181888
82,G2,12.1,0.6651303895166053
82,G2,12.2,0.6662988998919357
82,G2,12.3,0.6674662448962205
82,G2,12.4,0.6686324172419913
82,G2,12.5,0.6697973979335186
82,G2,12.6,0.6709611916506503
82,G2,12.7,0.6721237798628009
82,G2,12.8,0.6732851549881403
82,G2,12.9,0.674445297032566
82,G2,13.0,0.6756041873353282
82,G2,13.1,0.6767618208448821
82,G2,13.2,0.6779181777664719
82,G2,13.3,0.6790732629092471
82,G2,13.4,0.6802270597152701
82,G2,13.5,0.6813795590561601
82,G2,13.6,0.6825307460112302
82,G2,13.7,0.6836805963444108
82,G2,13.8,0.684829106069622
82,G2,13.9,0.6859762570923225
82,G2,14.0,0.6871220506843377
82,G2,14.1,0.688266476474811
82,G2,14.2,0.6894095223722302
82,G2,14.3,0.6905511770909174
82,G2,14.4,0.6916914130427056
82,G2,14.5,0.6928302245892526
82,G2,14.6,0.6939675987530034
82,G2,14.7,0.6951035297398422
82,G2,14.8,0.6962380162661049
82,G2,14.9,0.6973710416271971
82,G2,15.0,0.6985025982825037
82,G2,15.1,0.6996326565831337
82,G2,15.2,0.7007612089215832
82,G2,15.3,0.701888245403607
82,G2,15.4,0.7030137562893268
82,G2,15.5,0.7041377470265933
82,G2,15.6,0.7052601970970016
82,G2,15.7,0.7063811023603989
82,G2,15.8,0.707500432555435
82,G2,15.9,0.7086181764141972
82,G2,16.0,0.7097343285030514
82,G2,16.1,0.7108488744619043
82,G2,16.2,0.7119618248860529
82,G2,16.3,0.7130731592157782
82,G2,16.4,0.7141828725003883
82,G2,16.5,0.7152909362093056
82,G2,16.6,0.7163973371689818
82,G2,16.7,0.7175020724472011
82,G2,16.8,0.7186051234444695
82,G2,16.9,0.7197065039861662
82,G2,17.0,0.7208061948600621
82,G2,17.1,0.7219041913253021
82,G2,17.2,0.7230004663732408
82,G2,17.3,0.7240950040103796
82,G2,17.4,0.7251878030298667
82,G2,17.5,0.726278843890763
82,G2,17.6,0.7273681402659443
82,G2,17.7,0.7284556755838405
82,G2,17.8,0.729541444218772
82,G2,17.9,0.7306254245749773
82,G2,18.0,0.7317075938706749
82,G2,18.1,0.7327879536476687
82,G2,18.2,0.7338664841015657
82,G2,18.3,0.7349431977820936
82,G2,18.4,0.7360180812412968
82,G2,18.5,0.7370911278834503
82,G2,18.6,0.7381623223893724
82,G2,18.7,0.7392316355959032
82,G2,18.8,0.7402990686631211
82,G2,18.9,0.741364605961301
82,G2,19.0,0.7424282528978577
82,G2,19.1,0.7434900065728596
82,G2,19.2,0.7445498553308253
82,G2,19.3,0.7456077893939939
82,G2,19.4,0.7466637752228654
82,G2,19.5,0.747717812007001
82,G2,19.6,0.7487698901317417
82,G2,19.7,0.7498200063591859
82,G2,19.8,0.7508681687232807
82,G2,19.9,0.7519143605179964
82,G2,20.0,0.7529585769444616
82,G2,20.1,0.7540007821238278
82,G2,20.2,0.7550409722470329
82,G2,20.3,0.7560791412746878
82,G2,20.4,0.7571152823333512
82,G2,20.5,0.7581494099648426
82,G2,20.6,0.7591815043074153
82,G2,20.7,0.7602115637288148
82,G2,20.8,0.7612395533182995
82,G2,20.9,0.7622654639505
82,G2,21.0,0.7632892962290667
82,G2,21.1,0.7643110353997931
82,G2,21.2,0.7653307025922096
82,G2,21.3,0.7663482788516507
82,G2,21.4,0.7673637617282218
82,G2,21.5,0.7683771189784229
82,G2,21.6,0.7693883384297039
82,G2,21.7,0.7703974231331909
82,G2,21.8,0.7714043554317471
82,G2,21.9,0.7724091576250586
82,G2,22.0,0.7734118134042844
82,G2,22.1,0.7744123205884954
82,G2,22.2,0.7754106506579159
82,G2,22.3,0.7764067863767601
82,G2,22.4,0.777400733109972
82,G2,22.5,0.7783924720753885
82,G2,22.6,0.7793820250330703
82,G2,22.7,0.7803693790027417
82,G2,22.8,0.7813545308222873
82,G2,22.9,0.7823374599860415
82,G2,23.0,0.7833181398489226
82,G2,23.1,0.7842965787752415
82,G2,23.2,0.7852727589092987
82,G2,23.3,0.7862466984129932
82,G2,23.4,0.7872183902916725
82,G2,23.5,0.78818782968194
82,G2,23.6,0.7891550030474548
82,G2,23.7,0.7901198776053978
82,G2,23.8,0.7910824593310724
82,G2,23.9,0.792042737273005
82,G2,24.0,0.7930007192611052
82,G2,24.1,0.7939564115624138
82,G2,24.2,0.7949098034622097
82,G2,24.3,0.7958608879411511
82,G2,24.4,0.7968096277061203
82,G2,24.5,0.7977560263028871
82,G2,24.6,0.7987000786144536
82,G2,24.7,0.7996417840852742
82,G2,24.8,0.8005811599110676
82,G2,24.9,0.8015181905843866
82,G2,25.0,0.8024528747265749
83,G1,10.0,0.7848612436331885
83,G1,10.1,0.785344402841047
83,G1,10.2,0.7858269798351685
83,G1,10.3,0.786309024085253
83,G1,10.4,0.7867905086449679
83,G1,10.5,0.787271421205715
83,G1,10.6,0.7877518045624217
83,G1,10.7,0.7882316041021556
83,G1,10.8,0.788710853371407
83,G1,10.9,0.7891895578848581
83,G1,11.0,0.789667673414507
83,G1,11.1,0.7901452551991521
83,G1,11.2,0.7906222592247458
83,G1,11.3,0.7910986952640295
83,G1,11.4,0.7915745918410826
83,G1,11.5,0.7920498956368307
83,G1,11.6,0.7925246493175176
83,G1,11.7,0.7929988442676965
83,G1,11.8,0.7934724477608243
83,G1,11.9,0.7939455127808411
83,G1,12.0,0.7944179878124168
83,G1,12.1,0.7948898959859289
83,G1,12.2,0.7953612535031588
83,G1,12.3,0.7958320111666033
83,G1,12.4,0.7963022197834527
83,G1,12.5,0.7967718518305136
83,G1,12.6,0.797240894799582
83,G1,12.7,0.7977093926379358
83,G1,12.8,0.7981772895659099
83,G1,12.9,0.7986446199458915
83,G1,13.0,0.7991113895966965
83,G1,13.1,0.7995775532917987
83,G1,13.2,0.8000431676715608
83,G1,13.3,0.8005081878574851
83,G1,13.4,0.8009726238892978
83,G1,13.5,0.8014365050339405
83,G1,13.6,0.8018997769491282
83,G1,13.7,0.8023624832720927
83,G1,13.8,0.802824615359909
83,G1,13.9,0.8032861397867816
83,G1,14.0,0.8037471108300083
83,G1,14.1,0.8042074760216065
83,G1,14.2,0.804667258988278
83,G1,14.3,0.8051264764522031
83,G1,14.4,0.8055850782315503
83,G1,14.5,0.8060431163235857
83,G1,14.6,0.8065005626988913
83,G1,14.7,0.8069574047026753
83,G1,14.8,0.8074136872930531
83,G1,14.9,0.8078693536900895
83,G1,15.0,0.8083244389746892
83,G1,15.1,0.8087789492461289
83,G1,15.2,0.8092328384187109
83,G1,15.3,0.8096861643624971
83,G1,15.4,0.8101388814693121
83,G1,15.5,0.8105910000181609
83,G1,15.6,0.8110425499261009
83,G1,15.7,0.8114934759918987
83,G1,15.8,0.8119438226967904
83,G1,15.9,0.8123935813892575
83,G1,16.0,0.812842718049742
83,G1,16.1,0.8132912880821894
83,G1,16.2,0.813739238225183
83,G1,16.3,0.8141865925336099
83,G1,16.4,0.8146333681924511
83,G1,16.5,0.8150795141905404
83,G1,16.6,0.8155250835605022
83,G1,16.7,0.8159700478419987
83,G1,16.8,0.8164143942810751
83,G1,16.9,0.8168581687062425
83,G1,17.0,0.8173013135089136
83,G1,17.1,0.817743864384356
83,G1,17.2,0.8181858276901962
83,G1,17.3,0.8186271566206165
83,G1,17.4,0.819067910103488
83,G1,17.5,0.8195080419333155
83,G1,17.6,0.8199475626027228
83,G1,17.7,0.820386502584103
83,G1,17.8,0.8208248059824373
83,G1,17.9,0.8212625179941427
83,G1,18.0,0.8216996299781214
83,G1,18.1,0.8221361074268847
83,G1,18.2,0.822572006703827
83,G1,18.3,0.8230072739106139
83,G1,18.4,0.8234419334627799
83,G1,18.5,0.8238760029497667
83,G1,18.6,0.82430943068975
83,G1,18.7,0.82474227059004
83,G1,18.8,0.8251744938351946
83,G1,18.9,0.8256060876242655
83,G1,19.0,0.8260370985085296
83,G1,19.1,0.8264674682253536
83,G1,19.2,0.8268972329787663
83,G1,19.3,0.8273263993621345
83,G1,19.4,0.8277549199891454
83,G1,19.5,0.8281828546712464
83,G1,19.6,0.8286101567402174
83,G1,19.7,0.8290368368728577
83,G1,19.8,0.829462926005548
83,G1,19.9,0.8298883677112804
83,G1,20.0,0.8303132077728036
83,G1,20.1,0.8307374375784302
83,G1,20.2,0.8311610222383772
83,G1,20.3,0.8315840189073465
83,G1,20.4,0.8320063732059741
83,G1,20.5,0.8324281098403173
83,G1,20.6,0.8328492467522228
83,G1,20.7,0.8332697317421568
83,G1,20.8,0.8336896194306578
83,G1,20.9,0.8341088807251742
83,G1,21.0,0.834527502826324
83,G1,21.1,0.8349455328637673
83,G1,21.2,0.8353629120900482
83,G1,21.3,0.8357796771162087
83,G1,21.4,0.8361958347467319
83,G1,21.5,0.8366113371542698
83,G1,21.6,0.8370262448566922
83,G1,21.7,0.8374405108636387
83,G1,21.8,0.8378541459987829
83,G1,21.9,0.838267181575759
83,G1,22.0,0.8386795607938503
83,G1,22.1,0.8390913298937731
83,G1,22.2,0.8395024803094816
83,G1,22.3,0.8399129768813862
83,G1,22.4,0.8403228773794719
83,G1,22.5,0.840732127101002
83,G1,22.6,0.841140750974307
83,G1,22.7,0.8415487672354558
83,G1,22.8,0.8419561233233709
83,G1,22.9,0.8423628744103284
83,G1,23.0,0.8427689912030462
83,G1,23.1,0.8431744609536314
83,G1,23.2,0.8435793312230178
83,G1,23.3,0.843983542947275
83,G1,23.4,0.8443871330451524
83,G1,23.5,0.8447901085046073
83,G1,23.6,0.8451924211966712
83,G1,23.7,0.8455941321711825
83,G1,23.8,0.8459951942474208
83,G1,23.9,0.8463956183678154
83,G1,24.0,0.8467954361284107
83,G1,24.1,0.8471945905171543
83,G1,24.2,0.8475931281027431
83,G1,24.3,0.8479910403824804
83,G1,24.4,0.8483882920325531
83,G1,24.5,0.848784941266035
83,G1,24.6,0.8491809332181323
83,G1,24.7,0.8495762929644244
83,G1,24.8,0.8499710389803143
83,G1,24.9,0.8503651184902403
83,G1,25.0,0.8507585870701343
83,G2,10.0,0.6949445729285186
83,G2,10.1,0.695506090617216
83,G2,10.2,0.6960673148602672
83,G2,10.3,0.6966281417204693
83,G2,10.4,0.6971886001797808
83,G2,10.5,0.6977487513359664
83,G2,10.6,0.6983084587277344
83,G2,10.7,0.6988678520708796
83,G2,10.8,0.699426883587065
83,G2,10.9,0.6999854933685581
83,G2,11.0,0.7005438059517969
83,G2,11.1,0.7011016861708229
83,G2,11.2,0.7016592111360703
83,G2,11.3,0.7022164056402155
83,G2,11.4,0.7027731454787365
83,G2,11.5,0.703329572094346
83,G2,11.6,0.7038856051179335
83,G2,11.7,0.7044412255065716
83,G2,11.8,0.7049965345600555
83,G2,11.9,0.7055513864489011
83,G2,12.0,0.7061058920615241
83,G2,12.1,0.7066600381914205
83,G2,12.2,0.707213729703718
83,G2,12.3,0.7077671039001889
83,G2,12.4,0.7083200497936927
83,G2,12.5,0.7088725992904746
83,G2,12.6,0.709424816503031
83,G2,12.7,0.70997655667396
83,G2,12.8,0.7105279586792327
83,G2,12.9,0.7110789706356869
83,G2,13.0,0.7116295299139975
83,G2,13.1,0.7121797685857232
83,G2,13.2,0.7127295431532
83,G2,13.3,0.713278936379331
83,G2,13.4,0.7138279735060765
83,G2,13.5,0.7143765235823429
83,G2,13.6,0.7149247370016986
83,G2,13.7,0.7154725278614957
83,G2,13.8,0.7160198771127728
83,G2,13.9,0.7165668913921375
83,G2,14.0,0.7171134165178076
83,G2,14.1,0.717659570903985
83,G2,14.2,0.7182053393014628
83,G2,14.3,0.7187506220883806
83,G2,14.4,0.7192955645822022
83,G2,14.5,0.7198400490387002
83,G2,14.6,0.720384110258071
83,G2,14.7,0.7209278151265817
83,G2,14.8,0.7214710110317408
83,G2,14.9,0.7220138456228413
83,G2,15.0,0.7225562630296815
83,G2,15.1,0.7230981981241901
83,G2,15.2,0.7236397901073617
83,G2,15.3,0.7241808875505881
83,G2,15.4,0.724721578679607
83,G2,15.5,0.7252618890570225
83,G2,15.6,0.7258016814083729
83,G2,15.7,0.7263411146333687
83,G2,15.8,0.7268800975107361
83,G2,15.9,0.7274186111106786
83,G2,16.0,0.7279567670368942
83,G2,16.1,0.7284944032178229
83,G2,16.2,0.729031645281974
83,G2,16.3,0.7295684759302249
83,G2,16.4,0.7301047913939791
83,G2,16.5,0.7306407445648441
83,G2,16.6,0.7311762112600374
83,G2,16.7,0.73171122913039
83,G2,16.8,0.7322458675870376
83,G2,16.9,0.7327799666310658
83,G2,17.0,0.7333136822656355
83,G2,17.1,0.7338469547672819
83,G2,17.2,0.734379716739195
83,G2,17.3,0.7349121140812855
83,G2,17.4,0.7354439878639111
83,G2,17.5,0.7359754315643603
83,G2,17.6,0.7365064709382346
83,G2,17.7,0.737036962831916
83,G2,17.8,0.7375670741761561
83,G2,17.9,0.7380967086666553
83,G2,18.0,0.7386258476145285
83,G2,18.1,0.7391546072054803
83,G2,18.2,0.739682817968217
83,G2,18.3,0.7402106124069351
83,G2,18.4,0.740737971174895
83,G2,18.5,0.7412647867096769
83,G2,18.6,0.7417912190090394
83,G2,18.7,0.7423171377944091
83,G2,18.8,0.7428425835110097
83,G2,18.9,0.7433676278393305
83,G2,19.0,0.7438921038880376
83,G2,19.1,0.7444161755641026
83,G2,19.2,0.7449397794400129
83,G2,19.3,0.7454628460861648
83,G2,19.4,0.7459855276481603
83,G2,19.5,0.7465076581523719
83,G2,19.6,0.7470293360955931
83,G2,19.7,0.7475505873005228
83,G2,19.8,0.7480712631973646
83,G2,19.9,0.7485915382447274
83,G2,20.0,0.7491113113105461
83,G2,20.1,0.7496305640643813
83,G2,20.2,0.7501494168754855
83,G2,20.3,0.750667693388028
83,G2,20.4,0.7511855326176791
83,G2,20.5,0.7517029131820111
83,G2,20.6,0.752219724088531
83,G2,20.7,0.7527361319490107
83,G2,20.8,0.7532520007545014
83,G2,20.9,0.7537673736755927
83,G2,21.0,0.754282324401346
83,G2,21.1,0.7547966796649187
83,G2,21.2,0.755310610798582
83,G2,21.3,0.7558240508347903
83,G2,21.4,0.7563369285517909
83,G2,21.5,0.7568494018671879
83,G2,21.6,0.7573612982453899
83,G2,21.7,0.7578727209509087
83,G2,21.8,0.7583836957501044
83,G2,21.9,0.7588940691364262
83,G2,22.0,0.7594040225675229
83,G2,22.1,0.7599134503573294
83,G2,22.2,0.760422334646467
83,G2,22.3,0.760930799577939
83,G2,22.4,0.7614386624492246
83,G2,22.5,0.7619460683993575
83,G2,22.6,0.7624529940318197
83,G2,22.7,0.7629593252967871
83,G2,22.8,0.7634652349061692
83,G2,22.9,0.7639705815069952
83,G2,23.0,0.7644754109136401
83,G2,23.1,0.7649797985590426
83,G2,23.2,0.7654835653381331
83,G2,23.3,0.7659868895038147
83,G2,23.4,0.766489700726579
83,G2,23.5,0.7669919262366479
83,G2,23.6,0.7674937292317896
83,G2,23.7,0.767994931119148
83,G2,23.8,0.768495639660562
83,G2,23.9,0.7689958804457669
83,G2,24.0,0.769495495524938
83,G2,24.1,0.7699946728028865
83,G2,24.2,0.7704933023305511
83,G2,24.3,0.7709913668266544
83,G2,24.4,0.7714889937888902
83,G2,24.5,0.7719859947259246
83,G2,24.6,0.772482520489973
83,G2,24.7,0.772978545701673
83,G2,24.8,0.7734739536337127
83,G2,24.9,0.7739689225650579
83,G2,25.0,0.774463306204152
84,G1,10.0,0.7917392410289863
84,G1,10.1,0.7922868812713995
84,G1,10.2,0.7928337676046456
84,G1,10.3,0.7933798798362278
84,G1,10.4,0.7939252410149099
84,G1,10.5,0.794469835381695
84,G1,10.6,0.7950136692552912
84,G1,10.7,0.7955567455205368
84,G1,10.8,0.7960990392670723
84,G1,10.9,0.7966405793358521
84,G1,11.0,0.7971813564249547
84,G1,11.1,0.7977213502631442
84,G1,11.2,0.798260583985359
84,G1,11.3,0.7987990415726548
84,G1,11.4,0.799336730083292
84,G1,11.5,0.7998736520809123
84,G1,11.6,0.8004097824093909
84,G1,11.7,0.8009451502418433
84,G1,11.8,0.8014797464724365
84,G1,11.9,0.8020135507588542
84,G1,12.0,0.8025465863174671
84,G1,12.1,0.8030788368420189
84,G1,12.2,0.8036103102063711
84,G1,12.3,0.8041410085777216
84,G1,12.4,0.8046709065958264
84,G1,12.5,0.8052000337417102
84,G1,12.6,0.8057283811011742
84,G1,12.7,0.8062559283124813
84,G1,12.8,0.806782698624634
84,G1,12.9,0.8073086754344858
84,G1,13.0,0.8078338674986253
84,G1,13.1,0.8083582765273044
84,G1,13.2,0.8088818769760648
84,G1,13.3,0.8094046986287321
84,G1,13.4,0.8099267327548763
84,G1,13.5,0.8104479590149063
84,G1,13.6,0.81096840065168
84,G1,13.7,0.8114880407588873
84,G1,13.8,0.8120068890234272
84,G1,13.9,0.8125249466427235
84,G1,14.0,0.8130421879188229
84,G1,14.1,0.8135586429442789
84,G1,14.2,0.8140743031394322
84,G1,14.3,0.8145891482822125
84,G1,14.4,0.815103201483201
84,G1,14.5,0.8156164455997245
84,G1,14.6,0.8161288912449127
84,G1,14.7,0.816640539055244
84,G1,14.8,0.8171513632684443
84,G1,14.9,0.8176613942272353
84,G1,15.0,0.8181706235182734
84,G1,15.1,0.8186790310278774
84,G1,15.2,0.8191866397506555
84,G1,15.3,0.8196934323036872
84,G1,15.4,0.8201994202073787
84,G1,15.5,0.8207046035378263
84,G1,15.6,0.8212089564844205
84,G1,15.7,0.8217125096754375
84,G1,15.8,0.8222152547789303
84,G1,15.9,0.8227171718575916
84,G1,16.0,0.8232182837832405
84,G1,16.1,0.8237185729197491
84,G1,16.2,0.8242180516822191
84,G1,16.3,0.8247167195726004
84,G1,16.4,0.8252145507900932
84,G1,16.5,0.8257115762071516
84,G1,16.6,0.8262077875936232
84,G1,16.7,0.8267031651943824
84,G1,16.8,0.8271977317126361
84,G1,16.9,0.8276914693251599
84,G1,17.0,0.8281843912821523
84,G1,17.1,0.8286764964743063
84,G1,17.2,0.8291677592966376
84,G1,17.3,0.8296582106644605
84,G1,17.4,0.8301478425506139
84,G1,17.5,0.8306366353552677
84,G1,17.6,0.8311246115954058
84,G1,17.7,0.8316117532869355
84,G1,17.8,0.8320980745233101
84,G1,17.9,0.8325835735813746
84,G1,18.0,0.833068225005026
84,G1,18.1,0.8335520598087468
84,G1,18.2,0.8340350701698519
84,G1,18.3,0.8345172365922162
84,G1,18.4,0.8349985814570373
84,G1,18.5,0.8354790865893386
84,G1,18.6,0.8359587669114493
84,G1,18.7,0.836437620136364
84,G1,18.8,0.8369156209425718
84,G1,18.9,0.8373928004158034
84,G1,19.0,0.8378691509016103
84,G1,19.1,0.8383446531493144
84,G1,19.2,0.8388193292933687
84,G1,19.3,0.8392931609767706
84,G1,19.4,0.8397661639324878
84,G1,19.5,0.8402383353589711
84,G1,19.6,0.8407096500961239
84,G1,19.7,0.8411801392201428
84,G1,19.8,0.8416497952484266
84,G1,19.9,0.842118599242687
84,G1,20.0,0.8425865730407066
84,G1,20.1,0.8430536981652945
84,G1,20.2,0.8435199910702506
84,G1,20.3,0.8439854484794211
84,G1,20.4,0.8444500454103658
84,G1,20.5,0.8449138129078191
84,G1,20.6,0.8453767436222912
84,G1,20.7,0.8458388190625172
84,G1,20.8,0.846300060604846
84,G1,20.9,0.8467604497954027
84,G1,21.0,0.8472200036548804
84,G1,21.1,0.8476787185885254
84,G1,21.2,0.8481365697281729
84,G1,21.3,0.8485935880314824
84,G1,21.4,0.8490497663564851
84,G1,21.5,0.8495050865808502
84,G1,21.6,0.8499595697688245
84,G1,21.7,0.8504131973280858
84,G1,21.8,0.850865986898401
84,G1,21.9,0.8513179346123412
84,G1,22.0,0.8517690156386251
84,G1,22.1,0.852219260962726
84,G1,22.2,0.8526686635288657
84,G1,22.3,0.8531172056389827
84,G1,22.4,0.8535649080469129
84,G1,22.5,0.8540117520005993
84,G1,22.6,0.8544577557480277
84,G1,22.7,0.8549029151579092
84,G1,22.8,0.8553472055134086
84,G1,22.9,0.855790657728138
84,G1,23.0,0.8562332648812515
84,G1,23.1,0.8566750096713999
84,G1,23.2,0.8571159125004219
84,G1,23.3,0.8575559546159445
84,G1,23.4,0.8579951546878672
84,G1,23.5,0.8584335083870668
84,G1,23.6,0.8588709912082553
84,G1,23.7,0.859307633863595
84,G1,23.8,0.8597434295919963
84,G1,23.9,0.8601783615526648
84,G1,24.0,0.8606124497200315
84,G1,24.1,0.8610456753821479
84,G1,24.2,0.8614780575734751
84,G1,24.3,0.8619095918540192
84,G1,24.4,0.8623402539031386
84,G1,24.5,0.8627700742015539
84,G1,24.6,0.8631990461431631
84,G1,24.7,0.8636271533747928
84,G1,24.8,0.8640544154673129
84,G1,24.9,0.8644808136701841
84,G1,25.0,0.8649063674379704
84,G2,10.0,0.647529541092044
84,G2,10.1,0.6482043465555214
84,G2,10.2,0.6488788400755452
84,G2,10.3,0.6495530168093074
84,G2,10.4,0.6502268367587789
84,G2,10.5,0.6509003287819474
84,G2,10.6,0.651573481879799
84,G2,10.7,0.6522462972829332
84,G2,10.8,0.6529187822632329
84,G2,10.9,0.65359089303377
84,G2,11.0,0.6542626739683327
84,G2,11.1,0.6549341203855489
84,G2,11.2,0.6556051914799321
84,G2,11.3,0.6562759169315034
84,G2,11.4,0.656946284307767
84,G2,11.5,0.6576162964321413
84,G2,11.6,0.6582859609242313
84,G2,11.7,0.6589552317290287
84,G2,11.8,0.6596241549619953
84,G2,11.9,0.6602927260732261
84,G2,12.0,0.6609609035313974
84,G2,12.1,0.6616287177997978
84,G2,12.2,0.6622961549758587
84,G2,12.3,0.6629632195247013
84,G2,12.4,0.6636299194174629
84,G2,12.5,0.6642962063230241
84,G2,12.6,0.6649621280907276
84,G2,12.7,0.6656276802717643
84,G2,12.8,0.6662928206910437
84,G2,12.9,0.6669575805559769
84,G2,13.0,0.6676219444592062
84,G2,13.1,0.6682859185536661
84,G2,13.2,0.668949511166322
84,G2,13.3,0.6696126716840074
84,G2,13.4,0.6702754496806715
84,G2,13.5,0.6709378407778583
84,G2,13.6,0.6715998022391301
84,G2,13.7,0.6722613659765463
84,G2,13.8,0.6729225150451731
84,G2,13.9,0.6735832573290232
84,G2,14.0,0.67424360151566
84,G2,14.1,0.6749034947060514
84,G2,14.2,0.6755629881880088
84,G2,14.3,0.6762220776223461
84,G2,14.4,0.6768807197868786
84,G2,14.5,0.6775389472797577
84,G2,14.6,0.6781967415664704
84,G2,14.7,0.6788541123095265
84,G2,14.8,0.6795110685287982
84,G2,14.9,0.6801675551382714
84,G2,15.0,0.6808236250268512
84,G2,15.1,0.6814792738901146
84,G2,15.2,0.6821344580235784
84,G2,15.3,0.6827892109345238
84,G2,15.4,0.6834435122235654
84,G2,15.5,0.684097373423701
84,G2,15.6,0.6847508037089297
84,G2,15.7,0.6854037464029653
84,G2,15.8,0.6860562553859227
84,G2,15.9,0.686708326353117
84,G2,16.0,0.6873599157964123
84,G2,16.1,0.6880110574510775
84,G2,16.2,0.6886617293953917
84,G2,16.3,0.6893119448790171
84,G2,16.4,0.6899617132828635
84,G2,16.5,0.6906109764016815
84,G2,16.6,0.6912597890330517
84,G2,16.7,0.6919081468537451
84,G2,16.8,0.6925560066422192
84,G2,16.9,0.693203402323729
84,G2,17.0,0.6938503104332006
84,G2,17.1,0.6944967459582762
84,G2,17.2,0.6951427183808231
84,G2,17.3,0.695788168308259
84,G2,17.4,0.6964331511065136
84,G2,17.5,0.6970776625070406
84,G2,17.6,0.6977216596639934
84,G2,17.7,0.6983651766552389
84,G2,17.8,0.6990081884432359
84,G2,17.9,0.6996507118022546
84,G2,18.0,0.7002927562775038
84,G2,18.1,0.7009342613478906
84,G2,18.2,0.7015752828922825
84,G2,18.3,0.7022158166719076
84,G2,18.4,0.7028558203044688
84,G2,18.5,0.7034953279837379
84,G2,18.6,0.7041343130757014
84,G2,18.7,0.7047727941776818
84,G2,18.8,0.7054107808707439
84,G2,18.9,0.7060482115612956
84,G2,19.0,0.7066851425862761
84,G2,19.1,0.7073215697114179
84,G2,19.2,0.7079574511044733
84,G2,19.3,0.7085928210391113
84,G2,19.4,0.7092276512628589
84,G2,19.5,0.7098619622296508
84,G2,19.6,0.7104957635296704
84,G2,19.7,0.7111289925531015
84,G2,19.8,0.7117617060407027
84,G2,19.9,0.7123938997371092
84,G2,20.0,0.7130255324451628
84,G2,20.1,0.7136566384831601
84,G2,20.2,0.7142871879602334
84,G2,20.3,0.7149172032175846
84,G2,20.4,0.7155466938285472
84,G2,20.5,0.7161755962235635
84,G2,20.6,0.7168039674936367
84,G2,20.7,0.7174318033364006
84,G2,20.8,0.7180590632732706
84,G2,20.9,0.7186857816326679
84,G2,21.0,0.7193119268674839
84,G2,21.1,0.7199375232338958
84,G2,21.2,0.7205625802632171
84,G2,21.3,0.7211870334827719
84,G2,21.4,0.7218109402492529
84,G2,21.5,0.722434296282291
84,G2,21.6,0.7230570618085318
84,G2,21.7,0.7236792711645413
84,G2,21.8,0.7243008911312419
84,G2,21.9,0.7249219479045161
84,G2,22.0,0.7255424509493019
84,G2,22.1,0.7261623349465195
84,G2,22.2,0.7267816573546603
84,G2,22.3,0.7274004142245125
84,G2,22.4,0.7280185662324621
84,G2,22.5,0.7286361478022017
84,G2,22.6,0.7292531240291034
84,G2,22.7,0.7298695230704738
84,G2,22.8,0.730485354301362
84,G2,22.9,0.7311005516130211
84,G2,23.0,0.7317151725050492
84,G2,23.1,0.7323292133613383
84,G2,23.2,0.7329426353576964
84,G2,23.3,0.7335554728163955
84,G2,23.4,0.7341676896339842
84,G2,23.5,0.7347793154497424
84,G2,23.6,0.7353903596922192
84,G2,23.7,0.7360007555197083
84,G2,23.8,0.7366105604133882
84,G2,23.9,0.7372197710912747
84,G2,24.0,0.7378283492771103
84,G2,24.1,0.7384363291493968
84,G2,24.2,0.7390436734580701
84,G2,24.3,0.7396504132785849
84,G2,24.4,0.7402565580916901
84,G2,24.5,0.7408620403793346
84,G2,24.6,0.7414669175459863
84,G2,24.7,0.7420711866438752
84,G2,24.8,0.7426748099919742
84,G2,24.9,0.7432778215961515
84,G2,25.0,0.743880183075613
85,G1,10.0,0.7707737894584228
85,G1,10.1,0.7713493043490082
85,G1,10.2,0.7719241178380558
85,G1,10.3,0.7724981990000223
85,G1,10.4,0.7730715842213624
85,G1,10.5,0.7736442573334008
85,G1,10.6,0.7742161994742174
85,G1,10.7,0.7747874433006251
85,G1,10.8,0.7753579610031345
85,G1,10.9,0.7759277525423809
85,G1,11.0,0.7764968420288942
85,G1,11.1,0.777065192993336
85,G1,11.2,0.7776328213329703
85,G1,11.3,0.7781997409403938
85,G1,11.4,0.77876591430771
85,G1,11.5,0.7793313677496948
85,G1,11.6,0.7798961041955959
85,G1,11.7,0.7804600891710827
85,G1,11.8,0.7810233545205756
85,G1,11.9,0.7815858962088263
85,G1,12.0,0.7821476808418651
85,G1,12.1,0.78270874567232
85,G1,12.2,0.7832690782860114
85,G1,12.3,0.783828653312496
85,G1,12.4,0.7843875079253433
85,G1,12.5,0.7849456161430604
85,G1,12.6,0.7855029724234074
85,G1,12.7,0.7860596050161279
85,G1,12.8,0.786615478224169
85,G1,12.9,0.7871706036614121
85,G1,13.0,0.7877250002539568
85,G1,13.1,0.7882786284834299
85,G1,13.2,0.7888315125889789
85,G1,13.3,0.789383659950889
85,G1,13.4,0.7899350336981429
85,G1,13.5,0.7904856652249864
85,G1,13.6,0.7910355527987948
85,G1,13.7,0.7915846609116068
85,G1,13.8,0.7921330271636532
85,G1,13.9,0.792680642427817
85,G1,14.0,0.7932274765487015
85,G1,14.1,0.7937735693037563
85,G1,14.2,0.794318897820464
85,G1,14.3,0.794863450328663
85,G1,14.4,0.7954072588660919
85,G1,14.5,0.7959502898720713
85,G1,14.6,0.7964925500030442
85,G1,14.7,0.7970340624078073
85,G1,14.8,0.7975747869137225
85,G1,14.9,0.7981147452557213
85,G1,15.0,0.7986539487039898
85,G1,15.1,0.799192358422359
85,G1,15.2,0.7997300048556096
85,G1,15.3,0.8002668894707423
85,G1,15.4,0.8008029745960088
85,G1,15.5,0.8013382976838775
85,G1,15.6,0.8018728528682286
85,G1,15.7,0.8024066054490234
85,G1,15.8,0.8029395971721506
85,G1,15.9,0.803471809521422
85,G1,16.0,0.8040032232535794
85,G1,16.1,0.8045338748540519
85,G1,16.2,0.8050637329588609
85,G1,16.3,0.805592799159766
85,G1,16.4,0.8061211006343056
85,G1,16.5,0.8066485967254305
85,G1,16.6,0.8071753065666109
85,G1,16.7,0.8077012455158902
85,G1,16.8,0.808226372336147
85,G1,16.9,0.8087507172125261
85,G1,17.0,0.809274284167038
85,G1,17.1,0.8097970340714659
85,G1,17.2,0.8103190036496792
85,G1,17.3,0.8108401899890785
85,G1,17.4,0.811360554890201
85,G1,17.5,0.8118801411824452
85,G1,17.6,0.8123989349832916
85,G1,17.7,0.8129169096244043
85,G1,17.8,0.813434106009436
85,G1,17.9,0.8139504953794787
85,G1,18.0,0.8144660736381332
85,G1,18.1,0.8149808717399416
85,G1,18.2,0.8154948499354889
85,G1,18.3,0.8160080231915107
85,G1,18.4,0.8165204116887382
85,G1,18.5,0.8170319724830417
85,G1,18.6,0.8175427337487271
85,G1,18.7,0.8180527033137049
85,G1,18.8,0.8185618407340788
85,G1,18.9,0.8190701816316618
85,G1,19.0,0.8195777251378886
85,G1,19.1,0.8200844315323567
85,G1,19.2,0.8205903433088775
85,G1,19.3,0.8210954509498081
85,G1,19.4,0.8215997217453793
85,G1,19.5,0.822103200000595
85,G1,19.6,0.8226058602354002
85,G1,19.7,0.8231076915065599
85,G1,19.8,0.8236087289485112
85,G1,19.9,0.8241089351673241
85,G1,20.0,0.8246083194798064
85,G1,20.1,0.8251069068725821
85,G1,20.2,0.8256046537866986
85,G1,20.3,0.826101585178256
85,G1,20.4,0.8265977133806288
85,G1,20.5,0.8270929963754793
85,G1,20.6,0.8275874681696309
85,G1,20.7,0.828081131066776
85,G1,20.8,0.8285739436321464
85,G1,20.9,0.8290659476099334
85,G1,21.0,0.8295571373799168
85,G1,21.1,0.8300474756216352
85,G1,21.2,0.8305370082648323
85,G1,21.3,0.8310257144285721
85,G1,21.4,0.8315135758576184
85,G1,21.5,0.8320006314184897
85,G1,21.6,0.8324868468250824
85,G1,21.7,0.8329722257428767
85,G1,21.8,0.8334567972240926
85,G1,21.9,0.8339405178467768
85,G1,22.0,0.8344234093771044
85,G1,22.1,0.8349054880690231
85,G1,22.2,0.8353867102425281
85,G1,22.3,0.8358671089891283
85,G1,22.4,0.8363466893236494
85,G1,22.5,0.8368254085551472
85,G1,22.6,0.8373033075257658
85,G1,22.7,0.8377803838806809
85,G1,22.8,0.8382565963356703
85,G1,22.9,0.8387319919464076
85,G1,23.0,0.8392065551191787
85,G1,23.1,0.839680259532457
85,G1,23.2,0.8401531483245658
85,G1,23.3,0.840625190504199
85,G1,23.4,0.8410963836174642
85,G1,23.5,0.8415667606011328
85,G1,23.6,0.8420362787437565
85,G1,23.7,0.8425049560584745
85,G1,23.8,0.8429728130499315
85,G1,23.9,0.8434398047671241
85,G1,24.0,0.8439059624740612
85,G1,24.1,0.8443712943389068
85,G1,24.2,0.8448357570550369
85,G1,24.3,0.8452993897976575
85,G1,24.4,0.8457621927142628
85,G1,24.5,0.8462241226460276
85,G1,24.6,0.8466852263242443
85,G1,24.7,0.8471454932266692
85,G1,24.8,0.8476048897785651
85,G1,24.9,0.8480634632325664
85,G1,25.0,0.848521185847175
85,G2,10.0,0.638130164117121
85,G2,10.1,0.638810494367671
85,G2,10.2,0.6394905249086964
85,G2,10.3,0.6401702611262023
85,G2,10.4,0.6408496930337351
85,G2,10.5,0.6415288119862872
85,G2,10.6,0.6422076390087725
85,G2,10.7,0.6428861520946701
85,G2,10.8,0.6435643408186308
85,G2,10.9,0.6442422338082844
85,G2,11.0,0.6449198049139588
85,G2,11.1,0.6455970486882848
85,G2,11.2,0.6462739859892637
85,G2,11.3,0.6469505940386817
85,G2,11.4,0.6476268727713207
85,G2,11.5,0.6483028334595993
85,G2,11.6,0.6489784567347605
85,G2,11.7,0.6496537509745318
85,G2,11.8,0.6503287109121423
85,G2,11.9,0.6510033307249284
85,G2,12.0,0.6516776180750392
85,G2,12.1,0.6523515600268072
85,G2,12.2,0.6530251514830828
85,G2,12.3,0.653698412674092
85,G2,12.4,0.6543713183284526
85,G2,12.5,0.6550438614673861
85,G2,12.6,0.6557160722218011
85,G2,12.7,0.6563879197594334
85,G2,12.8,0.6570594003843486
85,G2,12.9,0.6577305381381993
85,G2,13.0,0.6584013062232134
85,G2,13.1,0.6590717052768448
85,G2,13.2,0.6597417505097533
85,G2,13.3,0.6604114173610822
85,G2,13.4,0.6610807166512433
85,G2,13.5,0.6617496448996545
85,G2,13.6,0.6624181922519639
85,G2,13.7,0.6630863704769194
85,G2,13.8,0.6637541630117507
85,G2,13.9,0.6644215681095601
85,G2,14.0,0.6650886040158581
85,G2,14.1,0.6657552457441103
85,G2,14.2,0.6664214864952996
85,G2,14.3,0.6670873587951581
85,G2,14.4,0.6677528279270134
85,G2,14.5,0.6684178900176162
85,G2,14.6,0.6690825751783188
85,G2,14.7,0.6697468499113305
85,G2,14.8,0.6704107172522699
85,G2,14.9,0.671074195516063
85,G2,15.0,0.6717372556162691
85,G2,15.1,0.672399909655008
85,G2,15.2,0.673062157957259
85,G2,15.3,0.6737239845665829
85,G2,15.4,0.6743854055972128
85,G2,15.5,0.6750464029201767
85,G2,15.6,0.6757069761008239
85,G2,15.7,0.676367141640896
85,G2,15.8,0.6770268749846473
85,G2,15.9,0.6776861709198955
85,G2,16.0,0.6783450625549456
85,G2,16.1,0.6790035117312965
85,G2,16.2,0.6796615149288983
85,G2,16.3,0.6803191082390698
85,G2,16.4,0.6809762508898554
85,G2,16.5,0.6816329488588742
85,G2,16.6,0.6822892231452579
85,G2,16.7,0.6829450403522922
85,G2,16.8,0.6836004143579697
85,G2,16.9,0.6842553487734424
85,G2,17.0,0.6849098211195552
85,G2,17.1,0.6855638522430141
85,G2,17.2,0.6862174243928496
85,G2,17.3,0.6868705350896688
85,G2,17.4,0.6875232012307888
85,G2,17.5,0.6881753978754165
85,G2,17.6,0.6888271218991844
85,G2,17.7,0.689478406514011
85,G2,17.8,0.6901292095028609
85,G2,17.9,0.6907795304485842
85,G2,18.0,0.6914294087875393
85,G2,18.1,0.6920787972817923
85,G2,18.2,0.6927277044524257
85,G2,18.3,0.6933761544201508
85,G2,18.4,0.6940241100003207
85,G2,18.5,0.6946715850645655
85,G2,18.6,0.6953185889582868
85,G2,18.7,0.6959650913749638
85,G2,18.8,0.6966111173736815
85,G2,18.9,0.6972566511255059
85,G2,19.0,0.697901685434257
85,G2,19.1,0.6985462415806745
85,G2,19.2,0.6991902907103653
85,G2,19.3,0.6998338337991403
85,G2,19.4,0.7004769015962877
85,G2,19.5,0.7011194521259807
85,G2,19.6,0.7017614851883623
85,G2,19.7,0.7024030429745932
85,G2,19.8,0.7030440744341206
85,G2,19.9,0.7036845870244063
85,G2,20.0,0.704324612173675
85,G2,20.1,0.7049641056600685
85,G2,20.2,0.7056030824794916
85,G2,20.3,0.7062415571912777
85,G2,20.4,0.7068794938488956
85,G2,20.5,0.7075169183528539
85,G2,20.6,0.7081538200632149
85,G2,20.7,0.7087901844492908
85,G2,20.8,0.7094260379067261
85,G2,20.9,0.7100613494858751
85,G2,21.0,0.7106961221018727
85,G2,21.1,0.7113303839745677
85,G2,21.2,0.7119640950010013
85,G2,21.3,0.7125972547294062
85,G2,21.4,0.7132299072947125
85,G2,21.5,0.7138619983878377
85,G2,21.6,0.7144935338492394
85,G2,21.7,0.7151245536731939
85,G2,21.8,0.7157550049194223
85,G2,21.9,0.7163849054537947
85,G2,22.0,0.7170142739590962
85,G2,22.1,0.7176430686947322
85,G2,22.2,0.7182713172821911
85,G2,22.3,0.7188990143236708
85,G2,22.4,0.719526136545912
85,G2,22.5,0.7201527159307715
85,G2,22.6,0.7207787217316931
85,G2,22.7,0.7214041560049373
85,G2,22.8,0.7220290451299002
85,G2,22.9,0.7226533511314013
85,G2,23.0,0.7232770739820013
85,G2,23.1,0.7239002584684451
85,G2,23.2,0.7245228475239276
85,G2,23.3,0.7251448466405033
85,G2,23.4,0.7257663027482284
85,G2,23.5,0.7263871548282689
85,G2,23.6,0.7270074231883934
85,G2,23.7,0.7276271307137829
85,G2,23.8,0.7282462309394689
85,G2,23.9,0.7288647517823773
85,G2,24.0,0.7294826938237323
85,G2,24.1,0.7301000251631726
85,G2,24.2,0.7307167826907267
85,G2,24.3,0.7313329380723222
85,G2,24.4,0.7319484883018189
85,G2,24.5,0.7325634627411991
85,G2,24.6,0.7331778216610695
85,G2,24.7,0.7337915680837198
85,G2,24.8,0.7344047452139993
85,G2,24.9,0.7350172940409492
85,G2,25.0,0.7356292224980319
86,G1,10.0,0.8049634803236345
86,G1,10.1,0.8054350316214511
86,G1,10.2,0.8059059644612298
86,G1,10.3,0.806376276463488
86,G1,10.4,0.8068459699635331
86,G1,10.5,0.8073150503682748
86,G1,10.6,0.8077834973040688
86,G1,10.7,0.8082513255378138
86,G1,10.8,0.8087185298366477
86,G1,10.9,0.809185110825941
86,G1,11.0,0.8096510733051612
86,G1,11.1,0.8101164009623271
86,G1,11.2,0.8105811062325724
86,G1,11.3,0.8110451863267958
86,G1,11.4,0.8115086362934587
86,G1,11.5,0.811971462096017
86,G1,11.6,0.8124336529049162
86,G1,11.7,0.8128952177901837
86,G1,11.8,0.8133561564577408
86,G1,11.9,0.8138164600488798
86,G1,12.0,0.8142761315644893
86,G1,12.1,0.8147351690730047
86,G1,12.2,0.8151935763049514
86,G1,12.3,0.8156513576006591
86,G1,12.4,0.8161084945678102
86,G1,12.5,0.8165649995815288
86,G1,12.6,0.8170208677028129
86,G1,12.7,0.8174761019693959
86,G1,12.8,0.817930706610662
86,G1,12.9,0.8183846626884689
86,G1,13.0,0.8188379852827532
86,G1,13.1,0.8192906696535349
86,G1,13.2,0.8197427139931773
86,G1,13.3,0.8201941238980872
86,G1,13.4,0.8206448858144769
86,G1,13.5,0.8210950101840301
86,G1,13.6,0.8215444962504309
86,G1,13.7,0.8219933365945004
86,G1,13.8,0.8224415358815933
86,G1,13.9,0.8228890879630633
86,G1,14.0,0.8233359996999237
86,G1,14.1,0.8237822729408204
86,G1,14.2,0.8242278939035785
86,G1,14.3,0.8246728702433912
86,G1,14.4,0.8251171992648499
86,G1,14.5,0.8255608837551021
86,G1,14.6,0.8260039295310236
86,G1,14.7,0.8264463153886489
86,G1,14.8,0.8268880573773465
86,G1,14.9,0.8273291500532131
86,G1,15.0,0.8277695940332692
86,G1,15.1,0.8282093947413034
86,G1,15.2,0.8286485354665775
86,G1,15.3,0.8290870293267397
86,G1,15.4,0.829524873799706
86,G1,15.5,0.8299620634804468
86,G1,15.6,0.8303986051203546
86,G1,15.7,0.8308344876484153
86,G1,15.8,0.8312697207052008
86,G1,15.9,0.8317043044024975
86,G1,16.0,0.8321382291703843
86,G1,16.1,0.8325714989243158
86,G1,16.2,0.8330041116082514
86,G1,16.3,0.8334360712817164
86,G1,16.4,0.8338673828825011
86,G1,16.5,0.8342980270643358
86,G1,16.6,0.8347280175192979
86,G1,16.7,0.8351573489566078
86,G1,16.8,0.835586024675532
86,G1,16.9,0.8360140494184558
86,G1,17.0,0.8364414036838062
86,G1,17.1,0.8368681035362967
86,G1,17.2,0.8372941441269
86,G1,17.3,0.8377195235694558
86,G1,17.4,0.8381442481331707
86,G1,17.5,0.8385683039077958
86,G1,17.6,0.8389917020187557
86,G1,17.7,0.8394144419245817
86,G1,17.8,0.8398365158907382
86,G1,17.9,0.8402579290909329
86,G1,18.0,0.8406786754108019
86,G1,18.1,0.8410987621484386
86,G1,18.2,0.8415181916128642
86,G1,18.3,0.8419369491734978
86,G1,18.4,0.8423550436664565
86,G1,18.5,0.8427724720998362
86,G1,18.6,0.8431892376702682
86,G1,18.7,0.8436053465303477
86,G1,18.8,0.8440207768863975
86,G1,18.9,0.8444355459121136
86,G1,19.0,0.8448496479811916
86,G1,19.1,0.8452630836903973
86,G1,19.2,0.8456758590279106
86,G1,19.3,0.8460879570813619
86,G1,19.4,0.8464993914711751
86,G1,19.5,0.8469101600391695
86,G1,19.6,0.8473202569176957
86,G1,19.7,0.8477296895605897
86,G1,19.8,0.8481384468120416
86,G1,19.9,0.8485465387682692
86,G1,20.0,0.8489539659098397
86,G1,20.1,0.8493607180789956
86,G1,20.2,0.8497668000893364
86,G1,20.3,0.8501722097379967
86,G1,20.4,0.8505769513696748
86,G1,20.5,0.8509810304679455
86,G1,20.6,0.8513844269348552
86,G1,20.7,0.8517871556451566
86,G1,20.8,0.8521892109959105
86,G1,20.9,0.8525905964922452
86,G1,21.0,0.8529913173584202
86,G1,21.1,0.8533913537201022
86,G1,21.2,0.8537907224757503
86,G1,21.3,0.8541894187154941
86,G1,21.4,0.8545874404448062
86,G1,21.5,0.8549847945753541
86,G1,21.6,0.8553814669652674
86,G1,21.7,0.8557774693055863
86,G1,21.8,0.856172801275209
86,G1,21.9,0.8565674549044934
86,G1,22.0,0.856961435789313
86,G1,22.1,0.8573547379657463
86,G1,22.2,0.8577473690377037
86,G1,22.3,0.8581393317420689
86,G1,22.4,0.8585306107909658
86,G1,22.5,0.8589212160838942
86,G1,22.6,0.8593111443458961
86,G1,22.7,0.8597003991447045
86,G1,22.8,0.860088986882212
86,G1,22.9,0.8604768855028846
86,G1,23.0,0.8608641130076577
86,G1,23.1,0.8612506636717518
86,G1,23.2,0.8616365380338268
86,G1,23.3,0.862021742648652
86,G1,23.4,0.8624062605345397
86,G1,23.5,0.8627901056587519
86,G1,23.6,0.8631732762405057
86,G1,23.7,0.8635557660374839
86,G1,23.8,0.8639375830904611
86,G1,23.9,0.8643187162794962
86,G1,24.0,0.8646991760610699
86,G1,24.1,0.8650789632462146
86,G1,24.2,0.865458067199274
86,G1,24.3,0.8658364935996626
86,G1,24.4,0.866214240074617
86,G1,24.5,0.866591311246202
86,G1,24.6,0.8669677130434981
86,G1,24.7,0.8673434248229273
86,G1,24.8,0.8677184625214133
86,G1,24.9,0.8680928202347961
86,G1,25.0,0.8684665016252828
86,G2,10.0,0.7038295368648627
86,G2,10.1,0.704400018993093
86,G2,10.2,0.7049700476548904
86,G2,10.3,0.7055397438903313
86,G2,10.4,0.7061089706680375
86,G2,10.5,0.7066778134731538
86,G2,10.6,0.7072462832265624
86,G2,10.7,0.7078142846062756
86,G2,10.8,0.708381938184904
86,G2,10.9,0.7089491384481419
86,G2,11.0,0.7095159253488882
86,G2,11.1,0.7100823439168444
86,G2,11.2,0.7106482853139985
86,G2,11.3,0.7112138580126927
86,G2,11.4,0.7117789970219218
86,G2,11.5,0.7123436922917968
86,G2,11.6,0.71290802563064
86,G2,11.7,0.713471868929942
86,G2,11.8,0.7140353271753818
86,G2,11.9,0.7145983705291916
86,G2,12.0,0.7151609386123222
86,G2,12.1,0.715723152628239
86,G2,12.2,0.7162848627541111
86,G2,12.3,0.7168461724861754
86,G2,12.4,0.7174070792201006
86,G2,12.5,0.7179674905277097
86,G2,12.6,0.718527539491235
86,G2,12.7,0.7190870928010961
86,G2,12.8,0.7196462205303485
86,G2,12.9,0.720204952003174
86,G2,13.0,0.7207631764810587
86,G2,13.1,0.721321018781683
86,G2,13.2,0.7218783877220063
86,G2,13.3,0.722435297365134
86,G2,13.4,0.7229918183213553
86,G2,13.5,0.7235478223055908
86,G2,13.6,0.7241034245818122
86,G2,13.7,0.7246585744855177
86,G2,13.8,0.7252132340220222
86,G2,13.9,0.725767512467779
86,G2,14.0,0.7263212601445885
86,G2,14.1,0.7268745897376893
86,G2,14.2,0.7274274851623652
86,G2,14.3,0.7279798615840054
86,G2,14.4,0.7285318602796859
86,G2,14.5,0.7290833229760951
86,G2,14.6,0.7296343485869407
86,G2,14.7,0.7301849498632821
86,G2,14.8,0.7307350169135637
86,G2,14.9,0.7312846899449877
86,G2,15.0,0.7318338477723159
86,G2,15.1,0.7323825357835851
86,G2,15.2,0.7329308068415308
86,G2,15.3,0.733478535268795
86,G2,15.4,0.7340258474029443
86,G2,15.5,0.7345726684501356
86,G2,15.6,0.7351189864426548
86,G2,15.7,0.7356648967011824
86,G2,15.8,0.7362102512443975
86,G2,15.9,0.7367551723013738
86,G2,16.0,0.7372996252953314
86,G2,16.1,0.7378435408556773
86,G2,16.2,0.7383870591033728
86,G2,16.3,0.7389300083247856
86,G2,16.4,0.7394725075991231
86,G2,16.5,0.7400145537694102
86,G2,16.6,0.7405560416245258
86,G2,16.7,0.7410971235101278
86,G2,16.8,0.7416376487706937
86,G2,16.9,0.742177696152592
86,G2,17.0,0.7427172995682354
86,G2,17.1,0.7432563335290518
86,G2,17.2,0.7437949405114318
86,G2,17.3,0.7443330175229701
86,G2,17.4,0.7448705800096393
86,G2,17.5,0.7454077090406483
86,G2,17.6,0.7459442585648025
86,G2,17.7,0.7464803608448898
86,G2,17.8,0.7470159583628886
86,G2,17.9,0.7475510074299087
86,G2,18.0,0.7480856336792789
86,G2,18.1,0.7486196664655002
86,G2,18.2,0.7491532347162508
86,G2,18.3,0.7496863199891194
86,G2,18.4,0.7502188268263142
86,G2,18.5,0.750750914961348
86,G2,18.6,0.7512824070201207
86,G2,18.7,0.7518134138004208
86,G2,18.8,0.7523439500886742
86,G2,18.9,0.7528738924912209
86,G2,19.0,0.7534033992169704
86,G2,19.1,0.7539323351463296
86,G2,19.2,0.7544607500506295
86,G2,19.3,0.7549887044877437
86,G2,19.4,0.7555160571650487
86,G2,19.5,0.7560429507464429
86,G2,19.6,0.7565693019005054
86,G2,19.7,0.7570950963736229
86,G2,19.8,0.7576204422884942
86,G2,19.9,0.758145173300295
86,G2,20.0,0.7586694274266121
86,G2,20.1,0.7591931660947984
86,G2,20.2,0.7597163112930551
86,G2,20.3,0.7602390207356995
86,G2,20.4,0.7607611028082009
86,G2,20.5,0.7612826905809604
86,G2,20.6,0.7618037806755856
86,G2,20.7,0.7623242560807566
86,G2,20.8,0.7628442866594848
86,G2,20.9,0.7633637064833636
86,G2,21.0,0.763882601585714
86,G2,21.1,0.7644010103877221
86,G2,21.2,0.7649187940597797
86,G2,21.3,0.7654361109029446
86,G2,21.4,0.7659528477062388
86,G2,21.5,0.7664690206736342
86,G2,21.6,0.7669847207351115
86,G2,21.7,0.767499785595469
86,G2,21.8,0.7680143629198775
86,G2,21.9,0.768528389358944
86,G2,22.0,0.769041815564167
86,G2,22.1,0.7695547824545267
86,G2,22.2,0.7700671001944582
86,G2,22.3,0.7705789124111789
86,G2,22.4,0.7710901987652922
86,G2,22.5,0.7716008541075182
86,G2,22.6,0.7721110547340767
86,G2,22.7,0.7726206065158764
86,G2,22.8,0.773129630448431
86,G2,22.9,0.773638143501154
86,G2,23.0,0.7741460100562347
86,G2,23.1,0.7746534044352292
86,G2,23.2,0.7751601794865306
86,G2,23.3,0.7756663882990752
86,G2,23.4,0.77617209883692
86,G2,23.5,0.7766771556556287
86,G2,23.6,0.7771817159859198
86,G2,23.7,0.7776856893018209
86,G2,23.8,0.7781890587775353
86,G2,23.9,0.7786919444093842
86,G2,24.0,0.7791941632785767
86,G2,24.1,0.7796958675105737
86,G2,24.2,0.7801970152317673
86,G2,24.3,0.7806975205321929
86,G2,24.4,0.7811975568873547
86,G2,24.5,0.7816969151318172
86,G2,24.6,0.782195740553646
86,G2,24.7,0.7826940298558227
86,G2,24.8,0.7831916554136156
86,G2,24.9,0.7836888025967572
86,G2,25.0,0.7841852924619226
87,G1,10.0,0.7813268635969158
87,G1,10.1,0.7821000439496001
87,G1,10.2,0.7828718340430554
87,G1,10.3,0.783642246973381
87,G1,10.4,0.7844112480166402
87,G1,10.5,0.7851788305468307
87,G1,10.6,0.7859450153358746
87,G1,10.7,0.7867097898084612
87,G1,10.8,0.7874731671518751
87,G1,10.9,0.7882351297392459
87,G1,11.0,0.788995660130216
87,G1,11.1,0.7897547607974423
87,G1,11.2,0.7905124429926919
87,G1,11.3,0.7912686993395737
87,G1,11.4,0.79202354232912
87,G1,11.5,0.7927769365733018
87,G1,11.6,0.7935288770222128
87,G1,11.7,0.7942793857727491
87,G1,11.8,0.7950284489894154
87,G1,11.9,0.7957760815824819
87,G1,12.0,0.7965222634332939
87,G1,12.1,0.7972669788938632
87,G1,12.2,0.7980102321197088
87,G1,12.3,0.7987520329995139
87,G1,12.4,0.7994923756338629
87,G1,12.5,0.8002312713227911
87,G1,12.6,0.8009686847425916
87,G1,12.7,0.8017046123762303
87,G1,12.8,0.8024390772012528
87,G1,12.9,0.8031720641535552
87,G1,13.0,0.8039035900068762
87,G1,13.1,0.8046336323351414
87,G1,13.2,0.8053621769600658
87,G1,13.3,0.8060892300108932
87,G1,13.4,0.8068147998669043
87,G1,13.5,0.8075388824482166
87,G1,13.6,0.8082614870436844
87,G1,13.7,0.8089825790901379
87,G1,13.8,0.8097021566950684
87,G1,13.9,0.810420243427343
87,G1,14.0,0.8111368229079865
87,G1,14.1,0.8118519137724372
87,G1,14.2,0.8125654915402979
87,G1,14.3,0.8132775433617424
87,G1,14.4,0.8139880775180863
87,G1,14.5,0.8146971007679191
87,G1,14.6,0.815404610649982
87,G1,14.7,0.8161106146288701
87,G1,14.8,0.8168150789976355
87,G1,14.9,0.8175180034479841
87,G1,15.0,0.8182194120354861
87,G1,15.1,0.8189192871235045
87,G1,15.2,0.8196176490380256
87,G1,15.3,0.8203144715823746
87,G1,15.4,0.8210097430022602
87,G1,15.5,0.821703474041534
87,G1,15.6,0.8223956693065804
87,G1,15.7,0.8230863283148268
87,G1,15.8,0.8237754567191804
87,G1,15.9,0.8244630215196748
87,G1,16.0,0.8251490244660815
87,G1,16.1,0.8258334891955155
87,G1,16.2,0.8265163977601216
87,G1,16.3,0.8271977715346985
87,G1,16.4,0.8278775827808027
87,G1,16.5,0.82855582097457
87,G1,16.6,0.8292324991793281
87,G1,16.7,0.8299076199504145
87,G1,16.8,0.8305811848348095
87,G1,16.9,0.831253197145246
87,G1,17.0,0.8319236257099478
87,G1,17.1,0.8325924734917318
87,G1,17.2,0.833259763657228
87,G1,17.3,0.8339254783259603
87,G1,17.4,0.834589639688783
87,G1,17.5,0.8352522185276177
87,G1,17.6,0.8359132055788615
87,G1,17.7,0.8365726162109617
87,G1,17.8,0.8372304509562982
87,G1,17.9,0.8378867134439214
87,G1,18.0,0.8385414041691949
87,G1,18.1,0.8391944945850383
87,G1,18.2,0.8398459886498567
87,G1,18.3,0.840495908313627
87,G1,18.4,0.8411442368412828
87,G1,18.5,0.8417909965678786
87,G1,18.6,0.8424361567119463
87,G1,18.7,0.843079709794736
87,G1,18.8,0.843721673264027
87,G1,18.9,0.8443620453724642
87,G1,19.0,0.8450008321521252
87,G1,19.1,0.8456380309905317
87,G1,19.2,0.8462736162985839
87,G1,19.3,0.8469075929548919
87,G1,19.4,0.8475399812919351
87,G1,19.5,0.8481707662183464
87,G1,19.6,0.8487999699554224
87,G1,19.7,0.8494275602245801
87,G1,19.8,0.8500535313862478
87,G1,19.9,0.8506779031015764
87,G1,20.0,0.8513006707279855
87,G1,20.1,0.8519218433853084
87,G1,20.2,0.8525414150389463
87,G1,20.3,0.8531593631092167
87,G1,20.4,0.8537756933625121
87,G1,20.5,0.8543904244950977
87,G1,20.6,0.8550035432814385
87,G1,20.7,0.8556150713958096
87,G1,20.8,0.8562249752483814
87,G1,20.9,0.8568332514853116
87,G1,21.0,0.857439921428668
87,G1,21.1,0.8580449776516061
87,G1,21.2,0.8586484322929494
87,G1,21.3,0.8592502759956756
87,G1,21.4,0.859850489254273
87,G1,21.5,0.8604490788607807
87,G1,21.6,0.8610460614015559
87,G1,21.7,0.8616414260392375
87,G1,21.8,0.8622351933559236
87,G1,21.9,0.862827328884155
87,G1,22.0,0.8634178312951497
87,G1,22.1,0.8640067237852743
87,G1,22.2,0.8645939960746888
87,G1,22.3,0.8651796630715474
87,G1,22.4,0.8657637125262819
87,G1,22.5,0.8663461276923277
87,G1,22.6,0.8669269162386062
87,G1,22.7,0.8675060932197975
87,G1,22.8,0.8680836496998502
87,G1,22.9,0.8686596050542393
87,G1,23.0,0.8692339244113342
87,G1,23.1,0.8698066081658608
87,G1,23.2,0.8703776812656724
87,G1,23.3,0.8709471309406082
87,G1,23.4,0.8715149745028669
87,G1,23.5,0.8720811971353093
87,G1,23.6,0.8726457846026788
87,G1,23.7,0.8732087454265998
87,G1,23.8,0.8737700934398596
87,G1,23.9,0.8743298211491967
87,G1,24.0,0.8748879467995997
87,G1,24.1,0.8754444355248879
87,G1,24.2,0.8759992894415368
87,G1,24.3,0.8765525343113295
87,G1,24.4,0.8771041561159902
87,G1,24.5,0.8776541736692616
87,G1,24.6,0.8782025699628938
87,G1,24.7,0.8787493331189273
87,G1,24.8,0.87929447275777
87,G1,24.9,0.8798380011074629
87,G1,25.0,0.8803799123855605
87,G2,10.0,0.633873645511113
87,G2,10.1,0.6348115534219783
87,G2,10.2,0.6357489391614279
87,G2,10.3,0.6366858039973388
87,G2,10.4,0.6376221330982241
87,G2,10.5,0.6385578894265881
87,G2,10.6,0.6394930856944292
87,G2,10.7,0.6404277201409883
87,G2,10.8,0.6413618023347312
87,G2,10.9,0.642295323076286
87,G2,11.0,0.643228252943547
87,G2,11.1,0.6441605881619142
87,G2,11.2,0.6450923230372567
87,G2,11.3,0.6460234675234855
87,G2,11.4,0.6469540250866227
87,G2,11.5,0.6478839791884778
87,G2,11.6,0.64881329609605
87,G2,11.7,0.6497419856508269
87,G2,11.8,0.6506700468959173
87,G2,11.9,0.6515974901762992
87,G2,12.0,0.652524306386684
87,G2,12.1,0.6534504634126682
87,G2,12.2,0.6543759620192249
87,G2,12.3,0.6553007944229902
87,G2,12.4,0.6562249698919852
87,G2,12.5,0.6571484927913994
87,G2,12.6,0.6580713457274339
87,G2,12.7,0.6589934981939933
87,G2,12.8,0.6599149566371598
87,G2,12.9,0.660835721323513
87,G2,13.0,0.6617558034969994
87,G2,13.1,0.6626751939423847
87,G2,13.2,0.6635938578021959
87,G2,13.3,0.6645118009011471
87,G2,13.4,0.6654290126244486
87,G2,13.5,0.6663455022966555
87,G2,13.6,0.6672612747169797
87,G2,13.7,0.6681763116774191
87,G2,13.8,0.6690905863997656
87,G2,13.9,0.6700041012306962
87,G2,14.0,0.6709168580685159
87,G2,14.1,0.6718288690024803
87,G2,14.2,0.6727401248375859
87,G2,14.3,0.6736505881553326
87,G2,14.4,0.6745602694540602
87,G2,14.5,0.6754691552582587
87,G2,14.6,0.6763772550410849
87,G2,14.7,0.6772845748092118
87,G2,14.8,0.6781910944360653
87,G2,14.9,0.6790967913268353
87,G2,15.0,0.6800016642282078
87,G2,15.1,0.6809057160853336
87,G2,15.2,0.6818089597033852
87,G2,15.3,0.6827113863211192
87,G2,15.4,0.6836129561098532
87,G2,15.5,0.6845136837942203
87,G2,15.6,0.6854135533916635
87,G2,15.7,0.6863125744687483
87,G2,15.8,0.68721075423632
87,G2,15.9,0.6881080704826812
87,G2,16.0,0.689004505210887
87,G2,16.1,0.6899000532135257
87,G2,16.2,0.6907947186213735
87,G2,16.3,0.691688514950465
87,G2,16.4,0.6925814339528166
87,G2,16.5,0.6934734334533499
87,G2,16.6,0.6943645320124101
87,G2,16.7,0.6952547118980751
87,G2,16.8,0.6961439822403163
87,G2,16.9,0.6970323516100314
87,G2,17.0,0.6979197955525449
87,G2,17.1,0.6988063011030979
87,G2,17.2,0.6996918586359473
87,G2,17.3,0.7005764736099398
87,G2,17.4,0.7014601605512036
87,G2,17.5,0.7023429114162962
87,G2,17.6,0.7032246820007415
87,G2,17.7,0.7041054944171333
87,G2,17.8,0.7049853292296164
87,G2,17.9,0.7058641953625343
87,G2,18.0,0.7067421026501681
87,G2,18.1,0.7076190242463472
87,G2,18.2,0.7084949526272767
87,G2,18.3,0.7093698733072468
87,G2,18.4,0.7102437932026272
87,G2,18.5,0.7111167281514772
87,G2,18.6,0.7119886699748701
87,G2,18.7,0.7128595728575934
87,G2,18.8,0.7137294620732805
87,G2,18.9,0.7145983162573647
87,G2,19.0,0.7154661452449496
87,G2,19.1,0.7163329592027048
87,G2,19.2,0.7171987289850807
87,G2,19.3,0.7180634527746126
87,G2,19.4,0.7189271112281845
87,G2,19.5,0.719789712416069
87,G2,19.6,0.7206512739308923
87,G2,19.7,0.7215117871186129
87,G2,19.8,0.7223712049814165
87,G2,19.9,0.7232295555473571
87,G2,20.0,0.724086815307525
87,G2,20.1,0.7249429955354676
87,G2,20.2,0.7257981075247734
87,G2,20.3,0.7266521182241945
87,G2,20.4,0.7275050319011039
87,G2,20.5,0.7283568256590336
87,G2,20.6,0.7292075071296503
87,G2,20.7,0.7300570965270101
87,G2,20.8,0.730905583720436
87,G2,20.9,0.7317529229568621
87,G2,21.0,0.7325991425702162
87,G2,21.1,0.7334442171872726
87,G2,21.2,0.7342881613266831
87,G2,21.3,0.7351309857539889
87,G2,21.4,0.7359726538447634
87,G2,21.5,0.736813175717008
87,G2,21.6,0.7376525263526124
87,G2,21.7,0.7384907112385171
87,G2,21.8,0.7393277541077102
87,G2,21.9,0.7401636429277649
87,G2,22.0,0.7409983339048405
87,G2,22.1,0.7418318543617369
87,G2,22.2,0.7426641789799443
87,G2,22.3,0.74349532415414
87,G2,22.4,0.7443253004837028
87,G2,22.5,0.745154067643671
87,G2,22.6,0.745981641255612
87,G2,22.7,0.7468079958726315
87,G2,22.8,0.7476331328851095
87,G2,22.9,0.7484570805153145
87,G2,23.0,0.749279823377492
87,G2,23.1,0.7501013234500054
87,G2,23.2,0.750921602874824
87,G2,23.3,0.7517406385934735
87,G2,23.4,0.7525584482397778
87,G2,23.5,0.7533750423512178
87,G2,23.6,0.7541903768493277
87,G2,23.7,0.7550044729917711
87,G2,23.8,0.7558173049247233
87,G2,23.9,0.7566288696969934
87,G2,24.0,0.7574392003526573
87,G2,24.1,0.7582482775818931
87,G2,24.2,0.7590560706756733
87,G2,24.3,0.7598625948368056
87,G2,24.4,0.7606678300005622
87,G2,24.5,0.7614717951590156
87,G2,24.6,0.7622744998416723
87,G2,24.7,0.7630758982572635
87,G2,24.8,0.7638760160041985
87,G2,24.9,0.764674825588227
87,G2,25.0,0.7654723229635815
88,G1,10.0,0.8087720980442822
88,G1,10.1,0.8093002500684733
88,G1,10.2,0.8098275660798971
88,G1,10.3,0.8103541046297534
88,G1,10.4,0.8108798225136221
88,G1,10.5,0.8114047311609116
88,G1,10.6,0.8119288549443154
88,G1,10.7,0.8124521382927666
88,G1,10.8,0.8129746492015473
88,G1,10.9,0.8134963201137959
88,G1,11.0,0.814017197492579
88,G1,11.1,0.814537260156963
88,G1,11.2,0.8150564947294714
88,G1,11.3,0.8155749460554704
88,G1,11.4,0.8160925480340295
88,G1,11.5,0.8166093691689901
88,G1,11.6,0.8171253482835211
88,G1,11.7,0.8176405183967658
88,G1,11.8,0.818154879222969
88,G1,11.9,0.8186683968066047
88,G1,12.0,0.8191811294330528
88,G1,12.1,0.819693007278693
88,G1,12.2,0.8202040909957459
88,G1,12.3,0.8207143356926697
88,G1,12.4,0.8212237541829404
88,G1,12.5,0.8217323707258942
88,G1,12.6,0.8222401291191396
88,G1,12.7,0.8227470991595602
88,G1,12.8,0.823253211403379
88,G1,12.9,0.8237585142458491
88,G1,13.0,0.8242629853340364
88,G1,13.1,0.8247666120420944
88,G1,13.2,0.8252694396957542
88,G1,13.3,0.8257714011407492
88,G1,13.4,0.8262725668370622
88,G1,13.5,0.8267728737702154
88,G1,13.6,0.8272723566608109
88,G1,13.7,0.8277710145198457
88,G1,13.8,0.8282688135335494
88,G1,13.9,0.8287658130777168
88,G1,14.0,0.829261941896176
88,G1,14.1,0.8297572625460791
88,G1,14.2,0.8302517286006019
88,G1,14.3,0.8307453542008774
88,G1,14.4,0.8312381634295547
88,G1,14.5,0.8317300996184906
88,G1,14.6,0.8322212341472836
88,G1,14.7,0.8327114959061225
88,G1,14.8,0.8332009350590155
88,G1,14.9,0.8336895281690654
88,G1,15.0,0.8341772633785685
88,G1,15.1,0.8346641863653964
88,G1,15.2,0.8351502291227851
88,G1,15.3,0.8356354638439745
88,G1,15.4,0.8361198258792312
88,G1,15.5,0.8366033515344111
88,G1,15.6,0.8370860391260838
88,G1,15.7,0.8375678550767143
88,G1,15.8,0.8380488596734083
88,G1,15.9,0.8385289804443873
88,G1,16.0,0.8390082816487056
88,G1,16.1,0.8394867154865718
88,G1,16.2,0.8399642973549547
88,G1,16.3,0.8404410511089084
88,G1,16.4,0.8409169197738777
88,G1,16.5,0.8413919760885379
88,G1,16.6,0.8418661475026159
88,G1,16.7,0.8423394857819885
88,G1,16.8,0.8428119664918214
88,G1,16.9,0.8432835785596244
88,G1,17.0,0.8437543678872488
88,G1,17.1,0.8442242658142451
88,G1,17.2,0.8446933460429542
88,G1,17.3,0.8451615424941287
88,G1,17.4,0.8456288929318763
88,G1,17.5,0.8460953949967699
88,G1,17.6,0.8465610154348715
88,G1,17.7,0.8470258152666872
88,G1,17.8,0.8474897210217066
88,G1,17.9,0.8479527984554673
88,G1,18.0,0.8484149985569146
88,G1,18.1,0.8488763379090754
88,G1,18.2,0.8493368400812229
88,G1,18.3,0.8497964479530186
88,G1,18.4,0.8502552354004781
88,G1,18.5,0.8507131286577378
88,G1,18.6,0.8511701809212144
88,G1,18.7,0.851626366847442
88,G1,18.8,0.8520816761608719
88,G1,18.9,0.8525361548619451
88,G1,19.0,0.8529897338310429
88,G1,19.1,0.8534424880580838
88,G1,19.2,0.8538943502390353
88,G1,19.3,0.8543453594639792
88,G1,19.4,0.8547955127200477
88,G1,19.5,0.8552447771595857
88,G1,19.6,0.8556932143597524
88,G1,19.7,0.8561407500672255
88,G1,19.8,0.8565874513269878
88,G1,19.9,0.8570332680780658
88,G1,20.0,0.8574782180171803
88,G1,20.1,0.8579223243722777
88,G1,20.2,0.85836553003378
88,G1,20.3,0.8588079097932496
88,G1,20.4,0.8592493888944547
88,G1,20.5,0.8596900217895749
88,G1,20.6,0.8601297823185868
88,G1,20.7,0.8605686610092024
88,G1,20.8,0.8610067038385556
88,G1,20.9,0.861443841419206
88,G1,21.0,0.8618801498036471
88,G1,21.1,0.8623155606743643
88,G1,21.2,0.8627501143063083
88,G1,21.3,0.8631838070604406
88,G1,21.4,0.863616606572919
88,G1,21.5,0.8640485748029737
88,G1,21.6,0.8644796369282453
88,G1,21.7,0.8649098610747602
88,G1,21.8,0.8653391962943829
88,G1,21.9,0.865767661320316
88,G1,22.0,0.8661952789871536
88,G1,22.1,0.8666219923487134
88,G1,22.2,0.867047876890433
88,G1,22.3,0.867472857090401
88,G1,22.4,0.8678969884793054
88,G1,22.5,0.8683202441749036
88,G1,22.6,0.8687426155082824
88,G1,22.7,0.8691641483178583
88,G1,22.8,0.8695847731334213
88,G1,22.9,0.870004566844385
88,G1,23.0,0.8704234603327274
88,G1,23.1,0.8708414949132941
88,G1,23.2,0.8712586663512653
88,G1,23.3,0.871674942838574
88,G1,23.4,0.872090386545059
88,G1,23.5,0.8725049222898198
88,G1,23.6,0.8729186190712911
88,G1,23.7,0.8733314252174548
88,G1,23.8,0.8737433604163944
88,G1,23.9,0.8741544470591707
88,G1,24.0,0.8745646285168147
88,G1,24.1,0.8749739807423983
88,G1,24.2,0.8753824276732461
88,G1,24.3,0.8757900257398041
88,G1,24.4,0.8761967474336991
88,G1,24.5,0.8766025848826461
88,G1,24.6,0.8770075836801272
88,G1,24.7,0.8774116744493465
88,G1,24.8,0.8778149346918249
88,G1,24.9,0.8782172947009544
88,G1,25.0,0.87861879668599
88,G2,10.0,0.627358231831252
88,G2,10.1,0.6280452382672161
88,G2,10.2,0.6287319232550123
88,G2,10.3,0.6294183893086462
88,G2,10.4,0.6301045878901085
88,G2,10.5,0.6307904896907205
88,G2,10.6,0.6314761749506604
88,G2,10.7,0.6321615218668035
88,G2,10.8,0.6328466649091288
88,G2,10.9,0.6335314764902862
88,G2,11.0,0.6342160335192948
88,G2,11.1,0.6349003288421007
88,G2,11.2,0.6355842940898969
88,G2,11.3,0.6362680368119386
88,G2,11.4,0.6369514194303506
88,G2,11.5,0.6376345767094889
88,G2,11.6,0.6383174045635747
88,G2,11.7,0.6389999363234278
88,G2,11.8,0.6396822081597335
88,G2,11.9,0.6403641213346329
88,G2,12.0,0.6410458016923593
88,G2,12.1,0.6417271091051381
88,G2,12.2,0.6424081580271059
88,G2,12.3,0.6430888910891339
88,G2,12.4,0.6437692825964688
88,G2,12.5,0.6444494146040814
88,G2,12.6,0.6451291586471611
88,G2,12.7,0.6458086603782635
88,G2,12.8,0.6464877797768565
88,G2,12.9,0.6471666035308862
88,G2,13.0,0.6478451190074477
88,G2,13.1,0.6485232586281966
88,G2,13.2,0.6492011347694765
88,G2,13.3,0.6498786001055191
88,G2,13.4,0.6505558020542804
88,G2,13.5,0.6512326248737013
88,G2,13.6,0.6519091090939289
88,G2,13.7,0.6525852890467058
88,G2,13.8,0.6532610631763259
88,G2,13.9,0.6539365650760504
88,G2,14.0,0.6546116434668376
88,G2,14.1,0.6552864244043085
88,G2,14.2,0.6559608418522356
88,G2,14.3,0.6566348738448089
88,G2,14.4,0.6573086039693261
88,G2,14.5,0.6579818975111746
88,G2,14.6,0.6586549108676129
88,G2,14.7,0.6593274920061429
88,G2,14.8,0.6599997371326628
88,G2,14.9,0.66067162815689
88,G2,15.0,0.6613430985464395
88,G2,15.1,0.6620142651302288
88,G2,15.2,0.6626849713003118
88,G2,15.3,0.6633553766754425
88,G2,15.4,0.6640253542086174
88,G2,15.5,0.6646949515227264
88,G2,15.6,0.6653642009837402
88,G2,15.7,0.6660329985595529
88,G2,15.8,0.6667014851764539
88,G2,15.9,0.6673694988670451
88,G2,16.0,0.6680371769019303
88,G2,16.1,0.6687044447746288
88,G2,16.2,0.6693712843524041
88,G2,16.3,0.670037780462162
88,G2,16.4,0.670703792580408
88,G2,16.5,0.6713694873645847
88,G2,16.6,0.6720347012415382
88,G2,16.7,0.6726995396365653
88,G2,16.8,0.673363979041845
88,G2,16.9,0.6740279542268486
88,G2,17.0,0.6746915860768158
88,G2,17.1,0.6753547092079704
88,G2,17.2,0.6760174949358295
88,G2,17.3,0.6766798053043992
88,G2,17.4,0.6773416948975066
88,G2,17.5,0.6780031939922743
88,G2,17.6,0.6786641964355341
88,G2,17.7,0.6793248500378144
88,G2,17.8,0.6799849826515898
88,G2,17.9,0.6806447423301903
88,G2,18.0,0.6813040463255541
88,G2,18.1,0.6819628804304347
88,G2,18.2,0.68262133041023
88,G2,18.3,0.6832792503998845
88,G2,18.4,0.6839368167885885
88,G2,18.5,0.6845938549813109
88,G2,18.6,0.6852504792882581
88,G2,18.7,0.6859066608421609
88,G2,18.8,0.6865623359689348
88,G2,18.9,0.6872176291945606
88,G2,19.0,0.6878723669034723
88,G2,19.1,0.6885267315555068
88,G2,19.2,0.6891805747240827
88,G2,19.3,0.6898339577975451
88,G2,19.4,0.6904869088456993
88,G2,19.5,0.6911393199613298
88,G2,19.6,0.6917913453602343
88,G2,19.7,0.6924428032654136
88,G2,19.8,0.6930938520373447
88,G2,19.9,0.6937444009456668
88,G2,20.0,0.694394439788585
88,G2,20.1,0.6950440549623761
88,G2,20.2,0.6956930957513426
88,G2,20.3,0.6963417477070982
88,G2,20.4,0.6969898257760173
88,G2,20.5,0.697637452784699
88,G2,20.6,0.6982845945825198
88,G2,20.7,0.6989311893034322
88,G2,20.8,0.6995773646817713
88,G2,20.9,0.700222939448719
88,G2,21.0,0.7008681066107498
88,G2,21.1,0.7015127077490774
88,G2,21.2,0.7021568108763206
88,G2,21.3,0.7028004417419129
88,G2,21.4,0.703443491061007
88,G2,21.5,0.7040861189483251
88,G2,21.6,0.7047281345873005
88,G2,21.7,0.7053697061293766
88,G2,21.8,0.7060107351503603
88,G2,21.9,0.7066512155163427
88,G2,22.0,0.7072912339555925
88,G2,22.1,0.7079306354000422
88,G2,22.2,0.7085696139612476
88,G2,22.3,0.7092079747315139
88,G2,22.4,0.709845848653426
88,G2,22.5,0.7104831963867384
88,G2,22.6,0.7111199581203825
88,G2,22.7,0.7117562643504788
88,G2,22.8,0.7123919267645704
88,G2,22.9,0.7130271482763225
88,G2,23.0,0.7136617609903765
88,G2,23.1,0.7142958393404933
88,G2,23.2,0.7149294066488762
88,G2,23.3,0.7155623526365283
88,G2,23.4,0.716194842786358
88,G2,23.5,0.7168266778679487
88,G2,23.6,0.717458035269935
88,G2,23.7,0.7180888091903217
88,G2,23.8,0.7187189975974894
88,G2,23.9,0.7193486872933514
88,G2,24.0,0.7199777193301493
88,G2,24.1,0.7206062957572569
88,G2,24.2,0.7212342124551296
88,G2,24.3,0.7218616080523945
88,G2,24.4,0.7224884381300859
88,G2,24.5,0.7231146451727682
88,G2,24.6,0.7237403619554637
88,G2,24.7,0.7243653938337073
88,G2,24.8,0.7249899528763243
88,G2,24.9,0.7256138622861504
88,G2,25.0,0.7262372026931587
89,G1,10.0,0.7907633930604473
89,G1,10.1,0.7914028041747662
89,G1,10.2,0.7920411968963811
89,G1,10.3,0.7926785584763171
89,G1,10.4,0.7933149039268771
89,G1,10.5,0.7939502465158381
89,G1,10.6,0.7945845566591306
89,G1,10.7,0.7952178311626509
89,G1,10.8,0.7958500835479067
89,G1,10.9,0.7964813244290949
89,G1,11.0,0.7971115244303397
89,G1,11.1,0.7977406811477564
89,G1,11.2,0.7983688115349554
89,G1,11.3,0.7989959203394889
89,G1,11.4,0.7996219799923632
89,G1,11.5,0.8002469910901974
89,G1,11.6,0.8008709702500934
89,G1,11.7,0.801493918023324
89,G1,11.8,0.8021158058170363
89,G1,11.9,0.8027366455266303
89,G1,12.0,0.8033564458563627
89,G1,12.1,0.803975204769249
89,G1,12.2,0.8045928943102546
89,G1,12.3,0.8052095329400972
89,G1,12.4,0.8058251288407499
89,G1,12.5,0.8064396700606111
89,G1,12.6,0.8070531366374453
89,G1,12.7,0.8076655462444994
89,G1,12.8,0.8082769113886765
89,G1,12.9,0.8088872080497159
89,G1,13.0,0.8094964260230579
89,G1,13.1,0.8101045816870194
89,G1,13.2,0.8107116888413644
89,G1,13.3,0.8113177157452011
89,G1,13.4,0.8119226604227975
89,G1,13.5,0.8125265387071346
89,G1,13.6,0.8131293603842117
89,G1,13.7,0.8137310953075493
89,G1,13.8,0.8143317417790008
89,G1,13.9,0.8149313191400535
89,G1,14.0,0.8155298307431228
89,G1,14.1,0.8161272477390282
89,G1,14.2,0.8167235749660898
89,G1,14.3,0.8173188276606921
89,G1,14.4,0.817913006334874
89,G1,14.5,0.8185060807097613
89,G1,14.6,0.819098066977846
89,G1,14.7,0.8196889735591527
89,G1,14.8,0.8202787964704784
89,G1,14.9,0.8208675081140279
89,G1,15.0,0.8214551293422143
89,G1,15.1,0.8220416698497423
89,G1,15.2,0.8226271138075505
89,G1,15.3,0.8232114434862602
89,G1,15.4,0.8237946776434494
89,G1,15.5,0.8243768307695887
89,G1,15.6,0.8249578746623837
89,G1,15.7,0.8255378025661179
89,G1,15.8,0.8261166313840993
89,G1,15.9,0.8266943748861001
89,G1,16.0,0.8272710005842623
89,G1,16.1,0.827846507025977
89,G1,16.2,0.8284209123559076
89,G1,16.3,0.8289942252045416
89,G1,16.4,0.8295664150389881
89,G1,16.5,0.830137481575571
89,G1,16.6,0.8307074454240837
89,G1,16.7,0.8312763088264216
89,G1,16.8,0.831844041620412
89,G1,16.9,0.8324106537605311
89,G1,17.0,0.8329761582372223
89,G1,17.1,0.8335405552614581
89,G1,17.2,0.8341038138579906
89,G1,17.3,0.8346659536755547
89,G1,17.4,0.8352269836582111
89,G1,17.5,0.835786896727758
89,G1,17.6,0.8363456668485423
89,G1,17.7,0.836903316664422
89,G1,17.8,0.8374598574408917
89,G1,17.9,0.8380152692901619
89,G1,18.0,0.8385695372124258
89,G1,18.1,0.8391226812312133
89,G1,18.2,0.8396747168252754
89,G1,18.3,0.8402256122833712
89,G1,18.4,0.8407753642444634
89,G1,18.5,0.8413239902395643
89,G1,18.6,0.8418715034009434
89,G1,18.7,0.8424178713467956
89,G1,18.8,0.8429630929238423
89,G1,18.9,0.8435071884103499
89,G1,19.0,0.8440501648753077
89,G1,19.1,0.8445919918033578
89,G1,19.2,0.8451326712776184
89,G1,19.3,0.8456722235076927
89,G1,19.4,0.8462106505857867
89,G1,19.5,0.8467479209911213
89,G1,19.6,0.8472840494764122
89,G1,19.7,0.8478190470230761
89,G1,19.8,0.8483529133501545
89,G1,19.9,0.8488856171321617
89,G1,20.0,0.8494171812304782
89,G1,20.1,0.849947615142182
89,G1,20.2,0.8504769081591024
89,G1,20.3,0.8510050373287945
89,G1,20.4,0.8515320253821924
89,G1,20.5,0.8520578860240234
89,G1,20.6,0.852582595141355
89,G1,20.7,0.8531061407992142
89,G1,20.8,0.8536285440242727
89,G1,20.9,0.8541498204948638
89,G1,21.0,0.8546699366391632
89,G1,21.1,0.8551888910369345
89,G1,21.2,0.8557067027008247
89,G1,21.3,0.8562233836783315
89,G1,21.4,0.8567389015395084
89,G1,21.5,0.8572532560771322
89,G1,21.6,0.8577664692747468
89,G1,21.7,0.8582785465651886
89,G1,21.8,0.8587894569570403
89,G1,21.9,0.8592992068306259
89,G1,22.0,0.8598078142692476
89,G1,22.1,0.8603152814385713
89,G1,22.2,0.8608215756881973
89,G1,22.3,0.8613267161842432
89,G1,22.4,0.8618307128924756
89,G1,22.5,0.8623335636334639
89,G1,22.6,0.862835238274416
89,G1,22.7,0.8633357615127588
89,G1,22.8,0.8638351442025364
89,G1,22.9,0.8643333716446566
89,G1,23.0,0.8648304240853155
89,G1,23.1,0.8653263244433234
89,G1,23.2,0.865821088363349
89,G1,23.3,0.8663146877885407
89,G1,23.4,0.8668071148613773
89,G1,23.5,0.8672983903385265
89,G1,23.6,0.8677885297152039
89,G1,23.7,0.8682774990871263
89,G1,23.8,0.868765297900326
89,G1,23.9,0.8692519469703107
89,G1,24.0,0.8697374568114534
89,G1,24.1,0.8702217953249052
89,G1,24.2,0.8707049636506325
89,G1,24.3,0.8711869847866793
89,G1,24.4,0.8716678626619386
89,G1,24.5,0.8721475656850483
89,G1,24.6,0.8726261053541299
89,G1,24.7,0.8731034969268039
89,G1,24.8,0.8735797422528253
89,G1,24.9,0.8740548085518297
89,G1,25.0,0.8745287183279136
89,G2,10.0,0.6644227094988268
89,G2,10.1,0.6651971807732985
89,G2,10.2,0.6659711552897397
89,G2,10.3,0.6667446252359692
89,G2,10.4,0.6675175815070229
89,G2,10.5,0.6682900017898002
89,G2,10.6,0.6690619131903287
89,G2,10.7,0.6698333078387577
89,G2,10.8,0.6706041688313598
89,G2,10.9,0.6713744857588999
89,G2,11.0,0.6721442774023548
89,G2,11.1,0.6729135410718835
89,G2,11.2,0.6736822501769676
89,G2,11.3,0.6744504083679138
89,G2,11.4,0.6752180256817949
89,G2,11.5,0.6759851007120244
89,G2,11.6,0.676751602943578
89,G2,11.7,0.6775175466504192
89,G2,11.8,0.6782829357824133
89,G2,11.9,0.6790477641066173
89,G2,12.0,0.6798120061323856
89,G2,12.1,0.6805756807440161
89,G2,12.2,0.6813387861095346
89,G2,12.3,0.6821013130554536
89,G2,12.4,0.6828632400238293
89,G2,12.5,0.6836245903309467
89,G2,12.6,0.6843853542819909
89,G2,12.7,0.6851455271535526
89,G2,12.8,0.6859050846465328
89,G2,12.9,0.6866640524727821
89,G2,13.0,0.6874224245400489
89,G2,13.1,0.6881801884721827
89,G2,13.2,0.6889373223409574
89,G2,13.3,0.6896938548636597
89,G2,13.4,0.690449780519223
89,G2,13.5,0.6912050771673861
89,G2,13.6,0.6919597379240121
89,G2,13.7,0.6927137814382893
89,G2,13.8,0.6934672076653308
89,G2,13.9,0.694219983325543
89,G2,14.0,0.6949721179759825
89,G2,14.1,0.6957236207710573
89,G2,14.2,0.6964744906100724
89,G2,14.3,0.6972246947773809
89,G2,14.4,0.6979742507179066
89,G2,14.5,0.6987231614803147
89,G2,14.6,0.6994714208353839
89,G2,14.7,0.7002190020875513
89,G2,14.8,0.7009659271215679
89,G2,14.9,0.7017121918775715
89,G2,15.0,0.7024577898735195
89,G2,15.1,0.7032026961917542
89,G2,15.2,0.703946936986379
89,G2,15.3,0.7046905033986768
89,G2,15.4,0.7054333901830598
89,G2,15.5,0.7061755694605728
89,G2,15.6,0.7069170718692818
89,G2,15.7,0.7076578921589187
89,G2,15.8,0.708398013246089
89,G2,15.9,0.7091374169689405
89,G2,16.0,0.709876130624777
89,G2,16.1,0.7106141529280552
89,G2,16.2,0.7113514553558621
89,G2,16.3,0.7120880354044097
89,G2,16.4,0.7128239111377689
89,G2,16.5,0.7135590849063387
89,G2,16.6,0.7142935180810801
89,G2,16.7,0.7150272250877924
89,G2,16.8,0.715760214501437
89,G2,16.9,0.7164924850850146
89,G2,17.0,0.7172240027730777
89,G2,17.1,0.7179547880547893
89,G2,17.2,0.7186848426420567
89,G2,17.3,0.7194141604887972
89,G2,17.4,0.720142714085373
89,G2,17.5,0.720870528130222
89,G2,17.6,0.7215975963055529
89,G2,17.7,0.7223239147479583
89,G2,17.8,0.7230494554652913
89,G2,17.9,0.7237742471615607
89,G2,18.0,0.7244982830348469
89,G2,18.1,0.7252215553554646
89,G2,18.2,0.7259440343063148
89,G2,18.3,0.7266657550730192
89,G2,18.4,0.727386712571876
89,G2,18.5,0.7281068858201729
89,G2,18.6,0.7288262605642806
89,G2,18.7,0.7295448628624317
89,G2,18.8,0.7302626947674885
89,G2,18.9,0.7309797211893133
89,G2,19.0,0.7316959462121159
89,G2,19.1,0.7324113850748256
89,G2,19.2,0.7331260425002982
89,G2,19.3,0.7338398765540528
89,G2,19.4,0.7345529058412436
89,G2,19.5,0.7352651374103748
89,G2,19.6,0.7359765700886854
89,G2,19.7,0.7366871692719402
89,G2,19.8,0.737396958035473
89,G2,19.9,0.7381059367747652
89,G2,20.0,0.7388141001306051
89,G2,20.1,0.7395214191427143
89,G2,20.2,0.7402279217859014
89,G2,20.3,0.7409335998844091
89,G2,20.4,0.7416384511555153
89,G2,20.5,0.7423424452692385
89,G2,20.6,0.7430456133737822
89,G2,20.7,0.74374795124032
89,G2,20.8,0.7444494470342164
89,G2,20.9,0.7451500717868602
89,G2,21.0,0.7458498626570276
89,G2,21.1,0.7465488167221765
89,G2,21.2,0.7472469074463205
89,G2,21.3,0.7479441255537908
89,G2,21.4,0.7486404958130476
89,G2,21.5,0.749336023416115
89,G2,21.6,0.7500306664043392
89,G2,21.7,0.7507244359467321
89,G2,21.8,0.751417345133108
89,G2,21.9,0.7521093991132416
89,G2,22.0,0.7528005551824024
89,G2,22.1,0.7534908346760054
89,G2,22.2,0.7541802431829555
89,G2,22.3,0.7548687794580495
89,G2,22.4,0.7555564091369666
89,G2,22.5,0.756243157484155
89,G2,22.6,0.7569290229059225
89,G2,22.7,0.7576140021062012
89,G2,22.8,0.7582980643228926
89,G2,22.9,0.7589812400159407
89,G2,23.0,0.7596635207886983
89,G2,23.1,0.7603449049087416
89,G2,23.2,0.7610253588565288
89,G2,23.3,0.7617049178961253
89,G2,23.4,0.7623835797225795
89,G2,23.5,0.7630613267992696
89,G2,23.6,0.7637381350303349
89,G2,23.7,0.764414039500736
89,G2,23.8,0.7650890422385126
89,G2,23.9,0.7657631094678238
89,G2,24.0,0.7664362377918248
89,G2,24.1,0.7671084502967886
89,G2,24.2,0.7677797549616904
89,G2,24.3,0.76845010456556
89,G2,24.4,0.7691195158094095
89,G2,24.5,0.7697880006153834
89,G2,24.6,0.7704555635725614
89,G2,24.7,0.7711221622453274
89,G2,24.8,0.771787820473312
89,G2,24.9,0.772452542071312
89,G2,25.0,0.7731163256228337
90,G1,10.0,0.7816273850285207
90,G1,10.1,0.7822718452988645
90,G1,10.2,0.7829153351016639
90,G1,10.3,0.7835578435533367
90,G1,10.4,0.7841993803294368
90,G1,10.5,0.7848399572287289
90,G1,10.6,0.7854795515247965
90,G1,10.7,0.7861181586582722
90,G1,10.8,0.7867557870654083
90,G1,10.9,0.7873924486781153
90,G1,11.0,0.7880281174698954
90,G1,11.1,0.7886627921883145
90,G1,11.2,0.7892964826133431
90,G1,11.3,0.7899291980785664
90,G1,11.4,0.7905609109281598
90,G1,11.5,0.7911916243479286
90,G1,11.6,0.7918213470129968
90,G1,11.7,0.792450085864683
90,G1,11.8,0.7930778133627523
90,G1,11.9,0.7937045365716482
90,G1,12.0,0.794330262586213
90,G1,12.1,0.7949549964986335
90,G1,12.2,0.7955787100440324
90,G1,12.3,0.7962014140858138
90,G1,12.4,0.7968231158202305
90,G1,12.5,0.7974438162688557
90,G1,12.6,0.7980634884492364
90,G1,12.7,0.7986821457903256
90,G1,12.8,0.7992997959316248
90,G1,12.9,0.7999164345787733
90,G1,13.0,0.8005320395599006
90,G1,13.1,0.8011466232246095
90,G1,13.2,0.8017601953760851
90,G1,13.3,0.802372745044172
90,G1,13.4,0.8029842564353662
90,G1,13.5,0.8035947402640113
90,G1,13.6,0.8042042087706089
90,G1,13.7,0.804812644363608
90,G1,13.8,0.805420036715532
90,G1,13.9,0.8060263956510672
90,G1,14.0,0.8066317352683672
90,G1,14.1,0.8072360311902603
90,G1,14.2,0.8078392799199372
90,G1,14.3,0.8084414899344585
90,G1,14.4,0.8090426753731437
90,G1,14.5,0.809642808505499
90,G1,14.6,0.8102418892373521
90,G1,14.7,0.8108399275486304
90,G1,14.8,0.8114369347067628
90,G1,14.9,0.8120328813961419
90,G1,15.0,0.8126277721098485
90,G1,15.1,0.8132216157598414
90,G1,15.2,0.813814420949721
90,G1,15.3,0.8144061586717247
90,G1,15.4,0.8149968372375826
90,G1,15.5,0.8155864642389383
90,G1,15.6,0.8161750460010352
90,G1,15.7,0.8167625530330308
90,G1,15.8,0.8173489974011401
90,G1,15.9,0.8179343870015019
90,G1,16.0,0.8185187236899784
90,G1,16.1,0.8191019795861122
90,G1,16.2,0.8196841691134293
90,G1,16.3,0.8202653009871865
90,G1,16.4,0.8208453710855812
90,G1,16.5,0.8214243570317429
90,G1,16.6,0.822002271691571
90,G1,16.7,0.8225791263533216
90,G1,16.8,0.8231549097287192
90,G1,16.9,0.8237296062537204
90,G1,17.0,0.8243032268637679
90,G1,17.1,0.8248757856872891
90,G1,17.2,0.8254472642171972
90,G1,17.3,0.826017652851734
90,G1,17.4,0.8265869614160022
90,G1,17.5,0.8271552060958057
90,G1,17.6,0.8277223612133936
90,G1,17.7,0.828288424373573
90,G1,17.8,0.8288534039843373
90,G1,17.9,0.8294173161709404
90,G1,18.0,0.829980131892956
90,G1,18.1,0.8305418522095999
90,G1,18.2,0.831102487171681
90,G1,18.3,0.8316620497840553
90,G1,18.4,0.832220509512379
90,G1,18.5,0.8327778720733685
90,G1,18.6,0.8333341464963379
90,G1,18.7,0.8338893428958485
90,G1,18.8,0.8344434312239841
90,G1,18.9,0.8349964209069108
90,G1,19.0,0.8355483199349656
90,G1,19.1,0.8360991357433003
90,G1,19.2,0.8366488380479287
90,G1,19.3,0.8371974399322588
90,G1,19.4,0.8377449498901792
90,G1,19.5,0.8382913705482647
90,G1,19.6,0.8388366735415129
90,G1,19.7,0.8393808740657183
90,G1,19.8,0.839923981796825
90,G1,19.9,0.840465992805683
90,G1,20.0,0.8410068848483387
90,G1,20.1,0.8415466711066022
90,G1,20.2,0.8420853641918129
90,G1,20.3,0.8426229526401889
90,G1,20.4,0.8431594213340502
90,G1,20.5,0.8436947812708785
90,G1,20.6,0.8442290482552778
90,G1,20.7,0.8447622031161554
90,G1,20.8,0.8452942371031155
90,G1,20.9,0.84582515990516
90,G1,21.0,0.8463549895480759
90,G1,21.1,0.8468836994033166
90,G1,21.2,0.8474112882033872
90,G1,21.3,0.8479377641760247
90,G1,21.4,0.8484631451773975
90,G1,21.5,0.8489874012604961
90,G1,21.6,0.84951053460581
90,G1,21.7,0.8500325552086407
90,G1,21.8,0.8505534775878032
90,G1,21.9,0.8510732704235184
90,G1,22.0,0.8515919405617584
90,G1,22.1,0.8521094970260537
90,G1,22.2,0.8526259512600948
90,G1,22.3,0.8531412726082407
90,G1,22.4,0.8536554714565271
90,G1,22.5,0.8541685560888417
90,G1,22.6,0.8546805349057179
90,G1,22.7,0.8551913772612375
90,G1,22.8,0.8557010970489035
90,G1,22.9,0.8562097032592149
90,G1,23.0,0.8567171991969941
90,G1,23.1,0.8572235564216715
90,G1,23.2,0.857728790669971
90,G1,23.3,0.858232912442694
90,G1,23.4,0.8587359180188036
90,G1,23.5,0.8592377856023483
90,G1,23.6,0.8597385284930931
90,G1,23.7,0.8602381604398767
90,G1,23.8,0.860736669931531
90,G1,23.9,0.8612340425018918
90,G1,24.0,0.8617302890536493
90,G1,24.1,0.8622254268269778
90,G1,24.2,0.8627194362255359
90,G1,24.3,0.8632123094637666
90,G1,24.4,0.8637040559622863
90,G1,24.5,0.8641946953017714
90,G1,24.6,0.8646842002598162
90,G1,24.7,0.8651725706907637
90,G1,24.8,0.8656598145430928
90,G1,24.9,0.8661459511065104
90,G1,25.0,0.8666309499420289
90,G2,10.0,0.6577191268367061
90,G2,10.1,0.6584897937557669
90,G2,10.2,0.659259952951953
90,G2,10.3,0.6600296560606267
90,G2,10.4,0.6607988732101328
90,G2,10.5,0.6615675993276297
90,G2,10.6,0.6623358037393162
90,G2,10.7,0.6631035417512638
90,G2,10.8,0.6638707793002384
90,G2,10.9,0.6646375088656207
90,G2,11.0,0.6654037062270408
90,G2,11.1,0.6661694247137664
90,G2,11.2,0.6669346278076074
90,G2,11.3,0.6676993056875873
90,G2,11.4,0.668463443513981
90,G2,11.5,0.6692270885333852
90,G2,11.6,0.669990202484808
90,G2,11.7,0.6707527744958303
90,G2,11.8,0.671514800020814
90,G2,11.9,0.6722763167032879
90,G2,12.0,0.6730372888830937
90,G2,12.1,0.6737977008875963
90,G2,12.2,0.6745575615412001
90,G2,12.3,0.6753168959161158
90,G2,12.4,0.6760756720285274
90,G2,12.5,0.6768338694868421
90,G2,12.6,0.6775915151214065
90,G2,12.7,0.678348613114376
90,G2,12.8,0.6791051404187193
90,G2,12.9,0.6798610712305277
90,G2,13.0,0.6806164477887984
90,G2,13.1,0.6813712581519004
90,G2,13.2,0.6821254840632363
90,G2,13.3,0.682879096069558
90,G2,13.4,0.6836321502707996
90,G2,13.5,0.6843846201348696
90,G2,13.6,0.6851364919649559
90,G2,13.7,0.6858877353987387
90,G2,13.8,0.6866384148607175
90,G2,13.9,0.687388492362782
90,G2,14.0,0.6881379577357176
90,G2,14.1,0.6888867822231599
90,G2,14.2,0.6896350333075477
90,G2,14.3,0.6903826680074742
90,G2,14.4,0.6911296742888854
90,G2,14.5,0.6918760312067822
90,G2,14.6,0.6926218027655513
90,G2,14.7,0.6933669429506361
90,G2,14.8,0.6941114382931629
90,G2,14.9,0.6948552787205191
90,G2,15.0,0.6955985201932751
90,G2,15.1,0.696341114518052
90,G2,15.2,0.6970830480890327
90,G2,15.3,0.6978243228898147
90,G2,15.4,0.698564982630457
90,G2,15.5,0.699304982138467
90,G2,15.6,0.7000443033714796
90,G2,15.7,0.7007829636416881
90,G2,15.8,0.7015209910978738
90,G2,15.9,0.7022583447772346
90,G2,16.0,0.702995002891945
90,G2,16.1,0.7037310025159343
90,G2,16.2,0.7044663471776913
90,G2,16.3,0.7052010061613296
90,G2,16.4,0.7059349529469251
90,G2,16.5,0.7066682413778207
90,G2,16.6,0.7074008559590946
90,G2,16.7,0.7081327713930423
90,G2,16.8,0.7088639587336358
90,G2,16.9,0.7095944862809501
90,G2,17.0,0.7103243217332144
90,G2,17.1,0.7110534448803549
90,G2,17.2,0.7117818273496889
90,G2,17.3,0.7125095454686098
90,G2,17.4,0.7132365535485214
90,G2,17.5,0.713962836442901
90,G2,17.6,0.7146883679103188
90,G2,17.7,0.71541322661789
90,G2,17.8,0.7161373612017299
90,G2,17.9,0.7168607552564185
90,G2,18.0,0.7175833915921583
90,G2,18.1,0.7183053439455974
90,G2,18.2,0.7190265573633314
90,G2,18.3,0.719747014933717
90,G2,18.4,0.7204667116764036
90,G2,18.5,0.7211857113990401
90,G2,18.6,0.7219039565706502
90,G2,18.7,0.7226214310694951
90,G2,18.8,0.7233381435913585
90,G2,18.9,0.7240541431522752
90,G2,19.0,0.7247693756651358
90,G2,19.1,0.7254838210025828
90,G2,19.2,0.7261975049543465
90,G2,19.3,0.7269104581328687
90,G2,19.4,0.7276226311523687
90,G2,19.5,0.7283340012310224
90,G2,19.6,0.7290446153089901
90,G2,19.7,0.7297544760486427
90,G2,19.8,0.7304635454655346
90,G2,19.9,0.7311717968004449
90,G2,20.0,0.731879294861058
90,G2,20.1,0.7325860206787465
90,G2,20.2,0.7332919422089341
90,G2,20.3,0.7339970316013594
90,G2,20.4,0.7347013684141681
90,G2,20.5,0.7354049149426897
90,G2,20.6,0.7361076446734743
90,G2,20.7,0.736809531827974
90,G2,20.8,0.7375106635346615
90,G2,20.9,0.7382109869634598
90,G2,21.0,0.7389104822088424
90,G2,21.1,0.7396091260537369
90,G2,21.2,0.740307007194827
90,G2,21.3,0.7410040665607034
90,G2,21.4,0.7417002835976442
90,G2,21.5,0.7423956452693846
90,G2,21.6,0.7430902339355628
90,G2,21.7,0.7437839864211815
90,G2,21.8,0.7444768826386983
90,G2,21.9,0.7451689229202858
90,G2,22.0,0.7458601779233398
90,G2,22.1,0.7465505815396992
90,G2,22.2,0.7472401153948052
90,G2,22.3,0.7479287949430593
90,G2,22.4,0.7486166736656045
90,G2,22.5,0.7493036893122622
90,G2,22.6,0.7499898200060054
90,G2,22.7,0.7506750998014631
90,G2,22.8,0.751359561167856
90,G2,22.9,0.7520431469867067
90,G2,23.0,0.7527258339000222
90,G2,23.1,0.7534076781468451
90,G2,23.2,0.7540886813416432
90,G2,23.3,0.7547687987564005
90,G2,23.4,0.7554480038712689
90,G2,23.5,0.7561263716111822
90,G2,23.6,0.7568038796879761
90,G2,23.7,0.7574804897244439
90,G2,23.8,0.7581561755186293
90,G2,23.9,0.7588310267492704
90,G2,24.0,0.7595050007767206
90,G2,24.1,0.7601780651051269
90,G2,24.2,0.7608501970960815
90,G2,24.3,0.7615214933883634
90,G2,24.4,0.7621918947004566
90,G2,24.5,0.762861376669679
90,G2,24.6,0.7635299195449327
90,G2,24.7,0.7641976207274589
90,G2,24.8,0.7648644142491638
90,G2,24.9,0.7655302757075295
90,G2,25.0,0.7661951965252555
91,G1,10.0,0.770851377962432
91,G1,10.1,0.7713191221781568
91,G1,10.2,0.7717863997690756
91,G1,10.3,0.7722531998571934
91,G1,10.4,0.7727195369748631
91,G1,10.5,0.7731854013457785
91,G1,10.6,0.7736507887259207
91,G1,10.7,0.7741157102476744
91,G1,10.8,0.7745801521855703
91,G1,10.9,0.7750441228106887
91,G1,11.0,0.7755076196210098
91,G1,11.1,0.7759706345028082
91,G1,11.2,0.7764331786135505
91,G1,11.3,0.7768952434631422
91,G1,11.4,0.7773568283956693
91,G1,11.5,0.7778179389997065
91,G1,11.6,0.7782785629909388
91,G1,11.7,0.7787387124586159
91,G1,11.8,0.7791983806538098
91,G1,11.9,0.7796575613328581
91,G1,12.0,0.780116266258181
91,G1,12.1,0.7805744838000678
91,G1,12.2,0.7810322189717467
91,G1,12.3,0.7814894715436489
91,G1,12.4,0.7819462310554024
91,G1,12.5,0.7824025122929262
91,G1,12.6,0.7828583051704636
91,G1,12.7,0.7833136057799562
91,G1,12.8,0.7837684253942265
91,G1,12.9,0.7842227495126307
91,G1,13.0,0.7846765878417213
91,G1,13.1,0.7851299369837088
91,G1,13.2,0.7855827890328057
91,G1,13.3,0.7860351554988323
91,G1,13.4,0.7864870273752129
91,G1,13.5,0.7869384050661381
91,G1,13.6,0.787389293447677
91,G1,13.7,0.7878396793928926
91,G1,13.8,0.7882895774432167
91,G1,13.9,0.7887389790208249
91,G1,14.0,0.7891878782574119
91,G1,14.1,0.7896362880078692
91,G1,14.2,0.7900841950122085
91,G1,14.3,0.7905316057288234
91,G1,14.4,0.7909785194481092
91,G1,14.5,0.7914249258506755
91,G1,14.6,0.7918708397081754
91,G1,14.7,0.7923162509079751
91,G1,14.8,0.7927611561513819
91,G1,14.9,0.7932055662056634
91,G1,15.0,0.7936494663635593
91,G1,15.1,0.7940928674548021
91,G1,15.2,0.7945357653677241
91,G1,15.3,0.7949781521111364
91,G1,15.4,0.7954200399165744
91,G1,15.5,0.7958614191229645
91,G1,15.6,0.7963022911468299
91,G1,15.7,0.7967426600207184
91,G1,15.8,0.7971825121895509
91,G1,15.9,0.7976218641401918
91,G1,16.0,0.7980607059046543
91,G1,16.1,0.798499031940478
91,G1,16.2,0.7989368557835109
91,G1,16.3,0.7993741629978455
91,G1,16.4,0.7998109613164396
91,G1,16.5,0.800247249391896
91,G1,16.6,0.8006830174995745
91,G1,16.7,0.801118279943566
91,G1,16.8,0.8015530266683023
91,G1,16.9,0.8019872554113097
91,G1,17.0,0.8024209757672252
91,G1,17.1,0.8028541731577838
91,G1,17.2,0.8032868597192071
91,G1,17.3,0.8037190301949654
91,G1,17.4,0.8041506770083389
91,G1,17.5,0.8045818129644122
91,G1,17.6,0.8050124272148743
91,G1,17.7,0.8054425229864993
91,G1,17.8,0.805872102889073
91,G1,17.9,0.8063011534889991
91,G1,18.0,0.8067296925808335
91,G1,18.1,0.807157709112203
91,G1,18.2,0.8075851981580692
91,G1,18.3,0.808012173464223
91,G1,18.4,0.8084386194279277
91,G1,18.5,0.8088645454854542
91,G1,18.6,0.8092899495131172
91,G1,18.7,0.8097148221029409
91,G1,18.8,0.8101391772837694
91,G1,18.9,0.810563005009976
91,G1,19.0,0.8109863042197902
91,G1,19.1,0.8114090830779295
91,G1,19.2,0.8118313272286466
91,G1,19.3,0.8122530503276106
91,G1,19.4,0.8126742456482021
91,G1,19.5,0.8130949061211542
91,G1,19.6,0.8135150454637705
91,G1,19.7,0.8139346511651248
91,G1,19.8,0.8143537284084617
91,G1,19.9,0.8147722782917579
91,G1,20.0,0.8151902883656004
91,G1,20.1,0.8156077764675633
91,G1,20.2,0.8160247310943306
91,G1,20.3,0.8164411478741543
91,G1,20.4,0.8168570406811329
91,G1,20.5,0.8172723928704068
91,G1,20.6,0.8176872156252958
91,G1,20.7,0.8181015058685206
91,G1,20.8,0.8185152544732733
91,G1,20.9,0.8189284755155823
91,G1,21.0,0.8193411586514792
91,G1,21.1,0.8197533040733714
91,G1,21.2,0.8201649187745106
91,G1,21.3,0.8205759881225954
91,G1,21.4,0.8209865277577195
91,G1,21.5,0.8213965293749772
91,G1,21.6,0.8218059862552398
91,G1,21.7,0.8222149131646663
91,G1,21.8,0.8226232958815591
91,G1,21.9,0.8230311414480693
91,G1,22.0,0.8234384498728673
91,G1,22.1,0.8238452092436956
91,G1,22.2,0.8242514374291607
91,G1,22.3,0.8246571227675713
91,G1,22.4,0.825062261369372
91,G1,22.5,0.8254668668849736
91,G1,22.6,0.8258709222372095
91,G1,22.7,0.8262744399825058
91,G1,22.8,0.8266774160136361
91,G1,22.9,0.827079841629
91,G1,23.0,0.8274817310238943
91,G1,23.1,0.8278830735131741
91,G1,23.2,0.828283870402363
91,G1,23.3,0.8286841277472352
91,G1,23.4,0.829083830268237
91,G1,23.5,0.8294829960469459
91,G1,23.6,0.8298816148695307
91,G1,23.7,0.8302796805905076
91,G1,23.8,0.8306772088450436
91,G1,23.9,0.8310741838614378
91,G1,24.0,0.8314706142283964
91,G1,24.1,0.8318664992637409
91,G1,24.2,0.8322618275928702
91,G1,24.3,0.832656616620573
91,G1,24.4,0.8330508548650376
91,G1,24.5,0.833444539313661
91,G1,24.6,0.8338376825818868
91,G1,24.7,0.834230267789485
91,G1,24.8,0.8346223085263442
91,G1,24.9,0.8350137998918375
91,G1,25.0,0.8354047332507203
91,G2,10.0,0.7265271964639126
91,G2,10.1,0.7270349603469646
91,G2,10.2,0.727542337157527
91,G2,10.3,0.7280493482682816
91,G2,10.4,0.7285559343824867
91,G2,10.5,0.7290621558925472
91,G2,10.6,0.7295679797408339
91,G2,10.7,0.7300733842622245
91,G2,10.8,0.7305784354325853
91,G2,10.9,0.731083057882026
91,G2,11.0,0.7315872920705514
91,G2,11.1,0.7320911471918683
91,G2,11.2,0.7325945661515456
91,G2,11.3,0.7330976230030459
91,G2,11.4,0.7336002579295833
91,G2,11.5,0.7341024831423911
91,G2,11.6,0.7346043381183007
91,G2,11.7,0.7351057549065729
91,G2,11.8,0.7356067860386784
91,G2,11.9,0.7361074192116329
91,G2,12.0,0.7366076093296008
91,G2,12.1,0.7371074373755255
91,G2,12.2,0.7376068251298741
91,G2,12.3,0.7381058071883714
91,G2,12.4,0.7386044028171656
91,G2,12.5,0.739102550553216
91,G2,12.6,0.7396003167847792
91,G2,12.7,0.7400976609931482
91,G2,12.8,0.7405945678765016
91,G2,12.9,0.7410911014565499
91,G2,13.0,0.741587184450082
91,G2,13.1,0.7420828601397188
91,G2,13.2,0.7425781368638125
91,G2,13.3,0.743072953621419
91,G2,13.4,0.7435673922220871
91,G2,13.5,0.7440613860886255
91,G2,13.6,0.7445549518513628
91,G2,13.7,0.7450481278893787
91,G2,13.8,0.745540842878174
91,G2,13.9,0.7460331560183646
91,G2,14.0,0.7465250490778252
91,G2,14.1,0.747016478859851
91,G2,14.2,0.7475075295735084
91,G2,14.3,0.7479981173351098
91,G2,14.4,0.748488281411411
91,G2,14.5,0.7489780397705211
91,G2,14.6,0.7494673281027304
91,G2,14.7,0.7499562190417666
91,G2,14.8,0.7504446647695117
91,G2,14.9,0.7509326564655955
91,G2,15.0,0.7514202556974213
91,G2,15.1,0.751907383094107
91,G2,15.2,0.7523940861018971
91,G2,15.3,0.7528803704346944
91,G2,15.4,0.7533661729014001
91,G2,15.5,0.753851582352408
91,G2,15.6,0.754336524834529
91,G2,15.7,0.7548210221667635
91,G2,15.8,0.7553051108800931
91,G2,15.9,0.7557887173318958
91,G2,16.0,0.7562719066252678
91,G2,16.1,0.7567546547881521
91,G2,16.2,0.7572369207413268
91,G2,16.3,0.7577187910790245
91,G2,16.4,0.7582001779005524
91,G2,16.5,0.7586811235274715
91,G2,16.6,0.7591616456328034
91,G2,16.7,0.7596416764190003
91,G2,16.8,0.7601212950413776
91,G2,16.9,0.760600446388557
91,G2,17.0,0.761079128386775
91,G2,17.1,0.7615573992298632
91,G2,17.2,0.7620351785072065
91,G2,17.3,0.7625125178406021
91,G2,17.4,0.7629894191009863
91,G2,17.5,0.7634658188044395
91,G2,17.6,0.7639418112937555
91,G2,17.7,0.7644173154944395
91,G2,17.8,0.7648923589160476
91,G2,17.9,0.7653669756294161
91,G2,18.0,0.7658410902938767
91,G2,18.1,0.7663147737381759
91,G2,18.2,0.7667879950216201
91,G2,18.3,0.7672607181998573
91,G2,18.4,0.7677330294771696
91,G2,18.5,0.7682048378003852
91,G2,18.6,0.7686761887164313
91,G2,18.7,0.7691470993424774
91,G2,18.8,0.7696174982705855
91,G2,18.9,0.7700874720837079
91,G2,19.0,0.770556957175846
91,G2,19.1,0.7710259589485902
91,G2,19.2,0.7714945322654366
91,G2,19.3,0.7719625946602969
91,G2,19.4,0.7724302041284731
91,G2,19.5,0.772897356058912
91,G2,19.6,0.7733639888689614
91,G2,19.7,0.7738302011312294
91,G2,19.8,0.7742959047759433
91,G2,19.9,0.7747611334625426
91,G2,20.0,0.7752259183529776
91,G2,20.1,0.7756901826287422
91,G2,20.2,0.7761540030320452
91,G2,20.3,0.7766173407726362
91,G2,20.4,0.7770801667256659
91,G2,20.5,0.7775425648017621
91,G2,20.6,0.7780044425398447
91,G2,20.7,0.7784658475638543
91,G2,20.8,0.7789267966209349
91,G2,20.9,0.7793872144877724
91,G2,21.0,0.7798471957944668
91,G2,21.1,0.7803066685924682
91,G2,21.2,0.7807656448891234
91,G2,21.3,0.781224176992632
91,G2,21.4,0.7816821796439173
91,G2,21.5,0.7821397180887597
91,G2,21.6,0.7825967800486308
91,G2,21.7,0.78305330737344
91,G2,21.8,0.7835094017772302
91,G2,21.9,0.7839649682989568
91,G2,22.0,0.7844200471617585
91,G2,22.1,0.7848746662041679
91,G2,22.2,0.7853287473437877
91,G2,22.3,0.7857823733927629
91,G2,22.4,0.7862354968106996
91,G2,22.5,0.786688097147514
91,G2,22.6,0.7871402542061156
91,G2,22.7,0.7875918744348414
91,G2,22.8,0.7880430091554003
91,G2,22.9,0.7884936725274765
91,G2,23.0,0.7889437866775518
91,G2,23.1,0.7893934538341245
91,G2,23.2,0.7898425947622714
91,G2,23.3,0.7902912269499615
91,G2,23.4,0.7907394003192587
91,G2,23.5,0.7911870269372053
91,G2,23.6,0.7916341790468723
91,G2,23.7,0.7920808375046081
91,G2,23.8,0.7925269473826143
91,G2,23.9,0.7929726121879159
91,G2,24.0,0.7934177324788336
91,G2,24.1,0.7938623526824874
91,G2,24.2,0.7943064991241247
91,G2,24.3,0.7947500912247035
91,G2,24.4,0.7951932179926208
91,G2,24.5,0.7956358240744194
91,G2,24.6,0.7960778970176693
91,G2,24.7,0.7965195121961821
91,G2,24.8,0.796960575299178
91,G2,24.9,0.7974011417395768
91,G2,25.0,0.7978412220852709
92,G1,10.0,0.7651383689098151
92,G1,10.1,0.7656982544251572
92,G1,10.2,0.7662574805353302
92,G1,10.3,0.7668160822171031
92,G1,10.4,0.767374059937042
92,G1,10.5,0.7679313747806356
92,G1,10.6,0.7684880590307772
92,G1,10.7,0.7690441166000545
92,G1,10.8,0.7695995081883902
92,G1,10.9,0.7701542631650354
92,G1,11.0,0.7707083883927041
92,G1,11.1,0.7712618448091153
92,G1,11.2,0.7718146586937404
92,G1,11.3,0.7723668396638348
92,G1,11.4,0.77291834900614
92,G1,11.5,0.7734692100637977
92,G1,11.6,0.7740194350546494
92,G1,11.7,0.7745689857517245
92,G1,11.8,0.7751178822218195
92,G1,11.9,0.775666139873123
92,G1,12.0,0.7762137206379507
92,G1,12.1,0.7767606407366262
92,G1,12.2,0.777306919869469
92,G1,12.3,0.7778525192639848
92,G1,12.4,0.7783974516365897
92,G1,12.5,0.7789417412305338
92,G1,12.6,0.7794853477990542
92,G1,12.7,0.7800282813038855
92,G1,12.8,0.7805705704663449
92,G1,12.9,0.7811121730908993
92,G1,13.0,0.7816530968626432
92,G1,13.1,0.782193374303911
92,G1,13.2,0.7827329622135969
92,G1,13.3,0.7832718656242775
92,G1,13.4,0.7838101200405468
92,G1,13.5,0.7843476827055839
92,G1,13.6,0.7848845551431484
92,G1,13.7,0.7854207756865387
92,G1,13.8,0.7859563025427506
92,G1,13.9,0.786491133667726
92,G1,14.0,0.7870253097352298
92,G1,14.1,0.7875587900368516
92,G1,14.2,0.7880915699492063
92,G1,14.3,0.788623690984735
92,G1,14.4,0.789155114500924
92,G1,14.5,0.7896858330485859
92,G1,14.6,0.7902158887515116
92,G1,14.7,0.7907452453805877
92,G1,14.8,0.7912738926042833
92,G1,14.9,0.7918018728872808
92,G1,15.0,0.7923291524428963
92,G1,15.1,0.7928557187338433
92,G1,15.2,0.7933816135133224
92,G1,15.3,0.7939068064283643
92,G1,15.4,0.7944312819955283
92,G1,15.5,0.7949550813826456
92,G1,15.6,0.7954781781671102
92,G1,15.7,0.7960005535107525
92,G1,15.8,0.796522247915607
92,G1,15.9,0.7970432390956125
92,G1,16.0,0.7975635044940443
92,G1,16.1,0.7980830847670494
92,G1,16.2,0.7986019610410653
92,G1,16.3,0.7991201069792623
92,G1,16.4,0.7996375641158051
92,G1,16.5,0.8001543163189064
92,G1,16.6,0.8006703336793184
92,G1,16.7,0.8011856586731115
92,G1,16.8,0.8017002776914838
92,G1,16.9,0.8022141574676802
92,G1,17.0,0.8027273414404686
92,G1,17.1,0.8032398183024106
92,G1,17.2,0.8037515519978353
92,G1,17.3,0.8042625860889282
92,G1,17.4,0.8047729118878333
92,G1,17.5,0.8052824912219263
92,G1,17.6,0.8057913668817517
92,G1,17.7,0.8062995326258039
92,G1,17.8,0.8068069496662421
92,G1,17.9,0.807313658209409
92,G1,18.0,0.8078196557218611
92,G1,18.1,0.808324902190856
92,G1,18.2,0.8088294353056661
92,G1,18.3,0.8093332561201065
92,G1,18.4,0.8098363240788268
92,G1,18.5,0.8103386737959486
92,G1,18.6,0.8108403097172805
92,G1,18.7,0.8113411912047794
92,G1,18.8,0.8118413497276374
92,G1,18.9,0.8123407927161346
92,G1,19.0,0.8128394798868449
92,G1,19.1,0.8133374394681084
92,G1,19.2,0.8138346818681407
92,G1,19.3,0.8143311669470702
92,G1,19.4,0.8148269200256317
92,G1,19.5,0.8153219542806045
92,G1,19.6,0.8158162301284919
92,G1,19.7,0.8163097688492896
92,G1,19.8,0.8168025879469489
92,G1,19.9,0.8172946472845093
92,G1,20.0,0.8177859642257581
92,G1,20.1,0.8182765611690749
92,G1,20.2,0.8187663965655014
92,G1,20.3,0.8192554846062948
92,G1,20.4,0.819743852650938
92,G1,20.5,0.8202314569354385
92,G1,20.6,0.8207183093523871
92,G1,20.7,0.82120444147217
92,G1,20.8,0.8216898079543157
92,G1,20.9,0.8221744180921219
92,G1,21.0,0.8226583070689708
92,G1,21.1,0.8231414293015727
92,G1,21.2,0.8236237907957318
92,G1,21.3,0.8241054296301544
92,G1,21.4,0.8245863012906385
92,G1,21.5,0.825066407791809
92,G1,21.6,0.8255457901492127
92,G1,21.7,0.8260244046543116
92,G1,21.8,0.8265022503666013
92,G1,21.9,0.8269793697340512
92,G1,22.0,0.8274557209205661
92,G1,22.1,0.8279312999803083
92,G1,22.2,0.8284061502398836
92,G1,22.3,0.828880232155016
92,G1,22.4,0.8293535387150152
92,G1,22.5,0.8298261138902691
92,G1,22.6,0.8302979204966983
92,G1,22.7,0.8307689491481419
92,G1,22.8,0.8312392433647322
92,G1,22.9,0.8317087691587304
92,G1,23.0,0.832177514367286
92,G1,23.1,0.832645521892788
92,G1,23.2,0.8331127616272207
92,G1,23.3,0.8335792180864509
92,G1,23.4,0.8340449333961225
92,G1,23.5,0.8345098818984019
92,G1,23.6,0.834974044145561
92,G1,23.7,0.8354374622769857
92,G1,23.8,0.8359001143770564
92,G1,23.9,0.8363619770970915
92,G1,24.0,0.8368230932484986
92,G1,24.1,0.837283444065538
92,G1,24.2,0.8377430022072918
92,G1,24.3,0.83820181172571
92,G1,24.4,0.8386598563324541
92,G1,24.5,0.8391171051540892
92,G1,24.6,0.8395736033662505
92,G1,24.7,0.8400293371055985
92,G1,24.8,0.8404842721716141
92,G1,24.9,0.8409384544911823
92,G1,25.0,0.841391872704065
92,G2,10.0,0.6678569716054837
92,G2,10.1,0.6684989858143552
92,G2,10.2,0.6691406455563315
92,G2,10.3,0.6697819419192974
92,G2,10.4,0.6704228774746177
92,G2,10.5,0.671063453794859
92,G2,10.6,0.6717036607902459
92,G2,10.7,0.6723434987164627
92,G2,10.8,0.6729829743965339
92,G2,10.9,0.6736220736987945
92,G2,11.0,0.6742607960449409
92,G2,11.1,0.674899153169381
92,G2,11.2,0.6755371261026772
92,G2,11.3,0.6761747155063896
92,G2,11.4,0.676811936133559
92,G2,11.5,0.6774487644700271
92,G2,11.6,0.6780852032656066
92,G2,11.7,0.6787212693927359
92,G2,11.8,0.6793569353719627
92,G2,11.9,0.6799922054065101
92,G2,12.0,0.6806270993464738
92,G2,12.1,0.6812615853442042
92,G2,12.2,0.6818956687743873
92,G2,12.3,0.6825293728632021
92,G2,12.4,0.683162661152071
92,G2,12.5,0.6837955402398991
92,G2,12.6,0.6844280368640935
92,G2,12.7,0.6850601094587442
92,G2,12.8,0.6856917665269265
92,G2,12.9,0.6863230381444378
92,G2,13.0,0.6869538774769511
92,G2,13.1,0.6875842953259362
92,G2,13.2,0.6882143237570405
92,G2,13.3,0.6888439130463193
92,G2,13.4,0.6894730742051493
92,G2,13.5,0.6901018413880422
92,G2,13.6,0.6907301639022521
92,G2,13.7,0.6913580509846385
92,G2,13.8,0.6919855394412309
92,G2,13.9,0.6926125780353736
92,G2,14.0,0.6932391737413813
92,G2,14.1,0.6938653655052526
92,G2,14.2,0.6944911035447923
92,G2,14.3,0.6951163908142857
92,G2,14.4,0.6957412682517699
92,G2,14.5,0.6963656888350063
92,G2,14.6,0.6969896508091801
92,G2,14.7,0.6976131968134587
92,G2,14.8,0.698236281848743
92,G2,14.9,0.6988589026037719
92,G2,15.0,0.699481100159973
92,G2,15.1,0.7001028324252238
92,G2,15.2,0.7007240953525737
92,G2,15.3,0.7013449274698604
92,G2,15.4,0.7019652900011072
92,G2,15.5,0.7025851784917924
92,G2,15.6,0.7032046278184272
92,G2,15.7,0.7038236041318503
92,G2,15.8,0.7044421014528536
92,G2,15.9,0.7050601511588089
92,G2,16.0,0.7056777249760082
92,G2,16.1,0.7062948142298393
92,G2,16.2,0.7069114479698774
92,G2,16.3,0.707527602433228
92,G2,16.4,0.7081432674329103
92,G2,16.5,0.7087584686621499
92,G2,16.6,0.7093731870548952
92,G2,16.7,0.7099874116733799
92,G2,16.8,0.7106011639486274
92,G2,16.9,0.7112144299148326
92,G2,17.0,0.7118271978681701
92,G2,17.1,0.7124394848494886
92,G2,17.2,0.7130512821365946
92,G2,17.3,0.7136625772444797
92,G2,17.4,0.7142733826967476
92,G2,17.5,0.7148836951571116
92,G2,17.6,0.7154935013444147
92,G2,17.7,0.7161028091388663
92,G2,17.8,0.7167116207312921
92,G2,17.9,0.7173199216585788
92,G2,18.0,0.7179277161453341
92,G2,18.1,0.7185350109365861
92,G2,18.2,0.719141790396635
92,G2,18.3,0.7197480551072554
92,G2,18.4,0.7203538181775054
92,G2,18.5,0.720959060133995
92,G2,18.6,0.7215637790528695
92,G2,18.7,0.7221679951901022
92,G2,18.8,0.7227716831794724
92,G2,18.9,0.7233748414251959
92,G2,19.0,0.7239774950464065
92,G2,19.1,0.7245796126443876
92,G2,19.2,0.7251811955230687
92,G2,19.3,0.7257822711337618
92,G2,19.4,0.7263828028928934
92,G2,19.5,0.7269827947379758
92,G2,19.6,0.7275822767601938
92,G2,19.7,0.7281812077981952
92,G2,19.8,0.7287795930241907
92,G2,19.9,0.729377466493177
92,G2,20.0,0.729974781583954
92,G2,20.1,0.7305715449969559
92,G2,20.2,0.7311677947922502
92,G2,20.3,0.7317634787356666
92,G2,20.4,0.732358604954351
92,G2,20.5,0.7329532163387555
92,G2,20.6,0.7335472535709253
92,G2,20.7,0.7341407281704215
92,G2,20.8,0.734733685683665
92,G2,20.9,0.7353260620958136
92,G2,21.0,0.7359178702396851
92,G2,21.1,0.7365091580036806
92,G2,21.2,0.7370998599779887
92,G2,21.3,0.7376899869533173
92,G2,21.4,0.7382795902033951
92,G2,21.5,0.7388686032563255
92,G2,21.6,0.7394570344750592
92,G2,21.7,0.740044937868076
92,G2,21.8,0.7406322481441905
92,G2,21.9,0.7412189693452097
92,G2,22.0,0.7418051575496514
92,G2,22.1,0.7423907514615048
92,G2,22.2,0.7429757484845728
92,G2,22.3,0.7435602071373073
92,G2,22.4,0.744144069350246
92,G2,22.5,0.7447273291983532
92,G2,22.6,0.7453100441232251
92,G2,22.7,0.7458921597259447
92,G2,22.8,0.7464736691800038
92,G2,22.9,0.7470546263314665
92,G2,23.0,0.7476349813218683
92,G2,23.1,0.748214726515021
92,G2,23.2,0.7487939114852623
92,G2,23.3,0.7493724919589193
92,G2,23.4,0.7499504595969438
92,G2,23.5,0.7505278579881035
92,G2,23.6,0.7511046509358409
92,G2,23.7,0.7516808267498836
92,G2,23.8,0.7522564254503122
92,G2,23.9,0.7528314172786322
92,G2,24.0,0.7534057878932041
92,G2,24.1,0.7539795733798296
92,G2,24.2,0.7545527500731277
92,G2,24.3,0.7551253027176882
92,G2,24.4,0.7556972616042992
92,G2,24.5,0.7562686098669573
92,G2,24.6,0.7568393313243724
92,G2,24.7,0.7574094503627938
92,G2,24.8,0.757978957037039
92,G2,24.9,0.7585478342280333
92,G2,25.0,0.7591161003092838
93,G1,10.0,0.7949498286699377
93,G1,10.1,0.7954377920379334
93,G1,10.2,0.7959251682524839
93,G1,10.3,0.7964119097787933
93,G1,10.4,0.7968980643164019
93,G1,10.5,0.7973835931781037
93,G1,10.6,0.7978685111251683
93,G1,10.7,0.798352827530692
93,G1,10.8,0.7988365086470943
93,G1,10.9,0.7993196025205285
93,G1,11.0,0.7998020588991673
93,G1,11.1,0.8002839121045766
93,G1,11.2,0.8007651457676994
93,G1,11.3,0.8012457497760532
93,G1,11.4,0.8017257595472691
93,G1,11.5,0.8022051240867684
93,G1,11.6,0.8026838899828123
93,G1,11.7,0.8031620229235265
93,G1,11.8,0.8036395299844756
93,G1,11.9,0.8041164329021705
93,G1,12.0,0.8045926871717131
93,G1,12.1,0.8050683437021854
93,G1,12.2,0.8055433571490543
93,G1,12.3,0.8060177510737789
93,G1,12.4,0.8064915241168187
93,G1,12.5,0.8069646511231148
93,G1,12.6,0.8074371779311812
93,G1,12.7,0.8079090506422026
93,G1,12.8,0.8083803118534568
93,G1,12.9,0.8088509356916344
93,G1,13.0,0.8093209198064055
93,G1,13.1,0.8097902951183531
93,G1,13.2,0.8102590117413053
93,G1,13.3,0.8107271189679398
93,G1,13.4,0.8111945777091092
93,G1,13.5,0.8116614020355041
93,G1,13.6,0.8121276042489022
93,G1,13.7,0.8125931472956436
93,G1,13.8,0.8130580818020999
93,G1,13.9,0.8135223568430523
93,G1,14.0,0.813986005845672
93,G1,14.1,0.8144490150966548
93,G1,14.2,0.8149113711387489
93,G1,14.3,0.8153731131697334
93,G1,14.4,0.8158341874299649
93,G1,14.5,0.8162946421723841
93,G1,14.6,0.8167544430517503
93,G1,14.7,0.8172135960992626
93,G1,14.8,0.8176721261998474
93,G1,14.9,0.8181299855196704
93,G1,15.0,0.8185872267766644
93,G1,15.1,0.8190438047505564
93,G1,15.2,0.8194997416125226
93,G1,15.3,0.8199550395157086
93,G1,15.4,0.8204096697258787
93,G1,15.5,0.8208636808008122
93,G1,15.6,0.8213170178882553
93,G1,15.7,0.8217697232766934
93,G1,15.8,0.8222217725604277
93,G1,15.9,0.8226731618490448
93,G1,16.0,0.8231239243597313
93,G1,16.1,0.8235740080286641
93,G1,16.2,0.8240234639025493
93,G1,16.3,0.8244722524392065
93,G1,16.4,0.8249203867020998
93,G1,16.5,0.8253678826847825
93,G1,16.6,0.8258146992053088
93,G1,16.7,0.8262608897257547
93,G1,16.8,0.8267064028063633
93,G1,16.9,0.8271512707231324
93,G1,17.0,0.8275954830594738
93,G1,17.1,0.8280390220143916
93,G1,17.2,0.8284819312551145
93,G1,17.3,0.8289241544169809
93,G1,17.4,0.8293657406774354
93,G1,17.5,0.8298066565295582
93,G1,17.6,0.8302469064459139
93,G1,17.7,0.8306865181781133
93,G1,17.8,0.8311254412662045
93,G1,17.9,0.8315637297787175
93,G1,18.0,0.8320013387565645
93,G1,18.1,0.8324382889683956
93,G1,18.2,0.8328745863741187
93,G1,18.3,0.8333101980795333
93,G1,18.4,0.8337451756863071
93,G1,18.5,0.8341794635671312
93,G1,18.6,0.8346131030966086
93,G1,18.7,0.835046072231548
93,G1,18.8,0.8354783647250321
93,G1,18.9,0.8359100165414188
93,G1,19.0,0.8363409733914423
93,G1,19.1,0.8367712878784062
93,G1,19.2,0.8372009202477156
93,G1,19.3,0.8376298823080711
93,G1,19.4,0.8380581940025895
93,G1,19.5,0.838485810149245
93,G1,19.6,0.8389127864210554
93,G1,19.7,0.8393390715722914
93,G1,19.8,0.8397646960288039
93,G1,19.9,0.8401896533570166
93,G1,20.0,0.8406139211771054
93,G1,20.1,0.8410375471923233
93,G1,20.2,0.8414604732989023
93,G1,20.3,0.8418827485747686
93,G1,20.4,0.8423043414724133
93,G1,20.5,0.8427252539427443
93,G1,20.6,0.8431455167612991
93,G1,20.7,0.843565077440408
93,G1,20.8,0.8439839909274517
93,G1,20.9,0.8444022125540934
93,G1,21.0,0.8448197619580912
93,G1,21.1,0.8452366483543943
93,G1,21.2,0.8456528353650024
93,G1,21.3,0.8460683770066446
93,G1,21.4,0.8464832175719885
93,G1,21.5,0.8468973968083827
93,G1,21.6,0.8473108957036152
93,G1,21.7,0.8477237048771377
93,G1,21.8,0.8481358636074188
93,G1,21.9,0.8485473153213057
93,G1,22.0,0.8489581138622753
93,G1,22.1,0.849368219685386
93,G1,22.2,0.8497776434685943
93,G1,22.3,0.8501864084398991
93,G1,22.4,0.8505944660320254
93,G1,22.5,0.8510018734296526
93,G1,22.6,0.8514085803118363
93,G1,22.7,0.851814614725921
93,G1,22.8,0.8522199744204204
93,G1,22.9,0.8526246332278918
93,G1,23.0,0.8530286413877166
93,G1,23.1,0.8534319402527457
93,G1,23.2,0.853834578139958
93,G1,23.3,0.8542365255606233
93,G1,23.4,0.8546377824288993
93,G1,23.5,0.8550383817572219
93,G1,23.6,0.8554382696243148
93,G1,23.7,0.8558375015575056
93,G1,23.8,0.8562360335696259
93,G1,23.9,0.8566338836474624
93,G1,24.0,0.8570310645814703
93,G1,24.1,0.8574275366428518
93,G1,24.2,0.8578233557365477
93,G1,24.3,0.8582184664523008
93,G1,24.4,0.858612906791716
93,G1,24.5,0.8590066613021012
93,G1,24.6,0.8593997165289656
93,G1,24.7,0.8597921153878908
93,G1,24.8,0.8601837996733671
93,G1,24.9,0.860574823438469
93,G1,25.0,0.8609651483589081
93,G2,10.0,0.6806034483972088
93,G2,10.1,0.6811919952288202
93,G2,10.2,0.6817801601428981
93,G2,10.3,0.6823680274303084
93,G2,10.4,0.6829555099637807
93,G2,10.5,0.6835426755407211
93,G2,10.6,0.6841294883813731
93,G2,10.7,0.6847159324285534
93,G2,10.8,0.6853020707326952
93,G2,10.9,0.6858877997439735
93,G2,11.0,0.686473219945702
93,G2,11.1,0.6870582631856238
93,G2,11.2,0.6876429490064412
93,G2,11.3,0.6882273089976348
93,G2,11.4,0.688811254617529
93,G2,11.5,0.6893948870686273
93,G2,11.6,0.6899781237168203
93,G2,11.7,0.6905610132745564
93,G2,11.8,0.6911435455023293
93,G2,11.9,0.6917256766763056
93,G2,12.0,0.6923074857730529
93,G2,12.1,0.6928888754636027
93,G2,12.2,0.6934699296490018
93,G2,12.3,0.6940505962131064
93,G2,12.4,0.6946308764381979
93,G2,12.5,0.6952108231362352
93,G2,12.6,0.6957903286372557
93,G2,12.7,0.6963695050287213
93,G2,12.8,0.6969482731571495
93,G2,12.9,0.697526664316791
93,G2,13.0,0.6981046953960377
93,G2,13.1,0.698682293603276
93,G2,13.2,0.6992595518381852
93,G2,13.3,0.6998363816406182
93,G2,13.4,0.7004128479609013
93,G2,13.5,0.700988920833863
93,G2,13.6,0.7015645756365321
93,G2,13.7,0.7021398835429064
93,G2,13.8,0.7027147375254129
93,G2,13.9,0.7032892375527517
93,G2,14.0,0.7038633182946922
93,G2,14.1,0.7044369948645168
93,G2,14.2,0.705010306601703
93,G2,14.3,0.7055831537146184
93,G2,14.4,0.7061556472061224
93,G2,14.5,0.7067277022459878
93,G2,14.6,0.7072993634998702
93,G2,14.7,0.7078706286466455
93,G2,14.8,0.7084414433767738
93,G2,14.9,0.7090118950801156
93,G2,15.0,0.7095818849600609
93,G2,15.1,0.7101514946018554
93,G2,15.2,0.7107206759965277
93,G2,15.3,0.7112894236356558
93,G2,15.4,0.7118577985883474
93,G2,15.5,0.7124256873552416
93,G2,15.6,0.7129932048215463
93,G2,15.7,0.7135602715284217
93,G2,15.8,0.7141269165040834
93,G2,15.9,0.7146931642684126
93,G2,16.0,0.7152589293878668
93,G2,16.1,0.7158243155487602
93,G2,16.2,0.7163892315163628
93,G2,16.3,0.7169537394282308
93,G2,16.4,0.7175178155154983
93,G2,16.5,0.7180814263217065
93,G2,16.6,0.7186446509265555
93,G2,16.7,0.7192073801686404
93,G2,16.8,0.7197697117629613
93,G2,16.9,0.7203315843518013
93,G2,17.0,0.720893007887738
93,G2,17.1,0.7214540296695238
93,G2,17.2,0.7220145400605433
93,G2,17.3,0.7225746577727747
93,G2,17.4,0.7231342965412976
93,G2,17.5,0.7236934976750887
93,G2,17.6,0.7242522659588914
93,G2,17.7,0.724810537580029
93,G2,17.8,0.725368406506409
93,G2,17.9,0.7259257742085444
93,G2,18.0,0.7264827187901949
93,G2,18.1,0.7270391977007372
93,G2,18.2,0.7275951972187564
93,G2,18.3,0.7281507870179909
93,G2,18.4,0.7287058490594719
93,G2,18.5,0.7292604984895085
93,G2,18.6,0.7298146588276038
93,G2,18.7,0.7303683544195025
93,G2,18.8,0.730921617529347
93,G2,18.9,0.7314743519931869
93,G2,19.0,0.73202666964103
93,G2,19.1,0.7325784791891805
93,G2,19.2,0.733129837717985
93,G2,19.3,0.7336807290680594
93,G2,19.4,0.7342311101818655
93,G2,19.5,0.7347810675266309
93,G2,19.6,0.7353304919363955
93,G2,19.7,0.7358794772842179
93,G2,19.8,0.7364279663538181
93,G2,19.9,0.7369759635789942
93,G2,20.0,0.737523524710919
93,G2,20.1,0.7380705315523842
93,G2,20.2,0.7386171082674474
93,G2,20.3,0.7391631685051727
93,G2,20.4,0.7397087492233584
93,G2,20.5,0.7402538641271839
93,G2,20.6,0.7407984383410885
93,G2,20.7,0.7413425723116089
93,G2,20.8,0.7418861689381451
93,G2,20.9,0.7424293017001082
93,G2,21.0,0.7429719345973833
93,G2,21.1,0.7435140453064665
93,G2,21.2,0.7440557107954331
93,G2,21.3,0.7445968116535653
93,G2,21.4,0.7451374600557136
93,G2,21.5,0.7456775841155442
93,G2,21.6,0.7462172029997067
93,G2,21.7,0.7467563566467524
93,G2,21.8,0.7472949388370032
93,G2,21.9,0.7478330692215329
93,G2,22.0,0.7483706565168818
93,G2,22.1,0.7489077522671924
93,G2,22.2,0.7494443486297803
93,G2,22.3,0.7499803924917923
93,G2,22.4,0.750515977392674
93,G2,22.5,0.7510509949066715
93,G2,22.6,0.7515855349488013
93,G2,22.7,0.7521195449309526
93,G2,22.8,0.7526530224248748
93,G2,22.9,0.7531860316767566
93,G2,23.0,0.7537184484834761
93,G2,23.1,0.7542503994539801
93,G2,23.2,0.7547817993953936
93,G2,23.3,0.755312680907023
93,G2,23.4,0.7558430670085854
93,G2,23.5,0.756372870329874
93,G2,23.6,0.756902199941764
93,G2,23.7,0.7574309587630966
93,G2,23.8,0.7579592158228455
93,G2,23.9,0.7584869418248764
93,G2,24.0,0.7590141058349528
93,G2,24.1,0.7595407916839803
93,G2,24.2,0.7600668800029179
93,G2,24.3,0.7605924783008907
93,G2,24.4,0.761117520317376
93,G2,24.5,0.7616420196501553
93,G2,24.6,0.7621660239550212
93,G2,24.7,0.7626894172101911
93,G2,24.8,0.7632123267029296
93,G2,24.9,0.7637346610085192
93,G2,25.0,0.7642564663824036
94,G1,10.0,0.7760624920730481
94,G1,10.1,0.7767615979503959
94,G1,10.2,0.7774596088884435
94,G1,10.3,0.7781565144690081
94,G1,10.4,0.7788523383540483
94,G1,10.5,0.7795470759634219
94,G1,10.6,0.7802407086634615
94,G1,10.7,0.7809332304128569
94,G1,10.8,0.7816246454723222
94,G1,10.9,0.7823149699783774
94,G1,11.0,0.7830041863872135
94,G1,11.1,0.7836922853339034
94,G1,11.2,0.7843792573833671
94,G1,11.3,0.7850651268912818
94,G1,11.4,0.7857498865561282
94,G1,11.5,0.7864335178944665
94,G1,11.6,0.7871160153113823
94,G1,11.7,0.7877973879676646
94,G1,11.8,0.7884776490244458
94,G1,11.9,0.7891567766737027
94,G1,12.0,0.7898347667862158
94,G1,12.1,0.7905116096306799
94,G1,12.2,0.7911873300218948
94,G1,12.3,0.7918619183703407
94,G1,12.4,0.7925353570107834
94,G1,12.5,0.7932076394246164
94,G1,12.6,0.7938787807290333
94,G1,12.7,0.7945487902271555
94,G1,12.8,0.7952176423581716
94,G1,12.9,0.7958853368675002
94,G1,13.0,0.7965518663315408
94,G1,13.1,0.7972172549908902
94,G1,13.2,0.7978814898293074
94,G1,13.3,0.7985445553524544
94,G1,13.4,0.7992064437379492
94,G1,13.5,0.7998671765797053
94,G1,13.6,0.8005267562987481
94,G1,13.7,0.8011851590672707
94,G1,13.8,0.8018423829159319
94,G1,13.9,0.8024984264129009
94,G1,14.0,0.8031533118222137
94,G1,14.1,0.8038070225424226
94,G1,14.2,0.8044595465515225
94,G1,14.3,0.8051108744597578
94,G1,14.4,0.8057610324967475
94,G1,14.5,0.8064100167394604
94,G1,14.6,0.8070578064524235
94,G1,14.7,0.8077043970848421
94,G1,14.8,0.8083497941918381
94,G1,14.9,0.8089940164500738
94,G1,15.0,0.8096370444052545
94,G1,15.1,0.8102788691465397
94,G1,15.2,0.8109194820027961
94,G1,15.3,0.8115589100656321
94,G1,15.4,0.812197146166263
94,G1,15.5,0.8128341699856798
94,G1,15.6,0.8134699776648073
94,G1,15.7,0.8141045797611308
94,G1,15.8,0.8147379917339255
94,G1,15.9,0.8153701894116208
94,G1,16.0,0.8160011698572075
94,G1,16.1,0.8166309239674673
94,G1,16.2,0.8172594793492397
94,G1,16.3,0.8178868259184794
94,G1,16.4,0.8185129448826921
94,G1,16.5,0.8191378312188686
94,G1,16.6,0.8197615017992826
94,G1,16.7,0.8203839676674898
94,G1,16.8,0.8210052009306111
94,G1,16.9,0.8216252028216078
94,G1,17.0,0.8222439667037809
94,G1,17.1,0.822861519416306
94,G1,17.2,0.8234778470918207
94,G1,17.3,0.8240929336275025
94,G1,17.4,0.8247067725544389
94,G1,17.5,0.8253193874498396
94,G1,17.6,0.8259307819250017
94,G1,17.7,0.8265409301200793
94,G1,17.8,0.8271498315402519
94,G1,17.9,0.8277574858180583
94,G1,18.0,0.8283639175903035
94,G1,18.1,0.8289691090517849
94,G1,18.2,0.8295730481964262
94,G1,18.3,0.8301757268128082
94,G1,18.4,0.83077717314122
94,G1,18.5,0.8313773839637227
94,G1,18.6,0.8319763369276838
94,G1,18.7,0.8325740290423377
94,G1,18.8,0.8331704670217356
94,G1,18.9,0.8337656716681674
94,G1,19.0,0.8343596220211856
94,G1,19.1,0.8349523098455736
94,G1,19.2,0.8355437273554506
94,G1,19.3,0.8361339038183608
94,G1,19.4,0.8367228323213227
94,G1,19.5,0.8373104911559749
94,G1,19.6,0.8378968782566899
94,G1,19.7,0.8384820053392558
94,G1,19.8,0.8390658898100589
94,G1,19.9,0.8396485056481187
94,G1,20.0,0.8402298511668879
94,G1,20.1,0.8408099180603825
94,G1,20.2,0.8413887361181165
94,G1,20.3,0.8419662949580227
94,G1,20.4,0.8425425750797277
94,G1,20.5,0.8431175730320107
94,G1,20.6,0.8436913070591665
94,G1,20.7,0.8442637896780983
94,G1,20.8,0.8448349912756974
94,G1,20.9,0.8454049145196492
94,G1,21.0,0.845973553689218
94,G1,21.1,0.8465409376037523
94,G1,21.2,0.8471070518482298
94,G1,21.3,0.8476718800607268
94,G1,21.4,0.8482354172066031
94,G1,21.5,0.8487976883362064
94,G1,21.6,0.8493586981367404
94,G1,21.7,0.8499184192988553
94,G1,21.8,0.8504768527639592
94,G1,21.9,0.8510339992064385
94,G1,22.0,0.8515898850945778
94,G1,22.1,0.8521444917843026
94,G1,22.2,0.8526978075599168
94,G1,22.3,0.8532498254731788
94,G1,22.4,0.8538005751958362
94,G1,22.5,0.8543500542238645
94,G1,22.6,0.854898239097132
94,G1,22.7,0.8554451283983825
94,G1,22.8,0.8559907298205435
94,G1,22.9,0.8565350658282282
94,G1,23.0,0.857078114396336
94,G1,23.1,0.8576198681324861
94,G1,23.2,0.8581603202272171
94,G1,23.3,0.8586995015007809
94,G1,23.4,0.8592374054134709
94,G1,23.5,0.8597740093377274
94,G1,23.6,0.8603093129812441
94,G1,23.7,0.8608433289565263
94,G1,23.8,0.8613760762018554
94,G1,23.9,0.861907527408944
94,G1,24.0,0.8624376821442983
94,G1,24.1,0.8629665330157266
94,G1,24.2,0.8634941113486665
94,G1,24.3,0.8640204066606323
94,G1,24.4,0.8645453991651199
94,G1,24.5,0.8650690869720123
94,G1,24.6,0.8655914892995707
94,G1,24.7,0.8661126198272312
94,G1,24.8,0.8666324478702994
94,G1,24.9,0.8671509774178392
94,G1,25.0,0.8676682037300333
94,G2,10.0,0.629799101630577
94,G2,10.1,0.630637460007578
94,G2,10.2,0.6314754020071885
94,G2,10.3,0.6323129407594459
94,G2,10.4,0.6331500773190428
94,G2,10.5,0.6339868146208916
94,G2,10.6,0.6348231279124017
94,G2,10.7,0.635659005519524
94,G2,10.8,0.6364944603591645
94,G2,10.9,0.6373295025344033
94,G2,11.0,0.6381641123142489
94,G2,11.1,0.6389982622160051
94,G2,11.2,0.6398319725996402
94,G2,11.3,0.6406652452808763
94,G2,11.4,0.6414980781270679
94,G2,11.5,0.6423304448858023
94,G2,11.6,0.6431623398820628
94,G2,11.7,0.6439937733415374
94,G2,11.8,0.64482475832436
94,G2,11.9,0.645655267977027
94,G2,12.0,0.6464852780698231
94,G2,12.1,0.6473148100287489
94,G2,12.2,0.6481438703202886
94,G2,12.3,0.648972449268958
94,G2,12.4,0.6498005204118862
94,G2,12.5,0.6506280852204528
94,G2,12.6,0.6514551509347761
94,G2,12.7,0.6522817305802739
94,G2,12.8,0.6531077923634678
94,G2,12.9,0.6539333181749061
94,G2,13.0,0.6547583257842149
94,G2,13.1,0.6555828283585577
94,G2,13.2,0.6564068084847682
94,G2,13.3,0.6572302387901584
94,G2,13.4,0.6580531281541356
94,G2,13.5,0.658875483041373
94,G2,13.6,0.6596973131435573
94,G2,13.7,0.6605185846715436
94,G2,13.8,0.6613392834599577
94,G2,13.9,0.6621594257904543
94,G2,14.0,0.6629790291953888
94,G2,14.1,0.6637980692983009
94,G2,14.2,0.6646165180512414
94,G2,14.3,0.6654343908614991
94,G2,14.4,0.6662516959687326
94,G2,14.5,0.6670684368897057
94,G2,14.6,0.6678845782218452
94,G2,14.7,0.6687001120930014
94,G2,14.8,0.6695150529997943
94,G2,14.9,0.6703294206095708
94,G2,15.0,0.6711431840620221
94,G2,15.1,0.6719563151278547
94,G2,15.2,0.6727688356367375
94,G2,15.3,0.673580756428126
94,G2,15.4,0.6743920728452035
94,G2,15.5,0.6752027497391382
94,G2,15.6,0.6760127853795479
94,G2,15.7,0.6768221925628924
94,G2,15.8,0.6776309925197741
94,G2,15.9,0.6784391460121543
94,G2,16.0,0.6792466305646147
94,G2,16.1,0.6800534677196873
94,G2,16.2,0.6808596747676016
94,G2,16.3,0.6816652363329193
94,G2,16.4,0.6824701192676356
94,G2,16.5,0.6832743289653981
94,G2,16.6,0.6840778763255682
94,G2,16.7,0.6848807801689406
94,G2,16.8,0.6856829968657953
94,G2,16.9,0.6864845106895113
94,G2,17.0,0.6872853402530593
94,G2,17.1,0.6880855092286405
94,G2,17.2,0.6888849923778568
94,G2,17.3,0.6896837581545903
94,G2,17.4,0.6904818183551688
94,G2,17.5,0.6912791849018389
94,G2,17.6,0.6920758707076473
94,G2,17.7,0.6928718307492867
94,G2,17.8,0.6936670541354721
94,G2,17.9,0.6944615583938621
94,G2,18.0,0.6952553709858477
94,G2,18.1,0.6960484581278694
94,G2,18.2,0.6968407898387992
94,G2,18.3,0.6976323833842739
94,G2,18.4,0.6984232542921268
94,G2,18.5,0.6992134064183685
94,G2,18.6,0.7000027944414507
94,G2,18.7,0.700791414594241
94,G2,18.8,0.7015792826555478
94,G2,18.9,0.7023664275527981
94,G2,19.0,0.7031528077575715
94,G2,19.1,0.7039383950783213
94,G2,19.2,0.704723212216316
94,G2,19.3,0.7055072791293797
94,G2,19.4,0.7062905885091024
94,G2,19.5,0.7070730971172943
94,G2,19.6,0.7078548072669016
94,G2,19.7,0.7086357341446796
94,G2,19.8,0.7094159067259052
94,G2,19.9,0.7101952740371742
94,G2,20.0,0.7109738160528433
94,G2,20.1,0.7117515539012823
94,G2,20.2,0.7125285155384072
94,G2,20.3,0.713304680015707
94,G2,20.4,0.7140800082945026
94,G2,20.5,0.714854509612121
94,G2,20.6,0.7156281984182181
94,G2,20.7,0.7164010988619567
94,G2,20.8,0.7171731563828367
94,G2,20.9,0.717944358066243
94,G2,21.0,0.7187147229339627
94,G2,21.1,0.7194842848316954
94,G2,21.2,0.7202530110649754
94,G2,21.3,0.7210208667236385
94,G2,21.4,0.7217878661932718
94,G2,21.5,0.7225540268068751
94,G2,21.6,0.7233193643370632
94,G2,21.7,0.7240838234221404
94,G2,21.8,0.7248473968305439
94,G2,21.9,0.7256101029073688
94,G2,22.0,0.7263719785981475
94,G2,22.1,0.7271329812728957
94,G2,22.2,0.7278930798295844
94,G2,22.3,0.7286522928912215
94,G2,22.4,0.7294106431917123
94,G2,22.5,0.7301681346923268
94,G2,22.6,0.7309247131563101
94,G2,22.7,0.7316803790760551
94,G2,22.8,0.7324351491846737
94,G2,22.9,0.7331890611212805
94,G2,23.0,0.7339420634607328
94,G2,23.1,0.7346941288120725
94,G2,23.2,0.7354452800980495
94,G2,23.3,0.7361955462558871
94,G2,23.4,0.7369449172898237
94,G2,23.5,0.7376933428512712
94,G2,23.6,0.7384408293770236
94,G2,23.7,0.7391873940789047
94,G2,23.8,0.7399330730668006
94,G2,23.9,0.7406778046983347
94,G2,24.0,0.7414215719086539
94,G2,24.1,0.742164394915019
94,G2,24.2,0.7429063118943424
94,G2,24.3,0.7436472966108589
94,G2,24.4,0.7443873051227621
94,G2,24.5,0.7451263502492006
94,G2,24.6,0.7458644498095073
94,G2,24.7,0.7466016326847755
94,G2,24.8,0.747337834589741
94,G2,24.9,0.7480730457430664
94,G2,25.0,0.7488072851285396
95,G1,10.0,0.7542011535319691
95,G1,10.1,0.7551934887304086
95,G1,10.2,0.7561839720849995
95,G1,10.3,0.7571726016210101
95,G1,10.4,0.7581593599740928
95,G1,10.5,0.7591442447371443
95,G1,10.6,0.760127252189819
95,G1,10.7,0.7611083717849271
95,G1,10.8,0.7620875986949245
95,G1,10.9,0.7630649282266371
95,G1,11.0,0.7640403474495607
95,G1,11.1,0.7650138485580447
95,G1,11.2,0.7659854303309142
95,G1,11.3,0.7669550757107846
95,G1,11.4,0.7679227825857567
95,G1,11.5,0.7688885479245782
95,G1,11.6,0.7698523616549121
95,G1,11.7,0.7708142192071711
95,G1,11.8,0.7717741165934383
95,G1,11.9,0.7727320411346467
95,G1,12.0,0.773687985253193
95,G1,12.1,0.7746419484601027
95,G1,12.2,0.7755939140554652
95,G1,12.3,0.7765438802096433
95,G1,12.4,0.7774918446041987
95,G1,12.5,0.7784377976834276
95,G1,12.6,0.7793817351068584
95,G1,12.7,0.7803236536233196
95,G1,12.8,0.781263540826206
95,G1,12.9,0.7822013893951808
95,G1,13.0,0.7831371995567045
95,G1,13.1,0.7840709550054721
95,G1,13.2,0.7850026542186653
95,G1,13.3,0.7859322955603781
95,G1,13.4,0.7868598700601468
95,G1,13.5,0.7877853735738329
95,G1,13.6,0.7887088036165867
95,G1,13.7,0.7896301480476025
95,G1,13.8,0.7905493998922086
95,G1,13.9,0.7914665600291563
95,G1,14.0,0.7923816125893821
95,G1,14.1,0.7932945563789356
95,G1,14.2,0.7942053904248073
95,G1,14.3,0.7951141063797638
95,G1,14.4,0.7960207002936315
95,G1,14.5,0.7969251704630602
95,G1,14.6,0.7978275050042963
95,G1,14.7,0.7987276973736772
95,G1,14.8,0.7996257490497819
95,G1,14.9,0.8005216446042527
95,G1,15.0,0.8014153832502361
95,G1,15.1,0.802306964621631
95,G1,15.2,0.8031963810123235
95,G1,15.3,0.8040836287066532
95,G1,15.4,0.8049687067612725
95,G1,15.5,0.8058516035764903
95,G1,15.6,0.8067323130485767
95,G1,15.7,0.8076108372682594
95,G1,15.8,0.8084871612519102
95,G1,15.9,0.8093612846312556
95,G1,16.0,0.8102332076821298
95,G1,16.1,0.8111029233010314
95,G1,16.2,0.8119704280237519
95,G1,16.3,0.8128357217057125
95,G1,16.4,0.8136987930125813
95,G1,16.5,0.814559636295748
95,G1,16.6,0.8154182542696915
95,G1,16.7,0.8162746324220802
95,G1,16.8,0.8171287707752144
95,G1,16.9,0.8179806702794277
95,G1,17.0,0.8188303244242909
95,G1,17.1,0.8196777300066408
95,G1,17.2,0.820522887685474
95,G1,17.3,0.821365786405691
95,G1,17.4,0.8222064209825286
95,G1,17.5,0.8230447947407009
95,G1,17.6,0.8238808936911054
95,G1,17.7,0.824714718209174
95,G1,17.8,0.8255462699357946
95,G1,17.9,0.8263755429461828
95,G1,18.0,0.82720253433675
95,G1,18.1,0.8280272455364763
95,G1,18.2,0.828849665793844
95,G1,18.3,0.8296697903950896
95,G1,18.4,0.8304876232263161
95,G1,18.5,0.8313031509698465
95,G1,18.6,0.8321163742211999
95,G1,18.7,0.832927295346611
95,G1,18.8,0.8337359089997864
95,G1,18.9,0.8345422126363566
95,G1,19.0,0.8353462083786692
95,G1,19.1,0.8361478858418923
95,G1,19.2,0.8369472407629285
95,G1,19.3,0.8377442775697663
95,G1,19.4,0.8385389837159969
95,G1,19.5,0.8393313599093017
95,G1,19.6,0.8401214092698024
95,G1,19.7,0.8409091270275594
95,G1,19.8,0.8416945110329459
95,G1,19.9,0.8424775640577353
95,G1,20.0,0.8432582761079681
95,G1,20.1,0.8440366433751838
95,G1,20.2,0.844812670814309
95,G1,20.3,0.8455863466768297
95,G1,20.4,0.8463576717622511
95,G1,20.5,0.8471266499366309
95,G1,20.6,0.8478932770082459
95,G1,20.7,0.8486575512363499
95,G1,20.8,0.849419476016088
95,G1,20.9,0.8501790417483768
95,G1,21.0,0.8509362450936528
95,G1,21.1,0.851691091531474
95,G1,21.2,0.8524435701255885
95,G1,21.3,0.8531936817213313
95,G1,21.4,0.8539414309446735
95,G1,21.5,0.8546868141839531
95,G1,21.6,0.8554298300968006
95,G1,21.7,0.856170482681676
95,G1,21.8,0.856908762744034
95,G1,21.9,0.8576446674632904
95,G1,22.0,0.8583782027726916
95,G1,22.1,0.8591093585663951
95,G1,22.2,0.8598381357181802
95,G1,22.3,0.8605645396196582
95,G1,22.4,0.8612885672484801
95,G1,22.5,0.862010217624705
95,G1,22.6,0.8627294953431582
95,G1,22.7,0.8634463916165901
95,G1,22.8,0.8641609041760364
95,G1,22.9,0.8648730393569098
95,G1,23.0,0.8655827878966325
95,G1,23.1,0.8662901506717182
95,G1,23.2,0.8669951338453428
95,G1,23.3,0.8676977350005528
95,G1,23.4,0.8683979534648302
95,G1,23.5,0.8690957944048655
95,G1,23.6,0.8697912495369579
95,G1,23.7,0.8704843170436335
95,G1,23.8,0.871175003672696
95,G1,23.9,0.8718633010318969
95,G1,24.0,0.8725492099558544
95,G1,24.1,0.8732327373665904
95,G1,24.2,0.8739138814586469
95,G1,24.3,0.8745926418408073
95,G1,24.4,0.8752690242429563
95,G1,24.5,0.8759430209244207
95,G1,24.6,0.8766146304537675
95,G1,24.7,0.8772838599771058
95,G1,24.8,0.8779507020035628
95,G1,24.9,0.8786151573124306
95,G1,25.0,0.8792772335311776
95,G2,10.0,0.6463772919024561
95,G2,10.1,0.6475073218016779
95,G2,10.2,0.6486364576555709
95,G2,10.3,0.6497646879880801
95,G2,10.4,0.6508919879718059
95,G2,10.5,0.6520183548552775
95,G2,10.6,0.6531437892811163
95,G2,10.7,0.6542682819900603
95,G2,10.8,0.655391821469101
95,G2,10.9,0.6565143927647816
95,G2,11.0,0.6576359851377229
95,G2,11.1,0.6587565871586946
95,G2,11.2,0.6598761877183232
95,G2,11.3,0.6609947607988165
95,G2,11.4,0.6621123044379922
95,G2,11.5,0.6632288202525435
95,G2,11.6,0.6643442989613626
95,G2,11.7,0.6654587298549371
95,G2,11.8,0.6665720978466906
95,G2,11.9,0.6676843915926919
95,G2,12.0,0.6687956002880059
95,G2,12.1,0.6699057132238259
95,G2,12.2,0.6710147032752398
95,G2,12.3,0.6721225693513093
95,G2,12.4,0.6732293138907662
95,G2,12.5,0.6743349276882314
95,G2,12.6,0.6754394008529031
95,G2,12.7,0.6765427182647333
95,G2,12.8,0.6776448679289673
95,G2,12.9,0.6787458396544361
95,G2,13.0,0.6798456232369164
95,G2,13.1,0.6809441906771613
95,G2,13.2,0.6820415414291663
95,G2,13.3,0.6831376789077268
95,G2,13.4,0.6842325940026883
95,G2,13.5,0.6853262776541964
95,G2,13.6,0.6864187148096837
95,G2,13.7,0.6875098927757813
95,G2,13.8,0.6885998019392114
95,G2,13.9,0.6896884327349413
95,G2,14.0,0.6907757565855008
95,G2,14.1,0.6918617730481155
95,G2,14.2,0.6929464867116117
95,G2,14.3,0.6940298885803511
95,G2,14.4,0.695111970434671
95,G2,14.5,0.6961927173676397
95,G2,14.6,0.6972721160091079
95,G2,14.7,0.6983501572399992
95,G2,14.8,0.6994268323506593
95,G2,14.9,0.700502112170371
95,G2,15.0,0.7015759962741387
95,G2,15.1,0.702648490493183
95,G2,15.2,0.7037195859654122
95,G2,15.3,0.7047892753176062
95,G2,15.4,0.7058575438659604
95,G2,15.5,0.7069243775874808
95,G2,15.6,0.7079897678077562
95,G2,15.7,0.7090537067828718
95,G2,15.8,0.7101161648301842
95,G2,15.9,0.711177141434522
95,G2,16.0,0.7122366437296096
95,G2,16.1,0.713294663005612
95,G2,16.2,0.7143511927390326
95,G2,16.3,0.7154062185456713
95,G2,16.4,0.7164597257756612
95,G2,16.5,0.7175117061492228
95,G2,16.6,0.718562152993981
95,G2,16.7,0.7196110361969749
95,G2,16.8,0.7206583550488495
95,G2,16.9,0.7217041180403728
95,G2,17.0,0.7227483166323023
95,G2,17.1,0.7237909451512107
95,G2,17.2,0.7248319895876202
95,G2,17.3,0.7258714346303545
95,G2,17.4,0.7269092725311537
95,G2,17.5,0.7279454976027899
95,G2,17.6,0.728980079445958
95,G2,17.7,0.7300130170575942
95,G2,17.8,0.731044320334179
95,G2,17.9,0.7320739809249651
95,G2,18.0,0.7331019940040548
95,G2,18.1,0.7341283460101254
95,G2,18.2,0.7351530209175673
95,G2,18.3,0.7361760117083096
95,G2,18.4,0.737197313526633
95,G2,18.5,0.7382168958511317
95,G2,18.6,0.7392347572904878
95,G2,18.7,0.7402509091894196
95,G2,18.8,0.7412653434030839
95,G2,18.9,0.7422780559477539
95,G2,19.0,0.7432890337764546
95,G2,19.1,0.7442982601927616
95,G2,19.2,0.745305728854321
95,G2,19.3,0.7463114358203384
95,G2,19.4,0.7473153505316978
95,G2,19.5,0.7483174711197129
95,G2,19.6,0.7493178104134782
95,G2,19.7,0.7503163604909174
95,G2,19.8,0.7513131182023586
95,G2,19.9,0.7523080709759771
95,G2,20.0,0.7533012017999672
95,G2,20.1,0.7542925046418574
95,G2,20.2,0.7552819766586418
95,G2,20.3,0.7562695873360841
95,G2,20.4,0.75725533424487
95,G2,20.5,0.7582392317280019
95,G2,20.6,0.7592212721024286
95,G2,20.7,0.7602014530417349
95,G2,20.8,0.7611797625067797
95,G2,20.9,0.7621561832302336
95,G2,21.0,0.7631307094198281
95,G2,21.1,0.7641033394098552
95,G2,21.2,0.7650740428114685
95,G2,21.3,0.766042816557685
95,G2,21.4,0.7670096765281529
95,G2,21.5,0.7679746152944383
95,G2,21.6,0.7689376313399815
95,G2,21.7,0.769898713213659
95,G2,21.8,0.7708578434526684
95,G2,21.9,0.7718150164357561
95,G2,22.0,0.7727702317489512
95,G2,22.1,0.7737234592069405
95,G2,22.2,0.7746746950345751
95,G2,22.3,0.7756239566639282
95,G2,22.4,0.7765712369360587
95,G2,22.5,0.777516535128329
95,G2,22.6,0.7784598404305098
95,G2,22.7,0.7794011352443261
95,G2,22.8,0.7803404140511834
95,G2,22.9,0.7812776777578354
95,G2,23.0,0.7822128964580043
95,G2,23.1,0.7831460656046941
95,G2,23.2,0.7840772041910943
95,G2,23.3,0.7850063053418522
95,G2,23.4,0.7859333691098696
95,G2,23.5,0.7868583853759694
95,G2,23.6,0.7877813363698061
95,G2,23.7,0.7887022168971494
95,G2,23.8,0.7896210289597454
95,G2,23.9,0.7905377430992524
95,G2,24.0,0.7914523539401799
95,G2,24.1,0.7923648820383341
95,G2,24.2,0.7932753208152133
95,G2,24.3,0.7941836710785011
95,G2,24.4,0.7950899234472562
95,G2,24.5,0.7959940600200396
95,G2,24.6,0.7968960759157878
95,G2,24.7,0.7977959742337195
95,G2,24.8,0.7986937260510404
95,G2,24.9,0.7995893251143268
95,G2,25.0,0.800482793536239
96,G1,10.0,0.7945239785063738
96,G1,10.1,0.7949262140456627
96,G1,10.2,0.795328025778038
96,G1,10.3,0.7957294279881826
96,G1,10.4,0.7961304052056526
96,G1,10.5,0.7965309722555516
96,G1,10.6,0.7969311131335368
96,G1,10.7,0.7973308431851998
96,G1,10.8,0.797730145873889
96,G1,10.9,0.7981290370926772
96,G1,11.0,0.7985274997775854
96,G1,11.1,0.7989255503906597
96,G1,11.2,0.7993231712477138
96,G1,11.3,0.7997203794896912
96,G1,11.4,0.8001171567127285
96,G1,11.5,0.8005135208009835
96,G1,11.6,0.800909452634365
96,G1,11.7,0.8013049708030529
96,G1,11.8,0.8017000555265299
96,G1,11.9,0.8020947260236986
96,G1,12.0,0.8024889618958426
96,G1,12.1,0.8028827829934818
96,G1,12.2,0.8032761683181748
96,G1,12.3,0.8036691382177835
96,G1,12.4,0.8040616713725082
96,G1,12.5,0.8044537883475782
96,G1,12.6,0.80484546771099
96,G1,12.7,0.8052367300474215
96,G1,12.8,0.8056275539961056
96,G1,12.9,0.8060179599092457
96,G1,13.0,0.8064079269126825
96,G1,13.1,0.80679747472589
96,G1,13.2,0.8071865831787609
96,G1,13.3,0.8075752712705038
96,G1,13.4,0.807963519555278
96,G1,13.5,0.8083513462985525
96,G1,13.6,0.8087387328510057
96,G1,13.7,0.809125696641777
96,G1,13.8,0.8095122198679895
96,G1,13.9,0.8098983191299979
96,G1,14.0,0.8102839774999552
96,G1,14.1,0.8106692106894374
96,G1,14.2,0.8110540025980546
96,G1,14.3,0.811438368226137
96,G1,14.4,0.8118222921466757
96,G1,14.5,0.812205788686221
96,G1,14.6,0.8125888431176059
96,G1,14.7,0.8129714690396342
96,G1,14.8,0.8133536525115025
96,G1,14.9,0.8137354063371931
96,G1,15.0,0.8141167173754185
96,G1,15.1,0.8144975976248344
96,G1,15.2,0.8148780347550424
96,G1,15.3,0.8152580399584354
96,G1,15.4,0.815637601730574
96,G1,15.5,0.8160167304883162
96,G1,15.6,0.8163954154643716
96,G1,15.7,0.8167736663940206
96,G1,15.8,0.8171514731388656
96,G1,15.9,0.8175288448651282
96,G1,16.0,0.8179057719852293
96,G1,16.1,0.8182822631456734
96,G1,16.2,0.8186583092565357
96,G1,16.3,0.8190339184961923
96,G1,16.4,0.8194090822167519
96,G1,16.5,0.8197838081713843
96,G1,16.6,0.8201580881749663
96,G1,16.7,0.820531929537896
96,G1,16.8,0.8209053244896283
96,G1,16.9,0.8212782799730423
96,G1,17.0,0.8216507885632984
96,G1,17.1,0.8220228568709892
96,G1,17.2,0.822394477790159
96,G1,17.3,0.8227656576558049
96,G1,17.4,0.8231363896516137
96,G1,17.5,0.8235066797884003
96,G1,17.6,0.8238765216124575
96,G1,17.7,0.8242459208047388
96,G1,17.8,0.824614871223436
96,G1,17.9,0.824983378245689
96,G1,18.0,0.8253514360117927
96,G1,18.1,0.8257190496668129
96,G1,18.2,0.826086213578301
96,G1,18.3,0.82645293268339
96,G1,18.4,0.8268192015165897
96,G1,18.5,0.827185024927478
96,G1,18.6,0.8275503974869513
96,G1,18.7,0.827915324081235
96,G1,18.8,0.8282797991812256
96,G1,18.9,0.8286438278843575
96,G1,19.0,0.829007404372363
96,G1,19.1,0.8293705340575741
96,G1,19.2,0.8297332108243319
96,G1,19.3,0.8300954403967887
96,G1,19.4,0.8304572163695473
96,G1,19.5,0.8308185447383406
96,G1,19.6,0.8311794188171923
96,G1,19.7,0.8315398449019449
96,G1,19.8,0.8318998160389728
96,G1,19.9,0.8322593387895143
96,G1,20.0,0.8326184059721262
96,G1,20.1,0.8329770243389283
96,G1,20.2,0.8333351865536277
96,G1,20.3,0.8336928994797119
96,G1,20.4,0.834050155699601
96,G1,20.5,0.8344069622190391
96,G1,20.6,0.8347633114704044
96,G1,20.7,0.8351192105817369
96,G1,20.8,0.8354746519138256
96,G1,20.9,0.8358296426430016
96,G1,21.0,0.8361841751213456
96,G1,21.1,0.8365382565135179
96,G1,21.2,0.8368918792222075
96,G1,21.3,0.8372450503493938
96,G1,21.4,0.8375977623667411
96,G1,21.5,0.8379500222957516
96,G1,21.6,0.8383018227010984
96,G1,21.7,0.8386531705472464
96,G1,21.8,0.8390040584801428
96,G1,21.9,0.8393544933804356
96,G1,22.0,0.8397044679742226
96,G1,22.1,0.8400539890471374
96,G1,22.2,0.8404030494763469
96,G1,22.3,0.8407516558666889
96,G1,22.4,0.8410998013145277
96,G1,22.5,0.8414474921458442
96,G1,22.6,0.8417947218517712
96,G1,22.7,0.8421414962713606
96,G1,22.8,0.8424878094860688
96,G1,22.9,0.8428336666423012
96,G1,23.0,0.8431790626381228
96,G1,23.1,0.8435240017680626
96,G1,23.2,0.8438684797045409
96,G1,23.3,0.844212500089292
96,G1,23.4,0.844556059245685
96,G1,23.5,0.8448991601126293
96,G1,23.6,0.8452417998026842
96,G1,23.7,0.8455839804353508
96,G1,23.8,0.8459256999338921
96,G1,23.9,0.8462669596371308
96,G1,24.0,0.8466077582837799
96,G1,24.1,0.8469480963278948
96,G1,24.2,0.8472879734723942
96,G1,24.3,0.847627389188795
96,G1,24.4,0.8479663441408486
96,G1,24.5,0.8483048369394435
96,G1,24.6,0.8486428690525427
96,G1,24.7,0.8489804383094545
96,G1,24.8,0.8493175469396382
96,G1,24.9,0.8496541920632369
96,G1,25.0,0.8499903765991443
96,G2,10.0,0.6838389215029672
96,G2,10.1,0.6843233028245034
96,G2,10.2,0.6848074681064129
96,G2,10.3,0.6852913596910863
96,G2,10.4,0.6857750327672766
96,G2,10.5,0.6862584311614295
96,G2,10.6,0.6867416085748204
96,G2,10.7,0.6872245103148156
96,G2,10.8,0.6877071886073712
96,G2,10.9,0.6881895902230208
96,G2,11.0,0.6886717659075275
96,G2,11.1,0.6891536640801247
96,G2,11.2,0.6896353337265737
96,G2,11.3,0.6901167250379439
96,G2,11.4,0.6905978852254684
96,G2,11.5,0.6910787662665567
96,G2,11.6,0.6915594135835152
96,G2,11.7,0.6920397809544686
96,G2,11.8,0.6925199119985295
96,G2,11.9,0.6929997623087817
96,G2,12.0,0.6934793736870055
96,G2,12.1,0.6939587035553596
96,G2,12.2,0.6944377918842843
96,G2,12.3,0.6949165979389945
96,G2,12.4,0.6953951598447177
96,G2,12.5,0.6958734387235735
96,G2,12.6,0.6963514708418347
96,G2,12.7,0.6968292191922423
96,G2,12.8,0.6973067181685054
96,G2,12.9,0.6977839326475708
96,G2,13.0,0.6982608951371074
96,G2,13.1,0.6987375724117146
96,G2,13.2,0.6992139950796846
96,G2,13.3,0.6996901318265826
96,G2,13.4,0.700166011348116
96,G2,13.5,0.7006416042539942
96,G2,13.6,0.7011169373142725
96,G2,13.7,0.7015919830758457
96,G2,13.8,0.7020667663701823
96,G2,13.9,0.7025412616942676
96,G2,14.0,0.7030154918021606
96,G2,14.1,0.7034894335317898
96,G2,14.2,0.7039631071526723
96,G2,14.3,0.704436492031497
96,G2,14.4,0.7049096058893104
96,G2,14.5,0.7053824306571913
96,G2,14.6,0.7058549814304148
96,G2,14.7,0.7063272427919464
96,G2,14.8,0.7067992273153894
96,G2,14.9,0.7072709218290771
96,G2,15.0,0.7077423370698459
96,G2,15.1,0.7082134613759556
96,G2,15.2,0.7086843042313836
96,G2,15.3,0.7091548551112583
96,G2,15.4,0.7096251223590259
96,G2,15.5,0.7100950966047623
96,G2,15.6,0.7105647850333795
96,G2,15.7,0.7110341794479023
96,G2,15.8,0.7115032858567851
96,G2,15.9,0.7119720972539275
96,G2,16.0,0.7124406184534753
96,G2,16.1,0.7129088436580537
96,G2,16.2,0.7133767764697259
96,G2,16.3,0.7138444123176163
96,G2,16.4,0.7143117535493857
96,G2,16.5,0.7147787969122246
96,G2,16.6,0.7152455432354448
96,G2,16.7,0.7157119910831852
96,G2,16.8,0.7161781394117732
96,G2,16.9,0.7166439885053403
96,G2,17.0,0.7171095357651835
96,G2,17.1,0.7175747830344243
96,G2,17.2,0.7180397259462649
96,G2,17.3,0.7185043684406577
96,G2,17.4,0.7189687038922987
96,G2,17.5,0.7194327385172871
96,G2,17.6,0.7198964633069102
96,G2,17.7,0.7203598870807315
96,G2,17.8,0.7208229980194132
96,G2,17.9,0.7212858078422263
96,G2,18.0,0.7217483017286851
96,G2,18.1,0.7222104947462041
96,G2,18.2,0.7226723685449373
96,G2,18.3,0.7231339417246972
96,G2,18.4,0.7235951923814543
96,G2,18.5,0.7240561426882945
96,G2,18.6,0.7245167671608134
96,G2,18.7,0.7249770915714888
96,G2,18.8,0.7254370868295686
96,G2,18.9,0.7258967823328188
96,G2,19.0,0.726356145358391
96,G2,19.1,0.7268152089550135
96,G2,19.2,0.7272739367422141
96,G2,19.3,0.7277323654451335
96,G2,19.4,0.7281904550003738
96,G2,19.5,0.7286482457191282
96,G2,19.6,0.7291056941767505
96,G2,19.7,0.7295628438602276
96,G2,19.8,0.730019648339909
96,G2,19.9,0.7304761540359862
96,G2,20.0,0.7309323115832362
96,G2,20.1,0.7313881703522102
96,G2,20.2,0.7318436780250834
96,G2,20.3,0.7322988869397377
96,G2,20.4,0.7327537418089
96,G2,20.5,0.7332082979545748
96,G2,20.6,0.7336624971033738
96,G2,20.7,0.7341163975780334
96,G2,20.8,0.7345699381025658
96,G2,20.9,0.7350231800168652
96,G2,21.0,0.7354760590226515
96,G2,21.1,0.7359286395033992
96,G2,21.2,0.7363808540979129
96,G2,21.3,0.7368327702956734
96,G2,21.4,0.737284317611217
96,G2,21.5,0.7377355666775696
96,G2,21.6,0.7381864438594621
96,G2,21.7,0.7386370229589452
96,G2,21.8,0.7390872271655877
96,G2,21.9,0.7395371333647116
96,G2,22.0,0.7399866618787072
96,G2,22.1,0.7404358922357906
96,G2,22.2,0.740884742374237
96,G2,22.3,0.741333294091677
96,G2,22.4,0.7417814630540291
96,G2,22.5,0.7422293333474556
96,G2,22.6,0.7426768183464956
96,G2,22.7,0.7431240044448377
96,G2,22.8,0.7435708027067391
96,G2,22.9,0.7440173018522872
96,G2,23.0,0.74446341061668
96,G2,23.1,0.7449092200651486
96,G2,23.2,0.7453546365851806
96,G2,23.3,0.7457997534276205
96,G2,23.4,0.7462444751481733
96,G2,23.5,0.7466888964204293
96,G2,23.6,0.7471329208687811
96,G2,23.7,0.7475766437924397
96,G2,23.8,0.7480199683374458
96,G2,23.9,0.7484629902200927
96,G2,24.0,0.7489056121720464
96,G2,24.1,0.74934793033503
96,G2,24.2,0.7497898468039538
96,G2,24.3,0.7502314587965168
96,G2,24.4,0.7506726670724471
96,G2,24.5,0.7511135701626428
96,G2,24.6,0.7515540677252509
96,G2,24.7,0.7519942591684697
96,G2,24.8,0.7524340434912253
96,G2,24.9,0.752873520664071
96,G2,25.0,0.7533125891272692
97,G1,10.0,0.7722085283198369
97,G1,10.1,0.7730246545806322
97,G1,10.2,0.7738393595033073
97,G1,10.3,0.774652634064972
97,G1,10.4,0.7754644696485266
97,G1,10.5,0.7762748707838907
97,G1,10.6,0.777083822555271
97,G1,10.7,0.7778913177017427
97,G1,10.8,0.7786973509003
97,G1,10.9,0.7795019319736382
97,G1,11.0,0.7803050587424666
97,G1,11.1,0.7811067220842152
97,G1,11.2,0.7819069149279637
97,G1,11.3,0.7827056413825748
97,G1,11.4,0.7835028853221634
97,G1,11.5,0.7842986407838523
97,G1,11.6,0.7850929038152248
97,G1,11.7,0.7858856851995553
97,G1,11.8,0.7866769807328813
97,G1,11.9,0.7874667815952295
97,G1,12.0,0.7882550828922691
97,G1,12.1,0.7890418866437244
97,G1,12.2,0.7898271767280063
97,G1,12.3,0.7906109482410191
97,G1,12.4,0.7913931991802143
97,G1,12.5,0.7921739401593992
97,G1,12.6,0.7929531657492203
97,G1,12.7,0.7937308669753717
97,G1,12.8,0.7945070413896157
97,G1,12.9,0.7952816888712384
97,G1,13.0,0.7960547932292004
97,G1,13.1,0.7968263509165124
97,G1,13.2,0.7975963619202306
97,G1,13.3,0.7983648361490402
97,G1,13.4,0.7991317671489306
97,G1,13.5,0.7998971459363176
97,G1,13.6,0.8006609730474762
97,G1,13.7,0.8014232445708563
97,G1,13.8,0.8021839456230098
97,G1,13.9,0.8029430742480503
97,G1,14.0,0.8037006317237108
97,G1,14.1,0.804456627609589
97,G1,14.2,0.8052110541240276
97,G1,14.3,0.8059639022460973
97,G1,14.4,0.8067151760199379
97,G1,14.5,0.8074648666755124
97,G1,14.6,0.8082129621598106
97,G1,14.7,0.8089594599653036
97,G1,14.8,0.8097043658803259
97,G1,14.9,0.8104476861635154
97,G1,15.0,0.8111894126022366
97,G1,15.1,0.8119295372483193
97,G1,15.2,0.8126680656005185
97,G1,15.3,0.8134049853120807
97,G1,15.4,0.8141402879278123
97,G1,15.5,0.8148739694240344
97,G1,15.6,0.8156060397519712
97,G1,15.7,0.8163365019671164
97,G1,15.8,0.8170653480449335
97,G1,15.9,0.8177925709900229
97,G1,16.0,0.818518176826966
97,G1,16.1,0.8192421512439251
97,G1,16.2,0.8199644880128875
97,G1,16.3,0.8206851828187314
97,G1,16.4,0.8214042484583004
97,G1,16.5,0.82212168566377
97,G1,16.6,0.8228374860155188
97,G1,16.7,0.8235516441891236
97,G1,16.8,0.8242641659892657
97,G1,16.9,0.8249750355451096
97,G1,17.0,0.825684248502089
97,G1,17.1,0.8263918015904415
97,G1,17.2,0.8270977089005804
97,G1,17.3,0.8278019687503884
97,G1,17.4,0.8285045734298921
97,G1,17.5,0.829205519233609
97,G1,17.6,0.8299048103403677
97,G1,17.7,0.8306024309803278
97,G1,17.8,0.8312983773933548
97,G1,17.9,0.8319926488497988
97,G1,18.0,0.8326852593056162
97,G1,18.1,0.8333762053444953
97,G1,18.2,0.8340654794983867
97,G1,18.3,0.834753080390823
97,G1,18.4,0.8354390099448722
97,G1,18.5,0.8361232523595844
97,G1,18.6,0.8368058054971
97,G1,18.7,0.8374866706824674
97,G1,18.8,0.8381658609903524
97,G1,18.9,0.8388433720357686
97,G1,19.0,0.8395191963758709
97,G1,19.1,0.8401933352637135
97,G1,19.2,0.8408657873178315
97,G1,19.3,0.8415365378917099
97,G1,19.4,0.8422055865271434
97,G1,19.5,0.8428729357854914
97,G1,19.6,0.8435385985059491
97,G1,19.7,0.8442025687152851
97,G1,19.8,0.8448648391686813
97,G1,19.9,0.8455254147021273
97,G1,20.0,0.8461842886800903
97,G1,20.1,0.8468414495643665
97,G1,20.2,0.8474968967089943
97,G1,20.3,0.8481506365663011
97,G1,20.4,0.8488026794085468
97,G1,20.5,0.8494530182018406
97,G1,20.6,0.850101646729132
97,G1,20.7,0.8507485717992624
97,G1,20.8,0.8513937828423642
97,G1,20.9,0.8520372717055544
97,G1,21.0,0.8526790366043285
97,G1,21.1,0.8533190885575455
97,G1,21.2,0.8539574340553515
97,G1,21.3,0.8545940662514631
97,G1,21.4,0.855228980173036
97,G1,21.5,0.8558621829444976
97,G1,21.6,0.8564936617092535
97,G1,21.7,0.8571234114247371
97,G1,21.8,0.8577514290051846
97,G1,21.9,0.8583777292405326
97,G1,22.0,0.8590023158142971
97,G1,22.1,0.8596251816178823
97,G1,22.2,0.8602463231130648
97,G1,22.3,0.8608657473596533
97,G1,22.4,0.8614834398451369
97,G1,22.5,0.8620993976568143
97,G1,22.6,0.8627136185795966
97,G1,22.7,0.8633261188565701
97,G1,22.8,0.8639368996556295
97,G1,22.9,0.8645459544362878
97,G1,23.0,0.8651532810186536
97,G1,23.1,0.8657588854979381
97,G1,23.2,0.8663627529834512
97,G1,23.3,0.8669648816025872
97,G1,23.4,0.8675652709937676
97,G1,23.5,0.8681639379991092
97,G1,23.6,0.8687608814403482
97,G1,23.7,0.8693560954372854
97,G1,23.8,0.8699495799530969
97,G1,23.9,0.8705413385726725
97,G1,24.0,0.8711313567618794
97,G1,24.1,0.8717196339752357
97,G1,24.2,0.8723061721955057
97,G1,24.3,0.8728909872941861
97,G1,24.4,0.8734740769300212
97,G1,24.5,0.8740554354874421
97,G1,24.6,0.8746350649748795
97,G1,24.7,0.8752129663297662
97,G1,24.8,0.8757891260794822
97,G1,24.9,0.8763635448083291
97,G1,25.0,0.8769362264457753
97,G2,10.0,0.6357736820677076
97,G2,10.1,0.6367405338995774
97,G2,10.2,0.6377068181277254
97,G2,10.3,0.6386725278853578
97,G2,10.4,0.6396376561991765
97,G2,10.5,0.6406021991190711
97,G2,10.6,0.6415661585765006
97,G2,10.7,0.6425295218078149
97,G2,10.8,0.6434922898146987
97,G2,10.9,0.6444544509179833
97,G2,11.0,0.6454159886353362
97,G2,11.1,0.6463768984518483
97,G2,11.2,0.6473371734562795
97,G2,11.3,0.6482968105529293
97,G2,11.4,0.6492558101999143
97,G2,11.5,0.6502141625348764
97,G2,11.6,0.651171865085908
97,G2,11.7,0.6521289087009822
97,G2,11.8,0.6530852725510266
97,G2,11.9,0.6540409567776047
97,G2,12.0,0.6549959524942088
97,G2,12.1,0.6559502590545867
97,G2,12.2,0.6569038744028787
97,G2,12.3,0.6578567920524656
97,G2,12.4,0.6588090058462919
97,G2,12.5,0.6597605087004751
97,G2,12.6,0.660711276802393
97,G2,12.7,0.6616613133613727
97,G2,12.8,0.6626106089014444
97,G2,12.9,0.6635591648269907
97,G2,13.0,0.6645069761649149
97,G2,13.1,0.6654540400120921
97,G2,13.2,0.6664003468561227
97,G2,13.3,0.6673458892100548
97,G2,13.4,0.6682906460431892
97,G2,13.5,0.6692346178851811
97,G2,13.6,0.6701777980277208
97,G2,13.7,0.6711201881053817
97,G2,13.8,0.6720617813510963
97,G2,13.9,0.6730025768322132
97,G2,14.0,0.6739425646877095
97,G2,14.1,0.6748817339216502
97,G2,14.2,0.6758200681285957
97,G2,14.3,0.6767575652476745
97,G2,14.4,0.6776942197315676
97,G2,14.5,0.678630034919781
97,G2,14.6,0.6795650019667809
97,G2,14.7,0.6804991218333073
97,G2,14.8,0.6814323840599551
97,G2,14.9,0.6823647737408923
97,G2,15.0,0.6832962800517353
97,G2,15.1,0.6842268986289081
97,G2,15.2,0.6851566234884173
97,G2,15.3,0.6860854620045528
97,G2,15.4,0.6870134012143717
97,G2,15.5,0.687940444801954
97,G2,15.6,0.688866581477479
97,G2,15.7,0.6897917924513894
97,G2,15.8,0.6907160722896598
97,G2,15.9,0.6916394150432231
97,G2,16.0,0.6925618143528188
97,G2,16.1,0.693483280166024
97,G2,16.2,0.6944037980113033
97,G2,16.3,0.6953233719684959
97,G2,16.4,0.6962419899006046
97,G2,16.5,0.6971596311421704
97,G2,16.6,0.6980762930513907
97,G2,16.7,0.6989919703407336
97,G2,16.8,0.6999066562544763
97,G2,16.9,0.7008203610200059
97,G2,17.0,0.7017330718113108
97,G2,17.1,0.7026447898224072
97,G2,17.2,0.7035555048628628
97,G2,17.3,0.7044651923626991
97,G2,17.4,0.7053738543221182
97,G2,17.5,0.7062814838917808
97,G2,17.6,0.7071880772090781
97,G2,17.7,0.708093641322191
97,G2,17.8,0.7089981671829093
97,G2,17.9,0.7099016523301352
97,G2,18.0,0.7108040885284053
97,G2,18.1,0.7117054471108722
97,G2,18.2,0.7126057354706757
97,G2,18.3,0.7135049439834469
97,G2,18.4,0.7144030738662518
97,G2,18.5,0.7153001269892303
97,G2,18.6,0.7161960987594765
97,G2,18.7,0.717090983109354
97,G2,18.8,0.7179847708450763
97,G2,18.9,0.718877437346275
97,G2,19.0,0.7197689862087291
97,G2,19.1,0.7206594114341333
97,G2,19.2,0.7215487157668574
97,G2,19.3,0.7224368970775696
97,G2,19.4,0.7233239541259912
97,G2,19.5,0.7242098798877444
97,G2,19.6,0.7250946612536772
97,G2,19.7,0.7259782795700573
97,G2,19.8,0.7268607350815054
97,G2,19.9,0.7277420233833757
97,G2,20.0,0.7286221492061505
97,G2,20.1,0.7295011080345398
97,G2,20.2,0.7303789008819724
97,G2,20.3,0.7312555197749486
97,G2,20.4,0.732130946914551
97,G2,20.5,0.7330051713437699
97,G2,20.6,0.7338781898579696
97,G2,20.7,0.7347499968743433
97,G2,20.8,0.7356206034800715
97,G2,20.9,0.7364899993344793
97,G2,21.0,0.7373581889125661
97,G2,21.1,0.7382251631019602
97,G2,21.2,0.7390908994252345
97,G2,21.3,0.7399553938710332
97,G2,21.4,0.7408186417687331
97,G2,21.5,0.7416806358018607
97,G2,21.6,0.7425413919443049
97,G2,21.7,0.7434008958262566
97,G2,21.8,0.7442591540675454
97,G2,21.9,0.7451161560962928
97,G2,22.0,0.7459718768297054
97,G2,22.1,0.7468263168485347
97,G2,22.2,0.7476794713694084
97,G2,22.3,0.7485313320279349
97,G2,22.4,0.7493819171357661
97,G2,22.5,0.7502312120336145
97,G2,22.6,0.7510792216661117
97,G2,22.7,0.751925935851423
97,G2,22.8,0.7527713276434089
97,G2,22.9,0.7536154005437212
97,G2,23.0,0.7544581503943254
97,G2,23.1,0.7552995697102015
97,G2,23.2,0.7561396750735607
97,G2,23.3,0.7569784552063485
97,G2,23.4,0.7578159114170716
97,G2,23.5,0.7586520350216884
97,G2,23.6,0.759486795313125
97,G2,23.7,0.7603202015392838
97,G2,23.8,0.7611522465964631
97,G2,23.9,0.7619829288496935
97,G2,24.0,0.7628122589123054
97,G2,24.1,0.7636402301892371
97,G2,24.2,0.7644668406868875
97,G2,24.3,0.7652920808780019
97,G2,24.4,0.7661159221351741
97,G2,24.5,0.7669383729761832
97,G2,24.6,0.7677594274999204
97,G2,24.7,0.7685790885526677
97,G2,24.8,0.7693973603667672
97,G2,24.9,0.7702142409039195
97,G2,25.0,0.7710297263394122
98,G1,10.0,0.8088478744836013
98,G1,10.1,0.8095039150274882
98,G1,10.2,0.8101587215187452
98,G1,10.3,0.810812284934917
98,G1,10.4,0.8114645933619891
98,G1,10.5,0.8121156738660261
98,G1,10.6,0.812765512055753
98,G1,10.7,0.8134140942470773
98,G1,10.8,0.8140614206566065
98,G1,10.9,0.8147075096354308
98,G1,11.0,0.8153523490899628
98,G1,11.1,0.8159959219531155
98,G1,11.2,0.8166382378556497
98,G1,11.3,0.8172793067408578
98,G1,11.4,0.8179191183645341
98,G1,11.5,0.8185576511432834
98,G1,11.6,0.8191949312933009
98,G1,11.7,0.8198309526509615
98,G1,11.8,0.8204657045963555
98,G1,11.9,0.8210991734792119
98,G1,12.0,0.8217313886947094
98,G1,12.1,0.8223623349226183
98,G1,12.2,0.8229920013271446
98,G1,12.3,0.8236203842072417
98,G1,12.4,0.8242475051643701
98,G1,12.5,0.8248733512840252
98,G1,12.6,0.8254979073301517
98,G1,12.7,0.8261211797888818
98,G1,12.8,0.8267431817034806
98,G1,12.9,0.8273639035429775
98,G1,13.0,0.8279833237973779
98,G1,13.1,0.8286014650118516
98,G1,13.2,0.8292183260512974
98,G1,13.3,0.8298338954540584
98,G1,13.4,0.8304481583524536
98,G1,13.5,0.8310611451576295
98,G1,13.6,0.8316728408709904
98,G1,13.7,0.8322832366546343
98,G1,13.8,0.8328923251468201
98,G1,13.9,0.833500131311215
98,G1,14.0,0.834106641536032
98,G1,14.1,0.8347118418527627
98,G1,14.2,0.8353157368829291
98,G1,14.3,0.8359183416057838
98,G1,14.4,0.836519646725333
98,G1,14.5,0.8371196319749008
98,G1,14.6,0.8377183160425546
98,G1,14.7,0.838315701699732
98,G1,14.8,0.8389117789586662
98,G1,14.9,0.8395065299027186
98,G1,15.0,0.8400999861474063
98,G1,15.1,0.8406921331249115
98,G1,15.2,0.8412829634559575
98,G1,15.3,0.8418724681012391
98,G1,15.4,0.8424606737778924
98,G1,15.5,0.8430475663507709
98,G1,15.6,0.8436331333880625
98,G1,15.7,0.844217377164499
98,G1,15.8,0.8448003153879546
98,G1,15.9,0.8453819375861388
98,G1,16.0,0.8459622263489368
98,G1,16.1,0.846541195844114
98,G1,16.2,0.8471188530070322
98,G1,16.3,0.8476951882612795
98,G1,16.4,0.8482701827509121
98,G1,16.5,0.8488438660593676
98,G1,16.6,0.8494162277861028
98,G1,16.7,0.8499872598928516
98,G1,16.8,0.8505569516332174
98,G1,16.9,0.8511253316228029
98,G1,17.0,0.8516923854746175
98,G1,17.1,0.8522581023552055
98,G1,17.2,0.852822482397029
98,G1,17.3,0.8533855454278797
98,G1,17.4,0.8539472799553847
98,G1,17.5,0.8545076715563331
98,G1,17.6,0.855066729565022
98,G1,17.7,0.8556244654359945
98,G1,17.8,0.856180870305362
98,G1,17.9,0.8567359242637788
98,G1,18.0,0.8572896535357215
98,G1,18.1,0.857842053620108
98,G1,18.2,0.8583931149890948
98,G1,18.3,0.8589428255631568
98,G1,18.4,0.8594912156046977
98,G1,18.5,0.8600382703260571
98,G1,18.6,0.8605839812285355
98,G1,18.7,0.8611283448907383
98,G1,18.8,0.861671384217631
98,G1,18.9,0.8622130870164912
98,G1,19.0,0.8627534406723777
98,G1,19.1,0.8632924515438951
98,G1,19.2,0.8638301337928994
98,G1,19.3,0.8643664791179432
98,G1,19.4,0.8649014685135015
98,G1,19.5,0.8654351240086393
98,G1,19.6,0.865967445721002
98,G1,19.7,0.8664984241878361
98,G1,19.8,0.8670280455165599
98,G1,19.9,0.8675563411021128
98,G1,20.0,0.8680832961751963
98,G1,20.1,0.8686089044171486
98,G1,20.2,0.8691331592558696
98,G1,20.3,0.8696560864437192
98,G1,20.4,0.8701776730497683
98,G1,20.5,0.8706979078354055
98,G1,20.6,0.8712167953141676
98,G1,20.7,0.8717343515564229
98,G1,20.8,0.8722505681898879
98,G1,20.9,0.8727654279637067
98,G1,21.0,0.8732789487704599
98,G1,21.1,0.8737911346031698
98,G1,21.2,0.8743019771215181
98,G1,21.3,0.8748114604735581
98,G1,21.4,0.8753196159086369
98,G1,21.5,0.8758264300173232
98,G1,21.6,0.876331897285774
98,G1,21.7,0.8768360101606273
98,G1,21.8,0.8773387954322113
98,G1,21.9,0.8778402399886067
98,G1,22.0,0.8783403339064414
98,G1,22.1,0.878839079751068
98,G1,22.2,0.8793364959446324
98,G1,22.3,0.8798325727315405
98,G1,22.4,0.8803272962393296
98,G1,22.5,0.8808206793305348
98,G1,22.6,0.8813127305310539
98,G1,22.7,0.881803441727632
98,G1,22.8,0.8822927962265892
98,G1,22.9,0.8827808225971271
98,G1,23.0,0.8832675125628523
98,G1,23.1,0.8837528592750463
98,G1,23.2,0.8842368536780191
98,G1,23.3,0.8847195245280082
98,G1,23.4,0.8852008578887798
98,G1,23.5,0.8856808461671634
98,G1,23.6,0.8861594894205223
98,G1,23.7,0.8866368079563325
98,G1,23.8,0.8871127913790992
98,G1,23.9,0.8875874283430952
98,G1,24.0,0.8880607273950752
98,G1,24.1,0.8885327010688754
98,G1,24.2,0.8890033417948593
98,G1,24.3,0.8894726326692778
98,G1,24.4,0.889940598279821
98,G1,24.5,0.8904072360564287
98,G1,24.6,0.8908725377482204
98,G1,24.7,0.8913364934612084
98,G1,24.8,0.891799132777583
98,G1,24.9,0.892260442002595
98,G1,25.0,0.8927204152273178
98,G2,10.0,0.6628045486627875
98,G2,10.1,0.6636386120580636
98,G2,10.2,0.664472110059696
98,G2,10.3,0.6653049453518172
98,G2,10.4,0.6661372053901267
98,G2,10.5,0.666968921170277
98,G2,10.6,0.6678000300846304
98,G2,10.7,0.6686304626242834
98,G2,10.8,0.6694603229398803
98,G2,10.9,0.6702896168789914
98,G2,11.0,0.6711182594605425
98,G2,11.1,0.6719462328273603
98,G2,11.2,0.6727736247491708
98,G2,11.3,0.6736004238099065
98,G2,11.4,0.6744265302489793
98,G2,11.5,0.6752519793358113
98,G2,11.6,0.6760768347162519
98,G2,11.7,0.6769010680946612
98,G2,11.8,0.6777245701802183
98,G2,11.9,0.6785474257172708
98,G2,12.0,0.6793696752595693
98,G2,12.1,0.6801912621192738
98,G2,12.2,0.6810120998287024
98,G2,12.3,0.6818322970283036
98,G2,12.4,0.682651868978541
98,G2,12.5,0.6834707317644158
98,G2,12.6,0.6842888501707456
98,G2,12.7,0.6851063217180678
98,G2,12.8,0.6859231434362998
98,G2,12.9,0.6867392129790683
98,G2,13.0,0.6875545517540804
98,G2,13.1,0.6883692329056874
98,G2,13.2,0.6891832367669283
98,G2,13.3,0.68999644556177
98,G2,13.4,0.6908089372637244
98,G2,13.5,0.6916207617267417
98,G2,13.6,0.6924318697286996
98,G2,13.7,0.6932421600568777
98,G2,13.8,0.6940517411305633
98,G2,13.9,0.694860640027587
98,G2,14.0,0.6956687755230866
98,G2,14.1,0.6964760923536717
98,G2,14.2,0.6972826984595002
98,G2,14.3,0.6980885997173029
98,G2,14.4,0.6988936921326665
98,G2,14.5,0.699697982139613
98,G2,14.6,0.700501551734569
98,G2,14.7,0.701304389684264
98,G2,14.8,0.7021063747076142
98,G2,14.9,0.7029075721790695
98,G2,15.0,0.7037080425026656
98,G2,15.1,0.7045077444670486
98,G2,15.2,0.7053065646397136
98,G2,15.3,0.7061046074039852
98,G2,15.4,0.706901911867283
98,G2,15.5,0.7076984014796366
98,G2,15.6,0.7084940026889923
98,G2,15.7,0.709288830900348
98,G2,15.8,0.7100829001896083
98,G2,15.9,0.7108761070962036
98,G2,16.0,0.7116684412848765
98,G2,16.1,0.7124599950964907
98,G2,16.2,0.7132507643151201
98,G2,16.3,0.7140406269194355
98,G2,16.4,0.7148296329067946
98,G2,16.5,0.7156178533433295
98,G2,16.6,0.7164052553447834
98,G2,16.7,0.7171917161150083
98,G2,16.8,0.7179773329792218
98,G2,16.9,0.718762156623089
98,G2,17.0,0.7195461165043706
98,G2,17.1,0.7203291232817721
98,G2,17.2,0.7211112951498784
98,G2,17.3,0.7218926562559607
98,G2,17.4,0.7226731047411946
98,G2,17.5,0.7234526126418822
98,G2,17.6,0.7242312817235151
98,G2,17.7,0.7250091159979968
98,G2,17.8,0.7257859935420937
98,G2,17.9,0.7265619475910257
98,G2,18.0,0.7273370583404244
98,G2,18.1,0.7281113052718884
98,G2,18.2,0.7288845527279211
98,G2,18.3,0.729656894549209
98,G2,18.4,0.7304283882940449
98,G2,18.5,0.7311989748250551
98,G2,18.6,0.7319685457041956
98,G2,18.7,0.7327372213618426
98,G2,18.8,0.733505035929814
98,G2,18.9,0.7342718930460931
98,G2,19.0,0.7350377434794808
98,G2,19.1,0.7358026983812451
98,G2,19.2,0.7365667711868956
98,G2,19.3,0.7373298402738706
98,G2,19.4,0.7380919226903758
98,G2,19.5,0.7388531053155323
98,G2,19.6,0.7396133797189219
98,G2,19.7,0.7403726043935728
98,G2,19.8,0.7411308621029792
98,G2,19.9,0.7418882189112593
98,G2,20.0,0.742644626371768
98,G2,20.1,0.7433999627665379
98,G2,20.2,0.7441543441439147
98,G2,20.3,0.744907816963952
98,G2,20.4,0.7456602912884883
98,G2,20.5,0.7464116952321626
98,G2,20.6,0.7471621500105854
98,G2,20.7,0.747911677739429
98,G2,20.8,0.7486601584922347
98,G2,20.9,0.7494075919543385
98,G2,21.0,0.7501540721153785
98,G2,21.1,0.7508996008230124
98,G2,21.2,0.7516440366061131
98,G2,21.3,0.7523874452594276
98,G2,21.4,0.7531299024720971
98,G2,21.5,0.753871370974632
98,G2,21.6,0.7546117179254052
98,G2,21.7,0.7553510523355675
98,G2,21.8,0.7560894320525839
98,G2,21.9,0.7568267746924315
98,G2,22.0,0.7575629913994472
98,G2,22.1,0.7582982064665906
98,G2,22.2,0.7590324514169949
98,G2,22.3,0.7597656099779593
98,G2,22.4,0.7604976632268324
98,G2,22.5,0.7612287133497418
98,G2,22.6,0.7619587711077597
98,G2,22.7,0.7626876973983638
98,G2,22.8,0.7634155391055344
98,G2,22.9,0.7641423808160014
98,G2,23.0,0.7648681978516709
98,G2,23.1,0.7655928468223956
98,G2,23.2,0.7663164301690302
98,G2,23.3,0.7670390137740709
98,G2,23.4,0.7677605264273802
98,G2,23.5,0.7684808622127721
98,G2,23.6,0.769200145530897
98,G2,23.7,0.7699184185043847
98,G2,23.8,0.7706355698770161
98,G2,23.9,0.7713515612697903
98,G2,24.0,0.7720665023588474
98,G2,24.1,0.7727804134821251
98,G2,24.2,0.7734931584630756
98,G2,24.3,0.7742047653669827
98,G2,24.4,0.7749153250682028
98,G2,24.5,0.7756248283444214
98,G2,24.6,0.7763331212933573
98,G2,24.7,0.7770402996397723
98,G2,24.8,0.7777464345906654
98,G2,24.9,0.7784514697621273
98,G2,25.0,0.7791552810166279
99,G1,10.0,0.8548894838294819
99,G1,10.1,0.8550549468831169
99,G1,10.2,0.8552202625243925
99,G1,10.3,0.8553854738275066
99,G1,10.4,0.8555505890332825
99,G1,10.5,0.8557155820284209
99,G1,10.6,0.8558804476143304
99,G1,10.7,0.8560451776407856
99,G1,10.8,0.8562098172407988
99,G1,10.9,0.8563743445196673
99,G1,11.0,0.8565387541184242
99,G1,11.1,0.856703016819992
99,G1,11.2,0.8568671732953631
99,G1,11.3,0.8570312337430954
99,G1,11.4,0.8571951727198227
99,G1,11.5,0.8573589852951409
99,G1,11.6,0.8575226599815158
99,G1,11.7,0.8576862440122643
99,G1,11.8,0.8578497167321976
99,G1,11.9,0.8580130713197982
99,G1,12.0,0.8581762802783964
99,G1,12.1,0.8583393807980317
99,G1,12.2,0.8585023854263063
99,G1,12.3,0.8586652691527257
99,G1,12.4,0.8588280276323603
99,G1,12.5,0.858990645980418
99,G1,12.6,0.859153173218273
99,G1,12.7,0.8593155905118195
99,G1,12.8,0.8594778888225995
99,G1,12.9,0.8596400430494439
99,G1,13.0,0.8598020864858257
99,G1,13.1,0.8599640343661925
99,G1,13.2,0.8601258618132368
99,G1,13.3,0.8602875651743481
99,G1,13.4,0.8604491263796904
99,G1,13.5,0.8606105957618921
99,G1,13.6,0.8607719568089691
99,G1,13.7,0.8609331977740892
99,G1,13.8,0.8610942964360769
99,G1,13.9,0.8612552816352008
99,G1,14.0,0.861416171698191
99,G1,14.1,0.8615769422804818
99,G1,14.2,0.8617375894471851
99,G1,14.3,0.8618980927867803
99,G1,14.4,0.8620585033363241
99,G1,14.5,0.8622188072447337
99,G1,14.6,0.862378989962288
99,G1,14.7,0.8625390323812939
99,G1,14.8,0.8626989584119182
99,G1,14.9,0.8628587897459448
99,G1,15.0,0.8630185026736347
99,G1,15.1,0.8631780928343432
99,G1,15.2,0.8633375377106507
99,G1,15.3,0.8634968884918593
99,G1,15.4,0.8636561344005511
99,G1,15.5,0.8638152582020859
99,G1,15.6,0.8639742436081649
99,G1,15.7,0.8641331098397617
99,G1,15.8,0.8642918814996726
99,G1,15.9,0.86445053620389
99,G1,16.0,0.86460906864061
99,G1,16.1,0.8647674544191133
99,G1,16.2,0.8649257446785105
99,G1,16.3,0.8650839316614315
99,G1,16.4,0.8652419959666435
99,G1,16.5,0.865399923864093
99,G1,16.6,0.865557729811387
99,G1,16.7,0.8657154410849078
99,G1,16.8,0.8658730367742362
99,G1,16.9,0.8660305109150473
99,G1,17.0,0.8661878372053475
99,G1,17.1,0.8663450663264463
99,G1,17.2,0.8665021938710985
99,G1,17.3,0.8666591980074649
99,G1,17.4,0.8668160676126487
99,G1,17.5,0.8669728128366535
99,G1,17.6,0.8671294633981762
99,G1,17.7,0.8672859993903743
99,G1,17.8,0.8674424146186637
99,G1,17.9,0.8675986811506978
99,G1,18.0,0.867754848655448
99,G1,18.1,0.8679109163785336
99,G1,18.2,0.8680668598918483
99,G1,18.3,0.8682226707621717
99,G1,18.4,0.8683783546417889
99,G1,18.5,0.8685339442150841
99,G1,18.6,0.868689419869383
99,G1,18.7,0.8688447755226266
99,G1,18.8,0.8689999821646119
99,G1,18.9,0.8691550878575001
99,G1,19.0,0.8693100950685096
99,G1,19.1,0.8694649779498616
99,G1,19.2,0.8696197297810924
99,G1,19.3,0.8697743517217269
99,G1,19.4,0.8699288802332145
99,G1,19.5,0.8700832950928943
99,G1,19.6,0.8702375904843224
99,G1,19.7,0.8703917371598177
99,G1,19.8,0.8705457809603064
99,G1,19.9,0.8706997272149479
99,G1,20.0,0.870853549384052
99,G1,20.1,0.8710072416859619
99,G1,20.2,0.8711608014730542
99,G1,20.3,0.8713142688844578
99,G1,20.4,0.8714676226592485
99,G1,20.5,0.8716208574492159
99,G1,20.6,0.8717739439140033
99,G1,20.7,0.8719269259035123
99,G1,20.8,0.8720798107572003
99,G1,20.9,0.8722325721045119
99,G1,21.0,0.8723852045655153
99,G1,21.1,0.8725377023524454
99,G1,21.2,0.8726901083327583
99,G1,21.3,0.8728424009509204
99,G1,21.4,0.872994575031338
99,G1,21.5,0.8731466011503294
99,G1,21.6,0.8732985213044465
99,G1,21.7,0.8734503444107075
99,G1,21.8,0.8736020449477803
99,G1,21.9,0.8737536177367672
99,G1,22.0,0.8739050534800189
99,G1,22.1,0.8740563978293417
99,G1,22.2,0.8742076291994992
99,G1,22.3,0.8743587423693313
99,G1,22.4,0.8745097084788901
99,G1,22.5,0.8746605667461096
99,G1,22.6,0.8748113281546891
99,G1,22.7,0.8749619678200508
99,G1,22.8,0.8751124809032734
99,G1,22.9,0.8752628548815592
99,G1,23.0,0.8754131371677131
99,G1,23.1,0.8755633077686806
99,G1,23.2,0.8757133597295498
99,G1,23.3,0.8758632661563139
99,G1,23.4,0.8760130626162147
99,G1,23.5,0.876162762552406
99,G1,23.6,0.8763123413351456
99,G1,23.7,0.8764617948890501
99,G1,23.8,0.8766111072471613
99,G1,23.9,0.876760327576487
99,G1,24.0,0.8769094377228646
99,G1,24.1,0.8770584284716672
99,G1,24.2,0.8772072754413842
99,G1,24.3,0.8773560101706674
99,G1,24.4,0.8775046488419352
99,G1,24.5,0.8776531670107551
99,G1,24.6,0.8778015611326517
99,G1,24.7,0.8779498123895957
99,G1,24.8,0.8780979708820273
99,G1,24.9,0.8782460209499979
99,G1,25.0,0.8783939506596468
99,G2,10.0,0.7095023437328629
99,G2,10.1,0.7097374864763724
99,G2,10.2,0.7099725232281742
99,G2,10.3,0.7102075142286987
99,G2,10.4,0.7104424754873626
99,G2,10.5,0.7106773643648195
99,G2,10.6,0.7109121220648831
99,G2,10.7,0.7111468085096321
99,G2,10.8,0.7113814527852615
99,G2,10.9,0.7116160701221924
99,G2,11.0,0.7118505651069581
99,G2,11.1,0.712084949606559
99,G2,11.2,0.7123192862271694
99,G2,11.3,0.7125535925792067
99,G2,11.4,0.7127878302986075
99,G2,11.5,0.713021933952295
99,G2,11.6,0.7132559635527793
99,G2,11.7,0.7134899486574153
99,G2,11.8,0.7137239088051086
99,G2,11.9,0.7139577477948831
99,G2,12.0,0.7141914721836825
99,G2,12.1,0.7144251461701905
99,G2,12.2,0.7146587892156635
99,G2,12.3,0.7148923674607078
99,G2,12.4,0.7151258094840164
99,G2,12.5,0.71535917376192
99,G2,12.6,0.7155924919663179
99,G2,12.7,0.715825786331333
99,G2,12.8,0.7160589614650029
99,G2,12.9,0.7162920178146535
99,G2,13.0,0.7165250213227083
99,G2,13.1,0.7167579929479543
99,G2,13.2,0.7169909035546959
99,G2,13.3,0.7172236761157115
99,G2,13.4,0.7174563667617816
99,G2,13.5,0.7176890102967484
99,G2,13.6,0.7179216302106626
99,G2,13.7,0.7181541341745097
99,G2,13.8,0.7183865145045449
99,G2,13.9,0.7186188395270529
99,G2,14.0,0.7188511316837263
99,G2,14.1,0.719083366726738
99,G2,14.2,0.7193154618834547
99,G2,14.3,0.7195474709567262
99,G2,14.4,0.7197794318159156
99,G2,14.5,0.7200113687854545
99,G2,14.6,0.7202431940267695
99,G2,14.7,0.7204748902383173
99,G2,14.8,0.7207065292119861
99,G2,14.9,0.7209381339180758
99,G2,15.0,0.7211696851873106
99,G2,15.1,0.721401095412743
99,G2,15.2,0.7216324144326516
99,G2,15.3,0.7218636852824516
99,G2,15.4,0.7220949313949878
99,G2,15.5,0.7223260686064472
99,G2,15.6,0.7225570742146671
99,G2,15.7,0.7227880194016477
99,G2,15.8,0.7230189287424801
99,G2,15.9,0.7232497879455478
99,G2,16.0,0.7234805057101871
99,G2,16.1,0.7237111270653117
99,G2,16.2,0.7239417000552968
99,G2,16.3,0.7241722473540432
99,G2,16.4,0.7244026885307217
99,G2,16.5,0.7246329961151715
99,G2,16.6,0.7248632397243971
99,G2,16.7,0.725093445853629
99,G2,16.8,0.7253236052587055
99,G2,16.9,0.7255536223045195
99,G2,17.0,0.7257835387632596
99,G2,17.1,0.7260134061024878
99,G2,17.2,0.7262432462908032
99,G2,17.3,0.7264729842502905
99,G2,17.4,0.7267025861121931
99,G2,17.5,0.7269321204215504
99,G2,17.6,0.7271616155621506
99,G2,17.7,0.7273910671555343
99,G2,17.8,0.7276203761109907
99,G2,17.9,0.7278495800429522
99,G2,18.0,0.728078734009832
99,G2,18.1,0.7283078593685463
99,G2,18.2,0.728536886489188
99,G2,18.3,0.7287657749987291
99,G2,18.4,0.7289945923560114
99,G2,18.5,0.7292233688012284
99,G2,18.6,0.7294521044931547
99,G2,18.7,0.7296806976553084
99,G2,18.8,0.7299091820462311
99,G2,18.9,0.7301376149894795
99,G2,19.0,0.7303660178701945
99,G2,19.1,0.730594326599681
99,G2,19.2,0.7308224941969421
99,G2,19.3,0.7310505870207915
99,G2,19.4,0.7312786371351118
99,G2,19.5,0.7315066493965381
99,G2,19.6,0.7317345192163854
99,G2,19.7,0.7319622765487946
99,G2,19.8,0.7321899808883827
99,G2,19.9,0.7324176537144165
99,G2,20.0,0.7326452363170483
99,G2,20.1,0.7328726757665855
99,G2,20.2,0.7331000365474225
99,G2,20.3,0.7333273527675109
99,G2,20.4,0.7335546339743857
99,G2,20.5,0.7337817731401439
99,G2,20.6,0.7340087959685597
99,G2,20.7,0.7342357638430765
99,G2,20.8,0.7344626994639593
99,G2,20.9,0.7346895482599349
99,G2,21.0,0.7349162523537157
99,G2,21.1,0.7351428737142516
99,G2,21.2,0.7353694485498838
99,G2,21.3,0.7355959907882155
99,G2,21.4,0.7358223924220687
99,G2,21.5,0.7360486733739061
99,G2,21.6,0.7362748968916377
99,G2,21.7,0.7365010880913142
99,G2,21.8,0.7367271959699475
99,G2,21.9,0.7369531567580982
99,G2,22.0,0.7371790319546252
99,G2,22.1,0.7374048579896061
99,G2,22.2,0.7376306538364006
99,G2,22.3,0.7378563107153508
99,G2,22.4,0.7380818424918105
99,G2,22.5,0.7383073142852002
99,G2,22.6,0.7385327532000421
99,G2,22.7,0.7387581133956503
99,G2,22.8,0.7389833234758422
99,G2,22.9,0.7392084453649562
99,G2,23.0,0.7394335152580221
99,G2,23.1,0.7396585574453319
99,G2,23.2,0.7398834620262709
99,G2,23.3,0.7401082376736435
99,G2,23.4,0.7403329504925167
99,G2,23.5,0.7405576295821444
99,G2,23.6,0.740782234432084
99,G2,23.7,0.7410066873152146
99,G2,23.8,0.7412310480758215
99,G2,23.9,0.7414553551983828
99,G2,24.0,0.7416796356521098
99,G2,24.1,0.7419037813769335
99,G2,24.2,0.7421277937121538
99,G2,24.3,0.7423517406577248
99,G2,24.4,0.7425756526960084
99,G2,24.5,0.7427994950701754
99,G2,24.6,0.743023183646475
99,G2,24.7,0.7432467760192849
99,G2,24.8,0.7434703133336578
99,G2,24.9,0.7436938242820152
99,G2,25.0,0.7439172047112019
