level,chrom,rule,TP,FN,FP,TN,sens,spec,ppv,npv,f1,coverage,auc,tau,tau_min,tau_max,cv_cost,q,replicate
record,13,na,0,14,4,531,0.0,0.9925233644859813,0.0,0.9743119266055046,0.0,0.8985270049099836,0.33524699599465957,5.5,4.5,5.5,172.0,-0.0277243343,0
pregnant,13,conservative,0,18,3,126,0.0,0.9767441860465116,0.0,0.875,0.0,1.0,0.45650301464254955,5.5,4.5,5.5,172.0,-0.0277243343,0
pregnant,13,majority,0,18,0,129,0.0,1.0,0.0,0.8775510204081632,0.0,1.0,0.45650301464254955,5.5,4.5,5.5,172.0,-0.0277243343,0
pregnant,13,max_risk,0,18,3,126,0.0,0.9767441860465116,0.0,0.875,0.0,1.0,0.45650301464254955,5.5,4.5,5.5,172.0,-0.0277243343,0
record,18,na,0,25,0,524,0.0,1.0,0.0,0.9544626593806922,0.0,0.8985270049099836,0.530763358778626,5.5,5.5,5.5,300.0,-0.0277243343,0
pregnant,18,conservative,0,31,0,116,0.0,1.0,0.0,0.7891156462585034,0.0,1.0,0.4808120133481646,5.5,5.5,5.5,300.0,-0.0277243343,0
pregnant,18,majority,0,31,0,116,0.0,1.0,0.0,0.7891156462585034,0.0,1.0,0.4808120133481646,5.5,5.5,5.5,300.0,-0.0277243343,0
pregnant,18,max_risk,0,31,0,116,0.0,1.0,0.0,0.7891156462585034,0.0,1.0,0.4808120133481646,5.5,5.5,5.5,300.0,-0.0277243343,0
record,21,na,0,10,0,539,0.0,1.0,0.0,0.9817850637522769,0.0,0.8985270049099836,0.385343228200371,3.0,3.0,3.0,120.0,-0.0277243343,0
pregnant,21,conservative,0,10,0,137,0.0,1.0,0.0,0.9319727891156463,0.0,1.0,0.3094890510948905,3.0,3.0,3.0,120.0,-0.0277243343,0
pregnant,21,majority,0,10,0,137,0.0,1.0,0.0,0.9319727891156463,0.0,1.0,0.3094890510948905,3.0,3.0,3.0,120.0,-0.0277243343,0
pregnant,21,max_risk,0,10,0,137,0.0,1.0,0.0,0.9319727891156463,0.0,1.0,0.3094890510948905,3.0,3.0,3.0,120.0,-0.0277243343,0
record,13,na,0,15,6,527,0.0,0.9887429643527205,0.0,0.9723247232472325,0.0,0.8954248366013072,0.5318323952470294,5.5,3.5,5.5,188.0,-0.027897475,1
pregnant,13,conservative,0,17,5,125,0.0,0.9615384615384616,0.0,0.8802816901408451,0.0,1.0,0.4122171945701357,5.5,3.5,5.5,188.0,-0.027897475,1
pregnant,13,majority,0,17,0,130,0.0,1.0,0.0,0.8843537414965986,0.0,1.0,0.4122171945701357,5.5,3.5,5.5,188.0,-0.027897475,1
pregnant,13,max_risk,0,17,5,125,0.0,0.9615384615384616,0.0,0.8802816901408451,0.0,1.0,0.4122171945701357,5.5,3.5,5.5,188.0,-0.027897475,1
record,18,na,0,24,1,523,0.0,0.9980916030534351,0.0,0.9561243144424132,0.0,0.8954248366013072,0.49570610687022904,5.5,5.0,5.5,294.0,-0.027897475,1
pregnant,18,conservative,0,34,1,112,0.0,0.9911504424778761,0.0,0.7671232876712328,0.0,1.0,0.4656428943258719,5.5,5.0,5.5,294.0,-0.027897475,1
pregnant,18,majority,0,34,0,113,0.0,1.0,0.0,0.7687074829931972,0.0,1.0,0.4656428943258719,5.5,5.0,5.5,294.0,-0.027897475,1
pregnant,18,max_risk,0,34,1,112,0.0,0.9911504424778761,0.0,0.7671232876712328,0.0,1.0,0.4656428943258719,5.5,5.0,5.5,294.0,-0.027897475,1
record,21,na,0,12,0,536,0.0,1.0,0.0,0.9781021897810219,0.0,0.8954248366013072,0.5583022388059702,3.0,3.0,3.0,144.0,-0.027897475,1
pregnant,21,conservative,0,12,0,135,0.0,1.0,0.0,0.9183673469387755,0.0,1.0,0.3907407407407407,3.0,3.0,3.0,144.0,-0.027897475,1
pregnant,21,majority,0,12,0,135,0.0,1.0,0.0,0.9183673469387755,0.0,1.0,0.3907407407407407,3.0,3.0,3.0,144.0,-0.027897475,1
pregnant,21,max_risk,0,12,0,135,0.0,1.0,0.0,0.9183673469387755,0.0,1.0,0.3907407407407407,3.0,3.0,3.0,144.0,-0.027897475,1
record,13,na,0,18,2,495,0.0,0.9959758551307847,0.0,0.9649122807017544,0.0,0.8940972222222222,0.3786049631120053,5.0,4.5,5.0,217.0,-0.0290726277,2
pregnant,13,conservative,0,20,2,125,0.0,0.984251968503937,0.0,0.8620689655172413,0.0,1.0,0.35708661417322834,5.0,4.5,5.0,217.0,-0.0290726277,2
pregnant,13,majority,0,20,0,127,0.0,1.0,0.0,0.8639455782312925,0.0,1.0,0.35708661417322834,5.0,4.5,5.0,217.0,-0.0290726277,2
pregnant,13,max_risk,0,20,2,125,0.0,0.984251968503937,0.0,0.8620689655172413,0.0,1.0,0.35708661417322834,5.0,4.5,5.0,217.0,-0.0290726277,2
record,18,na,0,29,2,484,0.0,0.9958847736625515,0.0,0.9434697855750487,0.0,0.8940972222222222,0.5048247481197673,5.0,4.5,5.0,348.0,-0.0290726277,2
pregnant,18,conservative,0,37,1,109,0.0,0.990909090909091,0.0,0.7465753424657534,0.0,1.0,0.5061425061425061,5.0,4.5,5.0,348.0,-0.0290726277,2
pregnant,18,majority,0,37,0,110,0.0,1.0,0.0,0.7482993197278912,0.0,1.0,0.5061425061425061,5.0,4.5,5.0,348.0,-0.0290726277,2
pregnant,18,max_risk,0,37,1,109,0.0,0.990909090909091,0.0,0.7465753424657534,0.0,1.0,0.5061425061425061,5.0,4.5,5.0,348.0,-0.0290726277,2
record,21,na,0,8,0,507,0.0,1.0,0.0,0.9844660194174757,0.0,0.8940972222222222,0.3500986193293885,3.0,3.0,3.0,96.0,-0.0290726277,2
pregnant,21,conservative,0,11,0,136,0.0,1.0,0.0,0.9251700680272109,0.0,1.0,0.29612299465240643,3.0,3.0,3.0,96.0,-0.0290726277,2
pregnant,21,majority,0,11,0,136,0.0,1.0,0.0,0.9251700680272109,0.0,1.0,0.29612299465240643,3.0,3.0,3.0,96.0,-0.0290726277,2
pregnant,21,max_risk,0,11,0,136,0.0,1.0,0.0,0.9251700680272109,0.0,1.0,0.29612299465240643,3.0,3.0,3.0,96.0,-0.0290726277,2
record,13,na,0,11,2,518,0.0,0.9961538461538462,0.0,0.9792060491493384,0.0,0.8984771573604061,0.3215034965034965,5.5,4.5,5.5,132.0,-0.026191592,3
pregnant,13,conservative,0,15,1,131,0.0,0.9924242424242424,0.0,0.8972602739726028,0.0,1.0,0.5565656565656565,5.5,4.5,5.5,132.0,-0.026191592,3
pregnant,13,majority,0,15,0,132,0.0,1.0,0.0,0.8979591836734694,0.0,1.0,0.5565656565656565,5.5,4.5,5.5,132.0,-0.026191592,3
pregnant,13,max_risk,0,15,1,131,0.0,0.9924242424242424,0.0,0.8972602739726028,0.0,1.0,0.5565656565656565,5.5,4.5,5.5,132.0,-0.026191592,3
record,18,na,0,19,0,512,0.0,1.0,0.0,0.9642184557438794,0.0,0.8984771573604061,0.6318873355263157,5.5,5.5,5.5,222.0,-0.026191592,3
pregnant,18,conservative,0,26,0,121,0.0,1.0,0.0,0.8231292517006803,0.0,1.0,0.5953591862682772,5.5,5.5,5.5,222.0,-0.026191592,3
pregnant,18,majority,0,26,0,121,0.0,1.0,0.0,0.8231292517006803,0.0,1.0,0.5953591862682772,5.5,5.5,5.5,222.0,-0.026191592,3
pregnant,18,max_risk,0,26,0,121,0.0,1.0,0.0,0.8231292517006803,0.0,1.0,0.5953591862682772,5.5,5.5,5.5,222.0,-0.026191592,3
record,21,na,0,5,0,526,0.0,1.0,0.0,0.9905838041431262,0.0,0.8984771573604061,0.3167300380228137,3.0,3.0,3.0,60.0,-0.026191592,3
pregnant,21,conservative,0,5,0,142,0.0,1.0,0.0,0.9659863945578231,0.0,1.0,0.171830985915493,3.0,3.0,3.0,60.0,-0.026191592,3
pregnant,21,majority,0,5,0,142,0.0,1.0,0.0,0.9659863945578231,0.0,1.0,0.171830985915493,3.0,3.0,3.0,60.0,-0.026191592,3
pregnant,21,max_risk,0,5,0,142,0.0,1.0,0.0,0.9659863945578231,0.0,1.0,0.171830985915493,3.0,3.0,3.0,60.0,-0.026191592,3
record,13,na,1,17,4,527,0.05555555555555555,0.992467043314501,0.2,0.96875,0.08695652173913043,0.8941368078175895,0.5975099393178489,3.5,3.5,5.0,215.0,-0.026823545,4
pregnant,13,conservative,1,21,4,121,0.045454545454545456,0.968,0.2,0.852112676056338,0.07407407407407407,1.0,0.47418181818181826,3.5,3.5,5.0,215.0,-0.026823545,4
pregnant,13,majority,0,22,0,125,0.0,1.0,0.0,0.8503401360544217,0.0,1.0,0.47418181818181826,3.5,3.5,5.0,215.0,-0.026823545,4
pregnant,13,max_risk,1,21,4,121,0.045454545454545456,0.968,0.2,0.852112676056338,0.07407407407407407,1.0,0.47418181818181826,3.5,3.5,5.0,215.0,-0.026823545,4
record,18,na,0,23,1,525,0.0,0.9980988593155894,0.0,0.958029197080292,0.0,0.8941368078175895,0.574557778145148,5.5,5.0,5.5,279.0,-0.026823545,4
pregnant,18,conservative,0,28,1,118,0.0,0.9915966386554622,0.0,0.8082191780821918,0.0,1.0,0.4876950780312125,5.5,5.0,5.5,279.0,-0.026823545,4
pregnant,18,majority,0,28,0,119,0.0,1.0,0.0,0.8095238095238095,0.0,1.0,0.4876950780312125,5.5,5.0,5.5,279.0,-0.026823545,4
pregnant,18,max_risk,0,28,1,118,0.0,0.9915966386554622,0.0,0.8082191780821918,0.0,1.0,0.4876950780312125,5.5,5.0,5.5,279.0,-0.026823545,4
record,21,na,0,10,0,539,0.0,1.0,0.0,0.9817850637522769,0.0,0.8941368078175895,0.5894248608534323,3.0,3.0,3.0,120.0,-0.026823545,4
pregnant,21,conservative,0,12,0,135,0.0,1.0,0.0,0.9183673469387755,0.0,1.0,0.4012345679012345,3.0,3.0,3.0,120.0,-0.026823545,4
pregnant,21,majority,0,12,0,135,0.0,1.0,0.0,0.9183673469387755,0.0,1.0,0.4012345679012345,3.0,3.0,3.0,120.0,-0.026823545,4
pregnant,21,max_risk,0,12,0,135,0.0,1.0,0.0,0.9183673469387755,0.0,1.0,0.4012345679012345,3.0,3.0,3.0,120.0,-0.026823545,4
record,13,na,0,11,2,525,0.0,0.9962049335863378,0.0,0.9794776119402985,0.0,0.8951747088186356,0.4723132654821459,5.5,5.0,5.5,139.0,-0.026823545,5
pregnant,13,conservative,0,16,2,129,0.0,0.9847328244274809,0.0,0.8896551724137931,0.0,1.0,0.4437022900763359,5.5,5.0,5.5,139.0,-0.026823545,5
pregnant,13,majority,0,16,0,131,0.0,1.0,0.0,0.891156462585034,0.0,1.0,0.4437022900763359,5.5,5.0,5.5,139.0,-0.026823545,5
pregnant,13,max_risk,0,16,2,129,0.0,0.9847328244274809,0.0,0.8896551724137931,0.0,1.0,0.4437022900763359,5.5,5.0,5.5,139.0,-0.026823545,5
record,18,na,0,27,0,511,0.0,1.0,0.0,0.949814126394052,0.0,0.8951747088186356,0.5927375516416612,5.0,5.0,5.0,351.0,-0.026823545,5
pregnant,18,conservative,0,33,0,114,0.0,1.0,0.0,0.7755102040816326,0.0,1.0,0.518341307814992,5.0,5.0,5.0,351.0,-0.026823545,5
pregnant,18,majority,0,33,0,114,0.0,1.0,0.0,0.7755102040816326,0.0,1.0,0.518341307814992,5.0,5.0,5.0,351.0,-0.026823545,5
pregnant,18,max_risk,0,33,0,114,0.0,1.0,0.0,0.7755102040816326,0.0,1.0,0.518341307814992,5.0,5.0,5.0,351.0,-0.026823545,5
record,21,na,0,7,0,531,0.0,1.0,0.0,0.9869888475836431,0.0,0.8951747088186356,0.3483992467043314,3.0,3.0,3.0,84.0,-0.026823545,5
pregnant,21,conservative,0,7,0,140,0.0,1.0,0.0,0.9523809523809523,0.0,1.0,0.27755102040816326,3.0,3.0,3.0,84.0,-0.026823545,5
pregnant,21,majority,0,7,0,140,0.0,1.0,0.0,0.9523809523809523,0.0,1.0,0.27755102040816326,3.0,3.0,3.0,84.0,-0.026823545,5
pregnant,21,max_risk,0,7,0,140,0.0,1.0,0.0,0.9523809523809523,0.0,1.0,0.27755102040816326,3.0,3.0,3.0,84.0,-0.026823545,5
record,13,na,0,12,0,532,0.0,1.0,0.0,0.9779411764705882,0.0,0.8991735537190083,0.38784461152882205,5.0,5.0,5.0,153.0,-0.0274971127,6
pregnant,13,conservative,0,22,0,125,0.0,1.0,0.0,0.8503401360544217,0.0,1.0,0.4738181818181818,5.0,5.0,5.0,153.0,-0.0274971127,6
pregnant,13,majority,0,22,0,125,0.0,1.0,0.0,0.8503401360544217,0.0,1.0,0.4738181818181818,5.0,5.0,5.0,153.0,-0.0274971127,6
pregnant,13,max_risk,0,22,0,125,0.0,1.0,0.0,0.8503401360544217,0.0,1.0,0.4738181818181818,5.0,5.0,5.0,153.0,-0.0274971127,6
record,18,na,0,13,1,530,0.0,0.9981167608286252,0.0,0.9760589318600368,0.0,0.8991735537190083,0.5725047080979284,5.5,5.0,5.5,171.0,-0.0274971127,6
pregnant,18,conservative,0,25,1,121,0.0,0.9918032786885246,0.0,0.8287671232876712,0.0,1.0,0.4839344262295082,5.5,5.0,5.5,171.0,-0.0274971127,6
pregnant,18,majority,0,25,0,122,0.0,1.0,0.0,0.8299319727891157,0.0,1.0,0.4839344262295082,5.5,5.0,5.5,171.0,-0.0274971127,6
pregnant,18,max_risk,0,25,1,121,0.0,0.9918032786885246,0.0,0.8287671232876712,0.0,1.0,0.4839344262295082,5.5,5.0,5.5,171.0,-0.0274971127,6
record,21,na,0,12,2,530,0.0,0.9962406015037594,0.0,0.977859778597786,0.0,0.8991735537190083,0.5625,3.0,2.5,3.0,144.0,-0.0274971127,6
pregnant,21,conservative,0,14,2,131,0.0,0.9849624060150376,0.0,0.903448275862069,0.0,1.0,0.38506981740064444,3.0,2.5,3.0,144.0,-0.0274971127,6
pregnant,21,majority,0,14,0,133,0.0,1.0,0.0,0.9047619047619048,0.0,1.0,0.38506981740064444,3.0,2.5,3.0,144.0,-0.0274971127,6
pregnant,21,max_risk,0,14,2,131,0.0,0.9849624060150376,0.0,0.903448275862069,0.0,1.0,0.38506981740064444,3.0,2.5,3.0,144.0,-0.0274971127,6
record,13,na,0,19,4,541,0.0,0.9926605504587156,0.0,0.9660714285714286,0.0,0.9009584664536742,0.439497827136649,3.5,3.5,5.0,234.0,-0.026404649000000002,7
pregnant,13,conservative,0,14,4,129,0.0,0.9699248120300752,0.0,0.9020979020979021,0.0,1.0,0.47690655209452204,3.5,3.5,5.0,234.0,-0.026404649000000002,7
pregnant,13,majority,0,14,0,133,0.0,1.0,0.0,0.9047619047619048,0.0,1.0,0.47690655209452204,3.5,3.5,5.0,234.0,-0.026404649000000002,7
pregnant,13,max_risk,0,14,4,129,0.0,0.9699248120300752,0.0,0.9020979020979021,0.0,1.0,0.47690655209452204,3.5,3.5,5.0,234.0,-0.026404649000000002,7
record,18,na,0,29,0,535,0.0,1.0,0.0,0.9485815602836879,0.0,0.9009584664536742,0.5622300999033194,5.5,5.5,5.5,360.0,-0.026404649000000002,7
pregnant,18,conservative,0,34,0,113,0.0,1.0,0.0,0.7687074829931972,0.0,1.0,0.5468505986465383,5.5,5.5,5.5,360.0,-0.026404649000000002,7
pregnant,18,majority,0,34,0,113,0.0,1.0,0.0,0.7687074829931972,0.0,1.0,0.5468505986465383,5.5,5.5,5.5,360.0,-0.026404649000000002,7
pregnant,18,max_risk,0,34,0,113,0.0,1.0,0.0,0.7687074829931972,0.0,1.0,0.5468505986465383,5.5,5.5,5.5,360.0,-0.026404649000000002,7
record,21,na,0,10,0,554,0.0,1.0,0.0,0.9822695035460993,0.0,0.9009584664536742,0.4666064981949458,3.0,3.0,3.0,120.0,-0.026404649000000002,7
pregnant,21,conservative,0,10,0,137,0.0,1.0,0.0,0.9319727891156463,0.0,1.0,0.43795620437956206,3.0,3.0,3.0,120.0,-0.026404649000000002,7
pregnant,21,majority,0,10,0,137,0.0,1.0,0.0,0.9319727891156463,0.0,1.0,0.43795620437956206,3.0,3.0,3.0,120.0,-0.026404649000000002,7
pregnant,21,max_risk,0,10,0,137,0.0,1.0,0.0,0.9319727891156463,0.0,1.0,0.43795620437956206,3.0,3.0,3.0,120.0,-0.026404649000000002,7
record,13,na,0,24,4,517,0.0,0.9923224568138196,0.0,0.955637707948244,0.0,0.9053156146179402,0.34516954574536146,4.5,3.5,4.5,291.0,-0.030629869,8
pregnant,13,conservative,0,29,4,114,0.0,0.9661016949152542,0.0,0.7972027972027972,0.0,1.0,0.48158971361776737,4.5,3.5,4.5,291.0,-0.030629869,8
pregnant,13,majority,0,29,0,118,0.0,1.0,0.0,0.8027210884353742,0.0,1.0,0.48158971361776737,4.5,3.5,4.5,291.0,-0.030629869,8
pregnant,13,max_risk,0,29,4,114,0.0,0.9661016949152542,0.0,0.7972027972027972,0.0,1.0,0.48158971361776737,4.5,3.5,4.5,291.0,-0.030629869,8
record,18,na,0,32,0,513,0.0,1.0,0.0,0.9412844036697248,0.0,0.9053156146179402,0.4100877192982456,5.0,5.0,5.0,375.0,-0.030629869,8
pregnant,18,conservative,0,36,0,111,0.0,1.0,0.0,0.7551020408163265,0.0,1.0,0.5568068068068067,5.0,5.0,5.0,375.0,-0.030629869,8
pregnant,18,majority,0,36,0,111,0.0,1.0,0.0,0.7551020408163265,0.0,1.0,0.5568068068068067,5.0,5.0,5.0,375.0,-0.030629869,8
pregnant,18,max_risk,0,36,0,111,0.0,1.0,0.0,0.7551020408163265,0.0,1.0,0.5568068068068067,5.0,5.0,5.0,375.0,-0.030629869,8
record,21,na,0,11,0,534,0.0,1.0,0.0,0.9798165137614679,0.0,0.9053156146179402,0.587163772557031,3.0,3.0,3.0,129.0,-0.030629869,8
pregnant,21,conservative,0,11,0,136,0.0,1.0,0.0,0.9251700680272109,0.0,1.0,0.49933155080213903,3.0,3.0,3.0,129.0,-0.030629869,8
pregnant,21,majority,0,11,0,136,0.0,1.0,0.0,0.9251700680272109,0.0,1.0,0.49933155080213903,3.0,3.0,3.0,129.0,-0.030629869,8
pregnant,21,max_risk,0,11,0,136,0.0,1.0,0.0,0.9251700680272109,0.0,1.0,0.49933155080213903,3.0,3.0,3.0,129.0,-0.030629869,8
record,13,na,0,15,6,535,0.0,0.988909426987061,0.0,0.9727272727272728,0.0,0.9011345218800648,0.4771410967344424,3.5,3.5,4.5,189.0,-0.0253843143,9
pregnant,13,conservative,0,16,6,125,0.0,0.9541984732824428,0.0,0.8865248226950354,0.0,1.0,0.4255725190839695,3.5,3.5,4.5,189.0,-0.0253843143,9
pregnant,13,majority,0,16,0,131,0.0,1.0,0.0,0.891156462585034,0.0,1.0,0.4255725190839695,3.5,3.5,4.5,189.0,-0.0253843143,9
pregnant,13,max_risk,0,16,6,125,0.0,0.9541984732824428,0.0,0.8865248226950354,0.0,1.0,0.4255725190839695,3.5,3.5,4.5,189.0,-0.0253843143,9
record,18,na,0,24,0,532,0.0,1.0,0.0,0.9568345323741008,0.0,0.9011345218800648,0.575187969924812,5.5,5.5,5.5,279.0,-0.0253843143,9
pregnant,18,conservative,0,27,0,120,0.0,1.0,0.0,0.8163265306122449,0.0,1.0,0.525,5.5,5.5,5.5,279.0,-0.0253843143,9
pregnant,18,majority,0,27,0,120,0.0,1.0,0.0,0.8163265306122449,0.0,1.0,0.525,5.5,5.5,5.5,279.0,-0.0253843143,9
pregnant,18,max_risk,0,27,0,120,0.0,1.0,0.0,0.8163265306122449,0.0,1.0,0.525,5.5,5.5,5.5,279.0,-0.0253843143,9
record,21,na,0,6,0,550,0.0,1.0,0.0,0.9892086330935251,0.0,0.9011345218800648,0.39030303030303026,3.0,3.0,3.0,72.0,-0.0253843143,9
pregnant,21,conservative,0,5,0,142,0.0,1.0,0.0,0.9659863945578231,0.0,1.0,0.26478873239436623,3.0,3.0,3.0,72.0,-0.0253843143,9
pregnant,21,majority,0,5,0,142,0.0,1.0,0.0,0.9659863945578231,0.0,1.0,0.26478873239436623,3.0,3.0,3.0,72.0,-0.0253843143,9
pregnant,21,max_risk,0,5,0,142,0.0,1.0,0.0,0.9659863945578231,0.0,1.0,0.26478873239436623,3.0,3.0,3.0,72.0,-0.0253843143,9
record,13,na,0,28,1,514,0.0,0.9980582524271845,0.0,0.948339483394834,0.0,0.8990066225165563,0.3435506241331484,5.5,5.0,5.5,339.0,-0.027362641,10
pregnant,13,conservative,0,26,1,120,0.0,0.9917355371900827,0.0,0.821917808219178,0.0,1.0,0.4624920534011443,5.5,5.0,5.5,339.0,-0.027362641,10
pregnant,13,majority,0,26,0,121,0.0,1.0,0.0,0.8231292517006803,0.0,1.0,0.4624920534011443,5.5,5.0,5.5,339.0,-0.027362641,10
pregnant,13,max_risk,0,26,1,120,0.0,0.9917355371900827,0.0,0.821917808219178,0.0,1.0,0.4624920534011443,5.5,5.0,5.5,339.0,-0.027362641,10
record,18,na,0,32,0,511,0.0,1.0,0.0,0.9410681399631676,0.0,0.8990066225165563,0.5722235812133073,5.5,5.5,5.5,393.0,-0.027362641,10
pregnant,18,conservative,0,37,0,110,0.0,1.0,0.0,0.7482993197278912,0.0,1.0,0.5056511056511056,5.5,5.5,5.5,393.0,-0.027362641,10
pregnant,18,majority,0,37,0,110,0.0,1.0,0.0,0.7482993197278912,0.0,1.0,0.5056511056511056,5.5,5.5,5.5,393.0,-0.027362641,10
pregnant,18,max_risk,0,37,0,110,0.0,1.0,0.0,0.7482993197278912,0.0,1.0,0.5056511056511056,5.5,5.5,5.5,393.0,-0.027362641,10
record,21,na,0,12,0,531,0.0,1.0,0.0,0.9779005524861878,0.0,0.8990066225165563,0.4436597614563716,3.0,3.0,3.0,144.0,-0.027362641,10
pregnant,21,conservative,0,11,0,136,0.0,1.0,0.0,0.9251700680272109,0.0,1.0,0.36163101604278075,3.0,3.0,3.0,144.0,-0.027362641,10
pregnant,21,majority,0,11,0,136,0.0,1.0,0.0,0.9251700680272109,0.0,1.0,0.36163101604278075,3.0,3.0,3.0,144.0,-0.027362641,10
pregnant,21,max_risk,0,11,0,136,0.0,1.0,0.0,0.9251700680272109,0.0,1.0,0.36163101604278075,3.0,3.0,3.0,144.0,-0.027362641,10
record,13,na,0,6,1,531,0.0,0.9981203007518797,0.0,0.9888268156424581,0.0,0.8966666666666666,0.5250626566416039,5.5,5.5,5.5,76.0,-0.0266287737,11
pregnant,13,conservative,0,9,1,137,0.0,0.9927536231884058,0.0,0.9383561643835616,0.0,1.0,0.5958132045088567,5.5,5.5,5.5,76.0,-0.0266287737,11
pregnant,13,majority,0,9,0,138,0.0,1.0,0.0,0.9387755102040817,0.0,1.0,0.5958132045088567,5.5,5.5,5.5,76.0,-0.0266287737,11
pregnant,13,max_risk,0,9,1,137,0.0,0.9927536231884058,0.0,0.9383561643835616,0.0,1.0,0.5958132045088567,5.5,5.5,5.5,76.0,-0.0266287737,11
record,18,na,0,27,0,511,0.0,1.0,0.0,0.949814126394052,0.0,0.8966666666666666,0.5574400231934478,5.0,5.0,5.0,324.0,-0.0266287737,11
pregnant,18,conservative,0,30,0,117,0.0,1.0,0.0,0.7959183673469388,0.0,1.0,0.5643874643874645,5.0,5.0,5.0,324.0,-0.0266287737,11
pregnant,18,majority,0,30,0,117,0.0,1.0,0.0,0.7959183673469388,0.0,1.0,0.5643874643874645,5.0,5.0,5.0,324.0,-0.0266287737,11
pregnant,18,max_risk,0,30,0,117,0.0,1.0,0.0,0.7959183673469388,0.0,1.0,0.5643874643874645,5.0,5.0,5.0,324.0,-0.0266287737,11
record,21,na,0,6,2,530,0.0,0.9962406015037594,0.0,0.9888059701492538,0.0,0.8966666666666666,0.3859649122807018,3.0,2.5,3.0,72.0,-0.0266287737,11
pregnant,21,conservative,0,7,2,138,0.0,0.9857142857142858,0.0,0.9517241379310345,0.0,1.0,0.21836734693877552,3.0,2.5,3.0,72.0,-0.0266287737,11
pregnant,21,majority,0,7,0,140,0.0,1.0,0.0,0.9523809523809523,0.0,1.0,0.21836734693877552,3.0,2.5,3.0,72.0,-0.0266287737,11
pregnant,21,max_risk,0,7,2,138,0.0,0.9857142857142858,0.0,0.9517241379310345,0.0,1.0,0.21836734693877552,3.0,2.5,3.0,72.0,-0.0266287737,11
record,13,na,0,19,1,528,0.0,0.998109640831758,0.0,0.9652650822669104,0.0,0.9042904290429042,0.39926375485026366,5.5,5.5,5.5,232.0,-0.026564639,12
pregnant,13,conservative,0,17,1,129,0.0,0.9923076923076923,0.0,0.8835616438356164,0.0,1.0,0.4434389140271493,5.5,5.5,5.5,232.0,-0.026564639,12
pregnant,13,majority,0,17,0,130,0.0,1.0,0.0,0.8843537414965986,0.0,1.0,0.4434389140271493,5.5,5.5,5.5,232.0,-0.026564639,12
pregnant,13,max_risk,0,17,1,129,0.0,0.9923076923076923,0.0,0.8835616438356164,0.0,1.0,0.4434389140271493,5.5,5.5,5.5,232.0,-0.026564639,12
record,18,na,0,17,0,531,0.0,1.0,0.0,0.968978102189781,0.0,0.9042904290429042,0.5565525645286363,5.5,5.5,5.5,198.0,-0.026564639,12
pregnant,18,conservative,0,24,0,123,0.0,1.0,0.0,0.8367346938775511,0.0,1.0,0.5199864498644986,5.5,5.5,5.5,198.0,-0.026564639,12
pregnant,18,majority,0,24,0,123,0.0,1.0,0.0,0.8367346938775511,0.0,1.0,0.5199864498644986,5.5,5.5,5.5,198.0,-0.026564639,12
pregnant,18,max_risk,0,24,0,123,0.0,1.0,0.0,0.8367346938775511,0.0,1.0,0.5199864498644986,5.5,5.5,5.5,198.0,-0.026564639,12
record,21,na,0,15,0,533,0.0,1.0,0.0,0.9726277372262774,0.0,0.9042904290429042,0.5919949968730458,3.0,3.0,3.0,180.0,-0.026564639,12
pregnant,21,conservative,0,13,0,134,0.0,1.0,0.0,0.9115646258503401,0.0,1.0,0.4351320321469575,3.0,3.0,3.0,180.0,-0.026564639,12
pregnant,21,majority,0,13,0,134,0.0,1.0,0.0,0.9115646258503401,0.0,1.0,0.4351320321469575,3.0,3.0,3.0,180.0,-0.026564639,12
pregnant,21,max_risk,0,13,0,134,0.0,1.0,0.0,0.9115646258503401,0.0,1.0,0.4351320321469575,3.0,3.0,3.0,180.0,-0.026564639,12
record,13,na,0,14,4,541,0.0,0.9926605504587156,0.0,0.9747747747747748,0.0,0.8958333333333334,0.3892529488859764,5.5,3.5,5.5,168.0,-0.026191592,13
pregnant,13,conservative,0,16,4,127,0.0,0.9694656488549618,0.0,0.8881118881118881,0.0,1.0,0.4947519083969466,5.5,3.5,5.5,168.0,-0.026191592,13
pregnant,13,majority,0,16,0,131,0.0,1.0,0.0,0.891156462585034,0.0,1.0,0.4947519083969466,5.5,3.5,5.5,168.0,-0.026191592,13
pregnant,13,max_risk,0,16,4,127,0.0,0.9694656488549618,0.0,0.8881118881118881,0.0,1.0,0.4947519083969466,5.5,3.5,5.5,168.0,-0.026191592,13
record,18,na,0,22,0,537,0.0,1.0,0.0,0.960644007155635,0.0,0.8958333333333334,0.5524801083460301,5.5,5.5,5.5,270.0,-0.026191592,13
pregnant,18,conservative,0,30,0,117,0.0,1.0,0.0,0.7959183673469388,0.0,1.0,0.458974358974359,5.5,5.5,5.5,270.0,-0.026191592,13
pregnant,18,majority,0,30,0,117,0.0,1.0,0.0,0.7959183673469388,0.0,1.0,0.458974358974359,5.5,5.5,5.5,270.0,-0.026191592,13
pregnant,18,max_risk,0,30,0,117,0.0,1.0,0.0,0.7959183673469388,0.0,1.0,0.458974358974359,5.5,5.5,5.5,270.0,-0.026191592,13
record,21,na,0,15,0,544,0.0,1.0,0.0,0.9731663685152058,0.0,0.8958333333333334,0.44424019607843135,3.0,3.0,3.0,180.0,-0.026191592,13
pregnant,21,conservative,0,15,0,132,0.0,1.0,0.0,0.8979591836734694,0.0,1.0,0.32121212121212117,3.0,3.0,3.0,180.0,-0.026191592,13
pregnant,21,majority,0,15,0,132,0.0,1.0,0.0,0.8979591836734694,0.0,1.0,0.32121212121212117,3.0,3.0,3.0,180.0,-0.026191592,13
pregnant,21,max_risk,0,15,0,132,0.0,1.0,0.0,0.8979591836734694,0.0,1.0,0.32121212121212117,3.0,3.0,3.0,180.0,-0.026191592,13
record,13,na,0,18,2,508,0.0,0.996078431372549,0.0,0.9657794676806084,0.0,0.8934010152284264,0.39389978213507626,5.5,4.0,5.5,234.0,-0.024775991,14
pregnant,13,conservative,0,19,1,127,0.0,0.9921875,0.0,0.8698630136986302,0.0,1.0,0.4510690789473684,5.5,4.0,5.5,234.0,-0.024775991,14
pregnant,13,majority,0,19,0,128,0.0,1.0,0.0,0.8707482993197279,0.0,1.0,0.4510690789473684,5.5,4.0,5.5,234.0,-0.024775991,14
pregnant,13,max_risk,0,19,1,127,0.0,0.9921875,0.0,0.8698630136986302,0.0,1.0,0.4510690789473684,5.5,4.0,5.5,234.0,-0.024775991,14
record,18,na,0,9,1,518,0.0,0.9980732177263969,0.0,0.9829222011385199,0.0,0.8934010152284264,0.6493256262042388,5.5,5.0,5.5,138.0,-0.024775991,14
pregnant,18,conservative,0,23,1,123,0.0,0.9919354838709677,0.0,0.8424657534246576,0.0,1.0,0.5371669004207573,5.5,5.0,5.5,138.0,-0.024775991,14
pregnant,18,majority,0,23,0,124,0.0,1.0,0.0,0.8435374149659864,0.0,1.0,0.5371669004207573,5.5,5.0,5.5,138.0,-0.024775991,14
pregnant,18,max_risk,0,23,1,123,0.0,0.9919354838709677,0.0,0.8424657534246576,0.0,1.0,0.5371669004207573,5.5,5.0,5.5,138.0,-0.024775991,14
record,21,na,0,17,0,511,0.0,1.0,0.0,0.9678030303030303,0.0,0.8934010152284264,0.5269943593875906,3.0,3.0,3.0,204.0,-0.024775991,14
pregnant,21,conservative,0,14,0,133,0.0,1.0,0.0,0.9047619047619048,0.0,1.0,0.50859291084855,3.0,3.0,3.0,204.0,-0.024775991,14
pregnant,21,majority,0,14,0,133,0.0,1.0,0.0,0.9047619047619048,0.0,1.0,0.50859291084855,3.0,3.0,3.0,204.0,-0.024775991,14
pregnant,21,max_risk,0,14,0,133,0.0,1.0,0.0,0.9047619047619048,0.0,1.0,0.50859291084855,3.0,3.0,3.0,204.0,-0.024775991,14
record,13,na,0,9,1,538,0.0,0.9981447124304267,0.0,0.9835466179159049,0.0,0.8998357963875205,0.5145330859616575,5.5,5.5,5.5,112.0,-0.026887723,15
pregnant,13,conservative,0,9,1,137,0.0,0.9927536231884058,0.0,0.9383561643835616,0.0,1.0,0.4404186795491144,5.5,5.5,5.5,112.0,-0.026887723,15
pregnant,13,majority,0,9,0,138,0.0,1.0,0.0,0.9387755102040817,0.0,1.0,0.4404186795491144,5.5,5.5,5.5,112.0,-0.026887723,15
pregnant,13,max_risk,0,9,1,137,0.0,0.9927536231884058,0.0,0.9383561643835616,0.0,1.0,0.4404186795491144,5.5,5.5,5.5,112.0,-0.026887723,15
record,18,na,0,22,1,525,0.0,0.9980988593155894,0.0,0.9597806215722121,0.0,0.8998357963875205,0.5825267888005531,5.5,5.0,5.5,279.0,-0.026887723,15
pregnant,18,conservative,0,29,1,117,0.0,0.9915254237288136,0.0,0.8013698630136986,0.0,1.0,0.4696084161309176,5.5,5.0,5.5,279.0,-0.026887723,15
pregnant,18,majority,0,29,0,118,0.0,1.0,0.0,0.8027210884353742,0.0,1.0,0.4696084161309176,5.5,5.0,5.5,279.0,-0.026887723,15
pregnant,18,max_risk,0,29,1,117,0.0,0.9915254237288136,0.0,0.8013698630136986,0.0,1.0,0.4696084161309176,5.5,5.0,5.5,279.0,-0.026887723,15
record,21,na,0,10,0,538,0.0,1.0,0.0,0.9817518248175182,0.0,0.8998357963875205,0.3840148698884759,3.0,3.0,3.0,120.0,-0.026887723,15
pregnant,21,conservative,0,10,0,137,0.0,1.0,0.0,0.9319727891156463,0.0,1.0,0.24306569343065693,3.0,3.0,3.0,120.0,-0.026887723,15
pregnant,21,majority,0,10,0,137,0.0,1.0,0.0,0.9319727891156463,0.0,1.0,0.24306569343065693,3.0,3.0,3.0,120.0,-0.026887723,15
pregnant,21,max_risk,0,10,0,137,0.0,1.0,0.0,0.9319727891156463,0.0,1.0,0.24306569343065693,3.0,3.0,3.0,120.0,-0.026887723,15
record,13,na,0,8,1,537,0.0,0.9981412639405205,0.0,0.9853211009174312,0.0,0.8980263157894737,0.6951672862453532,5.5,5.5,5.5,109.0,-0.027175552999999998,16
pregnant,13,conservative,0,11,1,135,0.0,0.9926470588235294,0.0,0.9246575342465754,0.0,1.0,0.608288770053476,5.5,5.5,5.5,109.0,-0.027175552999999998,16
pregnant,13,majority,0,11,0,136,0.0,1.0,0.0,0.9251700680272109,0.0,1.0,0.608288770053476,5.5,5.5,5.5,109.0,-0.027175552999999998,16
pregnant,13,max_risk,0,11,1,135,0.0,0.9926470588235294,0.0,0.9246575342465754,0.0,1.0,0.608288770053476,5.5,5.5,5.5,109.0,-0.027175552999999998,16
record,18,na,0,34,1,511,0.0,0.998046875,0.0,0.9376146788990826,0.0,0.8980263157894737,0.5410730698529411,5.5,5.0,5.5,405.0,-0.027175552999999998,16
pregnant,18,conservative,0,37,1,109,0.0,0.990909090909091,0.0,0.7465753424657534,0.0,1.0,0.5007371007371008,5.5,5.0,5.5,405.0,-0.027175552999999998,16
pregnant,18,majority,0,37,0,110,0.0,1.0,0.0,0.7482993197278912,0.0,1.0,0.5007371007371008,5.5,5.0,5.5,405.0,-0.027175552999999998,16
pregnant,18,max_risk,0,37,1,109,0.0,0.990909090909091,0.0,0.7465753424657534,0.0,1.0,0.5007371007371008,5.5,5.0,5.5,405.0,-0.027175552999999998,16
record,21,na,0,10,0,536,0.0,1.0,0.0,0.9816849816849816,0.0,0.8980263157894737,0.457089552238806,3.0,3.0,3.0,120.0,-0.027175552999999998,16
pregnant,21,conservative,0,9,0,138,0.0,1.0,0.0,0.9387755102040817,0.0,1.0,0.3035426731078905,3.0,3.0,3.0,120.0,-0.027175552999999998,16
pregnant,21,majority,0,9,0,138,0.0,1.0,0.0,0.9387755102040817,0.0,1.0,0.3035426731078905,3.0,3.0,3.0,120.0,-0.027175552999999998,16
pregnant,21,max_risk,0,9,0,138,0.0,1.0,0.0,0.9387755102040817,0.0,1.0,0.3035426731078905,3.0,3.0,3.0,120.0,-0.027175552999999998,16
record,13,na,0,24,4,496,0.0,0.992,0.0,0.9538461538461539,0.0,0.8957264957264958,0.4520833333333333,5.5,3.5,5.5,287.0,-0.0285348484,17
pregnant,13,conservative,0,23,3,121,0.0,0.9758064516129032,0.0,0.8402777777777778,0.0,1.0,0.5262973352033661,5.5,3.5,5.5,287.0,-0.0285348484,17
pregnant,13,majority,0,23,0,124,0.0,1.0,0.0,0.8435374149659864,0.0,1.0,0.5262973352033661,5.5,3.5,5.5,287.0,-0.0285348484,17
pregnant,13,max_risk,0,23,3,121,0.0,0.9758064516129032,0.0,0.8402777777777778,0.0,1.0,0.5262973352033661,5.5,3.5,5.5,287.0,-0.0285348484,17
record,18,na,0,28,1,495,0.0,0.9979838709677419,0.0,0.9464627151051626,0.0,0.8957264957264958,0.5252736175115207,5.5,5.0,5.5,345.0,-0.0285348484,17
pregnant,18,conservative,0,39,1,107,0.0,0.9907407407407407,0.0,0.7328767123287672,0.0,1.0,0.5061728395061729,5.5,5.0,5.5,345.0,-0.0285348484,17
pregnant,18,majority,0,39,0,108,0.0,1.0,0.0,0.7346938775510204,0.0,1.0,0.5061728395061729,5.5,5.0,5.5,345.0,-0.0285348484,17
pregnant,18,max_risk,0,39,1,107,0.0,0.9907407407407407,0.0,0.7328767123287672,0.0,1.0,0.5061728395061729,5.5,5.0,5.5,345.0,-0.0285348484,17
record,21,na,0,12,0,512,0.0,1.0,0.0,0.9770992366412213,0.0,0.8957264957264958,0.5546875,3.0,3.0,3.0,144.0,-0.0285348484,17
pregnant,21,conservative,0,14,0,133,0.0,1.0,0.0,0.9047619047619048,0.0,1.0,0.38399570354457574,3.0,3.0,3.0,144.0,-0.0285348484,17
pregnant,21,majority,0,14,0,133,0.0,1.0,0.0,0.9047619047619048,0.0,1.0,0.38399570354457574,3.0,3.0,3.0,144.0,-0.0285348484,17
pregnant,21,max_risk,0,14,0,133,0.0,1.0,0.0,0.9047619047619048,0.0,1.0,0.38399570354457574,3.0,3.0,3.0,144.0,-0.0285348484,17
record,13,na,0,18,3,513,0.0,0.9941860465116279,0.0,0.9661016949152542,0.0,0.8944723618090452,0.5720284237726099,5.5,3.5,5.5,215.0,-0.028723326,18
pregnant,13,conservative,0,20,3,124,0.0,0.9763779527559056,0.0,0.8611111111111112,0.0,1.0,0.5559055118110237,5.5,3.5,5.5,215.0,-0.028723326,18
pregnant,13,majority,0,20,0,127,0.0,1.0,0.0,0.8639455782312925,0.0,1.0,0.5559055118110237,5.5,3.5,5.5,215.0,-0.028723326,18
pregnant,13,max_risk,0,20,3,124,0.0,0.9763779527559056,0.0,0.8611111111111112,0.0,1.0,0.5559055118110237,5.5,3.5,5.5,215.0,-0.028723326,18
record,18,na,0,32,0,502,0.0,1.0,0.0,0.9400749063670412,0.0,0.8944723618090452,0.5918202191235059,5.5,5.5,5.5,414.0,-0.028723326,18
pregnant,18,conservative,0,33,0,114,0.0,1.0,0.0,0.7755102040816326,0.0,1.0,0.5366826156299841,5.5,5.5,5.5,414.0,-0.028723326,18
pregnant,18,majority,0,33,0,114,0.0,1.0,0.0,0.7755102040816326,0.0,1.0,0.5366826156299841,5.5,5.5,5.5,414.0,-0.028723326,18
pregnant,18,max_risk,0,33,0,114,0.0,1.0,0.0,0.7755102040816326,0.0,1.0,0.5366826156299841,5.5,5.5,5.5,414.0,-0.028723326,18
record,21,na,0,6,0,528,0.0,1.0,0.0,0.9887640449438202,0.0,0.8944723618090452,0.5514520202020202,3.0,3.0,3.0,72.0,-0.028723326,18
pregnant,21,conservative,0,7,0,140,0.0,1.0,0.0,0.9523809523809523,0.0,1.0,0.44999999999999996,3.0,3.0,3.0,72.0,-0.028723326,18
pregnant,21,majority,0,7,0,140,0.0,1.0,0.0,0.9523809523809523,0.0,1.0,0.44999999999999996,3.0,3.0,3.0,72.0,-0.028723326,18
pregnant,21,max_risk,0,7,0,140,0.0,1.0,0.0,0.9523809523809523,0.0,1.0,0.44999999999999996,3.0,3.0,3.0,72.0,-0.028723326,18
record,13,na,2,24,3,517,0.07692307692307693,0.9942307692307693,0.4,0.955637707948244,0.12903225806451613,0.899505766062603,0.4876479289940828,3.5,3.5,3.5,300.0,-0.0280326908,19
pregnant,13,conservative,2,27,3,115,0.06896551724137931,0.9745762711864406,0.4,0.8098591549295775,0.11764705882352941,1.0,0.521917007597896,3.5,3.5,3.5,300.0,-0.0280326908,19
pregnant,13,majority,0,29,0,118,0.0,1.0,0.0,0.8027210884353742,0.0,1.0,0.521917007597896,3.5,3.5,3.5,300.0,-0.0280326908,19
pregnant,13,max_risk,2,27,3,115,0.06896551724137931,0.9745762711864406,0.4,0.8098591549295775,0.11764705882352941,1.0,0.521917007597896,3.5,3.5,3.5,300.0,-0.0280326908,19
record,18,na,0,30,1,515,0.0,0.998062015503876,0.0,0.944954128440367,0.0,0.899505766062603,0.5713824289405685,5.5,5.0,5.5,351.0,-0.0280326908,19
pregnant,18,conservative,0,31,1,115,0.0,0.9913793103448276,0.0,0.7876712328767124,0.0,1.0,0.5317018909899889,5.5,5.0,5.5,351.0,-0.0280326908,19
pregnant,18,majority,0,31,0,116,0.0,1.0,0.0,0.7891156462585034,0.0,1.0,0.5317018909899889,5.5,5.0,5.5,351.0,-0.0280326908,19
pregnant,18,max_risk,0,31,1,115,0.0,0.9913793103448276,0.0,0.7876712328767124,0.0,1.0,0.5317018909899889,5.5,5.0,5.5,351.0,-0.0280326908,19
record,21,na,0,13,0,533,0.0,1.0,0.0,0.9761904761904762,0.0,0.899505766062603,0.5305238851205081,3.0,3.0,3.0,156.0,-0.0280326908,19
pregnant,21,conservative,0,13,0,134,0.0,1.0,0.0,0.9115646258503401,0.0,1.0,0.3593570608495981,3.0,3.0,3.0,156.0,-0.0280326908,19
pregnant,21,majority,0,13,0,134,0.0,1.0,0.0,0.9115646258503401,0.0,1.0,0.3593570608495981,3.0,3.0,3.0,156.0,-0.0280326908,19
pregnant,21,max_risk,0,13,0,134,0.0,1.0,0.0,0.9115646258503401,0.0,1.0,0.3593570608495981,3.0,3.0,3.0,156.0,-0.0280326908,19
record,13,na,0,12,0,529,0.0,1.0,0.0,0.977818853974122,0.0,0.9001663893510815,0.49511657214870824,5.5,5.5,5.5,144.0,-0.029490561,20
pregnant,13,conservative,0,18,0,129,0.0,1.0,0.0,0.8775510204081632,0.0,1.0,0.5353143841515935,5.5,5.5,5.5,144.0,-0.029490561,20
pregnant,13,majority,0,18,0,129,0.0,1.0,0.0,0.8775510204081632,0.0,1.0,0.5353143841515935,5.5,5.5,5.5,144.0,-0.029490561,20
pregnant,13,max_risk,0,18,0,129,0.0,1.0,0.0,0.8775510204081632,0.0,1.0,0.5353143841515935,5.5,5.5,5.5,144.0,-0.029490561,20
record,18,na,0,30,1,510,0.0,0.9980430528375733,0.0,0.9444444444444444,0.0,0.9001663893510815,0.5686888454011741,5.5,5.0,5.5,354.0,-0.029490561,20
pregnant,18,conservative,0,34,1,112,0.0,0.9911504424778761,0.0,0.7671232876712328,0.0,1.0,0.5720978656949505,5.5,5.0,5.5,354.0,-0.029490561,20
pregnant,18,majority,0,34,0,113,0.0,1.0,0.0,0.7687074829931972,0.0,1.0,0.5720978656949505,5.5,5.0,5.5,354.0,-0.029490561,20
pregnant,18,max_risk,0,34,1,112,0.0,0.9911504424778761,0.0,0.7671232876712328,0.0,1.0,0.5720978656949505,5.5,5.0,5.5,354.0,-0.029490561,20
record,21,na,0,13,0,528,0.0,1.0,0.0,0.9759704251386322,0.0,0.9001663893510815,0.6950757575757576,3.0,3.0,3.0,156.0,-0.029490561,20
pregnant,21,conservative,0,14,0,133,0.0,1.0,0.0,0.9047619047619048,0.0,1.0,0.5091299677765844,3.0,3.0,3.0,156.0,-0.029490561,20
pregnant,21,majority,0,14,0,133,0.0,1.0,0.0,0.9047619047619048,0.0,1.0,0.5091299677765844,3.0,3.0,3.0,156.0,-0.029490561,20
pregnant,21,max_risk,0,14,0,133,0.0,1.0,0.0,0.9047619047619048,0.0,1.0,0.5091299677765844,3.0,3.0,3.0,156.0,-0.029490561,20
record,13,na,0,12,4,511,0.0,0.9922330097087378,0.0,0.9770554493307839,0.0,0.8993174061433447,0.4593851132686085,3.5,3.5,5.0,136.0,-0.026855725,21
pregnant,13,conservative,0,20,4,123,0.0,0.968503937007874,0.0,0.8601398601398601,0.0,1.0,0.5795275590551181,3.5,3.5,5.0,136.0,-0.026855725,21
pregnant,13,majority,0,20,0,127,0.0,1.0,0.0,0.8639455782312925,0.0,1.0,0.5795275590551181,3.5,3.5,5.0,136.0,-0.026855725,21
pregnant,13,max_risk,0,20,4,123,0.0,0.968503937007874,0.0,0.8601398601398601,0.0,1.0,0.5795275590551181,3.5,3.5,5.0,136.0,-0.026855725,21
record,18,na,0,26,2,499,0.0,0.9960079840319361,0.0,0.9504761904761905,0.0,0.8993174061433447,0.6435590357746046,5.0,4.5,5.0,321.0,-0.026855725,21
pregnant,18,conservative,0,29,1,117,0.0,0.9915254237288136,0.0,0.8013698630136986,0.0,1.0,0.5192869666861484,5.0,4.5,5.0,321.0,-0.026855725,21
pregnant,18,majority,0,29,0,118,0.0,1.0,0.0,0.8027210884353742,0.0,1.0,0.5192869666861484,5.0,4.5,5.0,321.0,-0.026855725,21
pregnant,18,max_risk,0,29,1,117,0.0,0.9915254237288136,0.0,0.8013698630136986,0.0,1.0,0.5192869666861484,5.0,4.5,5.0,321.0,-0.026855725,21
record,21,na,0,11,0,516,0.0,1.0,0.0,0.9791271347248577,0.0,0.8993174061433447,0.556201550387597,3.0,3.0,3.0,132.0,-0.026855725,21
pregnant,21,conservative,0,14,0,133,0.0,1.0,0.0,0.9047619047619048,0.0,1.0,0.4070891514500537,3.0,3.0,3.0,132.0,-0.026855725,21
pregnant,21,majority,0,14,0,133,0.0,1.0,0.0,0.9047619047619048,0.0,1.0,0.4070891514500537,3.0,3.0,3.0,132.0,-0.026855725,21
pregnant,21,max_risk,0,14,0,133,0.0,1.0,0.0,0.9047619047619048,0.0,1.0,0.4070891514500537,3.0,3.0,3.0,132.0,-0.026855725,21
record,13,na,0,24,4,525,0.0,0.9924385633270322,0.0,0.9562841530054644,0.0,0.8933764135702746,0.4456521739130435,5.5,3.5,5.5,292.0,-0.0267816114,22
pregnant,13,conservative,0,18,4,125,0.0,0.9689922480620154,0.0,0.8741258741258742,0.0,1.0,0.49870801033591733,5.5,3.5,5.5,292.0,-0.0267816114,22
pregnant,13,majority,0,18,0,129,0.0,1.0,0.0,0.8775510204081632,0.0,1.0,0.49870801033591733,5.5,3.5,5.5,292.0,-0.0267816114,22
pregnant,13,max_risk,0,18,4,125,0.0,0.9689922480620154,0.0,0.8741258741258742,0.0,1.0,0.49870801033591733,5.5,3.5,5.5,292.0,-0.0267816114,22
record,18,na,0,31,0,522,0.0,1.0,0.0,0.9439421338155516,0.0,0.8933764135702746,0.5916450376962057,5.5,5.5,5.5,405.0,-0.0267816114,22
pregnant,18,conservative,0,38,0,109,0.0,1.0,0.0,0.7414965986394558,0.0,1.0,0.4381941091260262,5.5,5.5,5.5,405.0,-0.0267816114,22
pregnant,18,majority,0,38,0,109,0.0,1.0,0.0,0.7414965986394558,0.0,1.0,0.4381941091260262,5.5,5.5,5.5,405.0,-0.0267816114,22
pregnant,18,max_risk,0,38,0,109,0.0,1.0,0.0,0.7414965986394558,0.0,1.0,0.4381941091260262,5.5,5.5,5.5,405.0,-0.0267816114,22
record,21,na,0,15,0,538,0.0,1.0,0.0,0.972875226039783,0.0,0.8933764135702746,0.48252788104089217,3.0,3.0,3.0,180.0,-0.0267816114,22
pregnant,21,conservative,0,14,0,133,0.0,1.0,0.0,0.9047619047619048,0.0,1.0,0.3657357679914071,3.0,3.0,3.0,180.0,-0.0267816114,22
pregnant,21,majority,0,14,0,133,0.0,1.0,0.0,0.9047619047619048,0.0,1.0,0.3657357679914071,3.0,3.0,3.0,180.0,-0.0267816114,22
pregnant,21,max_risk,0,14,0,133,0.0,1.0,0.0,0.9047619047619048,0.0,1.0,0.3657357679914071,3.0,3.0,3.0,180.0,-0.0267816114,22
record,13,na,0,11,2,516,0.0,0.9961389961389961,0.0,0.9791271347248577,0.0,0.8950930626057529,0.5758160758160757,5.5,5.0,5.5,132.0,-0.028808592,23
pregnant,13,conservative,0,17,2,128,0.0,0.9846153846153847,0.0,0.8827586206896552,0.0,1.0,0.47013574660633484,5.5,5.0,5.5,132.0,-0.028808592,23
pregnant,13,majority,0,17,0,130,0.0,1.0,0.0,0.8843537414965986,0.0,1.0,0.47013574660633484,5.5,5.0,5.5,132.0,-0.028808592,23
pregnant,13,max_risk,0,17,2,128,0.0,0.9846153846153847,0.0,0.8827586206896552,0.0,1.0,0.47013574660633484,5.5,5.0,5.5,132.0,-0.028808592,23
record,18,na,0,29,0,500,0.0,1.0,0.0,0.945179584120983,0.0,0.8950930626057529,0.5434482758620689,5.0,5.0,5.0,360.0,-0.028808592,23
pregnant,18,conservative,0,35,0,112,0.0,1.0,0.0,0.7619047619047619,0.0,1.0,0.47831632653061223,5.0,5.0,5.0,360.0,-0.028808592,23
pregnant,18,majority,0,35,0,112,0.0,1.0,0.0,0.7619047619047619,0.0,1.0,0.47831632653061223,5.0,5.0,5.0,360.0,-0.028808592,23
pregnant,18,max_risk,0,35,0,112,0.0,1.0,0.0,0.7619047619047619,0.0,1.0,0.47831632653061223,5.0,5.0,5.0,360.0,-0.028808592,23
record,21,na,0,8,0,521,0.0,1.0,0.0,0.9848771266540642,0.0,0.8950930626057529,0.5988483685220729,3.0,3.0,3.0,96.0,-0.028808592,23
pregnant,21,conservative,0,10,0,137,0.0,1.0,0.0,0.9319727891156463,0.0,1.0,0.36715328467153285,3.0,3.0,3.0,96.0,-0.028808592,23
pregnant,21,majority,0,10,0,137,0.0,1.0,0.0,0.9319727891156463,0.0,1.0,0.36715328467153285,3.0,3.0,3.0,96.0,-0.028808592,23
pregnant,21,max_risk,0,10,0,137,0.0,1.0,0.0,0.9319727891156463,0.0,1.0,0.36715328467153285,3.0,3.0,3.0,96.0,-0.028808592,23
record,13,na,1,20,6,541,0.047619047619047616,0.9890310786106032,0.14285714285714285,0.964349376114082,0.07142857142857142,0.9030206677265501,0.4469400191520849,3.5,3.5,5.5,257.0,-0.027159138,24
pregnant,13,conservative,1,21,5,120,0.045454545454545456,0.96,0.16666666666666666,0.851063829787234,0.07142857142857142,1.0,0.49054545454545456,3.5,3.5,5.5,257.0,-0.027159138,24
pregnant,13,majority,0,22,0,125,0.0,1.0,0.0,0.8503401360544217,0.0,1.0,0.49054545454545456,3.5,3.5,5.5,257.0,-0.027159138,24
pregnant,13,max_risk,1,21,5,120,0.045454545454545456,0.96,0.16666666666666666,0.851063829787234,0.07142857142857142,1.0,0.49054545454545456,3.5,3.5,5.5,257.0,-0.027159138,24
record,18,na,0,32,1,535,0.0,0.9981343283582089,0.0,0.9435626102292769,0.0,0.9030206677265501,0.5838969216417911,5.5,5.0,5.5,387.0,-0.027159138,24
pregnant,18,conservative,0,34,1,112,0.0,0.9911504424778761,0.0,0.7671232876712328,0.0,1.0,0.4940135346173868,5.5,5.0,5.5,387.0,-0.027159138,24
pregnant,18,majority,0,34,0,113,0.0,1.0,0.0,0.7687074829931972,0.0,1.0,0.4940135346173868,5.5,5.0,5.5,387.0,-0.027159138,24
pregnant,18,max_risk,0,34,1,112,0.0,0.9911504424778761,0.0,0.7671232876712328,0.0,1.0,0.4940135346173868,5.5,5.0,5.5,387.0,-0.027159138,24
record,21,na,0,9,0,559,0.0,1.0,0.0,0.9841549295774648,0.0,0.9030206677265501,0.40151063406877363,3.0,3.0,3.0,108.0,-0.027159138,24
pregnant,21,conservative,0,10,0,137,0.0,1.0,0.0,0.9319727891156463,0.0,1.0,0.26423357664233577,3.0,3.0,3.0,108.0,-0.027159138,24
pregnant,21,majority,0,10,0,137,0.0,1.0,0.0,0.9319727891156463,0.0,1.0,0.26423357664233577,3.0,3.0,3.0,108.0,-0.027159138,24
pregnant,21,max_risk,0,10,0,137,0.0,1.0,0.0,0.9319727891156463,0.0,1.0,0.26423357664233577,3.0,3.0,3.0,108.0,-0.027159138,24
record,13,na,0,13,1,524,0.0,0.9980952380952381,0.0,0.9757914338919925,0.0,0.893687707641196,0.5778754578754579,5.5,5.5,5.5,160.0,-0.027362641,25
pregnant,13,conservative,0,16,1,130,0.0,0.9923664122137404,0.0,0.8904109589041096,0.0,1.0,0.48616412213740456,5.5,5.5,5.5,160.0,-0.027362641,25
pregnant,13,majority,0,16,0,131,0.0,1.0,0.0,0.891156462585034,0.0,1.0,0.48616412213740456,5.5,5.5,5.5,160.0,-0.027362641,25
pregnant,13,max_risk,0,16,1,130,0.0,0.9923664122137404,0.0,0.8904109589041096,0.0,1.0,0.48616412213740456,5.5,5.5,5.5,160.0,-0.027362641,25
record,18,na,0,26,1,511,0.0,0.998046875,0.0,0.9515828677839852,0.0,0.893687707641196,0.5637770432692308,5.5,5.0,5.5,315.0,-0.027362641,25
pregnant,18,conservative,0,33,1,113,0.0,0.9912280701754386,0.0,0.773972602739726,0.0,1.0,0.5260499734183944,5.5,5.0,5.5,315.0,-0.027362641,25
pregnant,18,majority,0,33,0,114,0.0,1.0,0.0,0.7755102040816326,0.0,1.0,0.5260499734183944,5.5,5.0,5.5,315.0,-0.027362641,25
pregnant,18,max_risk,0,33,1,113,0.0,0.9912280701754386,0.0,0.773972602739726,0.0,1.0,0.5260499734183944,5.5,5.0,5.5,315.0,-0.027362641,25
record,21,na,0,11,0,527,0.0,1.0,0.0,0.9795539033457249,0.0,0.893687707641196,0.6543039503191306,3.0,3.0,3.0,132.0,-0.027362641,25
pregnant,21,conservative,0,11,0,136,0.0,1.0,0.0,0.9251700680272109,0.0,1.0,0.5755347593582888,3.0,3.0,3.0,132.0,-0.027362641,25
pregnant,21,majority,0,11,0,136,0.0,1.0,0.0,0.9251700680272109,0.0,1.0,0.5755347593582888,3.0,3.0,3.0,132.0,-0.027362641,25
pregnant,21,max_risk,0,11,0,136,0.0,1.0,0.0,0.9251700680272109,0.0,1.0,0.5755347593582888,3.0,3.0,3.0,132.0,-0.027362641,25
record,13,na,0,13,7,521,0.0,0.9867424242424242,0.0,0.9756554307116105,0.0,0.8971807628524047,0.5922202797202798,5.5,3.5,5.5,152.0,-0.02712642,26
pregnant,13,conservative,0,14,6,127,0.0,0.9548872180451128,0.0,0.900709219858156,0.0,1.0,0.6374865735767992,5.5,3.5,5.5,152.0,-0.02712642,26
pregnant,13,majority,0,14,0,133,0.0,1.0,0.0,0.9047619047619048,0.0,1.0,0.6374865735767992,5.5,3.5,5.5,152.0,-0.02712642,26
pregnant,13,max_risk,0,14,6,127,0.0,0.9548872180451128,0.0,0.900709219858156,0.0,1.0,0.6374865735767992,5.5,3.5,5.5,152.0,-0.02712642,26
record,18,na,0,42,0,499,0.0,1.0,0.0,0.922365988909427,0.0,0.8971807628524047,0.594426949136368,5.0,5.0,5.0,501.0,-0.02712642,26
pregnant,18,conservative,0,38,0,109,0.0,1.0,0.0,0.7414965986394558,0.0,1.0,0.5673587638821825,5.0,5.0,5.0,501.0,-0.02712642,26
pregnant,18,majority,0,38,0,109,0.0,1.0,0.0,0.7414965986394558,0.0,1.0,0.5673587638821825,5.0,5.0,5.0,501.0,-0.02712642,26
pregnant,18,max_risk,0,38,0,109,0.0,1.0,0.0,0.7414965986394558,0.0,1.0,0.5673587638821825,5.0,5.0,5.0,501.0,-0.02712642,26
record,21,na,0,14,0,527,0.0,1.0,0.0,0.9741219963031423,0.0,0.8971807628524047,0.4920032529140689,3.0,3.0,3.0,168.0,-0.02712642,26
pregnant,21,conservative,0,14,0,133,0.0,1.0,0.0,0.9047619047619048,0.0,1.0,0.33458646616541354,3.0,3.0,3.0,168.0,-0.02712642,26
pregnant,21,majority,0,14,0,133,0.0,1.0,0.0,0.9047619047619048,0.0,1.0,0.33458646616541354,3.0,3.0,3.0,168.0,-0.02712642,26
pregnant,21,max_risk,0,14,0,133,0.0,1.0,0.0,0.9047619047619048,0.0,1.0,0.33458646616541354,3.0,3.0,3.0,168.0,-0.02712642,26
record,13,na,0,15,6,537,0.0,0.988950276243094,0.0,0.9728260869565217,0.0,0.9029126213592233,0.3934929404542664,5.5,3.5,5.5,192.0,-0.027362641,27
pregnant,13,conservative,0,16,6,125,0.0,0.9541984732824428,0.0,0.8865248226950354,0.0,1.0,0.5023854961832062,5.5,3.5,5.5,192.0,-0.027362641,27
pregnant,13,majority,0,16,0,131,0.0,1.0,0.0,0.891156462585034,0.0,1.0,0.5023854961832062,5.5,3.5,5.5,192.0,-0.027362641,27
pregnant,13,max_risk,0,16,6,125,0.0,0.9541984732824428,0.0,0.8865248226950354,0.0,1.0,0.5023854961832062,5.5,3.5,5.5,192.0,-0.027362641,27
record,18,na,0,33,1,524,0.0,0.9980952380952381,0.0,0.940754039497307,0.0,0.9029126213592233,0.5945743145743145,5.5,5.0,5.5,369.0,-0.027362641,27
pregnant,18,conservative,0,33,1,113,0.0,0.9912280701754386,0.0,0.773972602739726,0.0,1.0,0.5752259436469963,5.5,5.0,5.5,369.0,-0.027362641,27
pregnant,18,majority,0,33,0,114,0.0,1.0,0.0,0.7755102040816326,0.0,1.0,0.5752259436469963,5.5,5.0,5.5,369.0,-0.027362641,27
pregnant,18,max_risk,0,33,1,113,0.0,0.9912280701754386,0.0,0.773972602739726,0.0,1.0,0.5752259436469963,5.5,5.0,5.5,369.0,-0.027362641,27
record,21,na,0,8,0,550,0.0,1.0,0.0,0.985663082437276,0.0,0.9029126213592233,0.5622727272727273,3.0,3.0,3.0,96.0,-0.027362641,27
pregnant,21,conservative,0,8,0,139,0.0,1.0,0.0,0.9455782312925171,0.0,1.0,0.4136690647482014,3.0,3.0,3.0,96.0,-0.027362641,27
pregnant,21,majority,0,8,0,139,0.0,1.0,0.0,0.9455782312925171,0.0,1.0,0.4136690647482014,3.0,3.0,3.0,96.0,-0.027362641,27
pregnant,21,max_risk,0,8,0,139,0.0,1.0,0.0,0.9455782312925171,0.0,1.0,0.4136690647482014,3.0,3.0,3.0,96.0,-0.027362641,27
record,13,na,0,18,1,532,0.0,0.99812382739212,0.0,0.9672727272727273,0.0,0.8988580750407831,0.3997289972899729,5.5,5.5,5.5,217.0,-0.024723178,28
pregnant,13,conservative,0,15,1,131,0.0,0.9924242424242424,0.0,0.8972602739726028,0.0,1.0,0.5217171717171717,5.5,5.5,5.5,217.0,-0.024723178,28
pregnant,13,majority,0,15,0,132,0.0,1.0,0.0,0.8979591836734694,0.0,1.0,0.5217171717171717,5.5,5.5,5.5,217.0,-0.024723178,28
pregnant,13,max_risk,0,15,1,131,0.0,0.9924242424242424,0.0,0.8972602739726028,0.0,1.0,0.5217171717171717,5.5,5.5,5.5,217.0,-0.024723178,28
record,18,na,0,22,0,529,0.0,1.0,0.0,0.9600725952813067,0.0,0.8988580750407831,0.6332703213610587,5.5,5.5,5.5,267.0,-0.024723178,28
pregnant,18,conservative,0,30,0,117,0.0,1.0,0.0,0.7959183673469388,0.0,1.0,0.554985754985755,5.5,5.5,5.5,267.0,-0.024723178,28
pregnant,18,majority,0,30,0,117,0.0,1.0,0.0,0.7959183673469388,0.0,1.0,0.554985754985755,5.5,5.5,5.5,267.0,-0.024723178,28
pregnant,18,max_risk,0,30,0,117,0.0,1.0,0.0,0.7959183673469388,0.0,1.0,0.554985754985755,5.5,5.5,5.5,267.0,-0.024723178,28
record,21,na,0,11,0,540,0.0,1.0,0.0,0.9800362976406534,0.0,0.8988580750407831,0.5198653198653199,3.0,3.0,3.0,132.0,-0.024723178,28
pregnant,21,conservative,0,10,0,137,0.0,1.0,0.0,0.9319727891156463,0.0,1.0,0.32846715328467146,3.0,3.0,3.0,132.0,-0.024723178,28
pregnant,21,majority,0,10,0,137,0.0,1.0,0.0,0.9319727891156463,0.0,1.0,0.32846715328467146,3.0,3.0,3.0,132.0,-0.024723178,28
pregnant,21,max_risk,0,10,0,137,0.0,1.0,0.0,0.9319727891156463,0.0,1.0,0.32846715328467146,3.0,3.0,3.0,132.0,-0.024723178,28
record,13,na,0,15,2,527,0.0,0.996219281663516,0.0,0.9723247232472325,0.0,0.9006622516556292,0.3832388153749212,5.5,5.0,5.5,184.0,-0.026485524,29
pregnant,13,conservative,0,13,2,132,0.0,0.9850746268656716,0.0,0.9103448275862069,0.0,1.0,0.38231917336394955,5.5,5.0,5.5,184.0,-0.026485524,29
pregnant,13,majority,0,13,0,134,0.0,1.0,0.0,0.9115646258503401,0.0,1.0,0.38231917336394955,5.5,5.0,5.5,184.0,-0.026485524,29
pregnant,13,max_risk,0,13,2,132,0.0,0.9850746268656716,0.0,0.9103448275862069,0.0,1.0,0.38231917336394955,5.5,5.0,5.5,184.0,-0.026485524,29
record,18,na,0,11,0,533,0.0,1.0,0.0,0.9797794117647058,0.0,0.9006622516556292,0.5121951219512195,5.5,5.5,5.5,141.0,-0.026485524,29
pregnant,18,conservative,0,25,0,122,0.0,1.0,0.0,0.8299319727891157,0.0,1.0,0.5255737704918033,5.5,5.5,5.5,141.0,-0.026485524,29
pregnant,18,majority,0,25,0,122,0.0,1.0,0.0,0.8299319727891157,0.0,1.0,0.5255737704918033,5.5,5.5,5.5,141.0,-0.026485524,29
pregnant,18,max_risk,0,25,0,122,0.0,1.0,0.0,0.8299319727891157,0.0,1.0,0.5255737704918033,5.5,5.5,5.5,141.0,-0.026485524,29
record,21,na,0,19,0,525,0.0,1.0,0.0,0.9650735294117647,0.0,0.9006622516556292,0.3979949874686716,3.0,3.0,3.0,228.0,-0.026485524,29
pregnant,21,conservative,0,20,0,127,0.0,1.0,0.0,0.8639455782312925,0.0,1.0,0.2720472440944882,3.0,3.0,3.0,228.0,-0.026485524,29
pregnant,21,majority,0,20,0,127,0.0,1.0,0.0,0.8639455782312925,0.0,1.0,0.2720472440944882,3.0,3.0,3.0,228.0,-0.026485524,29
pregnant,21,max_risk,0,20,0,127,0.0,1.0,0.0,0.8639455782312925,0.0,1.0,0.2720472440944882,3.0,3.0,3.0,228.0,-0.026485524,29
record,13,na,0,16,6,518,0.0,0.9885496183206107,0.0,0.9700374531835206,0.0,0.8970099667774086,0.46207061068702293,5.5,3.5,5.5,200.0,-0.026532553,30
pregnant,13,conservative,0,13,5,129,0.0,0.9626865671641791,0.0,0.9084507042253521,0.0,1.0,0.5464982778415615,5.5,3.5,5.5,200.0,-0.026532553,30
pregnant,13,majority,0,13,0,134,0.0,1.0,0.0,0.9115646258503401,0.0,1.0,0.5464982778415615,5.5,3.5,5.5,200.0,-0.026532553,30
pregnant,13,max_risk,0,13,5,129,0.0,0.9626865671641791,0.0,0.9084507042253521,0.0,1.0,0.5464982778415615,5.5,3.5,5.5,200.0,-0.026532553,30
record,18,na,0,31,1,508,0.0,0.9980353634577603,0.0,0.9424860853432282,0.0,0.8970099667774086,0.5946511185753216,5.5,5.0,5.5,384.0,-0.026532553,30
pregnant,18,conservative,0,35,1,111,0.0,0.9910714285714286,0.0,0.7602739726027398,0.0,1.0,0.48698979591836733,5.5,5.0,5.5,384.0,-0.026532553,30
pregnant,18,majority,0,35,0,112,0.0,1.0,0.0,0.7619047619047619,0.0,1.0,0.48698979591836733,5.5,5.0,5.5,384.0,-0.026532553,30
pregnant,18,max_risk,0,35,1,111,0.0,0.9910714285714286,0.0,0.7602739726027398,0.0,1.0,0.48698979591836733,5.5,5.0,5.5,384.0,-0.026532553,30
record,21,na,0,7,0,533,0.0,1.0,0.0,0.987037037037037,0.0,0.8970099667774086,0.4138300723666577,3.0,3.0,3.0,84.0,-0.026532553,30
pregnant,21,conservative,0,6,0,141,0.0,1.0,0.0,0.9591836734693877,0.0,1.0,0.34751773049645385,3.0,3.0,3.0,84.0,-0.026532553,30
pregnant,21,majority,0,6,0,141,0.0,1.0,0.0,0.9591836734693877,0.0,1.0,0.34751773049645385,3.0,3.0,3.0,84.0,-0.026532553,30
pregnant,21,max_risk,0,6,0,141,0.0,1.0,0.0,0.9591836734693877,0.0,1.0,0.34751773049645385,3.0,3.0,3.0,84.0,-0.026532553,30
record,13,na,0,13,1,534,0.0,0.9981308411214953,0.0,0.9762340036563071,0.0,0.898360655737705,0.59784327821711,5.5,5.5,5.5,160.0,-0.025444835199999998,31
pregnant,13,conservative,0,15,1,131,0.0,0.9924242424242424,0.0,0.8972602739726028,0.0,1.0,0.5555555555555556,5.5,5.5,5.5,160.0,-0.025444835199999998,31
pregnant,13,majority,0,15,0,132,0.0,1.0,0.0,0.8979591836734694,0.0,1.0,0.5555555555555556,5.5,5.5,5.5,160.0,-0.025444835199999998,31
pregnant,13,max_risk,0,15,1,131,0.0,0.9924242424242424,0.0,0.8972602739726028,0.0,1.0,0.5555555555555556,5.5,5.5,5.5,160.0,-0.025444835199999998,31
record,18,na,0,24,0,524,0.0,1.0,0.0,0.9562043795620438,0.0,0.898360655737705,0.5768129770992366,5.0,5.0,5.0,291.0,-0.025444835199999998,31
pregnant,18,conservative,0,34,0,113,0.0,1.0,0.0,0.7687074829931972,0.0,1.0,0.5762623633524205,5.0,5.0,5.0,291.0,-0.025444835199999998,31
pregnant,18,majority,0,34,0,113,0.0,1.0,0.0,0.7687074829931972,0.0,1.0,0.5762623633524205,5.0,5.0,5.0,291.0,-0.025444835199999998,31
pregnant,18,max_risk,0,34,0,113,0.0,1.0,0.0,0.7687074829931972,0.0,1.0,0.5762623633524205,5.0,5.0,5.0,291.0,-0.025444835199999998,31
record,21,na,0,11,0,537,0.0,1.0,0.0,0.9799270072992701,0.0,0.898360655737705,0.5493482309124766,3.0,3.0,3.0,132.0,-0.025444835199999998,31
pregnant,21,conservative,0,10,0,137,0.0,1.0,0.0,0.9319727891156463,0.0,1.0,0.40656934306569337,3.0,3.0,3.0,132.0,-0.025444835199999998,31
pregnant,21,majority,0,10,0,137,0.0,1.0,0.0,0.9319727891156463,0.0,1.0,0.40656934306569337,3.0,3.0,3.0,132.0,-0.025444835199999998,31
pregnant,21,max_risk,0,10,0,137,0.0,1.0,0.0,0.9319727891156463,0.0,1.0,0.40656934306569337,3.0,3.0,3.0,132.0,-0.025444835199999998,31
record,13,na,0,13,1,523,0.0,0.9980916030534351,0.0,0.9757462686567164,0.0,0.895,0.5030827950675278,5.5,5.5,5.5,166.0,-0.026812031099999998,32
pregnant,13,conservative,0,20,1,126,0.0,0.9921259842519685,0.0,0.863013698630137,0.0,1.0,0.47244094488188976,5.5,5.5,5.5,166.0,-0.026812031099999998,32
pregnant,13,majority,0,20,0,127,0.0,1.0,0.0,0.8639455782312925,0.0,1.0,0.47244094488188976,5.5,5.5,5.5,166.0,-0.026812031099999998,32
pregnant,13,max_risk,0,20,1,126,0.0,0.9921259842519685,0.0,0.863013698630137,0.0,1.0,0.47244094488188976,5.5,5.5,5.5,166.0,-0.026812031099999998,32
record,18,na,0,22,1,514,0.0,0.9980582524271845,0.0,0.9589552238805971,0.0,0.895,0.5235657546337158,5.5,5.0,5.5,285.0,-0.026812031099999998,32
pregnant,18,conservative,0,35,1,111,0.0,0.9910714285714286,0.0,0.7602739726027398,0.0,1.0,0.5586734693877552,5.5,5.0,5.5,285.0,-0.026812031099999998,32
pregnant,18,majority,0,35,0,112,0.0,1.0,0.0,0.7619047619047619,0.0,1.0,0.5586734693877552,5.5,5.0,5.5,285.0,-0.026812031099999998,32
pregnant,18,max_risk,0,35,1,111,0.0,0.9910714285714286,0.0,0.7602739726027398,0.0,1.0,0.5586734693877552,5.5,5.0,5.5,285.0,-0.026812031099999998,32
record,21,na,0,11,0,526,0.0,1.0,0.0,0.9795158286778398,0.0,0.895,0.3866228828206015,3.0,3.0,3.0,132.0,-0.026812031099999998,32
pregnant,21,conservative,0,10,0,137,0.0,1.0,0.0,0.9319727891156463,0.0,1.0,0.2525547445255475,3.0,3.0,3.0,132.0,-0.026812031099999998,32
pregnant,21,majority,0,10,0,137,0.0,1.0,0.0,0.9319727891156463,0.0,1.0,0.2525547445255475,3.0,3.0,3.0,132.0,-0.026812031099999998,32
pregnant,21,max_risk,0,10,0,137,0.0,1.0,0.0,0.9319727891156463,0.0,1.0,0.2525547445255475,3.0,3.0,3.0,132.0,-0.026812031099999998,32
record,13,na,0,15,2,544,0.0,0.9963369963369964,0.0,0.9731663685152058,0.0,0.8990384615384616,0.38901098901098907,5.5,5.0,5.5,184.0,-0.026855725,33
pregnant,13,conservative,0,14,2,131,0.0,0.9849624060150376,0.0,0.903448275862069,0.0,1.0,0.41890440386680994,5.5,5.0,5.5,184.0,-0.026855725,33
pregnant,13,majority,0,14,0,133,0.0,1.0,0.0,0.9047619047619048,0.0,1.0,0.41890440386680994,5.5,5.0,5.5,184.0,-0.026855725,33
pregnant,13,max_risk,0,14,2,131,0.0,0.9849624060150376,0.0,0.903448275862069,0.0,1.0,0.41890440386680994,5.5,5.0,5.5,184.0,-0.026855725,33
record,18,na,0,20,1,540,0.0,0.9981515711645101,0.0,0.9642857142857143,0.0,0.8990384615384616,0.5411275415896488,5.5,5.0,5.5,237.0,-0.026855725,33
pregnant,18,conservative,0,32,1,114,0.0,0.991304347826087,0.0,0.7808219178082192,0.0,1.0,0.483695652173913,5.5,5.0,5.5,237.0,-0.026855725,33
pregnant,18,majority,0,32,0,115,0.0,1.0,0.0,0.782312925170068,0.0,1.0,0.483695652173913,5.5,5.0,5.5,237.0,-0.026855725,33
pregnant,18,max_risk,0,32,1,114,0.0,0.991304347826087,0.0,0.7808219178082192,0.0,1.0,0.483695652173913,5.5,5.0,5.5,237.0,-0.026855725,33
record,21,na,0,11,0,550,0.0,1.0,0.0,0.9803921568627451,0.0,0.8990384615384616,0.5859504132231406,3.0,3.0,3.0,132.0,-0.026855725,33
pregnant,21,conservative,0,10,0,137,0.0,1.0,0.0,0.9319727891156463,0.0,1.0,0.4591240875912409,3.0,3.0,3.0,132.0,-0.026855725,33
pregnant,21,majority,0,10,0,137,0.0,1.0,0.0,0.9319727891156463,0.0,1.0,0.4591240875912409,3.0,3.0,3.0,132.0,-0.026855725,33
pregnant,21,max_risk,0,10,0,137,0.0,1.0,0.0,0.9319727891156463,0.0,1.0,0.4591240875912409,3.0,3.0,3.0,132.0,-0.026855725,33
record,13,na,0,16,3,512,0.0,0.9941747572815534,0.0,0.9696969696969697,0.0,0.9,0.2389563106796117,5.0,4.5,5.0,200.0,-0.0276752101,34
pregnant,13,conservative,0,18,3,126,0.0,0.9767441860465116,0.0,0.875,0.0,1.0,0.36304909560723514,5.0,4.5,5.0,200.0,-0.0276752101,34
pregnant,13,majority,0,18,0,129,0.0,1.0,0.0,0.8775510204081632,0.0,1.0,0.36304909560723514,5.0,4.5,5.0,200.0,-0.0276752101,34
pregnant,13,max_risk,0,18,3,126,0.0,0.9767441860465116,0.0,0.875,0.0,1.0,0.36304909560723514,5.0,4.5,5.0,200.0,-0.0276752101,34
record,18,na,0,24,0,507,0.0,1.0,0.0,0.9548022598870056,0.0,0.9,0.560404339250493,5.0,5.0,5.0,288.0,-0.0276752101,34
pregnant,18,conservative,0,29,0,118,0.0,1.0,0.0,0.8027210884353742,0.0,1.0,0.5786090005844535,5.0,5.0,5.0,288.0,-0.0276752101,34
pregnant,18,majority,0,29,0,118,0.0,1.0,0.0,0.8027210884353742,0.0,1.0,0.5786090005844535,5.0,5.0,5.0,288.0,-0.0276752101,34
pregnant,18,max_risk,0,29,0,118,0.0,1.0,0.0,0.8027210884353742,0.0,1.0,0.5786090005844535,5.0,5.0,5.0,288.0,-0.0276752101,34
record,21,na,0,8,0,523,0.0,1.0,0.0,0.9849340866290018,0.0,0.9,0.4335564053537285,3.0,3.0,3.0,96.0,-0.0276752101,34
pregnant,21,conservative,0,10,0,137,0.0,1.0,0.0,0.9319727891156463,0.0,1.0,0.35182481751824823,3.0,3.0,3.0,96.0,-0.0276752101,34
pregnant,21,majority,0,10,0,137,0.0,1.0,0.0,0.9319727891156463,0.0,1.0,0.35182481751824823,3.0,3.0,3.0,96.0,-0.0276752101,34
pregnant,21,max_risk,0,10,0,137,0.0,1.0,0.0,0.9319727891156463,0.0,1.0,0.35182481751824823,3.0,3.0,3.0,96.0,-0.0276752101,34
record,13,na,0,9,2,540,0.0,0.996309963099631,0.0,0.9836065573770492,0.0,0.9003267973856209,0.43255432554325546,5.5,5.0,5.5,115.0,-0.0271755866,35
pregnant,13,conservative,0,13,2,132,0.0,0.9850746268656716,0.0,0.9103448275862069,0.0,1.0,0.48851894374282434,5.5,5.0,5.5,115.0,-0.0271755866,35
pregnant,13,majority,0,13,0,134,0.0,1.0,0.0,0.9115646258503401,0.0,1.0,0.48851894374282434,5.5,5.0,5.5,115.0,-0.0271755866,35
pregnant,13,max_risk,0,13,2,132,0.0,0.9850746268656716,0.0,0.9103448275862069,0.0,1.0,0.48851894374282434,5.5,5.0,5.5,115.0,-0.0271755866,35
record,18,na,0,26,0,525,0.0,1.0,0.0,0.9528130671506352,0.0,0.9003267973856209,0.5977289377289376,5.5,5.5,5.5,303.0,-0.0271755866,35
pregnant,18,conservative,0,30,0,117,0.0,1.0,0.0,0.7959183673469388,0.0,1.0,0.6094017094017093,5.5,5.5,5.5,303.0,-0.0271755866,35
pregnant,18,majority,0,30,0,117,0.0,1.0,0.0,0.7959183673469388,0.0,1.0,0.6094017094017093,5.5,5.5,5.5,303.0,-0.0271755866,35
pregnant,18,max_risk,0,30,0,117,0.0,1.0,0.0,0.7959183673469388,0.0,1.0,0.6094017094017093,5.5,5.5,5.5,303.0,-0.0271755866,35
record,21,na,0,12,0,539,0.0,1.0,0.0,0.9782214156079855,0.0,0.9003267973856209,0.5276747062461348,3.0,3.0,3.0,144.0,-0.0271755866,35
pregnant,21,conservative,0,11,0,136,0.0,1.0,0.0,0.9251700680272109,0.0,1.0,0.4298128342245989,3.0,3.0,3.0,144.0,-0.0271755866,35
pregnant,21,majority,0,11,0,136,0.0,1.0,0.0,0.9251700680272109,0.0,1.0,0.4298128342245989,3.0,3.0,3.0,144.0,-0.0271755866,35
pregnant,21,max_risk,0,11,0,136,0.0,1.0,0.0,0.9251700680272109,0.0,1.0,0.4298128342245989,3.0,3.0,3.0,144.0,-0.0271755866,35
record,13,na,0,10,2,541,0.0,0.996316758747698,0.0,0.9818511796733213,0.0,0.9021207177814029,0.36482504604051563,5.5,4.5,5.5,124.0,-0.0281513424,36
pregnant,13,conservative,0,13,2,132,0.0,0.9850746268656716,0.0,0.9103448275862069,0.0,1.0,0.5114810562571757,5.5,4.5,5.5,124.0,-0.0281513424,36
pregnant,13,majority,0,13,0,134,0.0,1.0,0.0,0.9115646258503401,0.0,1.0,0.5114810562571757,5.5,4.5,5.5,124.0,-0.0281513424,36
pregnant,13,max_risk,0,13,2,132,0.0,0.9850746268656716,0.0,0.9103448275862069,0.0,1.0,0.5114810562571757,5.5,4.5,5.5,124.0,-0.0281513424,36
record,18,na,0,23,1,529,0.0,0.9981132075471698,0.0,0.9583333333333334,0.0,0.9021207177814029,0.48843314191960624,5.5,5.0,5.5,276.0,-0.0281513424,36
pregnant,18,conservative,0,35,1,111,0.0,0.9910714285714286,0.0,0.7602739726027398,0.0,1.0,0.4989795918367347,5.5,5.0,5.5,276.0,-0.0281513424,36
pregnant,18,majority,0,35,0,112,0.0,1.0,0.0,0.7619047619047619,0.0,1.0,0.4989795918367347,5.5,5.0,5.5,276.0,-0.0281513424,36
pregnant,18,max_risk,0,35,1,111,0.0,0.9910714285714286,0.0,0.7602739726027398,0.0,1.0,0.4989795918367347,5.5,5.0,5.5,276.0,-0.0281513424,36
record,21,na,0,7,0,546,0.0,1.0,0.0,0.9873417721518988,0.0,0.9021207177814029,0.5251177394034536,3.0,3.0,3.0,84.0,-0.0281513424,36
pregnant,21,conservative,0,8,0,139,0.0,1.0,0.0,0.9455782312925171,0.0,1.0,0.4163669064748201,3.0,3.0,3.0,84.0,-0.0281513424,36
pregnant,21,majority,0,8,0,139,0.0,1.0,0.0,0.9455782312925171,0.0,1.0,0.4163669064748201,3.0,3.0,3.0,84.0,-0.0281513424,36
pregnant,21,max_risk,0,8,0,139,0.0,1.0,0.0,0.9455782312925171,0.0,1.0,0.4163669064748201,3.0,3.0,3.0,84.0,-0.0281513424,36
record,13,na,0,18,2,541,0.0,0.996316758747698,0.0,0.9677996422182469,0.0,0.8976,0.48639246981788414,3.5,3.5,4.0,217.0,-0.027120967,37
pregnant,13,conservative,0,23,2,122,0.0,0.9838709677419355,0.0,0.8413793103448276,0.0,1.0,0.5690743338008415,3.5,3.5,4.0,217.0,-0.027120967,37
pregnant,13,majority,0,23,0,124,0.0,1.0,0.0,0.8435374149659864,0.0,1.0,0.5690743338008415,3.5,3.5,4.0,217.0,-0.027120967,37
pregnant,13,max_risk,0,23,2,122,0.0,0.9838709677419355,0.0,0.8413793103448276,0.0,1.0,0.5690743338008415,3.5,3.5,4.0,217.0,-0.027120967,37
record,18,na,0,25,1,535,0.0,0.9981343283582089,0.0,0.9553571428571429,0.0,0.8976,0.5164925373134328,5.5,5.0,5.5,294.0,-0.027120967,37
pregnant,18,conservative,0,38,1,108,0.0,0.9908256880733946,0.0,0.7397260273972602,0.0,1.0,0.5272815065185901,5.5,5.0,5.5,294.0,-0.027120967,37
pregnant,18,majority,0,38,0,109,0.0,1.0,0.0,0.7414965986394558,0.0,1.0,0.5272815065185901,5.5,5.0,5.5,294.0,-0.027120967,37
pregnant,18,max_risk,0,38,1,108,0.0,0.9908256880733946,0.0,0.7397260273972602,0.0,1.0,0.5272815065185901,5.5,5.0,5.5,294.0,-0.027120967,37
record,21,na,0,12,0,549,0.0,1.0,0.0,0.9786096256684492,0.0,0.8976,0.5505464480874317,3.0,3.0,3.0,144.0,-0.027120967,37
pregnant,21,conservative,0,14,0,133,0.0,1.0,0.0,0.9047619047619048,0.0,1.0,0.47583243823845334,3.0,3.0,3.0,144.0,-0.027120967,37
pregnant,21,majority,0,14,0,133,0.0,1.0,0.0,0.9047619047619048,0.0,1.0,0.47583243823845334,3.0,3.0,3.0,144.0,-0.027120967,37
pregnant,21,max_risk,0,14,0,133,0.0,1.0,0.0,0.9047619047619048,0.0,1.0,0.47583243823845334,3.0,3.0,3.0,144.0,-0.027120967,37
record,13,na,2,15,11,522,0.11764705882352941,0.9793621013133208,0.15384615384615385,0.9720670391061452,0.13333333333333333,0.8957654723127035,0.4934333958724203,3.5,3.0,3.5,203.0,-0.0276490732,38
pregnant,13,conservative,2,17,10,118,0.10526315789473684,0.921875,0.16666666666666666,0.8740740740740741,0.12903225806451613,1.0,0.4642269736842105,3.5,3.0,3.5,203.0,-0.0276490732,38
pregnant,13,majority,0,19,1,127,0.0,0.9921875,0.0,0.8698630136986302,0.0,1.0,0.4642269736842105,3.5,3.0,3.5,203.0,-0.0276490732,38
pregnant,13,max_risk,2,17,10,118,0.10526315789473684,0.921875,0.16666666666666666,0.8740740740740741,0.12903225806451613,1.0,0.4642269736842105,3.5,3.0,3.5,203.0,-0.0276490732,38
record,18,na,0,26,1,523,0.0,0.9980916030534351,0.0,0.9526411657559198,0.0,0.8957654723127035,0.607824427480916,5.5,5.0,5.5,309.0,-0.0276490732,38
pregnant,18,conservative,0,27,1,119,0.0,0.9916666666666667,0.0,0.815068493150685,0.0,1.0,0.4990740740740741,5.5,5.0,5.5,309.0,-0.0276490732,38
pregnant,18,majority,0,27,0,120,0.0,1.0,0.0,0.8163265306122449,0.0,1.0,0.4990740740740741,5.5,5.0,5.5,309.0,-0.0276490732,38
pregnant,18,max_risk,0,27,1,119,0.0,0.9916666666666667,0.0,0.815068493150685,0.0,1.0,0.4990740740740741,5.5,5.0,5.5,309.0,-0.0276490732,38
record,21,na,0,16,0,534,0.0,1.0,0.0,0.9709090909090909,0.0,0.8957654723127035,0.4599719101123596,3.0,3.0,3.0,192.0,-0.0276490732,38
pregnant,21,conservative,0,15,0,132,0.0,1.0,0.0,0.8979591836734694,0.0,1.0,0.30909090909090914,3.0,3.0,3.0,192.0,-0.0276490732,38
pregnant,21,majority,0,15,0,132,0.0,1.0,0.0,0.8979591836734694,0.0,1.0,0.30909090909090914,3.0,3.0,3.0,192.0,-0.0276490732,38
pregnant,21,max_risk,0,15,0,132,0.0,1.0,0.0,0.8979591836734694,0.0,1.0,0.30909090909090914,3.0,3.0,3.0,192.0,-0.0276490732,38
record,13,na,1,12,8,513,0.07692307692307693,0.9846449136276392,0.1111111111111111,0.9771428571428571,0.09090909090909091,0.898989898989899,0.688025985530784,3.5,3.5,5.5,156.0,-0.0273143062,39
pregnant,13,conservative,1,16,7,123,0.058823529411764705,0.9461538461538461,0.125,0.8848920863309353,0.08,1.0,0.5316742081447964,3.5,3.5,5.5,156.0,-0.0273143062,39
pregnant,13,majority,0,17,0,130,0.0,1.0,0.0,0.8843537414965986,0.0,1.0,0.5316742081447964,3.5,3.5,5.5,156.0,-0.0273143062,39
pregnant,13,max_risk,1,16,7,123,0.058823529411764705,0.9461538461538461,0.125,0.8848920863309353,0.08,1.0,0.5316742081447964,3.5,3.5,5.5,156.0,-0.0273143062,39
record,18,na,0,35,1,498,0.0,0.9979959919839679,0.0,0.9343339587242027,0.0,0.898989898989899,0.5865445176066418,5.5,5.0,5.5,420.0,-0.0273143062,39
pregnant,18,conservative,0,34,1,112,0.0,0.9911504424778761,0.0,0.7671232876712328,0.0,1.0,0.5158771473191046,5.5,5.0,5.5,420.0,-0.0273143062,39
pregnant,18,majority,0,34,0,113,0.0,1.0,0.0,0.7687074829931972,0.0,1.0,0.5158771473191046,5.5,5.0,5.5,420.0,-0.0273143062,39
pregnant,18,max_risk,0,34,1,112,0.0,0.9911504424778761,0.0,0.7671232876712328,0.0,1.0,0.5158771473191046,5.5,5.0,5.5,420.0,-0.0273143062,39
record,21,na,0,8,0,526,0.0,1.0,0.0,0.9850187265917603,0.0,0.898989898989899,0.5327946768060837,3.0,3.0,3.0,96.0,-0.0273143062,39
pregnant,21,conservative,0,9,0,138,0.0,1.0,0.0,0.9387755102040817,0.0,1.0,0.35990338164251207,3.0,3.0,3.0,96.0,-0.0273143062,39
pregnant,21,majority,0,9,0,138,0.0,1.0,0.0,0.9387755102040817,0.0,1.0,0.35990338164251207,3.0,3.0,3.0,96.0,-0.0273143062,39
pregnant,21,max_risk,0,9,0,138,0.0,1.0,0.0,0.9387755102040817,0.0,1.0,0.35990338164251207,3.0,3.0,3.0,96.0,-0.0273143062,39
record,13,na,0,14,7,485,0.0,0.9857723577235772,0.0,0.9719438877755511,0.0,0.892416225749559,0.3930023228803716,5.5,3.0,5.5,188.0,-0.027650648,40
pregnant,13,conservative,2,12,5,128,0.14285714285714285,0.9624060150375939,0.2857142857142857,0.9142857142857143,0.19047619047619047,1.0,0.5537056928034372,5.5,3.0,5.5,188.0,-0.027650648,40
pregnant,13,majority,0,14,0,133,0.0,1.0,0.0,0.9047619047619048,0.0,1.0,0.5537056928034372,5.5,3.0,5.5,188.0,-0.027650648,40
pregnant,13,max_risk,2,12,5,128,0.14285714285714285,0.9624060150375939,0.2857142857142857,0.9142857142857143,0.19047619047619047,1.0,0.5537056928034372,5.5,3.0,5.5,188.0,-0.027650648,40
record,18,na,0,21,0,485,0.0,1.0,0.0,0.958498023715415,0.0,0.892416225749559,0.5699558173784978,5.0,5.0,5.0,273.0,-0.027650648,40
pregnant,18,conservative,0,24,0,123,0.0,1.0,0.0,0.8367346938775511,0.0,1.0,0.5599593495934959,5.0,5.0,5.0,273.0,-0.027650648,40
pregnant,18,majority,0,24,0,123,0.0,1.0,0.0,0.8367346938775511,0.0,1.0,0.5599593495934959,5.0,5.0,5.0,273.0,-0.027650648,40
pregnant,18,max_risk,0,24,0,123,0.0,1.0,0.0,0.8367346938775511,0.0,1.0,0.5599593495934959,5.0,5.0,5.0,273.0,-0.027650648,40
record,21,na,0,15,0,491,0.0,1.0,0.0,0.9703557312252964,0.0,0.892416225749559,0.6012219959266802,3.0,3.0,3.0,180.0,-0.027650648,40
pregnant,21,conservative,0,14,0,133,0.0,1.0,0.0,0.9047619047619048,0.0,1.0,0.4189044038668098,3.0,3.0,3.0,180.0,-0.027650648,40
pregnant,21,majority,0,14,0,133,0.0,1.0,0.0,0.9047619047619048,0.0,1.0,0.4189044038668098,3.0,3.0,3.0,180.0,-0.027650648,40
pregnant,21,max_risk,0,14,0,133,0.0,1.0,0.0,0.9047619047619048,0.0,1.0,0.4189044038668098,3.0,3.0,3.0,180.0,-0.027650648,40
record,13,na,0,21,6,528,0.0,0.9887640449438202,0.0,0.9617486338797814,0.0,0.9024390243902439,0.4685214909934011,3.5,3.5,5.0,259.0,-0.0276349,41
pregnant,13,conservative,0,18,6,123,0.0,0.9534883720930233,0.0,0.8723404255319149,0.0,1.0,0.5512489233419466,3.5,3.5,5.0,259.0,-0.0276349,41
pregnant,13,majority,0,18,0,129,0.0,1.0,0.0,0.8775510204081632,0.0,1.0,0.5512489233419466,3.5,3.5,5.0,259.0,-0.0276349,41
pregnant,13,max_risk,0,18,6,123,0.0,0.9534883720930233,0.0,0.8723404255319149,0.0,1.0,0.5512489233419466,3.5,3.5,5.0,259.0,-0.0276349,41
record,18,na,0,27,1,527,0.0,0.9981060606060606,0.0,0.9512635379061372,0.0,0.9024390243902439,0.5154320987654321,5.5,5.0,5.5,324.0,-0.0276349,41
pregnant,18,conservative,0,31,1,115,0.0,0.9913793103448276,0.0,0.7876712328767124,0.0,1.0,0.4835928809788654,5.5,5.0,5.5,324.0,-0.0276349,41
pregnant,18,majority,0,31,0,116,0.0,1.0,0.0,0.7891156462585034,0.0,1.0,0.4835928809788654,5.5,5.0,5.5,324.0,-0.0276349,41
pregnant,18,max_risk,0,31,1,115,0.0,0.9913793103448276,0.0,0.7876712328767124,0.0,1.0,0.4835928809788654,5.5,5.0,5.5,324.0,-0.0276349,41
record,21,na,0,9,0,546,0.0,1.0,0.0,0.9837837837837838,0.0,0.9024390243902439,0.48127798127798127,3.0,3.0,3.0,108.0,-0.0276349,41
pregnant,21,conservative,0,10,0,137,0.0,1.0,0.0,0.9319727891156463,0.0,1.0,0.30437956204379557,3.0,3.0,3.0,108.0,-0.0276349,41
pregnant,21,majority,0,10,0,137,0.0,1.0,0.0,0.9319727891156463,0.0,1.0,0.30437956204379557,3.0,3.0,3.0,108.0,-0.0276349,41
pregnant,21,max_risk,0,10,0,137,0.0,1.0,0.0,0.9319727891156463,0.0,1.0,0.30437956204379557,3.0,3.0,3.0,108.0,-0.0276349,41
record,13,na,0,14,0,538,0.0,1.0,0.0,0.9746376811594203,0.0,0.9004893964110929,0.241635687732342,5.5,5.5,5.5,168.0,-0.028818066,42
pregnant,13,conservative,0,18,0,129,0.0,1.0,0.0,0.8775510204081632,0.0,1.0,0.4681309216192937,5.5,5.5,5.5,168.0,-0.028818066,42
pregnant,13,majority,0,18,0,129,0.0,1.0,0.0,0.8775510204081632,0.0,1.0,0.4681309216192937,5.5,5.5,5.5,168.0,-0.028818066,42
pregnant,13,max_risk,0,18,0,129,0.0,1.0,0.0,0.8775510204081632,0.0,1.0,0.4681309216192937,5.5,5.5,5.5,168.0,-0.028818066,42
record,18,na,0,24,0,528,0.0,1.0,0.0,0.9565217391304348,0.0,0.9004893964110929,0.5012626262626263,5.5,5.5,5.5,288.0,-0.028818066,42
pregnant,18,conservative,0,32,0,115,0.0,1.0,0.0,0.782312925170068,0.0,1.0,0.5236413043478261,5.5,5.5,5.5,288.0,-0.028818066,42
pregnant,18,majority,0,32,0,115,0.0,1.0,0.0,0.782312925170068,0.0,1.0,0.5236413043478261,5.5,5.5,5.5,288.0,-0.028818066,42
pregnant,18,max_risk,0,32,0,115,0.0,1.0,0.0,0.782312925170068,0.0,1.0,0.5236413043478261,5.5,5.5,5.5,288.0,-0.028818066,42
record,21,na,0,11,1,540,0.0,0.9981515711645101,0.0,0.9800362976406534,0.0,0.9004893964110929,0.49924382456729965,3.0,2.5,3.0,132.0,-0.028818066,42
pregnant,21,conservative,0,11,1,135,0.0,0.9926470588235294,0.0,0.9246575342465754,0.0,1.0,0.411096256684492,3.0,2.5,3.0,132.0,-0.028818066,42
pregnant,21,majority,0,11,0,136,0.0,1.0,0.0,0.9251700680272109,0.0,1.0,0.411096256684492,3.0,2.5,3.0,132.0,-0.028818066,42
pregnant,21,max_risk,0,11,1,135,0.0,0.9926470588235294,0.0,0.9246575342465754,0.0,1.0,0.411096256684492,3.0,2.5,3.0,132.0,-0.028818066,42
record,13,na,2,30,7,515,0.0625,0.9865900383141762,0.2222222222222222,0.944954128440367,0.0975609756097561,0.9022801302931596,0.40828544061302685,3.5,3.5,5.5,358.0,-0.027175497,43
pregnant,13,conservative,2,24,5,116,0.07692307692307693,0.9586776859504132,0.2857142857142857,0.8285714285714286,0.12121212121212122,1.0,0.5972663699936427,3.5,3.5,5.5,358.0,-0.027175497,43
pregnant,13,majority,0,26,0,121,0.0,1.0,0.0,0.8231292517006803,0.0,1.0,0.5972663699936427,3.5,3.5,5.5,358.0,-0.027175497,43
pregnant,13,max_risk,2,24,5,116,0.07692307692307693,0.9586776859504132,0.2857142857142857,0.8285714285714286,0.12121212121212122,1.0,0.5972663699936427,3.5,3.5,5.5,358.0,-0.027175497,43
record,18,na,0,37,0,517,0.0,1.0,0.0,0.9332129963898917,0.0,0.9022801302931596,0.583198285325945,5.5,5.5,5.5,429.0,-0.027175497,43
pregnant,18,conservative,0,34,0,113,0.0,1.0,0.0,0.7687074829931972,0.0,1.0,0.6116605934409161,5.5,5.5,5.5,429.0,-0.027175497,43
pregnant,18,majority,0,34,0,113,0.0,1.0,0.0,0.7687074829931972,0.0,1.0,0.6116605934409161,5.5,5.5,5.5,429.0,-0.027175497,43
pregnant,18,max_risk,0,34,0,113,0.0,1.0,0.0,0.7687074829931972,0.0,1.0,0.6116605934409161,5.5,5.5,5.5,429.0,-0.027175497,43
record,21,na,0,5,0,549,0.0,1.0,0.0,0.9909747292418772,0.0,0.9022801302931596,0.4036429872495446,3.0,3.0,3.0,60.0,-0.027175497,43
pregnant,21,conservative,0,9,0,138,0.0,1.0,0.0,0.9387755102040817,0.0,1.0,0.35507246376811596,3.0,3.0,3.0,60.0,-0.027175497,43
pregnant,21,majority,0,9,0,138,0.0,1.0,0.0,0.9387755102040817,0.0,1.0,0.35507246376811596,3.0,3.0,3.0,60.0,-0.027175497,43
pregnant,21,max_risk,0,9,0,138,0.0,1.0,0.0,0.9387755102040817,0.0,1.0,0.35507246376811596,3.0,3.0,3.0,60.0,-0.027175497,43
record,13,na,0,15,0,544,0.0,1.0,0.0,0.9731663685152058,0.0,0.9016129032258065,0.3609068627450981,5.5,5.5,5.5,180.0,-0.0265674904,44
pregnant,13,conservative,0,16,0,131,0.0,1.0,0.0,0.891156462585034,0.0,1.0,0.4756679389312977,5.5,5.5,5.5,180.0,-0.0265674904,44
pregnant,13,majority,0,16,0,131,0.0,1.0,0.0,0.891156462585034,0.0,1.0,0.4756679389312977,5.5,5.5,5.5,180.0,-0.0265674904,44
pregnant,13,max_risk,0,16,0,131,0.0,1.0,0.0,0.891156462585034,0.0,1.0,0.4756679389312977,5.5,5.5,5.5,180.0,-0.0265674904,44
record,18,na,0,17,0,542,0.0,1.0,0.0,0.9695885509838998,0.0,0.9016129032258065,0.5964836118949425,5.0,5.0,5.0,207.0,-0.0265674904,44
pregnant,18,conservative,0,26,0,121,0.0,1.0,0.0,0.8231292517006803,0.0,1.0,0.554354736172918,5.0,5.0,5.0,207.0,-0.0265674904,44
pregnant,18,majority,0,26,0,121,0.0,1.0,0.0,0.8231292517006803,0.0,1.0,0.554354736172918,5.0,5.0,5.0,207.0,-0.0265674904,44
pregnant,18,max_risk,0,26,0,121,0.0,1.0,0.0,0.8231292517006803,0.0,1.0,0.554354736172918,5.0,5.0,5.0,207.0,-0.0265674904,44
record,21,na,0,11,0,548,0.0,1.0,0.0,0.9803220035778175,0.0,0.9016129032258065,0.4996682149966821,3.0,3.0,3.0,132.0,-0.0265674904,44
pregnant,21,conservative,0,13,0,134,0.0,1.0,0.0,0.9115646258503401,0.0,1.0,0.399540757749713,3.0,3.0,3.0,132.0,-0.0265674904,44
pregnant,21,majority,0,13,0,134,0.0,1.0,0.0,0.9115646258503401,0.0,1.0,0.399540757749713,3.0,3.0,3.0,132.0,-0.0265674904,44
pregnant,21,max_risk,0,13,0,134,0.0,1.0,0.0,0.9115646258503401,0.0,1.0,0.399540757749713,3.0,3.0,3.0,132.0,-0.0265674904,44
record,13,na,0,20,0,516,0.0,1.0,0.0,0.9626865671641791,0.0,0.8993288590604027,0.32558139534883723,5.5,5.5,5.5,240.0,-0.028646023,45
pregnant,13,conservative,0,23,0,124,0.0,1.0,0.0,0.8435374149659864,0.0,1.0,0.4074333800841515,5.5,5.5,5.5,240.0,-0.028646023,45
pregnant,13,majority,0,23,0,124,0.0,1.0,0.0,0.8435374149659864,0.0,1.0,0.4074333800841515,5.5,5.5,5.5,240.0,-0.028646023,45
pregnant,13,max_risk,0,23,0,124,0.0,1.0,0.0,0.8435374149659864,0.0,1.0,0.4074333800841515,5.5,5.5,5.5,240.0,-0.028646023,45
record,18,na,0,31,1,504,0.0,0.998019801980198,0.0,0.9420560747663551,0.0,0.8993288590604027,0.5393803896518684,5.5,5.0,5.5,366.0,-0.028646023,45
pregnant,18,conservative,0,40,1,106,0.0,0.9906542056074766,0.0,0.726027397260274,0.0,1.0,0.5591121495327103,5.5,5.0,5.5,366.0,-0.028646023,45
pregnant,18,majority,0,40,0,107,0.0,1.0,0.0,0.7278911564625851,0.0,1.0,0.5591121495327103,5.5,5.0,5.5,366.0,-0.028646023,45
pregnant,18,max_risk,0,40,1,106,0.0,0.9906542056074766,0.0,0.726027397260274,0.0,1.0,0.5591121495327103,5.5,5.0,5.5,366.0,-0.028646023,45
record,21,na,0,13,0,523,0.0,1.0,0.0,0.9757462686567164,0.0,0.8993288590604027,0.46197970289748497,3.0,3.0,3.0,156.0,-0.028646023,45
pregnant,21,conservative,0,15,0,132,0.0,1.0,0.0,0.8979591836734694,0.0,1.0,0.3570707070707071,3.0,3.0,3.0,156.0,-0.028646023,45
pregnant,21,majority,0,15,0,132,0.0,1.0,0.0,0.8979591836734694,0.0,1.0,0.3570707070707071,3.0,3.0,3.0,156.0,-0.028646023,45
pregnant,21,max_risk,0,15,0,132,0.0,1.0,0.0,0.8979591836734694,0.0,1.0,0.3570707070707071,3.0,3.0,3.0,156.0,-0.028646023,45
record,13,na,0,15,1,520,0.0,0.9980806142034548,0.0,0.9719626168224299,0.0,0.897822445561139,0.31593090211132435,5.5,5.0,5.5,177.0,-0.028014503,46
pregnant,13,conservative,0,16,1,130,0.0,0.9923664122137404,0.0,0.8904109589041096,0.0,1.0,0.41937022900763354,5.5,5.0,5.5,177.0,-0.028014503,46
pregnant,13,majority,0,16,0,131,0.0,1.0,0.0,0.891156462585034,0.0,1.0,0.41937022900763354,5.5,5.0,5.5,177.0,-0.028014503,46
pregnant,13,max_risk,0,16,1,130,0.0,0.9923664122137404,0.0,0.8904109589041096,0.0,1.0,0.41937022900763354,5.5,5.0,5.5,177.0,-0.028014503,46
record,18,na,0,27,0,509,0.0,1.0,0.0,0.9496268656716418,0.0,0.897822445561139,0.4624172305901186,5.0,5.0,5.0,318.0,-0.028014503,46
pregnant,18,conservative,0,36,0,111,0.0,1.0,0.0,0.7551020408163265,0.0,1.0,0.43543543543543545,5.0,5.0,5.0,318.0,-0.028014503,46
pregnant,18,majority,0,36,0,111,0.0,1.0,0.0,0.7551020408163265,0.0,1.0,0.43543543543543545,5.0,5.0,5.0,318.0,-0.028014503,46
pregnant,18,max_risk,0,36,0,111,0.0,1.0,0.0,0.7551020408163265,0.0,1.0,0.43543543543543545,5.0,5.0,5.0,318.0,-0.028014503,46
record,21,na,0,7,0,529,0.0,1.0,0.0,0.9869402985074627,0.0,0.897822445561139,0.31352957061841746,3.0,3.0,3.0,84.0,-0.028014503,46
pregnant,21,conservative,0,9,0,138,0.0,1.0,0.0,0.9387755102040817,0.0,1.0,0.20853462157809982,3.0,3.0,3.0,84.0,-0.028014503,46
pregnant,21,majority,0,9,0,138,0.0,1.0,0.0,0.9387755102040817,0.0,1.0,0.20853462157809982,3.0,3.0,3.0,84.0,-0.028014503,46
pregnant,21,max_risk,0,9,0,138,0.0,1.0,0.0,0.9387755102040817,0.0,1.0,0.20853462157809982,3.0,3.0,3.0,84.0,-0.028014503,46
record,13,na,0,15,1,518,0.0,0.9980732177263969,0.0,0.9718574108818011,0.0,0.9005059021922428,0.5333333333333333,5.5,5.0,5.5,192.0,-0.0276396244,47
pregnant,13,conservative,0,21,1,125,0.0,0.9920634920634921,0.0,0.8561643835616438,0.0,1.0,0.49055177626606195,5.5,5.0,5.5,192.0,-0.0276396244,47
pregnant,13,majority,0,21,0,126,0.0,1.0,0.0,0.8571428571428571,0.0,1.0,0.49055177626606195,5.5,5.0,5.5,192.0,-0.0276396244,47
pregnant,13,max_risk,0,21,1,125,0.0,0.9920634920634921,0.0,0.8561643835616438,0.0,1.0,0.49055177626606195,5.5,5.0,5.5,192.0,-0.0276396244,47
record,18,na,0,25,1,508,0.0,0.9980353634577603,0.0,0.9530956848030019,0.0,0.9005059021922428,0.532573673870334,5.5,5.0,5.5,303.0,-0.0276396244,47
pregnant,18,conservative,0,33,1,113,0.0,0.9912280701754386,0.0,0.773972602739726,0.0,1.0,0.4811270600744285,5.5,5.0,5.5,303.0,-0.0276396244,47
pregnant,18,majority,0,33,0,114,0.0,1.0,0.0,0.7755102040816326,0.0,1.0,0.4811270600744285,5.5,5.0,5.5,303.0,-0.0276396244,47
pregnant,18,max_risk,0,33,1,113,0.0,0.9912280701754386,0.0,0.773972602739726,0.0,1.0,0.4811270600744285,5.5,5.0,5.5,303.0,-0.0276396244,47
record,21,na,0,14,0,520,0.0,1.0,0.0,0.9737827715355806,0.0,0.9005059021922428,0.4212912087912088,3.0,3.0,3.0,168.0,-0.0276396244,47
pregnant,21,conservative,0,16,0,131,0.0,1.0,0.0,0.891156462585034,0.0,1.0,0.3697519083969466,3.0,3.0,3.0,168.0,-0.0276396244,47
pregnant,21,majority,0,16,0,131,0.0,1.0,0.0,0.891156462585034,0.0,1.0,0.3697519083969466,3.0,3.0,3.0,168.0,-0.0276396244,47
pregnant,21,max_risk,0,16,0,131,0.0,1.0,0.0,0.891156462585034,0.0,1.0,0.3697519083969466,3.0,3.0,3.0,168.0,-0.0276396244,47
record,13,na,0,13,3,521,0.0,0.9942748091603053,0.0,0.9756554307116105,0.0,0.8905472636815921,0.4862008220786847,3.5,3.5,4.0,151.0,-0.028220193,48
pregnant,13,conservative,0,10,3,134,0.0,0.9781021897810219,0.0,0.9305555555555556,0.0,1.0,0.47299270072992705,3.5,3.5,4.0,151.0,-0.028220193,48
pregnant,13,majority,0,10,0,137,0.0,1.0,0.0,0.9319727891156463,0.0,1.0,0.47299270072992705,3.5,3.5,4.0,151.0,-0.028220193,48
pregnant,13,max_risk,0,10,3,134,0.0,0.9781021897810219,0.0,0.9305555555555556,0.0,1.0,0.47299270072992705,3.5,3.5,4.0,151.0,-0.028220193,48
record,18,na,0,35,0,502,0.0,1.0,0.0,0.9348230912476723,0.0,0.8905472636815921,0.5713147410358566,4.5,4.5,4.5,414.0,-0.028220193,48
pregnant,18,conservative,0,39,0,108,0.0,1.0,0.0,0.7346938775510204,0.0,1.0,0.5235042735042735,4.5,4.5,4.5,414.0,-0.028220193,48
pregnant,18,majority,0,39,0,108,0.0,1.0,0.0,0.7346938775510204,0.0,1.0,0.5235042735042735,4.5,4.5,4.5,414.0,-0.028220193,48
pregnant,18,max_risk,0,39,0,108,0.0,1.0,0.0,0.7346938775510204,0.0,1.0,0.5235042735042735,4.5,4.5,4.5,414.0,-0.028220193,48
record,21,na,0,19,0,518,0.0,1.0,0.0,0.9646182495344506,0.0,0.8905472636815921,0.5876854297906929,3.0,3.0,3.0,228.0,-0.028220193,48
pregnant,21,conservative,0,17,0,130,0.0,1.0,0.0,0.8843537414965986,0.0,1.0,0.48687782805429863,3.0,3.0,3.0,228.0,-0.028220193,48
pregnant,21,majority,0,17,0,130,0.0,1.0,0.0,0.8843537414965986,0.0,1.0,0.48687782805429863,3.0,3.0,3.0,228.0,-0.028220193,48
pregnant,21,max_risk,0,17,0,130,0.0,1.0,0.0,0.8843537414965986,0.0,1.0,0.48687782805429863,3.0,3.0,3.0,228.0,-0.028220193,48
record,13,na,0,9,2,539,0.0,0.9963031423290203,0.0,0.9835766423357665,0.0,0.8943089430894309,0.3142329020332717,5.5,5.5,5.5,116.0,-0.027896510200000002,49
pregnant,13,conservative,0,14,2,131,0.0,0.9849624060150376,0.0,0.903448275862069,0.0,1.0,0.26691729323308266,5.5,5.5,5.5,116.0,-0.027896510200000002,49
pregnant,13,majority,0,14,0,133,0.0,1.0,0.0,0.9047619047619048,0.0,1.0,0.26691729323308266,5.5,5.5,5.5,116.0,-0.027896510200000002,49
pregnant,13,max_risk,0,14,2,131,0.0,0.9849624060150376,0.0,0.903448275862069,0.0,1.0,0.26691729323308266,5.5,5.5,5.5,116.0,-0.027896510200000002,49
record,18,na,0,15,0,535,0.0,1.0,0.0,0.9727272727272728,0.0,0.8943089430894309,0.5277258566978194,5.5,5.5,5.5,180.0,-0.027896510200000002,49
pregnant,18,conservative,0,29,0,118,0.0,1.0,0.0,0.8027210884353742,0.0,1.0,0.4713617767387493,5.5,5.5,5.5,180.0,-0.027896510200000002,49
pregnant,18,majority,0,29,0,118,0.0,1.0,0.0,0.8027210884353742,0.0,1.0,0.4713617767387493,5.5,5.5,5.5,180.0,-0.027896510200000002,49
pregnant,18,max_risk,0,29,0,118,0.0,1.0,0.0,0.8027210884353742,0.0,1.0,0.4713617767387493,5.5,5.5,5.5,180.0,-0.027896510200000002,49
record,21,na,0,10,0,540,0.0,1.0,0.0,0.9818181818181818,0.0,0.8943089430894309,0.26037037037037036,3.0,3.0,3.0,120.0,-0.027896510200000002,49
pregnant,21,conservative,0,12,0,135,0.0,1.0,0.0,0.9183673469387755,0.0,1.0,0.24938271604938272,3.0,3.0,3.0,120.0,-0.027896510200000002,49
pregnant,21,majority,0,12,0,135,0.0,1.0,0.0,0.9183673469387755,0.0,1.0,0.24938271604938272,3.0,3.0,3.0,120.0,-0.027896510200000002,49
pregnant,21,max_risk,0,12,0,135,0.0,1.0,0.0,0.9183673469387755,0.0,1.0,0.24938271604938272,3.0,3.0,3.0,120.0,-0.027896510200000002,49
record,13,na,0,11,0,514,0.0,1.0,0.0,0.979047619047619,0.0,0.9020618556701031,0.27325787053413514,5.5,5.5,5.5,126.0,-0.026849289000000002,50
pregnant,13,conservative,0,15,0,132,0.0,1.0,0.0,0.8979591836734694,0.0,1.0,0.498989898989899,5.5,5.5,5.5,126.0,-0.026849289000000002,50
pregnant,13,majority,0,15,0,132,0.0,1.0,0.0,0.8979591836734694,0.0,1.0,0.498989898989899,5.5,5.5,5.5,126.0,-0.026849289000000002,50
pregnant,13,max_risk,0,15,0,132,0.0,1.0,0.0,0.8979591836734694,0.0,1.0,0.498989898989899,5.5,5.5,5.5,126.0,-0.026849289000000002,50
record,18,na,0,20,0,505,0.0,1.0,0.0,0.9619047619047619,0.0,0.9020618556701031,0.5500990099009901,5.0,5.0,5.0,243.0,-0.026849289000000002,50
pregnant,18,conservative,0,26,0,121,0.0,1.0,0.0,0.8231292517006803,0.0,1.0,0.49332485696122064,5.0,5.0,5.0,243.0,-0.026849289000000002,50
pregnant,18,majority,0,26,0,121,0.0,1.0,0.0,0.8231292517006803,0.0,1.0,0.49332485696122064,5.0,5.0,5.0,243.0,-0.026849289000000002,50
pregnant,18,max_risk,0,26,0,121,0.0,1.0,0.0,0.8231292517006803,0.0,1.0,0.49332485696122064,5.0,5.0,5.0,243.0,-0.026849289000000002,50
record,21,na,0,12,2,511,0.0,0.9961013645224172,0.0,0.9770554493307839,0.0,0.9020618556701031,0.436809616634178,3.0,2.5,3.0,144.0,-0.026849289000000002,50
pregnant,21,conservative,0,13,2,132,0.0,0.9850746268656716,0.0,0.9103448275862069,0.0,1.0,0.3111366245694604,3.0,2.5,3.0,144.0,-0.026849289000000002,50
pregnant,21,majority,0,13,0,134,0.0,1.0,0.0,0.9115646258503401,0.0,1.0,0.3111366245694604,3.0,2.5,3.0,144.0,-0.026849289000000002,50
pregnant,21,max_risk,0,13,2,132,0.0,0.9850746268656716,0.0,0.9103448275862069,0.0,1.0,0.3111366245694604,3.0,2.5,3.0,144.0,-0.026849289000000002,50
record,13,na,0,22,6,537,0.0,0.988950276243094,0.0,0.960644007155635,0.0,0.8982511923688394,0.4374686087393269,3.5,3.5,5.5,273.0,-0.0277987442,51
pregnant,13,conservative,0,24,5,118,0.0,0.959349593495935,0.0,0.8309859154929577,0.0,1.0,0.4695121951219512,3.5,3.5,5.5,273.0,-0.0277987442,51
pregnant,13,majority,0,24,0,123,0.0,1.0,0.0,0.8367346938775511,0.0,1.0,0.4695121951219512,3.5,3.5,5.5,273.0,-0.0277987442,51
pregnant,13,max_risk,0,24,5,118,0.0,0.959349593495935,0.0,0.8309859154929577,0.0,1.0,0.4695121951219512,3.5,3.5,5.5,273.0,-0.0277987442,51
record,18,na,0,31,0,534,0.0,1.0,0.0,0.9451327433628318,0.0,0.8982511923688394,0.572671257702066,5.5,5.5,5.5,375.0,-0.0277987442,51
pregnant,18,conservative,0,32,0,115,0.0,1.0,0.0,0.782312925170068,0.0,1.0,0.48831521739130435,5.5,5.5,5.5,375.0,-0.0277987442,51
pregnant,18,majority,0,32,0,115,0.0,1.0,0.0,0.782312925170068,0.0,1.0,0.48831521739130435,5.5,5.5,5.5,375.0,-0.0277987442,51
pregnant,18,max_risk,0,32,0,115,0.0,1.0,0.0,0.782312925170068,0.0,1.0,0.48831521739130435,5.5,5.5,5.5,375.0,-0.0277987442,51
record,21,na,0,16,0,549,0.0,1.0,0.0,0.9716814159292035,0.0,0.8982511923688394,0.4903233151183971,3.0,3.0,3.0,192.0,-0.0277987442,51
pregnant,21,conservative,0,16,0,131,0.0,1.0,0.0,0.891156462585034,0.0,1.0,0.38597328244274814,3.0,3.0,3.0,192.0,-0.0277987442,51
pregnant,21,majority,0,16,0,131,0.0,1.0,0.0,0.891156462585034,0.0,1.0,0.38597328244274814,3.0,3.0,3.0,192.0,-0.0277987442,51
pregnant,21,max_risk,0,16,0,131,0.0,1.0,0.0,0.891156462585034,0.0,1.0,0.38597328244274814,3.0,3.0,3.0,192.0,-0.0277987442,51
record,13,na,0,16,3,511,0.0,0.9941634241245136,0.0,0.969639468690702,0.0,0.8998302207130731,0.4852869649805448,5.5,5.0,5.5,200.0,-0.025865594999999998,52
pregnant,13,conservative,0,21,3,123,0.0,0.9761904761904762,0.0,0.8541666666666666,0.0,1.0,0.5128495842781557,5.5,5.0,5.5,200.0,-0.025865594999999998,52
pregnant,13,majority,0,21,0,126,0.0,1.0,0.0,0.8571428571428571,0.0,1.0,0.5128495842781557,5.5,5.0,5.5,200.0,-0.025865594999999998,52
pregnant,13,max_risk,0,21,3,123,0.0,0.9761904761904762,0.0,0.8541666666666666,0.0,1.0,0.5128495842781557,5.5,5.0,5.5,200.0,-0.025865594999999998,52
record,18,na,0,19,0,511,0.0,1.0,0.0,0.9641509433962264,0.0,0.8998302207130731,0.6068596147904006,5.0,5.0,5.0,225.0,-0.025865594999999998,52
pregnant,18,conservative,0,23,0,124,0.0,1.0,0.0,0.8435374149659864,0.0,1.0,0.5276998597475455,5.0,5.0,5.0,225.0,-0.025865594999999998,52
pregnant,18,majority,0,23,0,124,0.0,1.0,0.0,0.8435374149659864,0.0,1.0,0.5276998597475455,5.0,5.0,5.0,225.0,-0.025865594999999998,52
pregnant,18,max_risk,0,23,0,124,0.0,1.0,0.0,0.8435374149659864,0.0,1.0,0.5276998597475455,5.0,5.0,5.0,225.0,-0.025865594999999998,52
record,21,na,0,12,0,518,0.0,1.0,0.0,0.9773584905660377,0.0,0.8998302207130731,0.5464929214929215,3.0,3.0,3.0,144.0,-0.025865594999999998,52
pregnant,21,conservative,0,12,0,135,0.0,1.0,0.0,0.9183673469387755,0.0,1.0,0.458641975308642,3.0,3.0,3.0,144.0,-0.025865594999999998,52
pregnant,21,majority,0,12,0,135,0.0,1.0,0.0,0.9183673469387755,0.0,1.0,0.458641975308642,3.0,3.0,3.0,144.0,-0.025865594999999998,52
pregnant,21,max_risk,0,12,0,135,0.0,1.0,0.0,0.9183673469387755,0.0,1.0,0.458641975308642,3.0,3.0,3.0,144.0,-0.025865594999999998,52
record,13,na,0,10,6,528,0.0,0.9887640449438202,0.0,0.9814126394052045,0.0,0.9021558872305141,0.41647940074906364,5.5,4.5,5.5,121.0,-0.026405529,53
pregnant,13,conservative,0,12,4,131,0.0,0.9703703703703703,0.0,0.916083916083916,0.0,1.0,0.4722222222222222,5.5,4.5,5.5,121.0,-0.026405529,53
pregnant,13,majority,0,12,0,135,0.0,1.0,0.0,0.9183673469387755,0.0,1.0,0.4722222222222222,5.5,4.5,5.5,121.0,-0.026405529,53
pregnant,13,max_risk,0,12,4,131,0.0,0.9703703703703703,0.0,0.916083916083916,0.0,1.0,0.4722222222222222,5.5,4.5,5.5,121.0,-0.026405529,53
record,18,na,0,23,1,520,0.0,0.9980806142034548,0.0,0.9576427255985267,0.0,0.9021558872305141,0.5547024952015356,5.5,5.0,5.5,264.0,-0.026405529,53
pregnant,18,conservative,0,32,1,114,0.0,0.991304347826087,0.0,0.7808219178082192,0.0,1.0,0.48668478260869563,5.5,5.0,5.5,264.0,-0.026405529,53
pregnant,18,majority,0,32,0,115,0.0,1.0,0.0,0.782312925170068,0.0,1.0,0.48668478260869563,5.5,5.0,5.5,264.0,-0.026405529,53
pregnant,18,max_risk,0,32,1,114,0.0,0.991304347826087,0.0,0.7808219178082192,0.0,1.0,0.48668478260869563,5.5,5.0,5.5,264.0,-0.026405529,53
record,21,na,0,13,0,531,0.0,1.0,0.0,0.9761029411764706,0.0,0.9021558872305141,0.5930754744314066,3.0,3.0,3.0,156.0,-0.026405529,53
pregnant,21,conservative,0,14,0,133,0.0,1.0,0.0,0.9047619047619048,0.0,1.0,0.529001074113856,3.0,3.0,3.0,156.0,-0.026405529,53
pregnant,21,majority,0,14,0,133,0.0,1.0,0.0,0.9047619047619048,0.0,1.0,0.529001074113856,3.0,3.0,3.0,156.0,-0.026405529,53
pregnant,21,max_risk,0,14,0,133,0.0,1.0,0.0,0.9047619047619048,0.0,1.0,0.529001074113856,3.0,3.0,3.0,156.0,-0.026405529,53
record,13,na,0,15,1,515,0.0,0.998062015503876,0.0,0.9716981132075472,0.0,0.8984771573604061,0.312015503875969,5.5,5.5,5.5,199.0,-0.027175497,54
pregnant,13,conservative,0,16,1,130,0.0,0.9923664122137404,0.0,0.8904109589041096,0.0,1.0,0.40839694656488545,5.5,5.5,5.5,199.0,-0.027175497,54
pregnant,13,majority,0,16,0,131,0.0,1.0,0.0,0.891156462585034,0.0,1.0,0.40839694656488545,5.5,5.5,5.5,199.0,-0.027175497,54
pregnant,13,max_risk,0,16,1,130,0.0,0.9923664122137404,0.0,0.8904109589041096,0.0,1.0,0.40839694656488545,5.5,5.5,5.5,199.0,-0.027175497,54
record,18,na,0,20,2,509,0.0,0.9960861056751468,0.0,0.9621928166351607,0.0,0.8984771573604061,0.5424657534246575,5.5,5.0,5.5,258.0,-0.027175497,54
pregnant,18,conservative,0,30,2,115,0.0,0.9829059829059829,0.0,0.7931034482758621,0.0,1.0,0.5321937321937322,5.5,5.0,5.5,258.0,-0.027175497,54
pregnant,18,majority,0,30,0,117,0.0,1.0,0.0,0.7959183673469388,0.0,1.0,0.5321937321937322,5.5,5.0,5.5,258.0,-0.027175497,54
pregnant,18,max_risk,0,30,2,115,0.0,0.9829059829059829,0.0,0.7931034482758621,0.0,1.0,0.5321937321937322,5.5,5.0,5.5,258.0,-0.027175497,54
record,21,na,0,12,0,519,0.0,1.0,0.0,0.9774011299435028,0.0,0.8984771573604061,0.4320809248554913,3.0,3.0,3.0,144.0,-0.027175497,54
pregnant,21,conservative,0,14,0,133,0.0,1.0,0.0,0.9047619047619048,0.0,1.0,0.3657357679914071,3.0,3.0,3.0,144.0,-0.027175497,54
pregnant,21,majority,0,14,0,133,0.0,1.0,0.0,0.9047619047619048,0.0,1.0,0.3657357679914071,3.0,3.0,3.0,144.0,-0.027175497,54
pregnant,21,max_risk,0,14,0,133,0.0,1.0,0.0,0.9047619047619048,0.0,1.0,0.3657357679914071,3.0,3.0,3.0,144.0,-0.027175497,54
record,13,na,0,18,1,513,0.0,0.9980544747081712,0.0,0.9661016949152542,0.0,0.8956228956228957,0.4339602248162559,5.0,4.5,5.0,216.0,-0.028014503,55
pregnant,13,conservative,0,16,1,130,0.0,0.9923664122137404,0.0,0.8904109589041096,0.0,1.0,0.5543893129770993,5.0,4.5,5.0,216.0,-0.028014503,55
pregnant,13,majority,0,16,0,131,0.0,1.0,0.0,0.891156462585034,0.0,1.0,0.5543893129770993,5.0,4.5,5.0,216.0,-0.028014503,55
pregnant,13,max_risk,0,16,1,130,0.0,0.9923664122137404,0.0,0.8904109589041096,0.0,1.0,0.5543893129770993,5.0,4.5,5.0,216.0,-0.028014503,55
record,18,na,0,31,1,500,0.0,0.998003992015968,0.0,0.9416195856873822,0.0,0.8956228956228957,0.5702787972442213,5.5,5.0,5.5,372.0,-0.028014503,55
pregnant,18,conservative,0,34,1,112,0.0,0.9911504424778761,0.0,0.7671232876712328,0.0,1.0,0.6025507548152005,5.5,5.0,5.5,372.0,-0.028014503,55
pregnant,18,majority,0,34,0,113,0.0,1.0,0.0,0.7687074829931972,0.0,1.0,0.6025507548152005,5.5,5.0,5.5,372.0,-0.028014503,55
pregnant,18,max_risk,0,34,1,112,0.0,0.9911504424778761,0.0,0.7671232876712328,0.0,1.0,0.6025507548152005,5.5,5.0,5.5,372.0,-0.028014503,55
record,21,na,0,7,0,525,0.0,1.0,0.0,0.9868421052631579,0.0,0.8956228956228957,0.6895238095238094,3.0,3.0,3.0,84.0,-0.028014503,55
pregnant,21,conservative,0,8,0,139,0.0,1.0,0.0,0.9455782312925171,0.0,1.0,0.6312949640287769,3.0,3.0,3.0,84.0,-0.028014503,55
pregnant,21,majority,0,8,0,139,0.0,1.0,0.0,0.9455782312925171,0.0,1.0,0.6312949640287769,3.0,3.0,3.0,84.0,-0.028014503,55
pregnant,21,max_risk,0,8,0,139,0.0,1.0,0.0,0.9455782312925171,0.0,1.0,0.6312949640287769,3.0,3.0,3.0,84.0,-0.028014503,55
record,13,na,0,13,4,533,0.0,0.9925512104283054,0.0,0.9761904761904762,0.0,0.8986928104575164,0.40638876951726116,5.5,5.5,5.5,166.0,-0.025952522,56
pregnant,13,conservative,0,18,4,125,0.0,0.9689922480620154,0.0,0.8741258741258742,0.0,1.0,0.4061154177433247,5.5,5.5,5.5,166.0,-0.025952522,56
pregnant,13,majority,0,18,0,129,0.0,1.0,0.0,0.8775510204081632,0.0,1.0,0.4061154177433247,5.5,5.5,5.5,166.0,-0.025952522,56
pregnant,13,max_risk,0,18,4,125,0.0,0.9689922480620154,0.0,0.8741258741258742,0.0,1.0,0.4061154177433247,5.5,5.5,5.5,166.0,-0.025952522,56
record,18,na,0,19,1,530,0.0,0.9981167608286252,0.0,0.9653916211293261,0.0,0.8986928104575164,0.4680344930121915,5.5,5.0,5.5,225.0,-0.025952522,56
pregnant,18,conservative,0,31,1,115,0.0,0.9913793103448276,0.0,0.7876712328767124,0.0,1.0,0.4135150166852058,5.5,5.0,5.5,225.0,-0.025952522,56
pregnant,18,majority,0,31,0,116,0.0,1.0,0.0,0.7891156462585034,0.0,1.0,0.4135150166852058,5.5,5.0,5.5,225.0,-0.025952522,56
pregnant,18,max_risk,0,31,1,115,0.0,0.9913793103448276,0.0,0.7876712328767124,0.0,1.0,0.4135150166852058,5.5,5.0,5.5,225.0,-0.025952522,56
record,21,na,0,11,0,539,0.0,1.0,0.0,0.98,0.0,0.8986928104575164,0.4133918030021926,3.0,3.0,3.0,132.0,-0.025952522,56
pregnant,21,conservative,0,13,0,134,0.0,1.0,0.0,0.9115646258503401,0.0,1.0,0.2233065442020666,3.0,3.0,3.0,132.0,-0.025952522,56
pregnant,21,majority,0,13,0,134,0.0,1.0,0.0,0.9115646258503401,0.0,1.0,0.2233065442020666,3.0,3.0,3.0,132.0,-0.025952522,56
pregnant,21,max_risk,0,13,0,134,0.0,1.0,0.0,0.9115646258503401,0.0,1.0,0.2233065442020666,3.0,3.0,3.0,132.0,-0.025952522,56
record,13,na,0,20,2,536,0.0,0.9962825278810409,0.0,0.9640287769784173,0.0,0.8985507246376812,0.3520446096654275,5.5,5.5,5.5,248.0,-0.0280235969,57
pregnant,13,conservative,0,20,2,125,0.0,0.984251968503937,0.0,0.8620689655172413,0.0,1.0,0.43937007874015743,5.5,5.5,5.5,248.0,-0.0280235969,57
pregnant,13,majority,0,20,0,127,0.0,1.0,0.0,0.8639455782312925,0.0,1.0,0.43937007874015743,5.5,5.5,5.5,248.0,-0.0280235969,57
pregnant,13,max_risk,0,20,2,125,0.0,0.984251968503937,0.0,0.8620689655172413,0.0,1.0,0.43937007874015743,5.5,5.5,5.5,248.0,-0.0280235969,57
record,18,na,0,28,0,530,0.0,1.0,0.0,0.9498207885304659,0.0,0.8985507246376812,0.4982479784366576,5.0,5.0,5.0,327.0,-0.0280235969,57
pregnant,18,conservative,0,31,0,116,0.0,1.0,0.0,0.7891156462585034,0.0,1.0,0.503615127919911,5.0,5.0,5.0,327.0,-0.0280235969,57
pregnant,18,majority,0,31,0,116,0.0,1.0,0.0,0.7891156462585034,0.0,1.0,0.503615127919911,5.0,5.0,5.0,327.0,-0.0280235969,57
pregnant,18,max_risk,0,31,0,116,0.0,1.0,0.0,0.7891156462585034,0.0,1.0,0.503615127919911,5.0,5.0,5.0,327.0,-0.0280235969,57
record,21,na,0,4,0,554,0.0,1.0,0.0,0.992831541218638,0.0,0.8985507246376812,0.3055054151624549,3.0,3.0,3.0,48.0,-0.0280235969,57
pregnant,21,conservative,0,5,0,142,0.0,1.0,0.0,0.9659863945578231,0.0,1.0,0.2676056338028169,3.0,3.0,3.0,48.0,-0.0280235969,57
pregnant,21,majority,0,5,0,142,0.0,1.0,0.0,0.9659863945578231,0.0,1.0,0.2676056338028169,3.0,3.0,3.0,48.0,-0.0280235969,57
pregnant,21,max_risk,0,5,0,142,0.0,1.0,0.0,0.9659863945578231,0.0,1.0,0.2676056338028169,3.0,3.0,3.0,48.0,-0.0280235969,57
record,13,na,1,21,4,518,0.045454545454545456,0.9923371647509579,0.2,0.961038961038961,0.07407407407407407,0.9021558872305141,0.4740508533611982,3.5,3.5,5.5,259.0,-0.0269343718,58
pregnant,13,conservative,1,19,4,123,0.05,0.968503937007874,0.2,0.8661971830985915,0.08,1.0,0.5098425196850394,3.5,3.5,5.5,259.0,-0.0269343718,58
pregnant,13,majority,0,20,0,127,0.0,1.0,0.0,0.8639455782312925,0.0,1.0,0.5098425196850394,3.5,3.5,5.5,259.0,-0.0269343718,58
pregnant,13,max_risk,1,19,4,123,0.05,0.968503937007874,0.2,0.8661971830985915,0.08,1.0,0.5098425196850394,3.5,3.5,5.5,259.0,-0.0269343718,58
record,18,na,0,30,0,514,0.0,1.0,0.0,0.9448529411764706,0.0,0.9021558872305141,0.6043450064850843,5.0,5.0,5.0,351.0,-0.0269343718,58
pregnant,18,conservative,0,30,0,117,0.0,1.0,0.0,0.7959183673469388,0.0,1.0,0.550997150997151,5.0,5.0,5.0,351.0,-0.0269343718,58
pregnant,18,majority,0,30,0,117,0.0,1.0,0.0,0.7959183673469388,0.0,1.0,0.550997150997151,5.0,5.0,5.0,351.0,-0.0269343718,58
pregnant,18,max_risk,0,30,0,117,0.0,1.0,0.0,0.7959183673469388,0.0,1.0,0.550997150997151,5.0,5.0,5.0,351.0,-0.0269343718,58
record,21,na,0,14,1,529,0.0,0.9981132075471698,0.0,0.9742173112338858,0.0,0.9021558872305141,0.5442048517520216,3.0,2.5,3.0,168.0,-0.0269343718,58
pregnant,21,conservative,0,13,1,133,0.0,0.9925373134328358,0.0,0.910958904109589,0.0,1.0,0.4776119402985075,3.0,2.5,3.0,168.0,-0.0269343718,58
pregnant,21,majority,0,13,0,134,0.0,1.0,0.0,0.9115646258503401,0.0,1.0,0.4776119402985075,3.0,2.5,3.0,168.0,-0.0269343718,58
pregnant,21,max_risk,0,13,1,133,0.0,0.9925373134328358,0.0,0.910958904109589,0.0,1.0,0.4776119402985075,3.0,2.5,3.0,168.0,-0.0269343718,58
record,13,na,2,9,5,525,0.18181818181818182,0.9905660377358491,0.2857142857142857,0.9831460674157303,0.2222222222222222,0.8971807628524047,0.7125214408233277,3.5,3.5,3.5,137.0,-0.025109099500000003,59
pregnant,13,conservative,2,13,5,127,0.13333333333333333,0.9621212121212122,0.2857142857142857,0.9071428571428571,0.18181818181818182,1.0,0.6863636363636365,3.5,3.5,3.5,137.0,-0.025109099500000003,59
pregnant,13,majority,0,15,0,132,0.0,1.0,0.0,0.8979591836734694,0.0,1.0,0.6863636363636365,3.5,3.5,3.5,137.0,-0.025109099500000003,59
pregnant,13,max_risk,2,13,5,127,0.13333333333333333,0.9621212121212122,0.2857142857142857,0.9071428571428571,0.18181818181818182,1.0,0.6863636363636365,3.5,3.5,3.5,137.0,-0.025109099500000003,59
record,18,na,0,18,1,522,0.0,0.9980879541108987,0.0,0.9666666666666667,0.0,0.8971807628524047,0.6515827490970895,5.5,5.0,5.5,222.0,-0.025109099500000003,59
pregnant,18,conservative,0,21,1,125,0.0,0.9920634920634921,0.0,0.8561643835616438,0.0,1.0,0.5343915343915344,5.5,5.0,5.5,222.0,-0.025109099500000003,59
pregnant,18,majority,0,21,0,126,0.0,1.0,0.0,0.8571428571428571,0.0,1.0,0.5343915343915344,5.5,5.0,5.5,222.0,-0.025109099500000003,59
pregnant,18,max_risk,0,21,1,125,0.0,0.9920634920634921,0.0,0.8561643835616438,0.0,1.0,0.5343915343915344,5.5,5.0,5.5,222.0,-0.025109099500000003,59
record,21,na,0,7,0,534,0.0,1.0,0.0,0.9870609981515711,0.0,0.8971807628524047,0.7461209202782236,3.0,3.0,3.0,84.0,-0.025109099500000003,59
pregnant,21,conservative,0,10,0,137,0.0,1.0,0.0,0.9319727891156463,0.0,1.0,0.5131386861313868,3.0,3.0,3.0,84.0,-0.025109099500000003,59
pregnant,21,majority,0,10,0,137,0.0,1.0,0.0,0.9319727891156463,0.0,1.0,0.5131386861313868,3.0,3.0,3.0,84.0,-0.025109099500000003,59
pregnant,21,max_risk,0,10,0,137,0.0,1.0,0.0,0.9319727891156463,0.0,1.0,0.5131386861313868,3.0,3.0,3.0,84.0,-0.025109099500000003,59
record,13,na,0,15,5,510,0.0,0.9902912621359223,0.0,0.9714285714285714,0.0,0.8967851099830795,0.4269255663430421,3.5,3.5,4.5,183.0,-0.025069056199999995,60
pregnant,13,conservative,0,23,5,119,0.0,0.9596774193548387,0.0,0.8380281690140845,0.0,1.0,0.5213884992987378,3.5,3.5,4.5,183.0,-0.025069056199999995,60
pregnant,13,majority,0,23,0,124,0.0,1.0,0.0,0.8435374149659864,0.0,1.0,0.5213884992987378,3.5,3.5,4.5,183.0,-0.025069056199999995,60
pregnant,13,max_risk,0,23,5,119,0.0,0.9596774193548387,0.0,0.8380281690140845,0.0,1.0,0.5213884992987378,3.5,3.5,4.5,183.0,-0.025069056199999995,60
record,18,na,0,22,0,508,0.0,1.0,0.0,0.9584905660377359,0.0,0.8967851099830795,0.5652290622763064,5.0,5.0,5.0,264.0,-0.025069056199999995,60
pregnant,18,conservative,0,27,0,120,0.0,1.0,0.0,0.8163265306122449,0.0,1.0,0.48148148148148145,5.0,5.0,5.0,264.0,-0.025069056199999995,60
pregnant,18,majority,0,27,0,120,0.0,1.0,0.0,0.8163265306122449,0.0,1.0,0.48148148148148145,5.0,5.0,5.0,264.0,-0.025069056199999995,60
pregnant,18,max_risk,0,27,0,120,0.0,1.0,0.0,0.8163265306122449,0.0,1.0,0.48148148148148145,5.0,5.0,5.0,264.0,-0.025069056199999995,60
record,21,na,0,12,0,518,0.0,1.0,0.0,0.9773584905660377,0.0,0.8967851099830795,0.22409909909909909,3.0,3.0,3.0,144.0,-0.025069056199999995,60
pregnant,21,conservative,0,15,0,132,0.0,1.0,0.0,0.8979591836734694,0.0,1.0,0.17878787878787877,3.0,3.0,3.0,144.0,-0.025069056199999995,60
pregnant,21,majority,0,15,0,132,0.0,1.0,0.0,0.8979591836734694,0.0,1.0,0.17878787878787877,3.0,3.0,3.0,144.0,-0.025069056199999995,60
pregnant,21,max_risk,0,15,0,132,0.0,1.0,0.0,0.8979591836734694,0.0,1.0,0.17878787878787877,3.0,3.0,3.0,144.0,-0.025069056199999995,60
record,13,na,0,4,1,540,0.0,0.9981515711645101,0.0,0.9926470588235294,0.0,0.8993399339933993,0.3886321626617375,5.5,5.5,5.5,52.0,-0.0246270668,61
pregnant,13,conservative,0,10,1,136,0.0,0.9927007299270073,0.0,0.9315068493150684,0.0,1.0,0.44525547445255476,5.5,5.5,5.5,52.0,-0.0246270668,61
pregnant,13,majority,0,10,0,137,0.0,1.0,0.0,0.9319727891156463,0.0,1.0,0.44525547445255476,5.5,5.5,5.5,52.0,-0.0246270668,61
pregnant,13,max_risk,0,10,1,136,0.0,0.9927007299270073,0.0,0.9315068493150684,0.0,1.0,0.44525547445255476,5.5,5.5,5.5,52.0,-0.0246270668,61
record,18,na,0,10,0,535,0.0,1.0,0.0,0.981651376146789,0.0,0.8993399339933993,0.6007476635514019,5.0,5.0,5.0,129.0,-0.0246270668,61
pregnant,18,conservative,0,20,0,127,0.0,1.0,0.0,0.8639455782312925,0.0,1.0,0.4295275590551181,5.0,5.0,5.0,129.0,-0.0246270668,61
pregnant,18,majority,0,20,0,127,0.0,1.0,0.0,0.8639455782312925,0.0,1.0,0.4295275590551181,5.0,5.0,5.0,129.0,-0.0246270668,61
pregnant,18,max_risk,0,20,0,127,0.0,1.0,0.0,0.8639455782312925,0.0,1.0,0.4295275590551181,5.0,5.0,5.0,129.0,-0.0246270668,61
record,21,na,0,17,0,528,0.0,1.0,0.0,0.9688073394495413,0.0,0.8993399339933993,0.5108065953654188,3.0,3.0,3.0,204.0,-0.0246270668,61
pregnant,21,conservative,0,15,0,132,0.0,1.0,0.0,0.8979591836734694,0.0,1.0,0.36616161616161613,3.0,3.0,3.0,204.0,-0.0246270668,61
pregnant,21,majority,0,15,0,132,0.0,1.0,0.0,0.8979591836734694,0.0,1.0,0.36616161616161613,3.0,3.0,3.0,204.0,-0.0246270668,61
pregnant,21,max_risk,0,15,0,132,0.0,1.0,0.0,0.8979591836734694,0.0,1.0,0.36616161616161613,3.0,3.0,3.0,204.0,-0.0246270668,61
record,13,na,0,11,8,529,0.0,0.9851024208566108,0.0,0.9796296296296296,0.0,0.8998357963875205,0.5562891484679194,5.5,3.5,5.5,132.0,-0.0266470979,62
pregnant,13,conservative,0,12,7,128,0.0,0.9481481481481482,0.0,0.9142857142857143,0.0,1.0,0.3851851851851852,5.5,3.5,5.5,132.0,-0.0266470979,62
pregnant,13,majority,0,12,0,135,0.0,1.0,0.0,0.9183673469387755,0.0,1.0,0.3851851851851852,5.5,3.5,5.5,132.0,-0.0266470979,62
pregnant,13,max_risk,0,12,7,128,0.0,0.9481481481481482,0.0,0.9142857142857143,0.0,1.0,0.3851851851851852,5.5,3.5,5.5,132.0,-0.0266470979,62
record,18,na,0,30,0,518,0.0,1.0,0.0,0.9452554744525548,0.0,0.8998357963875205,0.6308880308880309,5.0,5.0,5.0,369.0,-0.0266470979,62
pregnant,18,conservative,0,31,0,116,0.0,1.0,0.0,0.7891156462585034,0.0,1.0,0.5914905450500557,5.0,5.0,5.0,369.0,-0.0266470979,62
pregnant,18,majority,0,31,0,116,0.0,1.0,0.0,0.7891156462585034,0.0,1.0,0.5914905450500557,5.0,5.0,5.0,369.0,-0.0266470979,62
pregnant,18,max_risk,0,31,0,116,0.0,1.0,0.0,0.7891156462585034,0.0,1.0,0.5914905450500557,5.0,5.0,5.0,369.0,-0.0266470979,62
record,21,na,0,14,0,534,0.0,1.0,0.0,0.9744525547445255,0.0,0.8998357963875205,0.5581861958266453,3.0,3.0,3.0,168.0,-0.0266470979,62
pregnant,21,conservative,0,14,0,133,0.0,1.0,0.0,0.9047619047619048,0.0,1.0,0.40547798066595064,3.0,3.0,3.0,168.0,-0.0266470979,62
pregnant,21,majority,0,14,0,133,0.0,1.0,0.0,0.9047619047619048,0.0,1.0,0.40547798066595064,3.0,3.0,3.0,168.0,-0.0266470979,62
pregnant,21,max_risk,0,14,0,133,0.0,1.0,0.0,0.9047619047619048,0.0,1.0,0.40547798066595064,3.0,3.0,3.0,168.0,-0.0266470979,62
record,13,na,0,10,1,551,0.0,0.9981884057971014,0.0,0.982174688057041,0.0,0.9035369774919614,0.4802536231884058,5.0,4.5,5.0,120.0,-0.027896269,63
pregnant,13,conservative,0,14,1,132,0.0,0.9924812030075187,0.0,0.9041095890410958,0.0,1.0,0.48012889366272826,5.0,4.5,5.0,120.0,-0.027896269,63
pregnant,13,majority,0,14,0,133,0.0,1.0,0.0,0.9047619047619048,0.0,1.0,0.48012889366272826,5.0,4.5,5.0,120.0,-0.027896269,63
pregnant,13,max_risk,0,14,1,132,0.0,0.9924812030075187,0.0,0.9041095890410958,0.0,1.0,0.48012889366272826,5.0,4.5,5.0,120.0,-0.027896269,63
record,18,na,0,30,0,532,0.0,1.0,0.0,0.9466192170818505,0.0,0.9035369774919614,0.6066416040100251,5.5,5.5,5.5,351.0,-0.027896269,63
pregnant,18,conservative,0,33,0,114,0.0,1.0,0.0,0.7755102040816326,0.0,1.0,0.569377990430622,5.5,5.5,5.5,351.0,-0.027896269,63
pregnant,18,majority,0,33,0,114,0.0,1.0,0.0,0.7755102040816326,0.0,1.0,0.569377990430622,5.5,5.5,5.5,351.0,-0.027896269,63
pregnant,18,max_risk,0,33,0,114,0.0,1.0,0.0,0.7755102040816326,0.0,1.0,0.569377990430622,5.5,5.5,5.5,351.0,-0.027896269,63
record,21,na,0,10,0,552,0.0,1.0,0.0,0.9822064056939501,0.0,0.9035369774919614,0.4431159420289855,3.0,3.0,3.0,120.0,-0.027896269,63
pregnant,21,conservative,0,10,0,137,0.0,1.0,0.0,0.9319727891156463,0.0,1.0,0.38394160583941606,3.0,3.0,3.0,120.0,-0.027896269,63
pregnant,21,majority,0,10,0,137,0.0,1.0,0.0,0.9319727891156463,0.0,1.0,0.38394160583941606,3.0,3.0,3.0,120.0,-0.027896269,63
pregnant,21,max_risk,0,10,0,137,0.0,1.0,0.0,0.9319727891156463,0.0,1.0,0.38394160583941606,3.0,3.0,3.0,120.0,-0.027896269,63
record,13,na,0,16,2,532,0.0,0.9962546816479401,0.0,0.9708029197080292,0.0,0.8972267536704731,0.46992041198501877,5.5,5.5,5.5,200.0,-0.0288011514,64
pregnant,13,conservative,0,22,2,123,0.0,0.984,0.0,0.8482758620689655,0.0,1.0,0.48145454545454547,5.5,5.5,5.5,200.0,-0.0288011514,64
pregnant,13,majority,0,22,0,125,0.0,1.0,0.0,0.8503401360544217,0.0,1.0,0.48145454545454547,5.5,5.5,5.5,200.0,-0.0288011514,64
pregnant,13,max_risk,0,22,2,123,0.0,0.984,0.0,0.8482758620689655,0.0,1.0,0.48145454545454547,5.5,5.5,5.5,200.0,-0.0288011514,64
record,18,na,0,31,1,518,0.0,0.9980732177263969,0.0,0.9435336976320583,0.0,0.8972267536704731,0.5043197215488844,5.5,5.0,5.5,372.0,-0.0288011514,64
pregnant,18,conservative,0,38,1,108,0.0,0.9908256880733946,0.0,0.7397260273972602,0.0,1.0,0.43867696764847897,5.5,5.0,5.5,372.0,-0.0288011514,64
pregnant,18,majority,0,38,0,109,0.0,1.0,0.0,0.7414965986394558,0.0,1.0,0.43867696764847897,5.5,5.0,5.5,372.0,-0.0288011514,64
pregnant,18,max_risk,0,38,1,108,0.0,0.9908256880733946,0.0,0.7397260273972602,0.0,1.0,0.43867696764847897,5.5,5.0,5.5,372.0,-0.0288011514,64
record,21,na,0,7,0,543,0.0,1.0,0.0,0.9872727272727273,0.0,0.8972267536704731,0.23651670612996575,3.0,3.0,3.0,84.0,-0.0288011514,64
pregnant,21,conservative,0,11,0,136,0.0,1.0,0.0,0.9251700680272109,0.0,1.0,0.18114973262032086,3.0,3.0,3.0,84.0,-0.0288011514,64
pregnant,21,majority,0,11,0,136,0.0,1.0,0.0,0.9251700680272109,0.0,1.0,0.18114973262032086,3.0,3.0,3.0,84.0,-0.0288011514,64
pregnant,21,max_risk,0,11,0,136,0.0,1.0,0.0,0.9251700680272109,0.0,1.0,0.18114973262032086,3.0,3.0,3.0,84.0,-0.0288011514,64
record,13,na,0,16,1,498,0.0,0.9979959919839679,0.0,0.9688715953307393,0.0,0.8956521739130435,0.3664829659318637,5.5,5.5,5.5,196.0,-0.0280636074,65
pregnant,13,conservative,0,22,1,124,0.0,0.992,0.0,0.8493150684931506,0.0,1.0,0.41745454545454547,5.5,5.5,5.5,196.0,-0.0280636074,65
pregnant,13,majority,0,22,0,125,0.0,1.0,0.0,0.8503401360544217,0.0,1.0,0.41745454545454547,5.5,5.5,5.5,196.0,-0.0280636074,65
pregnant,13,max_risk,0,22,1,124,0.0,0.992,0.0,0.8493150684931506,0.0,1.0,0.41745454545454547,5.5,5.5,5.5,196.0,-0.0280636074,65
record,18,na,0,22,0,493,0.0,1.0,0.0,0.9572815533980582,0.0,0.8956521739130435,0.5114327862806565,5.0,5.0,5.0,279.0,-0.0280636074,65
pregnant,18,conservative,0,35,0,112,0.0,1.0,0.0,0.7619047619047619,0.0,1.0,0.4390306122448979,5.0,5.0,5.0,279.0,-0.0280636074,65
pregnant,18,majority,0,35,0,112,0.0,1.0,0.0,0.7619047619047619,0.0,1.0,0.4390306122448979,5.0,5.0,5.0,279.0,-0.0280636074,65
pregnant,18,max_risk,0,35,0,112,0.0,1.0,0.0,0.7619047619047619,0.0,1.0,0.4390306122448979,5.0,5.0,5.0,279.0,-0.0280636074,65
record,21,na,0,16,2,497,0.0,0.9959919839679359,0.0,0.9688109161793372,0.0,0.8956521739130435,0.46492985971943884,3.0,2.5,3.0,192.0,-0.0280636074,65
pregnant,21,conservative,0,16,2,129,0.0,0.9847328244274809,0.0,0.8896551724137931,0.0,1.0,0.43082061068702293,3.0,2.5,3.0,192.0,-0.0280636074,65
pregnant,21,majority,0,16,0,131,0.0,1.0,0.0,0.891156462585034,0.0,1.0,0.43082061068702293,3.0,2.5,3.0,192.0,-0.0280636074,65
pregnant,21,max_risk,0,16,2,129,0.0,0.9847328244274809,0.0,0.8896551724137931,0.0,1.0,0.43082061068702293,3.0,2.5,3.0,192.0,-0.0280636074,65
record,13,na,0,16,3,500,0.0,0.9940357852882704,0.0,0.9689922480620154,0.0,0.8994800693240901,0.624875745526839,3.5,3.5,5.0,178.0,-0.025007184899999996,66
pregnant,13,conservative,0,18,3,126,0.0,0.9767441860465116,0.0,0.875,0.0,1.0,0.6382428940568476,3.5,3.5,5.0,178.0,-0.025007184899999996,66
pregnant,13,majority,0,18,0,129,0.0,1.0,0.0,0.8775510204081632,0.0,1.0,0.6382428940568476,3.5,3.5,5.0,178.0,-0.025007184899999996,66
pregnant,13,max_risk,0,18,3,126,0.0,0.9767441860465116,0.0,0.875,0.0,1.0,0.6382428940568476,3.5,3.5,5.0,178.0,-0.025007184899999996,66
record,18,na,0,19,2,498,0.0,0.996,0.0,0.9632495164410058,0.0,0.8994800693240901,0.7050526315789474,5.0,4.5,5.0,240.0,-0.025007184899999996,66
pregnant,18,conservative,0,25,1,121,0.0,0.9918032786885246,0.0,0.8287671232876712,0.0,1.0,0.5914754098360655,5.0,4.5,5.0,240.0,-0.025007184899999996,66
pregnant,18,majority,0,25,0,122,0.0,1.0,0.0,0.8299319727891157,0.0,1.0,0.5914754098360655,5.0,4.5,5.0,240.0,-0.025007184899999996,66
pregnant,18,max_risk,0,25,1,121,0.0,0.9918032786885246,0.0,0.8287671232876712,0.0,1.0,0.5914754098360655,5.0,4.5,5.0,240.0,-0.025007184899999996,66
record,21,na,0,14,0,505,0.0,1.0,0.0,0.9730250481695568,0.0,0.8994800693240901,0.4942008486562942,3.0,3.0,3.0,168.0,-0.025007184899999996,66
pregnant,21,conservative,0,15,0,132,0.0,1.0,0.0,0.8979591836734694,0.0,1.0,0.40959595959595957,3.0,3.0,3.0,168.0,-0.025007184899999996,66
pregnant,21,majority,0,15,0,132,0.0,1.0,0.0,0.8979591836734694,0.0,1.0,0.40959595959595957,3.0,3.0,3.0,168.0,-0.025007184899999996,66
pregnant,21,max_risk,0,15,0,132,0.0,1.0,0.0,0.8979591836734694,0.0,1.0,0.40959595959595957,3.0,3.0,3.0,168.0,-0.025007184899999996,66
record,13,na,0,15,2,540,0.0,0.996309963099631,0.0,0.972972972972973,0.0,0.8969404186795491,0.37761377613776137,5.5,5.5,5.5,188.0,-0.026887723,67
pregnant,13,conservative,0,18,2,127,0.0,0.9844961240310077,0.0,0.8758620689655172,0.0,1.0,0.36563307493540054,5.5,5.5,5.5,188.0,-0.026887723,67
pregnant,13,majority,0,18,0,129,0.0,1.0,0.0,0.8775510204081632,0.0,1.0,0.36563307493540054,5.5,5.5,5.5,188.0,-0.026887723,67
pregnant,13,max_risk,0,18,2,127,0.0,0.9844961240310077,0.0,0.8758620689655172,0.0,1.0,0.36563307493540054,5.5,5.5,5.5,188.0,-0.026887723,67
record,18,na,0,21,1,535,0.0,0.9981343283582089,0.0,0.9622302158273381,0.0,0.8969404186795491,0.5291400142146411,5.5,5.0,5.5,255.0,-0.026887723,67
pregnant,18,conservative,0,30,1,116,0.0,0.9914529914529915,0.0,0.7945205479452054,0.0,1.0,0.40569800569800574,5.5,5.0,5.5,255.0,-0.026887723,67
pregnant,18,majority,0,30,0,117,0.0,1.0,0.0,0.7959183673469388,0.0,1.0,0.40569800569800574,5.5,5.0,5.5,255.0,-0.026887723,67
pregnant,18,max_risk,0,30,1,116,0.0,0.9914529914529915,0.0,0.7945205479452054,0.0,1.0,0.40569800569800574,5.5,5.0,5.5,255.0,-0.026887723,67
record,21,na,0,9,1,547,0.0,0.9981751824817519,0.0,0.9838129496402878,0.0,0.8969404186795491,0.26500405515004055,3.0,2.5,3.0,108.0,-0.026887723,67
pregnant,21,conservative,0,10,1,136,0.0,0.9927007299270073,0.0,0.9315068493150684,0.0,1.0,0.1642335766423358,3.0,2.5,3.0,108.0,-0.026887723,67
pregnant,21,majority,0,10,0,137,0.0,1.0,0.0,0.9319727891156463,0.0,1.0,0.1642335766423358,3.0,2.5,3.0,108.0,-0.026887723,67
pregnant,21,max_risk,0,10,1,136,0.0,0.9927007299270073,0.0,0.9315068493150684,0.0,1.0,0.1642335766423358,3.0,2.5,3.0,108.0,-0.026887723,67
record,13,na,0,16,2,540,0.0,0.996309963099631,0.0,0.9712230215827338,0.0,0.9,0.5304428044280443,5.5,5.5,5.5,197.0,-0.02541519,68
pregnant,13,conservative,0,18,2,127,0.0,0.9844961240310077,0.0,0.8758620689655172,0.0,1.0,0.49655469422911286,5.5,5.5,5.5,197.0,-0.02541519,68
pregnant,13,majority,0,18,0,129,0.0,1.0,0.0,0.8775510204081632,0.0,1.0,0.49655469422911286,5.5,5.5,5.5,197.0,-0.02541519,68
pregnant,13,max_risk,0,18,2,127,0.0,0.9844961240310077,0.0,0.8758620689655172,0.0,1.0,0.49655469422911286,5.5,5.5,5.5,197.0,-0.02541519,68
record,18,na,0,37,0,521,0.0,1.0,0.0,0.9336917562724014,0.0,0.9,0.5599418996731856,5.5,5.5,5.5,426.0,-0.02541519,68
pregnant,18,conservative,0,37,0,110,0.0,1.0,0.0,0.7482993197278912,0.0,1.0,0.45307125307125307,5.5,5.5,5.5,426.0,-0.02541519,68
pregnant,18,majority,0,37,0,110,0.0,1.0,0.0,0.7482993197278912,0.0,1.0,0.45307125307125307,5.5,5.5,5.5,426.0,-0.02541519,68
pregnant,18,max_risk,0,37,0,110,0.0,1.0,0.0,0.7482993197278912,0.0,1.0,0.45307125307125307,5.5,5.5,5.5,426.0,-0.02541519,68
record,21,na,0,16,0,542,0.0,1.0,0.0,0.9713261648745519,0.0,0.9,0.44142066420664205,3.0,3.0,3.0,192.0,-0.02541519,68
pregnant,21,conservative,0,17,0,130,0.0,1.0,0.0,0.8843537414965986,0.0,1.0,0.33076923076923076,3.0,3.0,3.0,192.0,-0.02541519,68
pregnant,21,majority,0,17,0,130,0.0,1.0,0.0,0.8843537414965986,0.0,1.0,0.33076923076923076,3.0,3.0,3.0,192.0,-0.02541519,68
pregnant,21,max_risk,0,17,0,130,0.0,1.0,0.0,0.8843537414965986,0.0,1.0,0.33076923076923076,3.0,3.0,3.0,192.0,-0.02541519,68
record,13,na,0,14,0,530,0.0,1.0,0.0,0.9742647058823529,0.0,0.8976897689768977,0.38221024258760106,5.5,5.5,5.5,168.0,-0.0263404239,69
pregnant,13,conservative,0,15,0,132,0.0,1.0,0.0,0.8979591836734694,0.0,1.0,0.353030303030303,5.5,5.5,5.5,168.0,-0.0263404239,69
pregnant,13,majority,0,15,0,132,0.0,1.0,0.0,0.8979591836734694,0.0,1.0,0.353030303030303,5.5,5.5,5.5,168.0,-0.0263404239,69
pregnant,13,max_risk,0,15,0,132,0.0,1.0,0.0,0.8979591836734694,0.0,1.0,0.353030303030303,5.5,5.5,5.5,168.0,-0.0263404239,69
record,18,na,0,21,0,523,0.0,1.0,0.0,0.9613970588235294,0.0,0.8976897689768977,0.539743239552035,5.5,5.5,5.5,258.0,-0.0263404239,69
pregnant,18,conservative,0,24,0,123,0.0,1.0,0.0,0.8367346938775511,0.0,1.0,0.42039295392953935,5.5,5.5,5.5,258.0,-0.0263404239,69
pregnant,18,majority,0,24,0,123,0.0,1.0,0.0,0.8367346938775511,0.0,1.0,0.42039295392953935,5.5,5.5,5.5,258.0,-0.0263404239,69
pregnant,18,max_risk,0,24,0,123,0.0,1.0,0.0,0.8367346938775511,0.0,1.0,0.42039295392953935,5.5,5.5,5.5,258.0,-0.0263404239,69
record,21,na,0,10,0,534,0.0,1.0,0.0,0.9816176470588235,0.0,0.8976897689768977,0.34513108614232213,3.0,3.0,3.0,120.0,-0.0263404239,69
pregnant,21,conservative,0,10,0,137,0.0,1.0,0.0,0.9319727891156463,0.0,1.0,0.19416058394160585,3.0,3.0,3.0,120.0,-0.0263404239,69
pregnant,21,majority,0,10,0,137,0.0,1.0,0.0,0.9319727891156463,0.0,1.0,0.19416058394160585,3.0,3.0,3.0,120.0,-0.0263404239,69
pregnant,21,max_risk,0,10,0,137,0.0,1.0,0.0,0.9319727891156463,0.0,1.0,0.19416058394160585,3.0,3.0,3.0,120.0,-0.0263404239,69
record,13,na,2,8,4,509,0.2,0.9922027290448343,0.3333333333333333,0.9845261121856866,0.25,0.8970840480274442,0.4760233918128655,3.5,3.5,3.5,112.0,-0.024338491299999997,70
pregnant,13,conservative,2,11,4,130,0.15384615384615385,0.9701492537313433,0.3333333333333333,0.9219858156028369,0.21052631578947367,1.0,0.5154994259471871,3.5,3.5,3.5,112.0,-0.024338491299999997,70
pregnant,13,majority,0,13,0,134,0.0,1.0,0.0,0.9115646258503401,0.0,1.0,0.5154994259471871,3.5,3.5,3.5,112.0,-0.024338491299999997,70
pregnant,13,max_risk,2,11,4,130,0.15384615384615385,0.9701492537313433,0.3333333333333333,0.9219858156028369,0.21052631578947367,1.0,0.5154994259471871,3.5,3.5,3.5,112.0,-0.024338491299999997,70
record,18,na,0,21,1,501,0.0,0.99800796812749,0.0,0.9597701149425287,0.0,0.8970840480274442,0.6557579206981597,5.5,5.0,5.5,258.0,-0.024338491299999997,70
pregnant,18,conservative,0,20,1,126,0.0,0.9921259842519685,0.0,0.863013698630137,0.0,1.0,0.6094488188976378,5.5,5.0,5.5,258.0,-0.024338491299999997,70
pregnant,18,majority,0,20,0,127,0.0,1.0,0.0,0.8639455782312925,0.0,1.0,0.6094488188976378,5.5,5.0,5.5,258.0,-0.024338491299999997,70
pregnant,18,max_risk,0,20,1,126,0.0,0.9921259842519685,0.0,0.863013698630137,0.0,1.0,0.6094488188976378,5.5,5.0,5.5,258.0,-0.024338491299999997,70
record,21,na,0,9,0,514,0.0,1.0,0.0,0.982791586998088,0.0,0.8970840480274442,0.3566796368352788,3.0,3.0,3.0,108.0,-0.024338491299999997,70
pregnant,21,conservative,0,9,0,138,0.0,1.0,0.0,0.9387755102040817,0.0,1.0,0.26086956521739124,3.0,3.0,3.0,108.0,-0.024338491299999997,70
pregnant,21,majority,0,9,0,138,0.0,1.0,0.0,0.9387755102040817,0.0,1.0,0.26086956521739124,3.0,3.0,3.0,108.0,-0.024338491299999997,70
pregnant,21,max_risk,0,9,0,138,0.0,1.0,0.0,0.9387755102040817,0.0,1.0,0.26086956521739124,3.0,3.0,3.0,108.0,-0.024338491299999997,70
record,13,na,0,20,1,518,0.0,0.9980732177263969,0.0,0.9628252788104089,0.0,0.8983333333333333,0.3978805394990366,5.5,5.5,5.5,250.0,-0.027164591,71
pregnant,13,conservative,0,24,1,122,0.0,0.991869918699187,0.0,0.8356164383561644,0.0,1.0,0.3756775067750677,5.5,5.5,5.5,250.0,-0.027164591,71
pregnant,13,majority,0,24,0,123,0.0,1.0,0.0,0.8367346938775511,0.0,1.0,0.3756775067750677,5.5,5.5,5.5,250.0,-0.027164591,71
pregnant,13,max_risk,0,24,1,122,0.0,0.991869918699187,0.0,0.8356164383561644,0.0,1.0,0.3756775067750677,5.5,5.5,5.5,250.0,-0.027164591,71
record,18,na,0,32,1,506,0.0,0.9980276134122288,0.0,0.9405204460966543,0.0,0.8983333333333333,0.6003451676528601,5.5,5.0,5.5,390.0,-0.027164591,71
pregnant,18,conservative,0,39,1,107,0.0,0.9907407407407407,0.0,0.7328767123287672,0.0,1.0,0.4527540360873694,5.5,5.0,5.5,390.0,-0.027164591,71
pregnant,18,majority,0,39,0,108,0.0,1.0,0.0,0.7346938775510204,0.0,1.0,0.4527540360873694,5.5,5.0,5.5,390.0,-0.027164591,71
pregnant,18,max_risk,0,39,1,107,0.0,0.9907407407407407,0.0,0.7328767123287672,0.0,1.0,0.4527540360873694,5.5,5.0,5.5,390.0,-0.027164591,71
record,21,na,0,9,0,530,0.0,1.0,0.0,0.9833024118738405,0.0,0.8983333333333333,0.4916142557651991,3.0,3.0,3.0,108.0,-0.027164591,71
pregnant,21,conservative,0,11,0,136,0.0,1.0,0.0,0.9251700680272109,0.0,1.0,0.37232620320855614,3.0,3.0,3.0,108.0,-0.027164591,71
pregnant,21,majority,0,11,0,136,0.0,1.0,0.0,0.9251700680272109,0.0,1.0,0.37232620320855614,3.0,3.0,3.0,108.0,-0.027164591,71
pregnant,21,max_risk,0,11,0,136,0.0,1.0,0.0,0.9251700680272109,0.0,1.0,0.37232620320855614,3.0,3.0,3.0,108.0,-0.027164591,71
record,13,na,0,14,3,523,0.0,0.9942965779467681,0.0,0.9739292364990689,0.0,0.8970099667774086,0.42313959804454104,5.5,4.5,5.5,172.0,-0.027362641,72
pregnant,13,conservative,0,14,2,131,0.0,0.9849624060150376,0.0,0.903448275862069,0.0,1.0,0.6127819548872181,5.5,4.5,5.5,172.0,-0.027362641,72
pregnant,13,majority,0,14,0,133,0.0,1.0,0.0,0.9047619047619048,0.0,1.0,0.6127819548872181,5.5,4.5,5.5,172.0,-0.027362641,72
pregnant,13,max_risk,0,14,2,131,0.0,0.9849624060150376,0.0,0.903448275862069,0.0,1.0,0.6127819548872181,5.5,4.5,5.5,172.0,-0.027362641,72
record,18,na,0,21,1,518,0.0,0.9980732177263969,0.0,0.961038961038961,0.0,0.8970099667774086,0.5797779612808515,5.5,5.0,5.5,258.0,-0.027362641,72
pregnant,18,conservative,0,32,1,114,0.0,0.991304347826087,0.0,0.7808219178082192,0.0,1.0,0.5633152173913043,5.5,5.0,5.5,258.0,-0.027362641,72
pregnant,18,majority,0,32,0,115,0.0,1.0,0.0,0.782312925170068,0.0,1.0,0.5633152173913043,5.5,5.0,5.5,258.0,-0.027362641,72
pregnant,18,max_risk,0,32,1,114,0.0,0.991304347826087,0.0,0.7808219178082192,0.0,1.0,0.5633152173913043,5.5,5.0,5.5,258.0,-0.027362641,72
record,21,na,0,9,0,531,0.0,1.0,0.0,0.9833333333333333,0.0,0.8970099667774086,0.49194392132245235,3.0,3.0,3.0,108.0,-0.027362641,72
pregnant,21,conservative,0,9,0,138,0.0,1.0,0.0,0.9387755102040817,0.0,1.0,0.3961352657004831,3.0,3.0,3.0,108.0,-0.027362641,72
pregnant,21,majority,0,9,0,138,0.0,1.0,0.0,0.9387755102040817,0.0,1.0,0.3961352657004831,3.0,3.0,3.0,108.0,-0.027362641,72
pregnant,21,max_risk,0,9,0,138,0.0,1.0,0.0,0.9387755102040817,0.0,1.0,0.3961352657004831,3.0,3.0,3.0,108.0,-0.027362641,72
record,13,na,3,13,5,537,0.1875,0.9907749077490775,0.375,0.9763636363636363,0.25,0.8971061093247589,0.5261761992619927,3.5,3.5,3.5,172.0,-0.027362641,73
pregnant,13,conservative,3,11,5,128,0.21428571428571427,0.9624060150375939,0.375,0.920863309352518,0.2727272727272727,1.0,0.6176154672395274,3.5,3.5,3.5,172.0,-0.027362641,73
pregnant,13,majority,0,14,0,133,0.0,1.0,0.0,0.9047619047619048,0.0,1.0,0.6176154672395274,3.5,3.5,3.5,172.0,-0.027362641,73
pregnant,13,max_risk,3,11,5,128,0.21428571428571427,0.9624060150375939,0.375,0.920863309352518,0.2727272727272727,1.0,0.6176154672395274,3.5,3.5,3.5,172.0,-0.027362641,73
record,18,na,0,38,1,519,0.0,0.9980769230769231,0.0,0.9317773788150808,0.0,0.8971061093247589,0.6027834008097166,5.5,5.0,5.5,456.0,-0.027362641,73
pregnant,18,conservative,0,37,1,109,0.0,0.990909090909091,0.0,0.7465753424657534,0.0,1.0,0.6002457002457002,5.5,5.0,5.5,456.0,-0.027362641,73
pregnant,18,majority,0,37,0,110,0.0,1.0,0.0,0.7482993197278912,0.0,1.0,0.6002457002457002,5.5,5.0,5.5,456.0,-0.027362641,73
pregnant,18,max_risk,0,37,1,109,0.0,0.990909090909091,0.0,0.7465753424657534,0.0,1.0,0.6002457002457002,5.5,5.0,5.5,456.0,-0.027362641,73
record,21,na,0,12,0,546,0.0,1.0,0.0,0.978494623655914,0.0,0.8971061093247589,0.5279304029304029,3.0,3.0,3.0,144.0,-0.027362641,73
pregnant,21,conservative,0,12,0,135,0.0,1.0,0.0,0.9183673469387755,0.0,1.0,0.5055555555555555,3.0,3.0,3.0,144.0,-0.027362641,73
pregnant,21,majority,0,12,0,135,0.0,1.0,0.0,0.9183673469387755,0.0,1.0,0.5055555555555555,3.0,3.0,3.0,144.0,-0.027362641,73
pregnant,21,max_risk,0,12,0,135,0.0,1.0,0.0,0.9183673469387755,0.0,1.0,0.5055555555555555,3.0,3.0,3.0,144.0,-0.027362641,73
record,13,na,0,21,1,536,0.0,0.9981378026070763,0.0,0.9622980251346499,0.0,0.9029126213592233,0.3216280925778132,5.5,5.5,5.5,256.0,-0.026878123599999998,74
pregnant,13,conservative,0,21,1,125,0.0,0.9920634920634921,0.0,0.8561643835616438,0.0,1.0,0.3431594860166289,5.5,5.5,5.5,256.0,-0.026878123599999998,74
pregnant,13,majority,0,21,0,126,0.0,1.0,0.0,0.8571428571428571,0.0,1.0,0.3431594860166289,5.5,5.5,5.5,256.0,-0.026878123599999998,74
pregnant,13,max_risk,0,21,1,125,0.0,0.9920634920634921,0.0,0.8561643835616438,0.0,1.0,0.3431594860166289,5.5,5.5,5.5,256.0,-0.026878123599999998,74
record,18,na,0,20,1,537,0.0,0.9981412639405205,0.0,0.9640933572710951,0.0,0.9029126213592233,0.6159851301115242,5.5,5.0,5.5,222.0,-0.026878123599999998,74
pregnant,18,conservative,0,28,1,118,0.0,0.9915966386554622,0.0,0.8082191780821918,0.0,1.0,0.5330132052821128,5.5,5.0,5.5,222.0,-0.026878123599999998,74
pregnant,18,majority,0,28,0,119,0.0,1.0,0.0,0.8095238095238095,0.0,1.0,0.5330132052821128,5.5,5.0,5.5,222.0,-0.026878123599999998,74
pregnant,18,max_risk,0,28,1,118,0.0,0.9915966386554622,0.0,0.8082191780821918,0.0,1.0,0.5330132052821128,5.5,5.0,5.5,222.0,-0.026878123599999998,74
record,21,na,0,10,0,548,0.0,1.0,0.0,0.982078853046595,0.0,0.9029126213592233,0.3974452554744526,3.0,3.0,3.0,120.0,-0.026878123599999998,74
pregnant,21,conservative,0,11,0,136,0.0,1.0,0.0,0.9251700680272109,0.0,1.0,0.2927807486631016,3.0,3.0,3.0,120.0,-0.026878123599999998,74
pregnant,21,majority,0,11,0,136,0.0,1.0,0.0,0.9251700680272109,0.0,1.0,0.2927807486631016,3.0,3.0,3.0,120.0,-0.026878123599999998,74
pregnant,21,max_risk,0,11,0,136,0.0,1.0,0.0,0.9251700680272109,0.0,1.0,0.2927807486631016,3.0,3.0,3.0,120.0,-0.026878123599999998,74
record,13,na,0,30,2,507,0.0,0.9960707269155207,0.0,0.9441340782122905,0.0,0.8938640132669984,0.40654878847413234,5.5,5.5,5.5,374.0,-0.028220193,75
pregnant,13,conservative,0,25,2,120,0.0,0.9836065573770492,0.0,0.8275862068965517,0.0,1.0,0.49278688524590164,5.5,5.5,5.5,374.0,-0.028220193,75
pregnant,13,majority,0,25,0,122,0.0,1.0,0.0,0.8299319727891157,0.0,1.0,0.49278688524590164,5.5,5.5,5.5,374.0,-0.028220193,75
pregnant,13,max_risk,0,25,2,120,0.0,0.9836065573770492,0.0,0.8275862068965517,0.0,1.0,0.49278688524590164,5.5,5.5,5.5,374.0,-0.028220193,75
record,18,na,0,30,1,508,0.0,0.9980353634577603,0.0,0.9442379182156134,0.0,0.8938640132669984,0.5117878192534381,5.5,5.0,5.5,369.0,-0.028220193,75
pregnant,18,conservative,0,32,1,114,0.0,0.991304347826087,0.0,0.7808219178082192,0.0,1.0,0.5554347826086956,5.5,5.0,5.5,369.0,-0.028220193,75
pregnant,18,majority,0,32,0,115,0.0,1.0,0.0,0.782312925170068,0.0,1.0,0.5554347826086956,5.5,5.0,5.5,369.0,-0.028220193,75
pregnant,18,max_risk,0,32,1,114,0.0,0.991304347826087,0.0,0.7808219178082192,0.0,1.0,0.5554347826086956,5.5,5.0,5.5,369.0,-0.028220193,75
record,21,na,0,12,0,527,0.0,1.0,0.0,0.9777365491651205,0.0,0.8938640132669984,0.5898165717900063,3.0,3.0,3.0,144.0,-0.028220193,75
pregnant,21,conservative,0,13,0,134,0.0,1.0,0.0,0.9115646258503401,0.0,1.0,0.42824339839265224,3.0,3.0,3.0,144.0,-0.028220193,75
pregnant,21,majority,0,13,0,134,0.0,1.0,0.0,0.9115646258503401,0.0,1.0,0.42824339839265224,3.0,3.0,3.0,144.0,-0.028220193,75
pregnant,21,max_risk,0,13,0,134,0.0,1.0,0.0,0.9115646258503401,0.0,1.0,0.42824339839265224,3.0,3.0,3.0,144.0,-0.028220193,75
record,13,na,0,12,2,526,0.0,0.9962121212121212,0.0,0.9776951672862454,0.0,0.8985024958402662,0.2743055555555556,5.5,5.0,5.5,144.0,-0.0278439952,76
pregnant,13,conservative,0,16,2,129,0.0,0.9847328244274809,0.0,0.8896551724137931,0.0,1.0,0.3573473282442748,5.5,5.0,5.5,144.0,-0.0278439952,76
pregnant,13,majority,0,16,0,131,0.0,1.0,0.0,0.891156462585034,0.0,1.0,0.3573473282442748,5.5,5.0,5.5,144.0,-0.0278439952,76
pregnant,13,max_risk,0,16,2,129,0.0,0.9847328244274809,0.0,0.8896551724137931,0.0,1.0,0.3573473282442748,5.5,5.0,5.5,144.0,-0.0278439952,76
record,18,na,0,25,0,515,0.0,1.0,0.0,0.9537037037037037,0.0,0.8985024958402662,0.48862135922330097,5.0,5.0,5.0,309.0,-0.0278439952,76
pregnant,18,conservative,0,33,0,114,0.0,1.0,0.0,0.7755102040816326,0.0,1.0,0.5132908027644869,5.0,5.0,5.0,309.0,-0.0278439952,76
pregnant,18,majority,0,33,0,114,0.0,1.0,0.0,0.7755102040816326,0.0,1.0,0.5132908027644869,5.0,5.0,5.0,309.0,-0.0278439952,76
pregnant,18,max_risk,0,33,0,114,0.0,1.0,0.0,0.7755102040816326,0.0,1.0,0.5132908027644869,5.0,5.0,5.0,309.0,-0.0278439952,76
record,21,na,0,12,0,528,0.0,1.0,0.0,0.9777777777777777,0.0,0.8985024958402662,0.3821022727272728,3.0,3.0,3.0,144.0,-0.0278439952,76
pregnant,21,conservative,0,13,0,134,0.0,1.0,0.0,0.9115646258503401,0.0,1.0,0.29793340987370837,3.0,3.0,3.0,144.0,-0.0278439952,76
pregnant,21,majority,0,13,0,134,0.0,1.0,0.0,0.9115646258503401,0.0,1.0,0.29793340987370837,3.0,3.0,3.0,144.0,-0.0278439952,76
pregnant,21,max_risk,0,13,0,134,0.0,1.0,0.0,0.9115646258503401,0.0,1.0,0.29793340987370837,3.0,3.0,3.0,144.0,-0.0278439952,76
record,13,na,0,20,3,492,0.0,0.9939393939393939,0.0,0.9609375,0.0,0.8925476603119584,0.4107070707070707,5.5,4.5,5.5,244.0,-0.028520332,77
pregnant,13,conservative,0,22,2,123,0.0,0.984,0.0,0.8482758620689655,0.0,1.0,0.5490909090909091,5.5,4.5,5.5,244.0,-0.028520332,77
pregnant,13,majority,0,22,0,125,0.0,1.0,0.0,0.8503401360544217,0.0,1.0,0.5490909090909091,5.5,4.5,5.5,244.0,-0.028520332,77
pregnant,13,max_risk,0,22,2,123,0.0,0.984,0.0,0.8482758620689655,0.0,1.0,0.5490909090909091,5.5,4.5,5.5,244.0,-0.028520332,77
record,18,na,0,25,0,490,0.0,1.0,0.0,0.9514563106796117,0.0,0.8925476603119584,0.5757551020408163,5.0,5.0,5.0,309.0,-0.028520332,77
pregnant,18,conservative,0,32,0,115,0.0,1.0,0.0,0.782312925170068,0.0,1.0,0.497554347826087,5.0,5.0,5.0,309.0,-0.028520332,77
pregnant,18,majority,0,32,0,115,0.0,1.0,0.0,0.782312925170068,0.0,1.0,0.497554347826087,5.0,5.0,5.0,309.0,-0.028520332,77
pregnant,18,max_risk,0,32,0,115,0.0,1.0,0.0,0.782312925170068,0.0,1.0,0.497554347826087,5.0,5.0,5.0,309.0,-0.028520332,77
record,21,na,0,14,0,501,0.0,1.0,0.0,0.9728155339805825,0.0,0.8925476603119584,0.42743085258055313,3.0,3.0,3.0,168.0,-0.028520332,77
pregnant,21,conservative,0,18,0,129,0.0,1.0,0.0,0.8775510204081632,0.0,1.0,0.37553832902670115,3.0,3.0,3.0,168.0,-0.028520332,77
pregnant,21,majority,0,18,0,129,0.0,1.0,0.0,0.8775510204081632,0.0,1.0,0.37553832902670115,3.0,3.0,3.0,168.0,-0.028520332,77
pregnant,21,max_risk,0,18,0,129,0.0,1.0,0.0,0.8775510204081632,0.0,1.0,0.37553832902670115,3.0,3.0,3.0,168.0,-0.028520332,77
record,13,na,3,16,3,527,0.15789473684210525,0.9943396226415094,0.5,0.9705340699815838,0.24,0.9029605263157895,0.6131082423038728,3.5,3.5,3.5,204.0,-0.026846071,78
pregnant,13,conservative,3,16,3,125,0.15789473684210525,0.9765625,0.5,0.8865248226950354,0.24,1.0,0.7035361842105263,3.5,3.5,3.5,204.0,-0.026846071,78
pregnant,13,majority,0,19,0,128,0.0,1.0,0.0,0.8707482993197279,0.0,1.0,0.7035361842105263,3.5,3.5,3.5,204.0,-0.026846071,78
pregnant,13,max_risk,3,16,3,125,0.15789473684210525,0.9765625,0.5,0.8865248226950354,0.24,1.0,0.7035361842105263,3.5,3.5,3.5,204.0,-0.026846071,78
record,18,na,0,36,1,512,0.0,0.9980506822612085,0.0,0.9343065693430657,0.0,0.9029605263157895,0.5936755468919211,5.5,5.0,5.5,426.0,-0.026846071,78
pregnant,18,conservative,0,38,1,108,0.0,0.9908256880733946,0.0,0.7397260273972602,0.0,1.0,0.5497344278126508,5.5,5.0,5.5,426.0,-0.026846071,78
pregnant,18,majority,0,38,0,109,0.0,1.0,0.0,0.7414965986394558,0.0,1.0,0.5497344278126508,5.5,5.0,5.5,426.0,-0.026846071,78
pregnant,18,max_risk,0,38,1,108,0.0,0.9908256880733946,0.0,0.7397260273972602,0.0,1.0,0.5497344278126508,5.5,5.0,5.5,426.0,-0.026846071,78
record,21,na,0,10,1,538,0.0,0.9981447124304267,0.0,0.9817518248175182,0.0,0.9029605263157895,0.549721706864564,3.0,2.5,3.0,120.0,-0.026846071,78
pregnant,21,conservative,0,11,1,135,0.0,0.9926470588235294,0.0,0.9246575342465754,0.0,1.0,0.4665775401069519,3.0,2.5,3.0,120.0,-0.026846071,78
pregnant,21,majority,0,11,0,136,0.0,1.0,0.0,0.9251700680272109,0.0,1.0,0.4665775401069519,3.0,2.5,3.0,120.0,-0.026846071,78
pregnant,21,max_risk,0,11,1,135,0.0,0.9926470588235294,0.0,0.9246575342465754,0.0,1.0,0.4665775401069519,3.0,2.5,3.0,120.0,-0.026846071,78
record,13,na,0,18,6,521,0.0,0.9886148007590133,0.0,0.9666048237476809,0.0,0.8993399339933993,0.5042167404596247,5.5,3.5,5.5,228.0,-0.02541519,79
pregnant,13,conservative,0,24,5,118,0.0,0.959349593495935,0.0,0.8309859154929577,0.0,1.0,0.6026422764227644,5.5,3.5,5.5,228.0,-0.02541519,79
pregnant,13,majority,0,24,0,123,0.0,1.0,0.0,0.8367346938775511,0.0,1.0,0.6026422764227644,5.5,3.5,5.5,228.0,-0.02541519,79
pregnant,13,max_risk,0,24,5,118,0.0,0.959349593495935,0.0,0.8309859154929577,0.0,1.0,0.6026422764227644,5.5,3.5,5.5,228.0,-0.02541519,79
record,18,na,0,21,0,524,0.0,1.0,0.0,0.9614678899082569,0.0,0.8993399339933993,0.519810977826245,5.5,5.5,5.5,255.0,-0.02541519,79
pregnant,18,conservative,0,32,0,115,0.0,1.0,0.0,0.782312925170068,0.0,1.0,0.43722826086956523,5.5,5.5,5.5,255.0,-0.02541519,79
pregnant,18,majority,0,32,0,115,0.0,1.0,0.0,0.782312925170068,0.0,1.0,0.43722826086956523,5.5,5.5,5.5,255.0,-0.02541519,79
pregnant,18,max_risk,0,32,0,115,0.0,1.0,0.0,0.782312925170068,0.0,1.0,0.43722826086956523,5.5,5.5,5.5,255.0,-0.02541519,79
record,21,na,0,11,0,534,0.0,1.0,0.0,0.9798165137614679,0.0,0.8993399339933993,0.48638066053796386,3.0,3.0,3.0,132.0,-0.02541519,79
pregnant,21,conservative,0,13,0,134,0.0,1.0,0.0,0.9115646258503401,0.0,1.0,0.3295063145809415,3.0,3.0,3.0,132.0,-0.02541519,79
pregnant,21,majority,0,13,0,134,0.0,1.0,0.0,0.9115646258503401,0.0,1.0,0.3295063145809415,3.0,3.0,3.0,132.0,-0.02541519,79
pregnant,21,max_risk,0,13,0,134,0.0,1.0,0.0,0.9115646258503401,0.0,1.0,0.3295063145809415,3.0,3.0,3.0,132.0,-0.02541519,79
record,13,na,0,9,1,558,0.0,0.998211091234347,0.0,0.9841269841269841,0.0,0.8987341772151899,0.45736434108527135,5.5,5.5,5.5,112.0,-0.025563416,80
pregnant,13,conservative,0,16,1,130,0.0,0.9923664122137404,0.0,0.8904109589041096,0.0,1.0,0.38883587786259544,5.5,5.5,5.5,112.0,-0.025563416,80
pregnant,13,majority,0,16,0,131,0.0,1.0,0.0,0.891156462585034,0.0,1.0,0.38883587786259544,5.5,5.5,5.5,112.0,-0.025563416,80
pregnant,13,max_risk,0,16,1,130,0.0,0.9923664122137404,0.0,0.8904109589041096,0.0,1.0,0.38883587786259544,5.5,5.5,5.5,112.0,-0.025563416,80
record,18,na,0,15,0,553,0.0,1.0,0.0,0.9735915492957746,0.0,0.8987341772151899,0.6069921639541893,5.5,5.5,5.5,198.0,-0.025563416,80
pregnant,18,conservative,0,28,0,119,0.0,1.0,0.0,0.8095238095238095,0.0,1.0,0.4483793517406963,5.5,5.5,5.5,198.0,-0.025563416,80
pregnant,18,majority,0,28,0,119,0.0,1.0,0.0,0.8095238095238095,0.0,1.0,0.4483793517406963,5.5,5.5,5.5,198.0,-0.025563416,80
pregnant,18,max_risk,0,28,0,119,0.0,1.0,0.0,0.8095238095238095,0.0,1.0,0.4483793517406963,5.5,5.5,5.5,198.0,-0.025563416,80
record,21,na,0,8,0,560,0.0,1.0,0.0,0.9859154929577465,0.0,0.8987341772151899,0.5424107142857143,3.0,3.0,3.0,96.0,-0.025563416,80
pregnant,21,conservative,0,9,0,138,0.0,1.0,0.0,0.9387755102040817,0.0,1.0,0.4847020933977455,3.0,3.0,3.0,96.0,-0.025563416,80
pregnant,21,majority,0,9,0,138,0.0,1.0,0.0,0.9387755102040817,0.0,1.0,0.4847020933977455,3.0,3.0,3.0,96.0,-0.025563416,80
pregnant,21,max_risk,0,9,0,138,0.0,1.0,0.0,0.9387755102040817,0.0,1.0,0.4847020933977455,3.0,3.0,3.0,96.0,-0.025563416,80
record,13,na,0,15,5,537,0.0,0.9907749077490775,0.0,0.9728260869565217,0.0,0.8998384491114702,0.5323493234932349,5.5,3.5,5.5,179.0,-0.026039449,81
pregnant,13,conservative,0,13,4,130,0.0,0.9701492537313433,0.0,0.9090909090909091,0.0,1.0,0.634902411021814,5.5,3.5,5.5,179.0,-0.026039449,81
pregnant,13,majority,0,13,0,134,0.0,1.0,0.0,0.9115646258503401,0.0,1.0,0.634902411021814,5.5,3.5,5.5,179.0,-0.026039449,81
pregnant,13,max_risk,0,13,4,130,0.0,0.9701492537313433,0.0,0.9090909090909091,0.0,1.0,0.634902411021814,5.5,3.5,5.5,179.0,-0.026039449,81
record,18,na,0,22,1,534,0.0,0.9981308411214953,0.0,0.960431654676259,0.0,0.8998384491114702,0.5891248937977911,5.5,5.0,5.5,273.0,-0.026039449,81
pregnant,18,conservative,0,27,1,119,0.0,0.9916666666666667,0.0,0.815068493150685,0.0,1.0,0.5256172839506172,5.5,5.0,5.5,273.0,-0.026039449,81
pregnant,18,majority,0,27,0,120,0.0,1.0,0.0,0.8163265306122449,0.0,1.0,0.5256172839506172,5.5,5.0,5.5,273.0,-0.026039449,81
pregnant,18,max_risk,0,27,1,119,0.0,0.9916666666666667,0.0,0.815068493150685,0.0,1.0,0.5256172839506172,5.5,5.0,5.5,273.0,-0.026039449,81
record,21,na,0,14,0,543,0.0,1.0,0.0,0.9748653500897666,0.0,0.8998384491114702,0.48000526177321756,3.0,3.0,3.0,168.0,-0.026039449,81
pregnant,21,conservative,0,13,0,134,0.0,1.0,0.0,0.9115646258503401,0.0,1.0,0.32835820895522383,3.0,3.0,3.0,168.0,-0.026039449,81
pregnant,21,majority,0,13,0,134,0.0,1.0,0.0,0.9115646258503401,0.0,1.0,0.32835820895522383,3.0,3.0,3.0,168.0,-0.026039449,81
pregnant,21,max_risk,0,13,0,134,0.0,1.0,0.0,0.9115646258503401,0.0,1.0,0.32835820895522383,3.0,3.0,3.0,168.0,-0.026039449,81
record,13,na,0,16,2,539,0.0,0.9963031423290203,0.0,0.9711711711711711,0.0,0.901294498381877,0.4500924214417745,5.5,5.0,5.5,192.0,-0.026354002,82
pregnant,13,conservative,0,16,2,129,0.0,0.9847328244274809,0.0,0.8896551724137931,0.0,1.0,0.5257633587786259,5.5,5.0,5.5,192.0,-0.026354002,82
pregnant,13,majority,0,16,0,131,0.0,1.0,0.0,0.891156462585034,0.0,1.0,0.5257633587786259,5.5,5.0,5.5,192.0,-0.026354002,82
pregnant,13,max_risk,0,16,2,129,0.0,0.9847328244274809,0.0,0.8896551724137931,0.0,1.0,0.5257633587786259,5.5,5.0,5.5,192.0,-0.026354002,82
record,18,na,0,12,0,545,0.0,1.0,0.0,0.9784560143626571,0.0,0.901294498381877,0.6587155963302752,5.5,5.5,5.5,135.0,-0.026354002,82
pregnant,18,conservative,0,18,0,129,0.0,1.0,0.0,0.8775510204081632,0.0,1.0,0.5503875968992248,5.5,5.5,5.5,135.0,-0.026354002,82
pregnant,18,majority,0,18,0,129,0.0,1.0,0.0,0.8775510204081632,0.0,1.0,0.5503875968992248,5.5,5.5,5.5,135.0,-0.026354002,82
pregnant,18,max_risk,0,18,0,129,0.0,1.0,0.0,0.8775510204081632,0.0,1.0,0.5503875968992248,5.5,5.5,5.5,135.0,-0.026354002,82
record,21,na,0,8,0,549,0.0,1.0,0.0,0.9856373429084381,0.0,0.901294498381877,0.592896174863388,3.0,3.0,3.0,96.0,-0.026354002,82
pregnant,21,conservative,0,10,0,137,0.0,1.0,0.0,0.9319727891156463,0.0,1.0,0.3678832116788321,3.0,3.0,3.0,96.0,-0.026354002,82
pregnant,21,majority,0,10,0,137,0.0,1.0,0.0,0.9319727891156463,0.0,1.0,0.3678832116788321,3.0,3.0,3.0,96.0,-0.026354002,82
pregnant,21,max_risk,0,10,0,137,0.0,1.0,0.0,0.9319727891156463,0.0,1.0,0.3678832116788321,3.0,3.0,3.0,96.0,-0.026354002,82
record,13,na,0,21,4,511,0.0,0.9922330097087378,0.0,0.9605263157894737,0.0,0.8963210702341137,0.3398982894128525,5.5,4.5,5.5,260.0,-0.028014503,83
pregnant,13,conservative,0,21,3,123,0.0,0.9761904761904762,0.0,0.8541666666666666,0.0,1.0,0.436885865457294,5.5,4.5,5.5,260.0,-0.028014503,83
pregnant,13,majority,0,21,0,126,0.0,1.0,0.0,0.8571428571428571,0.0,1.0,0.436885865457294,5.5,4.5,5.5,260.0,-0.028014503,83
pregnant,13,max_risk,0,21,3,123,0.0,0.9761904761904762,0.0,0.8541666666666666,0.0,1.0,0.436885865457294,5.5,4.5,5.5,260.0,-0.028014503,83
record,18,na,0,22,1,513,0.0,0.9980544747081712,0.0,0.9588785046728971,0.0,0.8963210702341137,0.5525291828793775,5.5,5.0,5.5,264.0,-0.028014503,83
pregnant,18,conservative,0,28,1,118,0.0,0.9915966386554622,0.0,0.8082191780821918,0.0,1.0,0.460984393757503,5.5,5.0,5.5,264.0,-0.028014503,83
pregnant,18,majority,0,28,0,119,0.0,1.0,0.0,0.8095238095238095,0.0,1.0,0.460984393757503,5.5,5.0,5.5,264.0,-0.028014503,83
pregnant,18,max_risk,0,28,1,118,0.0,0.9915966386554622,0.0,0.8082191780821918,0.0,1.0,0.460984393757503,5.5,5.0,5.5,264.0,-0.028014503,83
record,21,na,0,11,0,525,0.0,1.0,0.0,0.9794776119402985,0.0,0.8963210702341137,0.4211255411255411,3.0,3.0,3.0,132.0,-0.028014503,83
pregnant,21,conservative,0,14,0,133,0.0,1.0,0.0,0.9047619047619048,0.0,1.0,0.3442534908700322,3.0,3.0,3.0,132.0,-0.028014503,83
pregnant,21,majority,0,14,0,133,0.0,1.0,0.0,0.9047619047619048,0.0,1.0,0.3442534908700322,3.0,3.0,3.0,132.0,-0.028014503,83
pregnant,21,max_risk,0,14,0,133,0.0,1.0,0.0,0.9047619047619048,0.0,1.0,0.3442534908700322,3.0,3.0,3.0,132.0,-0.028014503,83
record,13,na,3,20,6,523,0.13043478260869565,0.9886578449905482,0.3333333333333333,0.9631675874769797,0.1875,0.9049180327868852,0.48919207692939914,3.5,3.5,3.5,258.0,-0.02541519,84
pregnant,13,conservative,3,17,6,121,0.15,0.952755905511811,0.3333333333333333,0.8768115942028986,0.20689655172413793,1.0,0.562992125984252,3.5,3.5,3.5,258.0,-0.02541519,84
pregnant,13,majority,0,20,0,127,0.0,1.0,0.0,0.8639455782312925,0.0,1.0,0.562992125984252,3.5,3.5,3.5,258.0,-0.02541519,84
pregnant,13,max_risk,3,17,6,121,0.15,0.952755905511811,0.3333333333333333,0.8768115942028986,0.20689655172413793,1.0,0.562992125984252,3.5,3.5,3.5,258.0,-0.02541519,84
record,18,na,0,30,0,522,0.0,1.0,0.0,0.9456521739130435,0.0,0.9049180327868852,0.5413793103448276,5.0,5.0,5.0,357.0,-0.02541519,84
pregnant,18,conservative,0,36,0,111,0.0,1.0,0.0,0.7551020408163265,0.0,1.0,0.42267267267267267,5.0,5.0,5.0,357.0,-0.02541519,84
pregnant,18,majority,0,36,0,111,0.0,1.0,0.0,0.7551020408163265,0.0,1.0,0.42267267267267267,5.0,5.0,5.0,357.0,-0.02541519,84
pregnant,18,max_risk,0,36,0,111,0.0,1.0,0.0,0.7551020408163265,0.0,1.0,0.42267267267267267,5.0,5.0,5.0,357.0,-0.02541519,84
record,21,na,0,11,0,541,0.0,1.0,0.0,0.980072463768116,0.0,0.9049180327868852,0.35540245336918164,3.0,3.0,3.0,132.0,-0.02541519,84
pregnant,21,conservative,0,12,0,135,0.0,1.0,0.0,0.9183673469387755,0.0,1.0,0.25925925925925924,3.0,3.0,3.0,132.0,-0.02541519,84
pregnant,21,majority,0,12,0,135,0.0,1.0,0.0,0.9183673469387755,0.0,1.0,0.25925925925925924,3.0,3.0,3.0,132.0,-0.02541519,84
pregnant,21,max_risk,0,12,0,135,0.0,1.0,0.0,0.9183673469387755,0.0,1.0,0.25925925925925924,3.0,3.0,3.0,132.0,-0.02541519,84
record,13,na,0,23,1,520,0.0,0.9980806142034548,0.0,0.9576427255985267,0.0,0.8991735537190083,0.3937244429608613,5.5,5.5,5.5,274.0,-0.0274202424,85
pregnant,13,conservative,0,20,1,126,0.0,0.9921259842519685,0.0,0.863013698630137,0.0,1.0,0.4586614173228346,5.5,5.5,5.5,274.0,-0.0274202424,85
pregnant,13,majority,0,20,0,127,0.0,1.0,0.0,0.8639455782312925,0.0,1.0,0.4586614173228346,5.5,5.5,5.5,274.0,-0.0274202424,85
pregnant,13,max_risk,0,20,1,126,0.0,0.9921259842519685,0.0,0.863013698630137,0.0,1.0,0.4586614173228346,5.5,5.5,5.5,274.0,-0.0274202424,85
record,18,na,0,17,0,527,0.0,1.0,0.0,0.96875,0.0,0.8991735537190083,0.5153476950552517,5.0,5.0,5.0,198.0,-0.0274202424,85
pregnant,18,conservative,0,24,0,123,0.0,1.0,0.0,0.8367346938775511,0.0,1.0,0.5582655826558266,5.0,5.0,5.0,198.0,-0.0274202424,85
pregnant,18,majority,0,24,0,123,0.0,1.0,0.0,0.8367346938775511,0.0,1.0,0.5582655826558266,5.0,5.0,5.0,198.0,-0.0274202424,85
pregnant,18,max_risk,0,24,0,123,0.0,1.0,0.0,0.8367346938775511,0.0,1.0,0.5582655826558266,5.0,5.0,5.0,198.0,-0.0274202424,85
record,21,na,0,11,0,533,0.0,1.0,0.0,0.9797794117647058,0.0,0.8991735537190083,0.5906532491898345,3.0,3.0,3.0,132.0,-0.0274202424,85
pregnant,21,conservative,0,11,0,136,0.0,1.0,0.0,0.9251700680272109,0.0,1.0,0.5066844919786095,3.0,3.0,3.0,132.0,-0.0274202424,85
pregnant,21,majority,0,11,0,136,0.0,1.0,0.0,0.9251700680272109,0.0,1.0,0.5066844919786095,3.0,3.0,3.0,132.0,-0.0274202424,85
pregnant,21,max_risk,0,11,0,136,0.0,1.0,0.0,0.9251700680272109,0.0,1.0,0.5066844919786095,3.0,3.0,3.0,132.0,-0.0274202424,85
record,13,na,0,11,4,536,0.0,0.9925925925925926,0.0,0.979890310786106,0.0,0.9003267973856209,0.5745791245791246,3.5,3.5,5.5,137.0,-0.0274051985,86
pregnant,13,conservative,0,15,4,128,0.0,0.9696969696969697,0.0,0.8951048951048951,0.0,1.0,0.6252525252525253,3.5,3.5,5.5,137.0,-0.0274051985,86
pregnant,13,majority,0,15,0,132,0.0,1.0,0.0,0.8979591836734694,0.0,1.0,0.6252525252525253,3.5,3.5,5.5,137.0,-0.0274051985,86
pregnant,13,max_risk,0,15,4,128,0.0,0.9696969696969697,0.0,0.8951048951048951,0.0,1.0,0.6252525252525253,3.5,3.5,5.5,137.0,-0.0274051985,86
record,18,na,0,23,1,527,0.0,0.9981060606060606,0.0,0.9581818181818181,0.0,0.9003267973856209,0.5494071146245059,5.5,5.0,5.5,282.0,-0.0274051985,86
pregnant,18,conservative,0,23,1,123,0.0,0.9919354838709677,0.0,0.8424657534246576,0.0,1.0,0.5845021037868163,5.5,5.0,5.5,282.0,-0.0274051985,86
pregnant,18,majority,0,23,0,124,0.0,1.0,0.0,0.8435374149659864,0.0,1.0,0.5845021037868163,5.5,5.0,5.5,282.0,-0.0274051985,86
pregnant,18,max_risk,0,23,1,123,0.0,0.9919354838709677,0.0,0.8424657534246576,0.0,1.0,0.5845021037868163,5.5,5.0,5.5,282.0,-0.0274051985,86
record,21,na,0,11,0,540,0.0,1.0,0.0,0.9800362976406534,0.0,0.9003267973856209,0.5392255892255892,3.0,3.0,3.0,132.0,-0.0274051985,86
pregnant,21,conservative,0,12,0,135,0.0,1.0,0.0,0.9183673469387755,0.0,1.0,0.43024691358024686,3.0,3.0,3.0,132.0,-0.0274051985,86
pregnant,21,majority,0,12,0,135,0.0,1.0,0.0,0.9183673469387755,0.0,1.0,0.43024691358024686,3.0,3.0,3.0,132.0,-0.0274051985,86
pregnant,21,max_risk,0,12,0,135,0.0,1.0,0.0,0.9183673469387755,0.0,1.0,0.43024691358024686,3.0,3.0,3.0,132.0,-0.0274051985,86
record,13,na,0,18,5,521,0.0,0.9904942965779467,0.0,0.9666048237476809,0.0,0.9036544850498339,0.4583861427967892,5.5,3.5,5.5,219.0,-0.027522729399999998,87
pregnant,13,conservative,0,19,5,123,0.0,0.9609375,0.0,0.8661971830985915,0.0,1.0,0.47656250000000006,5.5,3.5,5.5,219.0,-0.027522729399999998,87
pregnant,13,majority,0,19,0,128,0.0,1.0,0.0,0.8707482993197279,0.0,1.0,0.47656250000000006,5.5,3.5,5.5,219.0,-0.027522729399999998,87
pregnant,13,max_risk,0,19,5,123,0.0,0.9609375,0.0,0.8661971830985915,0.0,1.0,0.47656250000000006,5.5,3.5,5.5,219.0,-0.027522729399999998,87
record,18,na,0,32,0,512,0.0,1.0,0.0,0.9411764705882353,0.0,0.9036544850498339,0.5299072265625,5.0,5.0,5.0,372.0,-0.027522729399999998,87
pregnant,18,conservative,0,33,0,114,0.0,1.0,0.0,0.7755102040816326,0.0,1.0,0.5164805954279639,5.0,5.0,5.0,372.0,-0.027522729399999998,87
pregnant,18,majority,0,33,0,114,0.0,1.0,0.0,0.7755102040816326,0.0,1.0,0.5164805954279639,5.0,5.0,5.0,372.0,-0.027522729399999998,87
pregnant,18,max_risk,0,33,0,114,0.0,1.0,0.0,0.7755102040816326,0.0,1.0,0.5164805954279639,5.0,5.0,5.0,372.0,-0.027522729399999998,87
record,21,na,0,14,0,530,0.0,1.0,0.0,0.9742647058823529,0.0,0.9036544850498339,0.5107816711590297,3.0,3.0,3.0,168.0,-0.027522729399999998,87
pregnant,21,conservative,0,12,0,135,0.0,1.0,0.0,0.9183673469387755,0.0,1.0,0.3709876543209877,3.0,3.0,3.0,168.0,-0.027522729399999998,87
pregnant,21,majority,0,12,0,135,0.0,1.0,0.0,0.9183673469387755,0.0,1.0,0.3709876543209877,3.0,3.0,3.0,168.0,-0.027522729399999998,87
pregnant,21,max_risk,0,12,0,135,0.0,1.0,0.0,0.9183673469387755,0.0,1.0,0.3709876543209877,3.0,3.0,3.0,168.0,-0.027522729399999998,87
record,13,na,0,26,1,520,0.0,0.9980806142034548,0.0,0.9523809523809523,0.0,0.9041322314049587,0.39812490772183673,5.5,5.5,5.5,304.0,-0.025741726099999997,88
pregnant,13,conservative,0,25,1,121,0.0,0.9918032786885246,0.0,0.8287671232876712,0.0,1.0,0.4075409836065573,5.5,5.5,5.5,304.0,-0.025741726099999997,88
pregnant,13,majority,0,25,0,122,0.0,1.0,0.0,0.8299319727891157,0.0,1.0,0.4075409836065573,5.5,5.5,5.5,304.0,-0.025741726099999997,88
pregnant,13,max_risk,0,25,1,121,0.0,0.9918032786885246,0.0,0.8287671232876712,0.0,1.0,0.4075409836065573,5.5,5.5,5.5,304.0,-0.025741726099999997,88
record,18,na,0,19,1,527,0.0,0.9981060606060606,0.0,0.9652014652014652,0.0,0.9041322314049587,0.5328947368421053,5.5,5.0,5.5,216.0,-0.025741726099999997,88
pregnant,18,conservative,0,26,1,120,0.0,0.9917355371900827,0.0,0.821917808219178,0.0,1.0,0.4609027336300064,5.5,5.0,5.5,216.0,-0.025741726099999997,88
pregnant,18,majority,0,26,0,121,0.0,1.0,0.0,0.8231292517006803,0.0,1.0,0.4609027336300064,5.5,5.0,5.5,216.0,-0.025741726099999997,88
pregnant,18,max_risk,0,26,1,120,0.0,0.9917355371900827,0.0,0.821917808219178,0.0,1.0,0.4609027336300064,5.5,5.0,5.5,216.0,-0.025741726099999997,88
record,21,na,0,11,0,536,0.0,1.0,0.0,0.979890310786106,0.0,0.9041322314049587,0.40926051560379917,3.0,3.0,3.0,132.0,-0.025741726099999997,88
pregnant,21,conservative,0,11,0,136,0.0,1.0,0.0,0.9251700680272109,0.0,1.0,0.32553475935828874,3.0,3.0,3.0,132.0,-0.025741726099999997,88
pregnant,21,majority,0,11,0,136,0.0,1.0,0.0,0.9251700680272109,0.0,1.0,0.32553475935828874,3.0,3.0,3.0,132.0,-0.025741726099999997,88
pregnant,21,max_risk,0,11,0,136,0.0,1.0,0.0,0.9251700680272109,0.0,1.0,0.32553475935828874,3.0,3.0,3.0,132.0,-0.025741726099999997,88
record,13,na,0,16,0,535,0.0,1.0,0.0,0.9709618874773139,0.0,0.8959349593495934,0.30969626168224296,5.5,5.5,5.5,192.0,-0.0270976426,89
pregnant,13,conservative,0,18,0,129,0.0,1.0,0.0,0.8775510204081632,0.0,1.0,0.39922480620155043,5.5,5.5,5.5,192.0,-0.0270976426,89
pregnant,13,majority,0,18,0,129,0.0,1.0,0.0,0.8775510204081632,0.0,1.0,0.39922480620155043,5.5,5.5,5.5,192.0,-0.0270976426,89
pregnant,13,max_risk,0,18,0,129,0.0,1.0,0.0,0.8775510204081632,0.0,1.0,0.39922480620155043,5.5,5.5,5.5,192.0,-0.0270976426,89
record,18,na,0,26,0,525,0.0,1.0,0.0,0.9528130671506352,0.0,0.8959349593495934,0.5077655677655678,5.0,5.0,5.0,333.0,-0.0270976426,89
pregnant,18,conservative,0,35,0,112,0.0,1.0,0.0,0.7619047619047619,0.0,1.0,0.45229591836734695,5.0,5.0,5.0,333.0,-0.0270976426,89
pregnant,18,majority,0,35,0,112,0.0,1.0,0.0,0.7619047619047619,0.0,1.0,0.45229591836734695,5.0,5.0,5.0,333.0,-0.0270976426,89
pregnant,18,max_risk,0,35,0,112,0.0,1.0,0.0,0.7619047619047619,0.0,1.0,0.45229591836734695,5.0,5.0,5.0,333.0,-0.0270976426,89
record,21,na,0,10,0,541,0.0,1.0,0.0,0.9818511796733213,0.0,0.8959349593495934,0.37597042513863216,3.0,3.0,3.0,120.0,-0.0270976426,89
pregnant,21,conservative,0,9,0,138,0.0,1.0,0.0,0.9387755102040817,0.0,1.0,0.2359098228663446,3.0,3.0,3.0,120.0,-0.0270976426,89
pregnant,21,majority,0,9,0,138,0.0,1.0,0.0,0.9387755102040817,0.0,1.0,0.2359098228663446,3.0,3.0,3.0,120.0,-0.0270976426,89
pregnant,21,max_risk,0,9,0,138,0.0,1.0,0.0,0.9387755102040817,0.0,1.0,0.2359098228663446,3.0,3.0,3.0,120.0,-0.0270976426,89
record,13,na,0,14,4,533,0.0,0.9925512104283054,0.0,0.9744058500914077,0.0,0.9032786885245901,0.4635541367384942,3.5,3.5,5.0,168.0,-0.028723326,90
pregnant,13,conservative,0,16,4,127,0.0,0.9694656488549618,0.0,0.8881118881118881,0.0,1.0,0.42175572519083976,3.5,3.5,5.0,168.0,-0.028723326,90
pregnant,13,majority,0,16,0,131,0.0,1.0,0.0,0.891156462585034,0.0,1.0,0.42175572519083976,3.5,3.5,5.0,168.0,-0.028723326,90
pregnant,13,max_risk,0,16,4,127,0.0,0.9694656488549618,0.0,0.8881118881118881,0.0,1.0,0.42175572519083976,3.5,3.5,5.0,168.0,-0.028723326,90
record,18,na,0,36,0,515,0.0,1.0,0.0,0.9346642468239564,0.0,0.9032786885245901,0.5449838187702265,5.5,5.5,5.5,429.0,-0.028723326,90
pregnant,18,conservative,0,39,0,108,0.0,1.0,0.0,0.7346938775510204,0.0,1.0,0.49548907882241217,5.5,5.5,5.5,429.0,-0.028723326,90
pregnant,18,majority,0,39,0,108,0.0,1.0,0.0,0.7346938775510204,0.0,1.0,0.49548907882241217,5.5,5.5,5.5,429.0,-0.028723326,90
pregnant,18,max_risk,0,39,0,108,0.0,1.0,0.0,0.7346938775510204,0.0,1.0,0.49548907882241217,5.5,5.5,5.5,429.0,-0.028723326,90
record,21,na,0,10,0,541,0.0,1.0,0.0,0.9818511796733213,0.0,0.9032786885245901,0.31330868761552677,3.0,3.0,3.0,120.0,-0.028723326,90
pregnant,21,conservative,0,11,0,136,0.0,1.0,0.0,0.9251700680272109,0.0,1.0,0.2647058823529412,3.0,3.0,3.0,120.0,-0.028723326,90
pregnant,21,majority,0,11,0,136,0.0,1.0,0.0,0.9251700680272109,0.0,1.0,0.2647058823529412,3.0,3.0,3.0,120.0,-0.028723326,90
pregnant,21,max_risk,0,11,0,136,0.0,1.0,0.0,0.9251700680272109,0.0,1.0,0.2647058823529412,3.0,3.0,3.0,120.0,-0.028723326,90
record,13,na,4,10,7,517,0.2857142857142857,0.9866412213740458,0.36363636363636365,0.9810246679316889,0.32,0.8981636060100167,0.6177753544165758,3.5,3.5,3.5,148.0,-0.0248312732,91
pregnant,13,conservative,4,12,7,124,0.25,0.9465648854961832,0.36363636363636365,0.9117647058823529,0.2962962962962963,1.0,0.5162213740458015,3.5,3.5,3.5,148.0,-0.0248312732,91
pregnant,13,majority,0,16,0,131,0.0,1.0,0.0,0.891156462585034,0.0,1.0,0.5162213740458015,3.5,3.5,3.5,148.0,-0.0248312732,91
pregnant,13,max_risk,4,12,7,124,0.25,0.9465648854961832,0.36363636363636365,0.9117647058823529,0.2962962962962963,1.0,0.5162213740458015,3.5,3.5,3.5,148.0,-0.0248312732,91
record,18,na,0,29,1,508,0.0,0.9980353634577603,0.0,0.9459962756052142,0.0,0.8981636060100167,0.6229930221529707,5.0,4.5,5.0,345.0,-0.0248312732,91
pregnant,18,conservative,0,28,1,118,0.0,0.9915966386554622,0.0,0.8082191780821918,0.0,1.0,0.5507202881152461,5.0,4.5,5.0,345.0,-0.0248312732,91
pregnant,18,majority,0,28,0,119,0.0,1.0,0.0,0.8095238095238095,0.0,1.0,0.5507202881152461,5.0,4.5,5.0,345.0,-0.0248312732,91
pregnant,18,max_risk,0,28,1,118,0.0,0.9915966386554622,0.0,0.8082191780821918,0.0,1.0,0.5507202881152461,5.0,4.5,5.0,345.0,-0.0248312732,91
record,21,na,0,11,0,527,0.0,1.0,0.0,0.9795539033457249,0.0,0.8981636060100167,0.46351561152320164,3.0,3.0,3.0,132.0,-0.0248312732,91
pregnant,21,conservative,0,11,0,136,0.0,1.0,0.0,0.9251700680272109,0.0,1.0,0.2747326203208556,3.0,3.0,3.0,132.0,-0.0248312732,91
pregnant,21,majority,0,11,0,136,0.0,1.0,0.0,0.9251700680272109,0.0,1.0,0.2747326203208556,3.0,3.0,3.0,132.0,-0.0248312732,91
pregnant,21,max_risk,0,11,0,136,0.0,1.0,0.0,0.9251700680272109,0.0,1.0,0.2747326203208556,3.0,3.0,3.0,132.0,-0.0248312732,91
record,13,na,0,13,0,532,0.0,1.0,0.0,0.9761467889908257,0.0,0.9008264462809917,0.4871312897628687,5.5,5.5,5.5,156.0,-0.02665626,92
pregnant,13,conservative,0,19,0,128,0.0,1.0,0.0,0.8707482993197279,0.0,1.0,0.5234375,5.5,5.5,5.5,156.0,-0.02665626,92
pregnant,13,majority,0,19,0,128,0.0,1.0,0.0,0.8707482993197279,0.0,1.0,0.5234375,5.5,5.5,5.5,156.0,-0.02665626,92
pregnant,13,max_risk,0,19,0,128,0.0,1.0,0.0,0.8707482993197279,0.0,1.0,0.5234375,5.5,5.5,5.5,156.0,-0.02665626,92
record,18,na,0,17,1,527,0.0,0.9981060606060606,0.0,0.96875,0.0,0.9008264462809917,0.5963680926916222,5.5,5.0,5.5,216.0,-0.02665626,92
pregnant,18,conservative,0,31,1,115,0.0,0.9913793103448276,0.0,0.7876712328767124,0.0,1.0,0.5044493882091212,5.5,5.0,5.5,216.0,-0.02665626,92
pregnant,18,majority,0,31,0,116,0.0,1.0,0.0,0.7891156462585034,0.0,1.0,0.5044493882091212,5.5,5.0,5.5,216.0,-0.02665626,92
pregnant,18,max_risk,0,31,1,115,0.0,0.9913793103448276,0.0,0.7876712328767124,0.0,1.0,0.5044493882091212,5.5,5.0,5.5,216.0,-0.02665626,92
record,21,na,0,8,0,537,0.0,1.0,0.0,0.9853211009174312,0.0,0.9008264462809917,0.5598230912476723,3.0,3.0,3.0,96.0,-0.02665626,92
pregnant,21,conservative,0,9,0,138,0.0,1.0,0.0,0.9387755102040817,0.0,1.0,0.44605475040257647,3.0,3.0,3.0,96.0,-0.02665626,92
pregnant,21,majority,0,9,0,138,0.0,1.0,0.0,0.9387755102040817,0.0,1.0,0.44605475040257647,3.0,3.0,3.0,96.0,-0.02665626,92
pregnant,21,max_risk,0,9,0,138,0.0,1.0,0.0,0.9387755102040817,0.0,1.0,0.44605475040257647,3.0,3.0,3.0,96.0,-0.02665626,92
record,13,na,0,20,4,513,0.0,0.9922630560928434,0.0,0.9624765478424016,0.0,0.8935108153078203,0.4943907156673114,5.5,3.5,5.5,247.0,-0.028799272,93
pregnant,13,conservative,0,18,3,126,0.0,0.9767441860465116,0.0,0.875,0.0,1.0,0.5645994832041343,5.5,3.5,5.5,247.0,-0.028799272,93
pregnant,13,majority,0,18,0,129,0.0,1.0,0.0,0.8775510204081632,0.0,1.0,0.5645994832041343,5.5,3.5,5.5,247.0,-0.028799272,93
pregnant,13,max_risk,0,18,3,126,0.0,0.9767441860465116,0.0,0.875,0.0,1.0,0.5645994832041343,5.5,3.5,5.5,247.0,-0.028799272,93
record,18,na,0,24,1,512,0.0,0.9980506822612085,0.0,0.9552238805970149,0.0,0.8935108153078203,0.5401234567901235,5.5,5.0,5.5,291.0,-0.028799272,93
pregnant,18,conservative,0,33,1,113,0.0,0.9912280701754386,0.0,0.773972602739726,0.0,1.0,0.5369484316852737,5.5,5.0,5.5,291.0,-0.028799272,93
pregnant,18,majority,0,33,0,114,0.0,1.0,0.0,0.7755102040816326,0.0,1.0,0.5369484316852737,5.5,5.0,5.5,291.0,-0.028799272,93
pregnant,18,max_risk,0,33,1,113,0.0,0.9912280701754386,0.0,0.773972602739726,0.0,1.0,0.5369484316852737,5.5,5.0,5.5,291.0,-0.028799272,93
record,21,na,0,14,0,523,0.0,1.0,0.0,0.9739292364990689,0.0,0.8935108153078203,0.5035509423654739,3.0,3.0,3.0,168.0,-0.028799272,93
pregnant,21,conservative,0,14,0,133,0.0,1.0,0.0,0.9047619047619048,0.0,1.0,0.359828141783029,3.0,3.0,3.0,168.0,-0.028799272,93
pregnant,21,majority,0,14,0,133,0.0,1.0,0.0,0.9047619047619048,0.0,1.0,0.359828141783029,3.0,3.0,3.0,168.0,-0.028799272,93
pregnant,21,max_risk,0,14,0,133,0.0,1.0,0.0,0.9047619047619048,0.0,1.0,0.359828141783029,3.0,3.0,3.0,168.0,-0.028799272,93
record,13,na,1,13,6,539,0.07142857142857142,0.9889908256880734,0.14285714285714285,0.9764492753623188,0.09523809523809523,0.9030694668820679,0.4985583224115334,3.5,3.5,5.0,145.0,-0.0245863663,94
pregnant,13,conservative,1,12,6,128,0.07692307692307693,0.9552238805970149,0.14285714285714285,0.9142857142857143,0.1,1.0,0.5757749712973594,3.5,3.5,5.0,145.0,-0.0245863663,94
pregnant,13,majority,0,13,0,134,0.0,1.0,0.0,0.9115646258503401,0.0,1.0,0.5757749712973594,3.5,3.5,5.0,145.0,-0.0245863663,94
pregnant,13,max_risk,1,12,6,128,0.07692307692307693,0.9552238805970149,0.14285714285714285,0.9142857142857143,0.1,1.0,0.5757749712973594,3.5,3.5,5.0,145.0,-0.0245863663,94
record,18,na,0,13,0,546,0.0,1.0,0.0,0.9767441860465116,0.0,0.9030694668820679,0.5570583262890956,5.5,5.5,5.5,144.0,-0.0245863663,94
pregnant,18,conservative,0,17,0,130,0.0,1.0,0.0,0.8843537414965986,0.0,1.0,0.5941176470588236,5.5,5.5,5.5,144.0,-0.0245863663,94
pregnant,18,majority,0,17,0,130,0.0,1.0,0.0,0.8843537414965986,0.0,1.0,0.5941176470588236,5.5,5.5,5.5,144.0,-0.0245863663,94
pregnant,18,max_risk,0,17,0,130,0.0,1.0,0.0,0.8843537414965986,0.0,1.0,0.5941176470588236,5.5,5.5,5.5,144.0,-0.0245863663,94
record,21,na,0,6,0,553,0.0,1.0,0.0,0.9892665474060823,0.0,0.9030694668820679,0.8022905364677517,3.0,3.0,3.0,72.0,-0.0245863663,94
pregnant,21,conservative,0,7,0,140,0.0,1.0,0.0,0.9523809523809523,0.0,1.0,0.5765306122448979,3.0,3.0,3.0,72.0,-0.0245863663,94
pregnant,21,majority,0,7,0,140,0.0,1.0,0.0,0.9523809523809523,0.0,1.0,0.5765306122448979,3.0,3.0,3.0,72.0,-0.0245863663,94
pregnant,21,max_risk,0,7,0,140,0.0,1.0,0.0,0.9523809523809523,0.0,1.0,0.5765306122448979,3.0,3.0,3.0,72.0,-0.0245863663,94
record,13,na,0,14,1,530,0.0,0.9981167608286252,0.0,0.9742647058823529,0.0,0.8949096880131363,0.4881624966370729,5.5,5.5,5.5,172.0,-0.0263791055,95
pregnant,13,conservative,0,16,1,130,0.0,0.9923664122137404,0.0,0.8904109589041096,0.0,1.0,0.43034351145038163,5.5,5.5,5.5,172.0,-0.0263791055,95
pregnant,13,majority,0,16,0,131,0.0,1.0,0.0,0.891156462585034,0.0,1.0,0.43034351145038163,5.5,5.5,5.5,172.0,-0.0263791055,95
pregnant,13,max_risk,0,16,1,130,0.0,0.9923664122137404,0.0,0.8904109589041096,0.0,1.0,0.43034351145038163,5.5,5.5,5.5,172.0,-0.0263791055,95
record,18,na,0,10,1,534,0.0,0.9981308411214953,0.0,0.9816176470588235,0.0,0.8949096880131363,0.6011214953271029,5.5,5.0,5.5,132.0,-0.0263791055,95
pregnant,18,conservative,0,24,1,122,0.0,0.991869918699187,0.0,0.8356164383561644,0.0,1.0,0.4695121951219512,5.5,5.0,5.5,132.0,-0.0263791055,95
pregnant,18,majority,0,24,0,123,0.0,1.0,0.0,0.8367346938775511,0.0,1.0,0.4695121951219512,5.5,5.0,5.5,132.0,-0.0263791055,95
pregnant,18,max_risk,0,24,1,122,0.0,0.991869918699187,0.0,0.8356164383561644,0.0,1.0,0.4695121951219512,5.5,5.0,5.5,132.0,-0.0263791055,95
record,21,na,0,10,0,535,0.0,1.0,0.0,0.981651376146789,0.0,0.8949096880131363,0.562429906542056,3.0,3.0,3.0,120.0,-0.0263791055,95
pregnant,21,conservative,0,10,0,137,0.0,1.0,0.0,0.9319727891156463,0.0,1.0,0.5014598540145985,3.0,3.0,3.0,120.0,-0.0263791055,95
pregnant,21,majority,0,10,0,137,0.0,1.0,0.0,0.9319727891156463,0.0,1.0,0.5014598540145985,3.0,3.0,3.0,120.0,-0.0263791055,95
pregnant,21,max_risk,0,10,0,137,0.0,1.0,0.0,0.9319727891156463,0.0,1.0,0.5014598540145985,3.0,3.0,3.0,120.0,-0.0263791055,95
record,13,na,0,10,0,521,0.0,1.0,0.0,0.9811676082862524,0.0,0.8984771573604061,0.3880998080614203,5.5,5.5,5.5,108.0,-0.027175497,96
pregnant,13,conservative,0,18,0,129,0.0,1.0,0.0,0.8775510204081632,0.0,1.0,0.5361757105943152,5.5,5.5,5.5,108.0,-0.027175497,96
pregnant,13,majority,0,18,0,129,0.0,1.0,0.0,0.8775510204081632,0.0,1.0,0.5361757105943152,5.5,5.5,5.5,108.0,-0.027175497,96
pregnant,13,max_risk,0,18,0,129,0.0,1.0,0.0,0.8775510204081632,0.0,1.0,0.5361757105943152,5.5,5.5,5.5,108.0,-0.027175497,96
record,18,na,0,16,0,515,0.0,1.0,0.0,0.9698681732580038,0.0,0.8984771573604061,0.5923543689320389,5.0,5.0,5.0,180.0,-0.027175497,96
pregnant,18,conservative,0,20,0,127,0.0,1.0,0.0,0.8639455782312925,0.0,1.0,0.5248031496062993,5.0,5.0,5.0,180.0,-0.027175497,96
pregnant,18,majority,0,20,0,127,0.0,1.0,0.0,0.8639455782312925,0.0,1.0,0.5248031496062993,5.0,5.0,5.0,180.0,-0.027175497,96
pregnant,18,max_risk,0,20,0,127,0.0,1.0,0.0,0.8639455782312925,0.0,1.0,0.5248031496062993,5.0,5.0,5.0,180.0,-0.027175497,96
record,21,na,0,8,0,523,0.0,1.0,0.0,0.9849340866290018,0.0,0.8984771573604061,0.5583173996175909,3.0,3.0,3.0,96.0,-0.027175497,96
pregnant,21,conservative,0,8,0,139,0.0,1.0,0.0,0.9455782312925171,0.0,1.0,0.3803956834532374,3.0,3.0,3.0,96.0,-0.027175497,96
pregnant,21,majority,0,8,0,139,0.0,1.0,0.0,0.9455782312925171,0.0,1.0,0.3803956834532374,3.0,3.0,3.0,96.0,-0.027175497,96
pregnant,21,max_risk,0,8,0,139,0.0,1.0,0.0,0.9455782312925171,0.0,1.0,0.3803956834532374,3.0,3.0,3.0,96.0,-0.027175497,96
record,13,na,0,13,2,548,0.0,0.9963636363636363,0.0,0.9768270944741533,0.0,0.8936507936507937,0.5472727272727272,5.5,5.5,5.5,164.0,-0.026564639,97
pregnant,13,conservative,0,15,2,130,0.0,0.9848484848484849,0.0,0.896551724137931,0.0,1.0,0.3934343434343434,5.5,5.5,5.5,164.0,-0.026564639,97
pregnant,13,majority,0,15,0,132,0.0,1.0,0.0,0.8979591836734694,0.0,1.0,0.3934343434343434,5.5,5.5,5.5,164.0,-0.026564639,97
pregnant,13,max_risk,0,15,2,130,0.0,0.9848484848484849,0.0,0.896551724137931,0.0,1.0,0.3934343434343434,5.5,5.5,5.5,164.0,-0.026564639,97
record,18,na,0,24,1,538,0.0,0.9981447124304267,0.0,0.9572953736654805,0.0,0.8936507936507937,0.6066790352504638,5.5,5.0,5.5,309.0,-0.026564639,97
pregnant,18,conservative,0,30,1,116,0.0,0.9914529914529915,0.0,0.7945205479452054,0.0,1.0,0.4185185185185186,5.5,5.0,5.5,309.0,-0.026564639,97
pregnant,18,majority,0,30,0,117,0.0,1.0,0.0,0.7959183673469388,0.0,1.0,0.4185185185185186,5.5,5.0,5.5,309.0,-0.026564639,97
pregnant,18,max_risk,0,30,1,116,0.0,0.9914529914529915,0.0,0.7945205479452054,0.0,1.0,0.4185185185185186,5.5,5.0,5.5,309.0,-0.026564639,97
record,21,na,0,11,0,552,0.0,1.0,0.0,0.9804618117229129,0.0,0.8936507936507937,0.3763175230566535,3.0,3.0,3.0,132.0,-0.026564639,97
pregnant,21,conservative,0,13,0,134,0.0,1.0,0.0,0.9115646258503401,0.0,1.0,0.29219288174512054,3.0,3.0,3.0,132.0,-0.026564639,97
pregnant,21,majority,0,13,0,134,0.0,1.0,0.0,0.9115646258503401,0.0,1.0,0.29219288174512054,3.0,3.0,3.0,132.0,-0.026564639,97
pregnant,21,max_risk,0,13,0,134,0.0,1.0,0.0,0.9115646258503401,0.0,1.0,0.29219288174512054,3.0,3.0,3.0,132.0,-0.026564639,97
record,13,na,0,24,6,535,0.0,0.988909426987061,0.0,0.9570661896243292,0.0,0.905448717948718,0.4584873690696241,3.5,3.5,5.5,287.0,-0.0266729885,98
pregnant,13,conservative,0,21,5,121,0.0,0.9603174603174603,0.0,0.852112676056338,0.0,1.0,0.5219198790627362,3.5,3.5,5.5,287.0,-0.0266729885,98
pregnant,13,majority,0,21,0,126,0.0,1.0,0.0,0.8571428571428571,0.0,1.0,0.5219198790627362,3.5,3.5,5.5,287.0,-0.0266729885,98
pregnant,13,max_risk,0,21,5,121,0.0,0.9603174603174603,0.0,0.852112676056338,0.0,1.0,0.5219198790627362,3.5,3.5,5.5,287.0,-0.0266729885,98
record,18,na,0,27,0,538,0.0,1.0,0.0,0.952212389380531,0.0,0.905448717948718,0.5923172242874845,5.5,5.5,5.5,306.0,-0.0266729885,98
pregnant,18,conservative,0,26,0,121,0.0,1.0,0.0,0.8231292517006803,0.0,1.0,0.48474253019707564,5.5,5.5,5.5,306.0,-0.0266729885,98
pregnant,18,majority,0,26,0,121,0.0,1.0,0.0,0.8231292517006803,0.0,1.0,0.48474253019707564,5.5,5.5,5.5,306.0,-0.0266729885,98
pregnant,18,max_risk,0,26,0,121,0.0,1.0,0.0,0.8231292517006803,0.0,1.0,0.48474253019707564,5.5,5.5,5.5,306.0,-0.0266729885,98
record,21,na,0,13,0,552,0.0,1.0,0.0,0.9769911504424779,0.0,0.905448717948718,0.3935340022296544,3.0,3.0,3.0,156.0,-0.0266729885,98
pregnant,21,conservative,0,15,0,132,0.0,1.0,0.0,0.8979591836734694,0.0,1.0,0.2914141414141414,3.0,3.0,3.0,156.0,-0.0266729885,98
pregnant,21,majority,0,15,0,132,0.0,1.0,0.0,0.8979591836734694,0.0,1.0,0.2914141414141414,3.0,3.0,3.0,156.0,-0.0266729885,98
pregnant,21,max_risk,0,15,0,132,0.0,1.0,0.0,0.8979591836734694,0.0,1.0,0.2914141414141414,3.0,3.0,3.0,156.0,-0.0266729885,98
record,13,na,0,15,1,509,0.0,0.9980392156862745,0.0,0.9713740458015268,0.0,0.8959044368600683,0.5139869281045751,5.5,5.5,5.5,184.0,-0.027004345,99
pregnant,13,conservative,0,17,1,129,0.0,0.9923076923076923,0.0,0.8835616438356164,0.0,1.0,0.485972850678733,5.5,5.5,5.5,184.0,-0.027004345,99
pregnant,13,majority,0,17,0,130,0.0,1.0,0.0,0.8843537414965986,0.0,1.0,0.485972850678733,5.5,5.5,5.5,184.0,-0.027004345,99
pregnant,13,max_risk,0,17,1,129,0.0,0.9923076923076923,0.0,0.8835616438356164,0.0,1.0,0.485972850678733,5.5,5.5,5.5,184.0,-0.027004345,99
record,18,na,0,23,1,501,0.0,0.99800796812749,0.0,0.9561068702290076,0.0,0.8959044368600683,0.5939719383336219,5.5,5.0,5.5,276.0,-0.027004345,99
pregnant,18,conservative,0,31,1,115,0.0,0.9913793103448276,0.0,0.7876712328767124,0.0,1.0,0.4769187986651835,5.5,5.0,5.5,276.0,-0.027004345,99
pregnant,18,majority,0,31,0,116,0.0,1.0,0.0,0.7891156462585034,0.0,1.0,0.4769187986651835,5.5,5.0,5.5,276.0,-0.027004345,99
pregnant,18,max_risk,0,31,1,115,0.0,0.9913793103448276,0.0,0.7876712328767124,0.0,1.0,0.4769187986651835,5.5,5.0,5.5,276.0,-0.027004345,99
record,21,na,0,13,0,512,0.0,1.0,0.0,0.9752380952380952,0.0,0.8959044368600683,0.42367788461538464,3.0,3.0,3.0,156.0,-0.027004345,99
pregnant,21,conservative,0,15,0,132,0.0,1.0,0.0,0.8979591836734694,0.0,1.0,0.3242424242424242,3.0,3.0,3.0,156.0,-0.027004345,99
pregnant,21,majority,0,15,0,132,0.0,1.0,0.0,0.8979591836734694,0.0,1.0,0.3242424242424242,3.0,3.0,3.0,156.0,-0.027004345,99
pregnant,21,max_risk,0,15,0,132,0.0,1.0,0.0,0.8979591836734694,0.0,1.0,0.3242424242424242,3.0,3.0,3.0,156.0,-0.027004345,99
record,13,na,0,14,9,533,0.0,0.9833948339483395,0.0,0.9744058500914077,0.0,0.8938906752411575,0.4561149182920401,5.0,3.5,5.0,177.0,-0.0263590227,100
pregnant,13,conservative,0,12,9,126,0.0,0.9333333333333333,0.0,0.9130434782608695,0.0,1.0,0.47530864197530864,5.0,3.5,5.0,177.0,-0.0263590227,100
pregnant,13,majority,0,12,0,135,0.0,1.0,0.0,0.9183673469387755,0.0,1.0,0.47530864197530864,5.0,3.5,5.0,177.0,-0.0263590227,100
pregnant,13,max_risk,0,12,9,126,0.0,0.9333333333333333,0.0,0.9130434782608695,0.0,1.0,0.47530864197530864,5.0,3.5,5.0,177.0,-0.0263590227,100
record,18,na,0,22,1,533,0.0,0.99812734082397,0.0,0.9603603603603603,0.0,0.8938906752411575,0.6287878787878788,5.5,5.0,5.5,282.0,-0.0263590227,100
pregnant,18,conservative,0,24,1,122,0.0,0.991869918699187,0.0,0.8356164383561644,0.0,1.0,0.5877371273712737,5.5,5.0,5.5,282.0,-0.0263590227,100
pregnant,18,majority,0,24,0,123,0.0,1.0,0.0,0.8367346938775511,0.0,1.0,0.5877371273712737,5.5,5.0,5.5,282.0,-0.0263590227,100
pregnant,18,max_risk,0,24,1,122,0.0,0.991869918699187,0.0,0.8356164383561644,0.0,1.0,0.5877371273712737,5.5,5.0,5.5,282.0,-0.0263590227,100
record,21,na,0,9,0,547,0.0,1.0,0.0,0.9838129496402878,0.0,0.8938906752411575,0.5819622181596588,3.0,3.0,3.0,108.0,-0.0263590227,100
pregnant,21,conservative,0,9,0,138,0.0,1.0,0.0,0.9387755102040817,0.0,1.0,0.45008051529790655,3.0,3.0,3.0,108.0,-0.0263590227,100
pregnant,21,majority,0,9,0,138,0.0,1.0,0.0,0.9387755102040817,0.0,1.0,0.45008051529790655,3.0,3.0,3.0,108.0,-0.0263590227,100
pregnant,21,max_risk,0,9,0,138,0.0,1.0,0.0,0.9387755102040817,0.0,1.0,0.45008051529790655,3.0,3.0,3.0,108.0,-0.0263590227,100
record,13,na,0,9,6,517,0.0,0.988527724665392,0.0,0.9828897338403042,0.0,0.9001692047377327,0.5266624176758019,3.5,3.5,5.5,115.0,-0.026404209,101
pregnant,13,conservative,0,11,6,130,0.0,0.9558823529411765,0.0,0.9219858156028369,0.0,1.0,0.625,3.5,3.5,5.5,115.0,-0.026404209,101
pregnant,13,majority,0,11,0,136,0.0,1.0,0.0,0.9251700680272109,0.0,1.0,0.625,3.5,3.5,5.5,115.0,-0.026404209,101
pregnant,13,max_risk,0,11,6,130,0.0,0.9558823529411765,0.0,0.9219858156028369,0.0,1.0,0.625,3.5,3.5,5.5,115.0,-0.026404209,101
record,18,na,0,22,1,509,0.0,0.9980392156862745,0.0,0.9585687382297552,0.0,0.9001692047377327,0.6105169340463458,5.5,5.0,5.5,258.0,-0.026404209,101
pregnant,18,conservative,0,22,1,124,0.0,0.992,0.0,0.8493150684931506,0.0,1.0,0.6450909090909092,5.5,5.0,5.5,258.0,-0.026404209,101
pregnant,18,majority,0,22,0,125,0.0,1.0,0.0,0.8503401360544217,0.0,1.0,0.6450909090909092,5.5,5.0,5.5,258.0,-0.026404209,101
pregnant,18,max_risk,0,22,1,124,0.0,0.992,0.0,0.8493150684931506,0.0,1.0,0.6450909090909092,5.5,5.0,5.5,258.0,-0.026404209,101
record,21,na,0,16,0,516,0.0,1.0,0.0,0.9699248120300752,0.0,0.9001692047377327,0.5272529069767442,3.0,3.0,3.0,192.0,-0.026404209,101
pregnant,21,conservative,0,17,0,130,0.0,1.0,0.0,0.8843537414965986,0.0,1.0,0.39004524886877834,3.0,3.0,3.0,192.0,-0.026404209,101
pregnant,21,majority,0,17,0,130,0.0,1.0,0.0,0.8843537414965986,0.0,1.0,0.39004524886877834,3.0,3.0,3.0,192.0,-0.026404209,101
pregnant,21,max_risk,0,17,0,130,0.0,1.0,0.0,0.8843537414965986,0.0,1.0,0.39004524886877834,3.0,3.0,3.0,192.0,-0.026404209,101
record,13,na,0,12,3,521,0.0,0.9942748091603053,0.0,0.9774859287054409,0.0,0.9008403361344538,0.3975826972010178,5.5,4.5,5.5,144.0,-0.0285609308,102
pregnant,13,conservative,0,18,2,127,0.0,0.9844961240310077,0.0,0.8758620689655172,0.0,1.0,0.363479758828596,5.5,4.5,5.5,144.0,-0.0285609308,102
pregnant,13,majority,0,18,0,129,0.0,1.0,0.0,0.8775510204081632,0.0,1.0,0.363479758828596,5.5,4.5,5.5,144.0,-0.0285609308,102
pregnant,13,max_risk,0,18,2,127,0.0,0.9844961240310077,0.0,0.8758620689655172,0.0,1.0,0.363479758828596,5.5,4.5,5.5,144.0,-0.0285609308,102
record,18,na,0,25,4,507,0.0,0.9921722113502935,0.0,0.9530075187969925,0.0,0.9008403361344538,0.5213307240704501,5.5,4.5,5.5,300.0,-0.0285609308,102
pregnant,18,conservative,0,33,4,110,0.0,0.9649122807017544,0.0,0.7692307692307693,0.0,1.0,0.49601275917065396,5.5,4.5,5.5,300.0,-0.0285609308,102
pregnant,18,majority,0,33,0,114,0.0,1.0,0.0,0.7755102040816326,0.0,1.0,0.49601275917065396,5.5,4.5,5.5,300.0,-0.0285609308,102
pregnant,18,max_risk,0,33,4,110,0.0,0.9649122807017544,0.0,0.7692307692307693,0.0,1.0,0.49601275917065396,5.5,4.5,5.5,300.0,-0.0285609308,102
record,21,na,0,13,0,523,0.0,1.0,0.0,0.9757462686567164,0.0,0.9008403361344538,0.4355052213560818,3.0,3.0,3.0,156.0,-0.0285609308,102
pregnant,21,conservative,0,14,0,133,0.0,1.0,0.0,0.9047619047619048,0.0,1.0,0.341031149301826,3.0,3.0,3.0,156.0,-0.0285609308,102
pregnant,21,majority,0,14,0,133,0.0,1.0,0.0,0.9047619047619048,0.0,1.0,0.341031149301826,3.0,3.0,3.0,156.0,-0.0285609308,102
pregnant,21,max_risk,0,14,0,133,0.0,1.0,0.0,0.9047619047619048,0.0,1.0,0.341031149301826,3.0,3.0,3.0,156.0,-0.0285609308,102
record,13,na,0,8,6,519,0.0,0.9885714285714285,0.0,0.9848197343453511,0.0,0.9003378378378378,0.42023809523809524,5.5,3.5,5.5,104.0,-0.0279208806,103
pregnant,13,conservative,0,12,6,129,0.0,0.9555555555555556,0.0,0.9148936170212766,0.0,1.0,0.47530864197530864,5.5,3.5,5.5,104.0,-0.0279208806,103
pregnant,13,majority,0,12,0,135,0.0,1.0,0.0,0.9183673469387755,0.0,1.0,0.47530864197530864,5.5,3.5,5.5,104.0,-0.0279208806,103
pregnant,13,max_risk,0,12,6,129,0.0,0.9555555555555556,0.0,0.9148936170212766,0.0,1.0,0.47530864197530864,5.5,3.5,5.5,104.0,-0.0279208806,103
record,18,na,0,18,2,513,0.0,0.996116504854369,0.0,0.9661016949152542,0.0,0.9003378378378378,0.5274002157497303,5.0,4.5,5.0,213.0,-0.0279208806,103
pregnant,18,conservative,0,28,2,117,0.0,0.9831932773109243,0.0,0.8068965517241379,0.0,1.0,0.5102040816326531,5.0,4.5,5.0,213.0,-0.0279208806,103
pregnant,18,majority,0,28,0,119,0.0,1.0,0.0,0.8095238095238095,0.0,1.0,0.5102040816326531,5.0,4.5,5.0,213.0,-0.0279208806,103
pregnant,18,max_risk,0,28,2,117,0.0,0.9831932773109243,0.0,0.8068965517241379,0.0,1.0,0.5102040816326531,5.0,4.5,5.0,213.0,-0.0279208806,103
record,21,na,0,13,0,520,0.0,1.0,0.0,0.975609756097561,0.0,0.9003378378378378,0.5075443786982249,3.0,3.0,3.0,156.0,-0.0279208806,103
pregnant,21,conservative,0,12,0,135,0.0,1.0,0.0,0.9183673469387755,0.0,1.0,0.34506172839506166,3.0,3.0,3.0,156.0,-0.0279208806,103
pregnant,21,majority,0,12,0,135,0.0,1.0,0.0,0.9183673469387755,0.0,1.0,0.34506172839506166,3.0,3.0,3.0,156.0,-0.0279208806,103
pregnant,21,max_risk,0,12,0,135,0.0,1.0,0.0,0.9183673469387755,0.0,1.0,0.34506172839506166,3.0,3.0,3.0,156.0,-0.0279208806,103
record,13,na,3,17,2,526,0.15,0.9962121212121212,0.6,0.9686924493554327,0.24,0.8998357963875205,0.5745265151515151,3.5,3.5,3.5,209.0,-0.024803009,104
pregnant,13,conservative,3,13,2,129,0.1875,0.9847328244274809,0.6,0.9084507042253521,0.2857142857142857,1.0,0.5873091603053435,3.5,3.5,3.5,209.0,-0.024803009,104
pregnant,13,majority,0,16,0,131,0.0,1.0,0.0,0.891156462585034,0.0,1.0,0.5873091603053435,3.5,3.5,3.5,209.0,-0.024803009,104
pregnant,13,max_risk,3,13,2,129,0.1875,0.9847328244274809,0.6,0.9084507042253521,0.2857142857142857,1.0,0.5873091603053435,3.5,3.5,3.5,209.0,-0.024803009,104
record,18,na,0,28,1,519,0.0,0.9980769230769231,0.0,0.9488117001828154,0.0,0.8998357963875205,0.5792582417582417,5.5,5.0,5.5,336.0,-0.024803009,104
pregnant,18,conservative,0,27,1,119,0.0,0.9916666666666667,0.0,0.815068493150685,0.0,1.0,0.48024691358024685,5.5,5.0,5.5,336.0,-0.024803009,104
pregnant,18,majority,0,27,0,120,0.0,1.0,0.0,0.8163265306122449,0.0,1.0,0.48024691358024685,5.5,5.0,5.5,336.0,-0.024803009,104
pregnant,18,max_risk,0,27,1,119,0.0,0.9916666666666667,0.0,0.815068493150685,0.0,1.0,0.48024691358024685,5.5,5.0,5.5,336.0,-0.024803009,104
record,21,na,0,13,0,535,0.0,1.0,0.0,0.9762773722627737,0.0,0.8998357963875205,0.4464414090582315,3.0,3.0,3.0,156.0,-0.024803009,104
pregnant,21,conservative,0,14,0,133,0.0,1.0,0.0,0.9047619047619048,0.0,1.0,0.33458646616541354,3.0,3.0,3.0,156.0,-0.024803009,104
pregnant,21,majority,0,14,0,133,0.0,1.0,0.0,0.9047619047619048,0.0,1.0,0.33458646616541354,3.0,3.0,3.0,156.0,-0.024803009,104
pregnant,21,max_risk,0,14,0,133,0.0,1.0,0.0,0.9047619047619048,0.0,1.0,0.33458646616541354,3.0,3.0,3.0,156.0,-0.024803009,104
record,13,na,0,19,1,523,0.0,0.9980916030534351,0.0,0.9649446494464945,0.0,0.8945634266886326,0.4208517476898353,5.5,5.5,5.5,241.0,-0.02665626,105
pregnant,13,conservative,0,19,1,127,0.0,0.9921875,0.0,0.8698630136986302,0.0,1.0,0.4921875,5.5,5.5,5.5,241.0,-0.02665626,105
pregnant,13,majority,0,19,0,128,0.0,1.0,0.0,0.8707482993197279,0.0,1.0,0.4921875,5.5,5.5,5.5,241.0,-0.02665626,105
pregnant,13,max_risk,0,19,1,127,0.0,0.9921875,0.0,0.8698630136986302,0.0,1.0,0.4921875,5.5,5.5,5.5,241.0,-0.02665626,105
record,18,na,0,26,1,516,0.0,0.9980657640232108,0.0,0.9520295202952029,0.0,0.8945634266886326,0.6259485195655409,5.5,5.0,5.5,342.0,-0.02665626,105
pregnant,18,conservative,0,34,1,112,0.0,0.9911504424778761,0.0,0.7671232876712328,0.0,1.0,0.5640291514836023,5.5,5.0,5.5,342.0,-0.02665626,105
pregnant,18,majority,0,34,0,113,0.0,1.0,0.0,0.7687074829931972,0.0,1.0,0.5640291514836023,5.5,5.0,5.5,342.0,-0.02665626,105
pregnant,18,max_risk,0,34,1,112,0.0,0.9911504424778761,0.0,0.7671232876712328,0.0,1.0,0.5640291514836023,5.5,5.0,5.5,342.0,-0.02665626,105
record,21,na,0,16,0,527,0.0,1.0,0.0,0.9705340699815838,0.0,0.8945634266886326,0.4881404174573054,3.0,3.0,3.0,192.0,-0.02665626,105
pregnant,21,conservative,0,16,0,131,0.0,1.0,0.0,0.891156462585034,0.0,1.0,0.4756679389312977,3.0,3.0,3.0,192.0,-0.02665626,105
pregnant,21,majority,0,16,0,131,0.0,1.0,0.0,0.891156462585034,0.0,1.0,0.4756679389312977,3.0,3.0,3.0,192.0,-0.02665626,105
pregnant,21,max_risk,0,16,0,131,0.0,1.0,0.0,0.891156462585034,0.0,1.0,0.4756679389312977,3.0,3.0,3.0,192.0,-0.02665626,105
record,13,na,0,14,0,522,0.0,1.0,0.0,0.9738805970149254,0.0,0.8963210702341137,0.5028735632183908,5.5,5.5,5.5,192.0,-0.027175497,106
pregnant,13,conservative,0,23,0,124,0.0,1.0,0.0,0.8435374149659864,0.0,1.0,0.46037868162692847,5.5,5.5,5.5,192.0,-0.027175497,106
pregnant,13,majority,0,23,0,124,0.0,1.0,0.0,0.8435374149659864,0.0,1.0,0.46037868162692847,5.5,5.5,5.5,192.0,-0.027175497,106
pregnant,13,max_risk,0,23,0,124,0.0,1.0,0.0,0.8435374149659864,0.0,1.0,0.46037868162692847,5.5,5.5,5.5,192.0,-0.027175497,106
record,18,na,0,25,1,510,0.0,0.9980430528375733,0.0,0.9532710280373832,0.0,0.8963210702341137,0.574481409001957,5.5,5.0,5.5,327.0,-0.027175497,106
pregnant,18,conservative,0,34,1,112,0.0,0.9911504424778761,0.0,0.7671232876712328,0.0,1.0,0.47761582509109834,5.5,5.0,5.5,327.0,-0.027175497,106
pregnant,18,majority,0,34,0,113,0.0,1.0,0.0,0.7687074829931972,0.0,1.0,0.47761582509109834,5.5,5.0,5.5,327.0,-0.027175497,106
pregnant,18,max_risk,0,34,1,112,0.0,0.9911504424778761,0.0,0.7671232876712328,0.0,1.0,0.47761582509109834,5.5,5.0,5.5,327.0,-0.027175497,106
record,21,na,0,9,0,527,0.0,1.0,0.0,0.9832089552238806,0.0,0.8963210702341137,0.5142314990512333,3.0,3.0,3.0,108.0,-0.027175497,106
pregnant,21,conservative,0,13,0,134,0.0,1.0,0.0,0.9115646258503401,0.0,1.0,0.39380022962112515,3.0,3.0,3.0,108.0,-0.027175497,106
pregnant,21,majority,0,13,0,134,0.0,1.0,0.0,0.9115646258503401,0.0,1.0,0.39380022962112515,3.0,3.0,3.0,108.0,-0.027175497,106
pregnant,21,max_risk,0,13,0,134,0.0,1.0,0.0,0.9115646258503401,0.0,1.0,0.39380022962112515,3.0,3.0,3.0,108.0,-0.027175497,106
record,13,na,0,22,0,512,0.0,1.0,0.0,0.9588014981273408,0.0,0.8944723618090452,0.34383877840909094,5.5,5.5,5.5,270.0,-0.026501346999999998,107
pregnant,13,conservative,0,23,0,124,0.0,1.0,0.0,0.8435374149659864,0.0,1.0,0.4305750350631136,5.5,5.5,5.5,270.0,-0.026501346999999998,107
pregnant,13,majority,0,23,0,124,0.0,1.0,0.0,0.8435374149659864,0.0,1.0,0.4305750350631136,5.5,5.5,5.5,270.0,-0.026501346999999998,107
pregnant,13,max_risk,0,23,0,124,0.0,1.0,0.0,0.8435374149659864,0.0,1.0,0.4305750350631136,5.5,5.5,5.5,270.0,-0.026501346999999998,107
record,18,na,0,19,0,515,0.0,1.0,0.0,0.9644194756554307,0.0,0.8944723618090452,0.6181911088400613,5.0,5.0,5.0,231.0,-0.026501346999999998,107
pregnant,18,conservative,0,28,0,119,0.0,1.0,0.0,0.8095238095238095,0.0,1.0,0.48619447779111646,5.0,5.0,5.0,231.0,-0.026501346999999998,107
pregnant,18,majority,0,28,0,119,0.0,1.0,0.0,0.8095238095238095,0.0,1.0,0.48619447779111646,5.0,5.0,5.0,231.0,-0.026501346999999998,107
pregnant,18,max_risk,0,28,0,119,0.0,1.0,0.0,0.8095238095238095,0.0,1.0,0.48619447779111646,5.0,5.0,5.0,231.0,-0.026501346999999998,107
record,21,na,0,13,0,521,0.0,1.0,0.0,0.9756554307116105,0.0,0.8944723618090452,0.29986711944485456,3.0,3.0,3.0,156.0,-0.026501346999999998,107
pregnant,21,conservative,0,16,0,131,0.0,1.0,0.0,0.891156462585034,0.0,1.0,0.2495229007633588,3.0,3.0,3.0,156.0,-0.026501346999999998,107
pregnant,21,majority,0,16,0,131,0.0,1.0,0.0,0.891156462585034,0.0,1.0,0.2495229007633588,3.0,3.0,3.0,156.0,-0.026501346999999998,107
pregnant,21,max_risk,0,16,0,131,0.0,1.0,0.0,0.891156462585034,0.0,1.0,0.2495229007633588,3.0,3.0,3.0,156.0,-0.026501346999999998,107
record,13,na,0,22,0,530,0.0,1.0,0.0,0.9601449275362319,0.0,0.8990228013029316,0.35102915951972546,5.5,5.5,5.5,264.0,-0.0279091778,108
pregnant,13,conservative,0,22,0,125,0.0,1.0,0.0,0.8503401360544217,0.0,1.0,0.5301818181818181,5.5,5.5,5.5,264.0,-0.0279091778,108
pregnant,13,majority,0,22,0,125,0.0,1.0,0.0,0.8503401360544217,0.0,1.0,0.5301818181818181,5.5,5.5,5.5,264.0,-0.0279091778,108
pregnant,13,max_risk,0,22,0,125,0.0,1.0,0.0,0.8503401360544217,0.0,1.0,0.5301818181818181,5.5,5.5,5.5,264.0,-0.0279091778,108
record,18,na,0,33,0,519,0.0,1.0,0.0,0.9402173913043478,0.0,0.8990228013029316,0.5255444619606469,5.0,5.0,5.0,399.0,-0.0279091778,108
pregnant,18,conservative,0,35,0,112,0.0,1.0,0.0,0.7619047619047619,0.0,1.0,0.4704081632653061,5.0,5.0,5.0,399.0,-0.0279091778,108
pregnant,18,majority,0,35,0,112,0.0,1.0,0.0,0.7619047619047619,0.0,1.0,0.4704081632653061,5.0,5.0,5.0,399.0,-0.0279091778,108
pregnant,18,max_risk,0,35,0,112,0.0,1.0,0.0,0.7619047619047619,0.0,1.0,0.4704081632653061,5.0,5.0,5.0,399.0,-0.0279091778,108
record,21,na,0,10,0,542,0.0,1.0,0.0,0.9818840579710145,0.0,0.8990228013029316,0.4038745387453875,3.0,3.0,3.0,120.0,-0.0279091778,108
pregnant,21,conservative,0,11,0,136,0.0,1.0,0.0,0.9251700680272109,0.0,1.0,0.2774064171122994,3.0,3.0,3.0,120.0,-0.0279091778,108
pregnant,21,majority,0,11,0,136,0.0,1.0,0.0,0.9251700680272109,0.0,1.0,0.2774064171122994,3.0,3.0,3.0,120.0,-0.0279091778,108
pregnant,21,max_risk,0,11,0,136,0.0,1.0,0.0,0.9251700680272109,0.0,1.0,0.2774064171122994,3.0,3.0,3.0,120.0,-0.0279091778,108
record,13,na,0,10,2,534,0.0,0.996268656716418,0.0,0.9816176470588235,0.0,0.8980263157894737,0.46791044776119395,5.5,5.5,5.5,125.0,-0.02541519,109
pregnant,13,conservative,0,11,2,134,0.0,0.9852941176470589,0.0,0.9241379310344827,0.0,1.0,0.4618983957219251,5.5,5.5,5.5,125.0,-0.02541519,109
pregnant,13,majority,0,11,0,136,0.0,1.0,0.0,0.9251700680272109,0.0,1.0,0.4618983957219251,5.5,5.5,5.5,125.0,-0.02541519,109
pregnant,13,max_risk,0,11,2,134,0.0,0.9852941176470589,0.0,0.9241379310344827,0.0,1.0,0.4618983957219251,5.5,5.5,5.5,125.0,-0.02541519,109
record,18,na,0,21,0,525,0.0,1.0,0.0,0.9615384615384616,0.0,0.8980263157894737,0.5295238095238095,5.0,5.0,5.0,252.0,-0.02541519,109
pregnant,18,conservative,0,28,0,119,0.0,1.0,0.0,0.8095238095238095,0.0,1.0,0.47809123649459784,5.0,5.0,5.0,252.0,-0.02541519,109
pregnant,18,majority,0,28,0,119,0.0,1.0,0.0,0.8095238095238095,0.0,1.0,0.47809123649459784,5.0,5.0,5.0,252.0,-0.02541519,109
pregnant,18,max_risk,0,28,0,119,0.0,1.0,0.0,0.8095238095238095,0.0,1.0,0.47809123649459784,5.0,5.0,5.0,252.0,-0.02541519,109
record,21,na,0,9,0,537,0.0,1.0,0.0,0.9835164835164835,0.0,0.8980263157894737,0.3983033312642251,3.0,3.0,3.0,108.0,-0.02541519,109
pregnant,21,conservative,0,8,0,139,0.0,1.0,0.0,0.9455782312925171,0.0,1.0,0.23741007194244607,3.0,3.0,3.0,108.0,-0.02541519,109
pregnant,21,majority,0,8,0,139,0.0,1.0,0.0,0.9455782312925171,0.0,1.0,0.23741007194244607,3.0,3.0,3.0,108.0,-0.02541519,109
pregnant,21,max_risk,0,8,0,139,0.0,1.0,0.0,0.9455782312925171,0.0,1.0,0.23741007194244607,3.0,3.0,3.0,108.0,-0.02541519,109
record,13,na,0,22,2,517,0.0,0.9961464354527938,0.0,0.9591836734693877,0.0,0.8971807628524047,0.38833420914345773,5.5,5.5,5.5,272.0,-0.0281398673,110
pregnant,13,conservative,0,23,2,122,0.0,0.9838709677419355,0.0,0.8413793103448276,0.0,1.0,0.514726507713885,5.5,5.5,5.5,272.0,-0.0281398673,110
pregnant,13,majority,0,23,0,124,0.0,1.0,0.0,0.8435374149659864,0.0,1.0,0.514726507713885,5.5,5.5,5.5,272.0,-0.0281398673,110
pregnant,13,max_risk,0,23,2,122,0.0,0.9838709677419355,0.0,0.8413793103448276,0.0,1.0,0.514726507713885,5.5,5.5,5.5,272.0,-0.0281398673,110
record,18,na,0,32,1,508,0.0,0.9980353634577603,0.0,0.9407407407407408,0.0,0.8971807628524047,0.519032416502947,5.5,5.0,5.5,396.0,-0.0281398673,110
pregnant,18,conservative,0,37,1,109,0.0,0.990909090909091,0.0,0.7465753424657534,0.0,1.0,0.571990171990172,5.5,5.0,5.5,396.0,-0.0281398673,110
pregnant,18,majority,0,37,0,110,0.0,1.0,0.0,0.7482993197278912,0.0,1.0,0.571990171990172,5.5,5.0,5.5,396.0,-0.0281398673,110
pregnant,18,max_risk,0,37,1,109,0.0,0.990909090909091,0.0,0.7465753424657534,0.0,1.0,0.571990171990172,5.5,5.0,5.5,396.0,-0.0281398673,110
record,21,na,0,16,0,525,0.0,1.0,0.0,0.9704251386321626,0.0,0.8971807628524047,0.46309523809523806,3.0,3.0,3.0,192.0,-0.0281398673,110
pregnant,21,conservative,0,17,0,130,0.0,1.0,0.0,0.8843537414965986,0.0,1.0,0.3932126696832579,3.0,3.0,3.0,192.0,-0.0281398673,110
pregnant,21,majority,0,17,0,130,0.0,1.0,0.0,0.8843537414965986,0.0,1.0,0.3932126696832579,3.0,3.0,3.0,192.0,-0.0281398673,110
pregnant,21,max_risk,0,17,0,130,0.0,1.0,0.0,0.8843537414965986,0.0,1.0,0.3932126696832579,3.0,3.0,3.0,192.0,-0.0281398673,110
record,13,na,0,18,2,522,0.0,0.9961832061068703,0.0,0.9666666666666667,0.0,0.8988391376451078,0.4139100932994063,5.5,5.0,5.5,211.0,-0.02712642,111
pregnant,13,conservative,0,21,2,124,0.0,0.9841269841269841,0.0,0.8551724137931035,0.0,1.0,0.4406651549508692,5.5,5.0,5.5,211.0,-0.02712642,111
pregnant,13,majority,0,21,0,126,0.0,1.0,0.0,0.8571428571428571,0.0,1.0,0.4406651549508692,5.5,5.0,5.5,211.0,-0.02712642,111
pregnant,13,max_risk,0,21,2,124,0.0,0.9841269841269841,0.0,0.8551724137931035,0.0,1.0,0.4406651549508692,5.5,5.0,5.5,211.0,-0.02712642,111
record,18,na,0,29,1,512,0.0,0.9980506822612085,0.0,0.9463955637707948,0.0,0.8988391376451078,0.5562949519392351,5.5,5.0,5.5,357.0,-0.02712642,111
pregnant,18,conservative,0,37,1,109,0.0,0.990909090909091,0.0,0.7465753424657534,0.0,1.0,0.4933660933660934,5.5,5.0,5.5,357.0,-0.02712642,111
pregnant,18,majority,0,37,0,110,0.0,1.0,0.0,0.7482993197278912,0.0,1.0,0.4933660933660934,5.5,5.0,5.5,357.0,-0.02712642,111
pregnant,18,max_risk,0,37,1,109,0.0,0.990909090909091,0.0,0.7465753424657534,0.0,1.0,0.4933660933660934,5.5,5.0,5.5,357.0,-0.02712642,111
record,21,na,0,16,0,526,0.0,1.0,0.0,0.9704797047970479,0.0,0.8988391376451078,0.6007604562737643,3.0,3.0,3.0,192.0,-0.02712642,111
pregnant,21,conservative,0,16,0,131,0.0,1.0,0.0,0.891156462585034,0.0,1.0,0.44322519083969464,3.0,3.0,3.0,192.0,-0.02712642,111
pregnant,21,majority,0,16,0,131,0.0,1.0,0.0,0.891156462585034,0.0,1.0,0.44322519083969464,3.0,3.0,3.0,192.0,-0.02712642,111
pregnant,21,max_risk,0,16,0,131,0.0,1.0,0.0,0.891156462585034,0.0,1.0,0.44322519083969464,3.0,3.0,3.0,192.0,-0.02712642,111
record,13,na,0,19,3,521,0.0,0.9942748091603053,0.0,0.9648148148148148,0.0,0.8990066225165563,0.52591402169546,5.0,4.0,5.0,236.0,-0.027131895399999998,112
pregnant,13,conservative,0,22,3,122,0.0,0.976,0.0,0.8472222222222222,0.0,1.0,0.45745454545454545,5.0,4.0,5.0,236.0,-0.027131895399999998,112
pregnant,13,majority,0,22,0,125,0.0,1.0,0.0,0.8503401360544217,0.0,1.0,0.45745454545454545,5.0,4.0,5.0,236.0,-0.027131895399999998,112
pregnant,13,max_risk,0,22,3,122,0.0,0.976,0.0,0.8472222222222222,0.0,1.0,0.45745454545454545,5.0,4.0,5.0,236.0,-0.027131895399999998,112
record,18,na,0,23,0,520,0.0,1.0,0.0,0.9576427255985267,0.0,0.8990066225165563,0.5934782608695652,4.5,4.5,4.5,285.0,-0.027131895399999998,112
pregnant,18,conservative,0,30,0,117,0.0,1.0,0.0,0.7959183673469388,0.0,1.0,0.5928774928774928,4.5,4.5,4.5,285.0,-0.027131895399999998,112
pregnant,18,majority,0,30,0,117,0.0,1.0,0.0,0.7959183673469388,0.0,1.0,0.5928774928774928,4.5,4.5,4.5,285.0,-0.027131895399999998,112
pregnant,18,max_risk,0,30,0,117,0.0,1.0,0.0,0.7959183673469388,0.0,1.0,0.5928774928774928,4.5,4.5,4.5,285.0,-0.027131895399999998,112
record,21,na,0,18,0,525,0.0,1.0,0.0,0.9668508287292817,0.0,0.8990066225165563,0.5579894179894179,3.0,3.0,3.0,216.0,-0.027131895399999998,112
pregnant,21,conservative,0,19,0,128,0.0,1.0,0.0,0.8707482993197279,0.0,1.0,0.4617598684210526,3.0,3.0,3.0,216.0,-0.027131895399999998,112
pregnant,21,majority,0,19,0,128,0.0,1.0,0.0,0.8707482993197279,0.0,1.0,0.4617598684210526,3.0,3.0,3.0,216.0,-0.027131895399999998,112
pregnant,21,max_risk,0,19,0,128,0.0,1.0,0.0,0.8707482993197279,0.0,1.0,0.4617598684210526,3.0,3.0,3.0,216.0,-0.027131895399999998,112
record,13,na,0,12,1,528,0.0,0.998109640831758,0.0,0.9777777777777777,0.0,0.8912685337726524,0.46487082545683683,5.5,5.5,5.5,157.0,-0.0249160658,113
pregnant,13,conservative,0,17,1,129,0.0,0.9923076923076923,0.0,0.8835616438356164,0.0,1.0,0.5090497737556561,5.5,5.5,5.5,157.0,-0.0249160658,113
pregnant,13,majority,0,17,0,130,0.0,1.0,0.0,0.8843537414965986,0.0,1.0,0.5090497737556561,5.5,5.5,5.5,157.0,-0.0249160658,113
pregnant,13,max_risk,0,17,1,129,0.0,0.9923076923076923,0.0,0.8835616438356164,0.0,1.0,0.5090497737556561,5.5,5.5,5.5,157.0,-0.0249160658,113
record,18,na,0,15,0,526,0.0,1.0,0.0,0.9722735674676525,0.0,0.8912685337726524,0.5839036755386565,5.0,5.0,5.0,186.0,-0.0249160658,113
pregnant,18,conservative,0,24,0,123,0.0,1.0,0.0,0.8367346938775511,0.0,1.0,0.5281165311653117,5.0,5.0,5.0,186.0,-0.0249160658,113
pregnant,18,majority,0,24,0,123,0.0,1.0,0.0,0.8367346938775511,0.0,1.0,0.5281165311653117,5.0,5.0,5.0,186.0,-0.0249160658,113
pregnant,18,max_risk,0,24,0,123,0.0,1.0,0.0,0.8367346938775511,0.0,1.0,0.5281165311653117,5.0,5.0,5.0,186.0,-0.0249160658,113
record,21,na,0,11,0,530,0.0,1.0,0.0,0.9796672828096118,0.0,0.8912685337726524,0.4953687821612349,3.0,3.0,3.0,132.0,-0.0249160658,113
pregnant,21,conservative,0,13,0,134,0.0,1.0,0.0,0.9115646258503401,0.0,1.0,0.33754305396096446,3.0,3.0,3.0,132.0,-0.0249160658,113
pregnant,21,majority,0,13,0,134,0.0,1.0,0.0,0.9115646258503401,0.0,1.0,0.33754305396096446,3.0,3.0,3.0,132.0,-0.0249160658,113
pregnant,21,max_risk,0,13,0,134,0.0,1.0,0.0,0.9115646258503401,0.0,1.0,0.33754305396096446,3.0,3.0,3.0,132.0,-0.0249160658,113
record,13,na,0,6,0,533,0.0,1.0,0.0,0.9888682745825603,0.0,0.8968386023294509,0.273921200750469,5.5,5.5,5.5,72.0,-0.0279790328,114
pregnant,13,conservative,0,16,0,131,0.0,1.0,0.0,0.891156462585034,0.0,1.0,0.5424618320610687,5.5,5.5,5.5,72.0,-0.0279790328,114
pregnant,13,majority,0,16,0,131,0.0,1.0,0.0,0.891156462585034,0.0,1.0,0.5424618320610687,5.5,5.5,5.5,72.0,-0.0279790328,114
pregnant,13,max_risk,0,16,0,131,0.0,1.0,0.0,0.891156462585034,0.0,1.0,0.5424618320610687,5.5,5.5,5.5,72.0,-0.0279790328,114
record,18,na,0,15,1,523,0.0,0.9980916030534351,0.0,0.9721189591078067,0.0,0.8968386023294509,0.44287531806615776,5.5,5.0,5.5,186.0,-0.0279790328,114
pregnant,18,conservative,0,18,1,128,0.0,0.9922480620155039,0.0,0.8767123287671232,0.0,1.0,0.5762273901808785,5.5,5.0,5.5,186.0,-0.0279790328,114
pregnant,18,majority,0,18,0,129,0.0,1.0,0.0,0.8775510204081632,0.0,1.0,0.5762273901808785,5.5,5.0,5.5,186.0,-0.0279790328,114
pregnant,18,max_risk,0,18,1,128,0.0,0.9922480620155039,0.0,0.8767123287671232,0.0,1.0,0.5762273901808785,5.5,5.0,5.5,186.0,-0.0279790328,114
record,21,na,0,9,0,530,0.0,1.0,0.0,0.9833024118738405,0.0,0.8968386023294509,0.6134171907756814,3.0,3.0,3.0,108.0,-0.0279790328,114
pregnant,21,conservative,0,11,0,136,0.0,1.0,0.0,0.9251700680272109,0.0,1.0,0.4759358288770053,3.0,3.0,3.0,108.0,-0.0279790328,114
pregnant,21,majority,0,11,0,136,0.0,1.0,0.0,0.9251700680272109,0.0,1.0,0.4759358288770053,3.0,3.0,3.0,108.0,-0.0279790328,114
pregnant,21,max_risk,0,11,0,136,0.0,1.0,0.0,0.9251700680272109,0.0,1.0,0.4759358288770053,3.0,3.0,3.0,108.0,-0.0279790328,114
record,13,na,0,11,5,513,0.0,0.9903474903474904,0.0,0.9790076335877863,0.0,0.8981324278438031,0.458932958932959,5.5,3.5,5.5,123.0,-0.027325234599999998,115
pregnant,13,conservative,0,15,3,129,0.0,0.9772727272727273,0.0,0.8958333333333334,0.0,1.0,0.5282828282828284,5.5,3.5,5.5,123.0,-0.027325234599999998,115
pregnant,13,majority,0,15,0,132,0.0,1.0,0.0,0.8979591836734694,0.0,1.0,0.5282828282828284,5.5,3.5,5.5,123.0,-0.027325234599999998,115
pregnant,13,max_risk,0,15,3,129,0.0,0.9772727272727273,0.0,0.8958333333333334,0.0,1.0,0.5282828282828284,5.5,3.5,5.5,123.0,-0.027325234599999998,115
record,18,na,0,30,1,498,0.0,0.9979959919839679,0.0,0.9431818181818182,0.0,0.8981324278438031,0.5668002672010688,5.5,5.0,5.5,357.0,-0.027325234599999998,115
pregnant,18,conservative,0,37,1,109,0.0,0.990909090909091,0.0,0.7465753424657534,0.0,1.0,0.5147420147420148,5.5,5.0,5.5,357.0,-0.027325234599999998,115
pregnant,18,majority,0,37,0,110,0.0,1.0,0.0,0.7482993197278912,0.0,1.0,0.5147420147420148,5.5,5.0,5.5,357.0,-0.027325234599999998,115
pregnant,18,max_risk,0,37,1,109,0.0,0.990909090909091,0.0,0.7465753424657534,0.0,1.0,0.5147420147420148,5.5,5.0,5.5,357.0,-0.027325234599999998,115
record,21,na,0,12,0,517,0.0,1.0,0.0,0.9773156899810964,0.0,0.8981324278438031,0.47840103159252095,3.0,3.0,3.0,144.0,-0.027325234599999998,115
pregnant,21,conservative,0,15,0,132,0.0,1.0,0.0,0.8979591836734694,0.0,1.0,0.3702020202020202,3.0,3.0,3.0,144.0,-0.027325234599999998,115
pregnant,21,majority,0,15,0,132,0.0,1.0,0.0,0.8979591836734694,0.0,1.0,0.3702020202020202,3.0,3.0,3.0,144.0,-0.027325234599999998,115
pregnant,21,max_risk,0,15,0,132,0.0,1.0,0.0,0.8979591836734694,0.0,1.0,0.3702020202020202,3.0,3.0,3.0,144.0,-0.027325234599999998,115
record,13,na,0,11,0,543,0.0,1.0,0.0,0.98014440433213,0.0,0.8978930307941653,0.42842792566549476,5.5,5.5,5.5,132.0,-0.0288124278,116
pregnant,13,conservative,0,19,0,128,0.0,1.0,0.0,0.8707482993197279,0.0,1.0,0.4506578947368421,5.5,5.5,5.5,132.0,-0.0288124278,116
pregnant,13,majority,0,19,0,128,0.0,1.0,0.0,0.8707482993197279,0.0,1.0,0.4506578947368421,5.5,5.5,5.5,132.0,-0.0288124278,116
pregnant,13,max_risk,0,19,0,128,0.0,1.0,0.0,0.8707482993197279,0.0,1.0,0.4506578947368421,5.5,5.5,5.5,132.0,-0.0288124278,116
record,18,na,0,25,0,529,0.0,1.0,0.0,0.9548736462093863,0.0,0.8978930307941653,0.5441965973534971,5.5,5.5,5.5,288.0,-0.0288124278,116
pregnant,18,conservative,0,34,0,113,0.0,1.0,0.0,0.7687074829931972,0.0,1.0,0.4823008849557522,5.5,5.5,5.5,288.0,-0.0288124278,116
pregnant,18,majority,0,34,0,113,0.0,1.0,0.0,0.7687074829931972,0.0,1.0,0.4823008849557522,5.5,5.5,5.5,288.0,-0.0288124278,116
pregnant,18,max_risk,0,34,0,113,0.0,1.0,0.0,0.7687074829931972,0.0,1.0,0.4823008849557522,5.5,5.5,5.5,288.0,-0.0288124278,116
record,21,na,0,9,0,545,0.0,1.0,0.0,0.983754512635379,0.0,0.8978930307941653,0.5131498470948013,3.0,3.0,3.0,108.0,-0.0288124278,116
pregnant,21,conservative,0,11,0,136,0.0,1.0,0.0,0.9251700680272109,0.0,1.0,0.38703208556149726,3.0,3.0,3.0,108.0,-0.0288124278,116
pregnant,21,majority,0,11,0,136,0.0,1.0,0.0,0.9251700680272109,0.0,1.0,0.38703208556149726,3.0,3.0,3.0,108.0,-0.0288124278,116
pregnant,21,max_risk,0,11,0,136,0.0,1.0,0.0,0.9251700680272109,0.0,1.0,0.38703208556149726,3.0,3.0,3.0,108.0,-0.0288124278,116
record,13,na,0,15,1,532,0.0,0.99812382739212,0.0,0.9725776965265083,0.0,0.8998357963875205,0.36047529706066295,5.5,5.5,5.5,184.0,-0.028179055,117
pregnant,13,conservative,0,17,1,129,0.0,0.9923076923076923,0.0,0.8835616438356164,0.0,1.0,0.3583710407239819,5.5,5.5,5.5,184.0,-0.028179055,117
pregnant,13,majority,0,17,0,130,0.0,1.0,0.0,0.8843537414965986,0.0,1.0,0.3583710407239819,5.5,5.5,5.5,184.0,-0.028179055,117
pregnant,13,max_risk,0,17,1,129,0.0,0.9923076923076923,0.0,0.8835616438356164,0.0,1.0,0.3583710407239819,5.5,5.5,5.5,184.0,-0.028179055,117
record,18,na,0,21,0,527,0.0,1.0,0.0,0.9616788321167883,0.0,0.8998357963875205,0.491912894189934,5.0,5.0,5.0,258.0,-0.028179055,117
pregnant,18,conservative,0,29,0,118,0.0,1.0,0.0,0.8027210884353742,0.0,1.0,0.4774985388661601,5.0,5.0,5.0,258.0,-0.028179055,117
pregnant,18,majority,0,29,0,118,0.0,1.0,0.0,0.8027210884353742,0.0,1.0,0.4774985388661601,5.0,5.0,5.0,258.0,-0.028179055,117
pregnant,18,max_risk,0,29,0,118,0.0,1.0,0.0,0.8027210884353742,0.0,1.0,0.4774985388661601,5.0,5.0,5.0,258.0,-0.028179055,117
record,21,na,0,14,0,534,0.0,1.0,0.0,0.9744525547445255,0.0,0.8998357963875205,0.548020331728197,3.0,3.0,3.0,168.0,-0.028179055,117
pregnant,21,conservative,0,17,0,130,0.0,1.0,0.0,0.8843537414965986,0.0,1.0,0.43529411764705883,3.0,3.0,3.0,168.0,-0.028179055,117
pregnant,21,majority,0,17,0,130,0.0,1.0,0.0,0.8843537414965986,0.0,1.0,0.43529411764705883,3.0,3.0,3.0,168.0,-0.028179055,117
pregnant,21,max_risk,0,17,0,130,0.0,1.0,0.0,0.8843537414965986,0.0,1.0,0.43529411764705883,3.0,3.0,3.0,168.0,-0.028179055,117
record,13,na,0,17,4,525,0.0,0.9924385633270322,0.0,0.9686346863468634,0.0,0.8921568627450981,0.34182141665740023,5.5,4.5,5.5,204.0,-0.027120967,118
pregnant,13,conservative,0,20,2,125,0.0,0.984251968503937,0.0,0.8620689655172413,0.0,1.0,0.4822834645669291,5.5,4.5,5.5,204.0,-0.027120967,118
pregnant,13,majority,0,20,0,127,0.0,1.0,0.0,0.8639455782312925,0.0,1.0,0.4822834645669291,5.5,4.5,5.5,204.0,-0.027120967,118
pregnant,13,max_risk,0,20,2,125,0.0,0.984251968503937,0.0,0.8620689655172413,0.0,1.0,0.4822834645669291,5.5,4.5,5.5,204.0,-0.027120967,118
record,18,na,0,23,4,519,0.0,0.9923518164435946,0.0,0.9575645756457565,0.0,0.8921568627450981,0.5518330700806384,5.0,4.5,5.0,297.0,-0.027120967,118
pregnant,18,conservative,0,32,3,112,0.0,0.9739130434782609,0.0,0.7777777777777778,0.0,1.0,0.4907608695652174,5.0,4.5,5.0,297.0,-0.027120967,118
pregnant,18,majority,0,32,0,115,0.0,1.0,0.0,0.782312925170068,0.0,1.0,0.4907608695652174,5.0,4.5,5.0,297.0,-0.027120967,118
pregnant,18,max_risk,0,32,3,112,0.0,0.9739130434782609,0.0,0.7777777777777778,0.0,1.0,0.4907608695652174,5.0,4.5,5.0,297.0,-0.027120967,118
record,21,na,0,9,0,537,0.0,1.0,0.0,0.9835164835164835,0.0,0.8921568627450981,0.38878543347817096,3.0,3.0,3.0,108.0,-0.027120967,118
pregnant,21,conservative,0,9,0,138,0.0,1.0,0.0,0.9387755102040817,0.0,1.0,0.3695652173913043,3.0,3.0,3.0,108.0,-0.027120967,118
pregnant,21,majority,0,9,0,138,0.0,1.0,0.0,0.9387755102040817,0.0,1.0,0.3695652173913043,3.0,3.0,3.0,108.0,-0.027120967,118
pregnant,21,max_risk,0,9,0,138,0.0,1.0,0.0,0.9387755102040817,0.0,1.0,0.3695652173913043,3.0,3.0,3.0,108.0,-0.027120967,118
record,13,na,0,16,1,532,0.0,0.99812382739212,0.0,0.9708029197080292,0.0,0.8970588235294118,0.46751876172607876,5.5,5.5,5.5,199.0,-0.02665626,119
pregnant,13,conservative,0,16,1,130,0.0,0.9923664122137404,0.0,0.8904109589041096,0.0,1.0,0.5310114503816794,5.5,5.5,5.5,199.0,-0.02665626,119
pregnant,13,majority,0,16,0,131,0.0,1.0,0.0,0.891156462585034,0.0,1.0,0.5310114503816794,5.5,5.5,5.5,199.0,-0.02665626,119
pregnant,13,max_risk,0,16,1,130,0.0,0.9923664122137404,0.0,0.8904109589041096,0.0,1.0,0.5310114503816794,5.5,5.5,5.5,199.0,-0.02665626,119
record,18,na,0,30,1,518,0.0,0.9980732177263969,0.0,0.9452554744525548,0.0,0.8970588235294118,0.6139370584457289,5.5,5.0,5.5,369.0,-0.02665626,119
pregnant,18,conservative,0,31,1,115,0.0,0.9913793103448276,0.0,0.7876712328767124,0.0,1.0,0.5672969966629589,5.5,5.0,5.5,369.0,-0.02665626,119
pregnant,18,majority,0,31,0,116,0.0,1.0,0.0,0.7891156462585034,0.0,1.0,0.5672969966629589,5.5,5.0,5.5,369.0,-0.02665626,119
pregnant,18,max_risk,0,31,1,115,0.0,0.9913793103448276,0.0,0.7876712328767124,0.0,1.0,0.5672969966629589,5.5,5.0,5.5,369.0,-0.02665626,119
record,21,na,0,10,0,539,0.0,1.0,0.0,0.9817850637522769,0.0,0.8970588235294118,0.5959183673469387,3.0,3.0,3.0,120.0,-0.02665626,119
pregnant,21,conservative,0,10,0,137,0.0,1.0,0.0,0.9319727891156463,0.0,1.0,0.5693430656934306,3.0,3.0,3.0,120.0,-0.02665626,119
pregnant,21,majority,0,10,0,137,0.0,1.0,0.0,0.9319727891156463,0.0,1.0,0.5693430656934306,3.0,3.0,3.0,120.0,-0.02665626,119
pregnant,21,max_risk,0,10,0,137,0.0,1.0,0.0,0.9319727891156463,0.0,1.0,0.5693430656934306,3.0,3.0,3.0,120.0,-0.02665626,119
record,13,na,0,14,0,551,0.0,1.0,0.0,0.9752212389380531,0.0,0.9069020866773676,0.3514389421830438,5.5,5.5,5.5,159.0,-0.0269343718,120
pregnant,13,conservative,0,16,0,131,0.0,1.0,0.0,0.891156462585034,0.0,1.0,0.3916984732824428,5.5,5.5,5.5,159.0,-0.0269343718,120
pregnant,13,majority,0,16,0,131,0.0,1.0,0.0,0.891156462585034,0.0,1.0,0.3916984732824428,5.5,5.5,5.5,159.0,-0.0269343718,120
pregnant,13,max_risk,0,16,0,131,0.0,1.0,0.0,0.891156462585034,0.0,1.0,0.3916984732824428,5.5,5.5,5.5,159.0,-0.0269343718,120
record,18,na,0,30,1,534,0.0,0.9981308411214953,0.0,0.9468085106382979,0.0,0.9069020866773676,0.5552024922118379,5.5,5.0,5.5,345.0,-0.0269343718,120
pregnant,18,conservative,0,31,1,115,0.0,0.9913793103448276,0.0,0.7876712328767124,0.0,1.0,0.4424360400444939,5.5,5.0,5.5,345.0,-0.0269343718,120
pregnant,18,majority,0,31,0,116,0.0,1.0,0.0,0.7891156462585034,0.0,1.0,0.4424360400444939,5.5,5.0,5.5,345.0,-0.0269343718,120
pregnant,18,max_risk,0,31,1,115,0.0,0.9913793103448276,0.0,0.7876712328767124,0.0,1.0,0.4424360400444939,5.5,5.0,5.5,345.0,-0.0269343718,120
record,21,na,0,7,0,558,0.0,1.0,0.0,0.9876106194690265,0.0,0.9069020866773676,0.5924219150025601,3.0,3.0,3.0,84.0,-0.0269343718,120
pregnant,21,conservative,0,10,0,137,0.0,1.0,0.0,0.9319727891156463,0.0,1.0,0.4554744525547445,3.0,3.0,3.0,84.0,-0.0269343718,120
pregnant,21,majority,0,10,0,137,0.0,1.0,0.0,0.9319727891156463,0.0,1.0,0.4554744525547445,3.0,3.0,3.0,84.0,-0.0269343718,120
pregnant,21,max_risk,0,10,0,137,0.0,1.0,0.0,0.9319727891156463,0.0,1.0,0.4554744525547445,3.0,3.0,3.0,84.0,-0.0269343718,120
record,13,na,0,27,4,514,0.0,0.9922779922779923,0.0,0.9500924214417745,0.0,0.8993399339933993,0.3936078936078936,5.5,3.5,5.5,324.0,-0.0280028002,121
pregnant,13,conservative,0,31,2,114,0.0,0.9827586206896551,0.0,0.7862068965517242,0.0,1.0,0.5261401557285873,5.5,3.5,5.5,324.0,-0.0280028002,121
pregnant,13,majority,0,31,0,116,0.0,1.0,0.0,0.7891156462585034,0.0,1.0,0.5261401557285873,5.5,3.5,5.5,324.0,-0.0280028002,121
pregnant,13,max_risk,0,31,2,114,0.0,0.9827586206896551,0.0,0.7862068965517242,0.0,1.0,0.5261401557285873,5.5,3.5,5.5,324.0,-0.0280028002,121
record,18,na,0,43,1,501,0.0,0.99800796812749,0.0,0.9209558823529411,0.0,0.8993399339933993,0.5279347725377559,5.5,5.0,5.5,510.0,-0.0280028002,121
pregnant,18,conservative,0,41,1,105,0.0,0.9905660377358491,0.0,0.7191780821917808,0.0,1.0,0.4878048780487805,5.5,5.0,5.5,510.0,-0.0280028002,121
pregnant,18,majority,0,41,0,106,0.0,1.0,0.0,0.7210884353741497,0.0,1.0,0.4878048780487805,5.5,5.0,5.5,510.0,-0.0280028002,121
pregnant,18,max_risk,0,41,1,105,0.0,0.9905660377358491,0.0,0.7191780821917808,0.0,1.0,0.4878048780487805,5.5,5.0,5.5,510.0,-0.0280028002,121
record,21,na,0,6,0,539,0.0,1.0,0.0,0.9889908256880734,0.0,0.8993399339933993,0.758812615955473,3.0,3.0,3.0,72.0,-0.0280028002,121
pregnant,21,conservative,0,11,0,136,0.0,1.0,0.0,0.9251700680272109,0.0,1.0,0.3990641711229947,3.0,3.0,3.0,72.0,-0.0280028002,121
pregnant,21,majority,0,11,0,136,0.0,1.0,0.0,0.9251700680272109,0.0,1.0,0.3990641711229947,3.0,3.0,3.0,72.0,-0.0280028002,121
pregnant,21,max_risk,0,11,0,136,0.0,1.0,0.0,0.9251700680272109,0.0,1.0,0.3990641711229947,3.0,3.0,3.0,72.0,-0.0280028002,121
record,13,na,0,17,8,526,0.0,0.9850187265917603,0.0,0.9686924493554327,0.0,0.8988580750407831,0.49614452522582064,3.5,3.5,5.5,206.0,-0.0268363806,122
pregnant,13,conservative,0,21,8,118,0.0,0.9365079365079365,0.0,0.8489208633093526,0.0,1.0,0.563114134542706,3.5,3.5,5.5,206.0,-0.0268363806,122
pregnant,13,majority,0,21,0,126,0.0,1.0,0.0,0.8571428571428571,0.0,1.0,0.563114134542706,3.5,3.5,5.5,206.0,-0.0268363806,122
pregnant,13,max_risk,0,21,8,118,0.0,0.9365079365079365,0.0,0.8489208633093526,0.0,1.0,0.563114134542706,3.5,3.5,5.5,206.0,-0.0268363806,122
record,18,na,0,38,0,513,0.0,1.0,0.0,0.9310344827586207,0.0,0.8988580750407831,0.5845388324612701,5.0,5.0,5.0,444.0,-0.0268363806,122
pregnant,18,conservative,0,35,0,112,0.0,1.0,0.0,0.7619047619047619,0.0,1.0,0.4928571428571429,5.0,5.0,5.0,444.0,-0.0268363806,122
pregnant,18,majority,0,35,0,112,0.0,1.0,0.0,0.7619047619047619,0.0,1.0,0.4928571428571429,5.0,5.0,5.0,444.0,-0.0268363806,122
pregnant,18,max_risk,0,35,0,112,0.0,1.0,0.0,0.7619047619047619,0.0,1.0,0.4928571428571429,5.0,5.0,5.0,444.0,-0.0268363806,122
record,21,na,0,4,0,547,0.0,1.0,0.0,0.9927404718693285,0.0,0.8988580750407831,0.10420475319926872,3.0,3.0,3.0,48.0,-0.0268363806,122
pregnant,21,conservative,0,6,0,141,0.0,1.0,0.0,0.9591836734693877,0.0,1.0,0.15484633569739958,3.0,3.0,3.0,48.0,-0.0268363806,122
pregnant,21,majority,0,6,0,141,0.0,1.0,0.0,0.9591836734693877,0.0,1.0,0.15484633569739958,3.0,3.0,3.0,48.0,-0.0268363806,122
pregnant,21,max_risk,0,6,0,141,0.0,1.0,0.0,0.9591836734693877,0.0,1.0,0.15484633569739958,3.0,3.0,3.0,48.0,-0.0268363806,122
record,13,na,0,15,0,545,0.0,1.0,0.0,0.9732142857142857,0.0,0.9017713365539453,0.4304587155963303,5.5,5.5,5.5,180.0,-0.028014503,123
pregnant,13,conservative,0,17,0,130,0.0,1.0,0.0,0.8843537414965986,0.0,1.0,0.4746606334841629,5.5,5.5,5.5,180.0,-0.028014503,123
pregnant,13,majority,0,17,0,130,0.0,1.0,0.0,0.8843537414965986,0.0,1.0,0.4746606334841629,5.5,5.5,5.5,180.0,-0.028014503,123
pregnant,13,max_risk,0,17,0,130,0.0,1.0,0.0,0.8843537414965986,0.0,1.0,0.4746606334841629,5.5,5.5,5.5,180.0,-0.028014503,123
record,18,na,0,21,0,539,0.0,1.0,0.0,0.9625,0.0,0.9017713365539453,0.5713402244014488,5.5,5.5,5.5,258.0,-0.028014503,123
pregnant,18,conservative,0,26,0,121,0.0,1.0,0.0,0.8231292517006803,0.0,1.0,0.4965034965034965,5.5,5.5,5.5,258.0,-0.028014503,123
pregnant,18,majority,0,26,0,121,0.0,1.0,0.0,0.8231292517006803,0.0,1.0,0.4965034965034965,5.5,5.5,5.5,258.0,-0.028014503,123
pregnant,18,max_risk,0,26,0,121,0.0,1.0,0.0,0.8231292517006803,0.0,1.0,0.4965034965034965,5.5,5.5,5.5,258.0,-0.028014503,123
record,21,na,0,13,0,547,0.0,1.0,0.0,0.9767857142857143,0.0,0.9017713365539453,0.4914920545633525,3.0,3.0,3.0,156.0,-0.028014503,123
pregnant,21,conservative,0,12,0,135,0.0,1.0,0.0,0.9183673469387755,0.0,1.0,0.3061728395061728,3.0,3.0,3.0,156.0,-0.028014503,123
pregnant,21,majority,0,12,0,135,0.0,1.0,0.0,0.9183673469387755,0.0,1.0,0.3061728395061728,3.0,3.0,3.0,156.0,-0.028014503,123
pregnant,21,max_risk,0,12,0,135,0.0,1.0,0.0,0.9183673469387755,0.0,1.0,0.3061728395061728,3.0,3.0,3.0,156.0,-0.028014503,123
record,13,na,0,23,1,524,0.0,0.9980952380952381,0.0,0.9579524680073126,0.0,0.9028006589785832,0.3490683229813665,5.5,5.5,5.5,280.0,-0.028520332,124
pregnant,13,conservative,0,20,1,126,0.0,0.9921259842519685,0.0,0.863013698630137,0.0,1.0,0.45866141732283466,5.5,5.5,5.5,280.0,-0.028520332,124
pregnant,13,majority,0,20,0,127,0.0,1.0,0.0,0.8639455782312925,0.0,1.0,0.45866141732283466,5.5,5.5,5.5,280.0,-0.028520332,124
pregnant,13,max_risk,0,20,1,126,0.0,0.9921259842519685,0.0,0.863013698630137,0.0,1.0,0.45866141732283466,5.5,5.5,5.5,280.0,-0.028520332,124
record,18,na,0,32,1,515,0.0,0.998062015503876,0.0,0.9414990859232175,0.0,0.9028006589785832,0.532703488372093,5.5,5.0,5.5,384.0,-0.028520332,124
pregnant,18,conservative,0,33,1,113,0.0,0.9912280701754386,0.0,0.773972602739726,0.0,1.0,0.5326953748006379,5.5,5.0,5.5,384.0,-0.028520332,124
pregnant,18,majority,0,33,0,114,0.0,1.0,0.0,0.7755102040816326,0.0,1.0,0.5326953748006379,5.5,5.0,5.5,384.0,-0.028520332,124
pregnant,18,max_risk,0,33,1,113,0.0,0.9912280701754386,0.0,0.773972602739726,0.0,1.0,0.5326953748006379,5.5,5.0,5.5,384.0,-0.028520332,124
record,21,na,0,8,0,540,0.0,1.0,0.0,0.9854014598540146,0.0,0.9028006589785832,0.6678240740740742,3.0,3.0,3.0,96.0,-0.028520332,124
pregnant,21,conservative,0,9,0,138,0.0,1.0,0.0,0.9387755102040817,0.0,1.0,0.5563607085346216,3.0,3.0,3.0,96.0,-0.028520332,124
pregnant,21,majority,0,9,0,138,0.0,1.0,0.0,0.9387755102040817,0.0,1.0,0.5563607085346216,3.0,3.0,3.0,96.0,-0.028520332,124
pregnant,21,max_risk,0,9,0,138,0.0,1.0,0.0,0.9387755102040817,0.0,1.0,0.5563607085346216,3.0,3.0,3.0,96.0,-0.028520332,124
record,13,na,0,20,1,507,0.0,0.9980314960629921,0.0,0.9620493358633776,0.0,0.899488926746167,0.415255905511811,5.5,5.5,5.5,244.0,-0.026191592,125
pregnant,13,conservative,0,18,1,128,0.0,0.9922480620155039,0.0,0.8767123287671232,0.0,1.0,0.49095607235142114,5.5,5.5,5.5,244.0,-0.026191592,125
pregnant,13,majority,0,18,0,129,0.0,1.0,0.0,0.8775510204081632,0.0,1.0,0.49095607235142114,5.5,5.5,5.5,244.0,-0.026191592,125
pregnant,13,max_risk,0,18,1,128,0.0,0.9922480620155039,0.0,0.8767123287671232,0.0,1.0,0.49095607235142114,5.5,5.5,5.5,244.0,-0.026191592,125
record,18,na,0,21,0,507,0.0,1.0,0.0,0.9602272727272727,0.0,0.899488926746167,0.6027049873203718,5.0,5.0,5.0,240.0,-0.026191592,125
pregnant,18,conservative,0,28,0,119,0.0,1.0,0.0,0.8095238095238095,0.0,1.0,0.4744897959183673,5.0,5.0,5.0,240.0,-0.026191592,125
pregnant,18,majority,0,28,0,119,0.0,1.0,0.0,0.8095238095238095,0.0,1.0,0.4744897959183673,5.0,5.0,5.0,240.0,-0.026191592,125
pregnant,18,max_risk,0,28,0,119,0.0,1.0,0.0,0.8095238095238095,0.0,1.0,0.4744897959183673,5.0,5.0,5.0,240.0,-0.026191592,125
record,21,na,0,13,0,515,0.0,1.0,0.0,0.9753787878787878,0.0,0.899488926746167,0.5300970873786408,3.0,3.0,3.0,156.0,-0.026191592,125
pregnant,21,conservative,0,14,0,133,0.0,1.0,0.0,0.9047619047619048,0.0,1.0,0.4301825993555317,3.0,3.0,3.0,156.0,-0.026191592,125
pregnant,21,majority,0,14,0,133,0.0,1.0,0.0,0.9047619047619048,0.0,1.0,0.4301825993555317,3.0,3.0,3.0,156.0,-0.026191592,125
pregnant,21,max_risk,0,14,0,133,0.0,1.0,0.0,0.9047619047619048,0.0,1.0,0.4301825993555317,3.0,3.0,3.0,156.0,-0.026191592,125
record,13,na,0,13,2,525,0.0,0.9962049335863378,0.0,0.9758364312267658,0.0,0.8925619834710744,0.30564881039264347,5.5,5.0,5.5,166.0,-0.026855725,126
pregnant,13,conservative,0,17,2,128,0.0,0.9846153846153847,0.0,0.8827586206896552,0.0,1.0,0.5633484162895928,5.5,5.0,5.5,166.0,-0.026855725,126
pregnant,13,majority,0,17,0,130,0.0,1.0,0.0,0.8843537414965986,0.0,1.0,0.5633484162895928,5.5,5.0,5.5,166.0,-0.026855725,126
pregnant,13,max_risk,0,17,2,128,0.0,0.9846153846153847,0.0,0.8827586206896552,0.0,1.0,0.5633484162895928,5.5,5.0,5.5,166.0,-0.026855725,126
record,18,na,0,15,1,524,0.0,0.9980952380952381,0.0,0.9721706864564007,0.0,0.8925619834710744,0.5771428571428572,5.5,5.0,5.5,189.0,-0.026855725,126
pregnant,18,conservative,0,23,1,123,0.0,0.9919354838709677,0.0,0.8424657534246576,0.0,1.0,0.4894810659186536,5.5,5.0,5.5,189.0,-0.026855725,126
pregnant,18,majority,0,23,0,124,0.0,1.0,0.0,0.8435374149659864,0.0,1.0,0.4894810659186536,5.5,5.0,5.5,189.0,-0.026855725,126
pregnant,18,max_risk,0,23,1,123,0.0,0.9919354838709677,0.0,0.8424657534246576,0.0,1.0,0.4894810659186536,5.5,5.0,5.5,189.0,-0.026855725,126
record,21,na,0,10,0,530,0.0,1.0,0.0,0.9814814814814815,0.0,0.8925619834710744,0.6269811320754717,3.0,3.0,3.0,120.0,-0.026855725,126
pregnant,21,conservative,0,12,0,135,0.0,1.0,0.0,0.9183673469387755,0.0,1.0,0.4950617283950618,3.0,3.0,3.0,120.0,-0.026855725,126
pregnant,21,majority,0,12,0,135,0.0,1.0,0.0,0.9183673469387755,0.0,1.0,0.4950617283950618,3.0,3.0,3.0,120.0,-0.026855725,126
pregnant,21,max_risk,0,12,0,135,0.0,1.0,0.0,0.9183673469387755,0.0,1.0,0.4950617283950618,3.0,3.0,3.0,120.0,-0.026855725,126
record,13,na,0,11,6,527,0.0,0.9887429643527205,0.0,0.9795539033457249,0.0,0.8991735537190083,0.5311274091761896,3.5,3.5,5.5,136.0,-0.0268363806,127
pregnant,13,conservative,0,16,6,125,0.0,0.9541984732824428,0.0,0.8865248226950354,0.0,1.0,0.5372137404580153,3.5,3.5,5.5,136.0,-0.0268363806,127
pregnant,13,majority,0,16,0,131,0.0,1.0,0.0,0.891156462585034,0.0,1.0,0.5372137404580153,3.5,3.5,5.5,136.0,-0.0268363806,127
pregnant,13,max_risk,0,16,6,125,0.0,0.9541984732824428,0.0,0.8865248226950354,0.0,1.0,0.5372137404580153,3.5,3.5,5.5,136.0,-0.0268363806,127
record,18,na,0,27,0,517,0.0,1.0,0.0,0.9503676470588235,0.0,0.8991735537190083,0.5278315065549108,5.0,5.0,5.0,318.0,-0.0268363806,127
pregnant,18,conservative,0,32,0,115,0.0,1.0,0.0,0.782312925170068,0.0,1.0,0.4285326086956522,5.0,5.0,5.0,318.0,-0.0268363806,127
pregnant,18,majority,0,32,0,115,0.0,1.0,0.0,0.782312925170068,0.0,1.0,0.4285326086956522,5.0,5.0,5.0,318.0,-0.0268363806,127
pregnant,18,max_risk,0,32,0,115,0.0,1.0,0.0,0.782312925170068,0.0,1.0,0.4285326086956522,5.0,5.0,5.0,318.0,-0.0268363806,127
record,21,na,0,16,0,528,0.0,1.0,0.0,0.9705882352941176,0.0,0.8991735537190083,0.47762784090909083,3.0,3.0,3.0,192.0,-0.0268363806,127
pregnant,21,conservative,0,14,0,133,0.0,1.0,0.0,0.9047619047619048,0.0,1.0,0.29269602577873255,3.0,3.0,3.0,192.0,-0.0268363806,127
pregnant,21,majority,0,14,0,133,0.0,1.0,0.0,0.9047619047619048,0.0,1.0,0.29269602577873255,3.0,3.0,3.0,192.0,-0.0268363806,127
pregnant,21,max_risk,0,14,0,133,0.0,1.0,0.0,0.9047619047619048,0.0,1.0,0.29269602577873255,3.0,3.0,3.0,192.0,-0.0268363806,127
record,13,na,0,9,6,531,0.0,0.9888268156424581,0.0,0.9833333333333333,0.0,0.9024793388429752,0.5441754603765776,5.5,3.5,5.5,138.0,-0.0260829125,128
pregnant,13,conservative,0,14,5,128,0.0,0.9624060150375939,0.0,0.9014084507042254,0.0,1.0,0.592373791621912,5.5,3.5,5.5,138.0,-0.0260829125,128
pregnant,13,majority,0,14,0,133,0.0,1.0,0.0,0.9047619047619048,0.0,1.0,0.592373791621912,5.5,3.5,5.5,138.0,-0.0260829125,128
pregnant,13,max_risk,0,14,5,128,0.0,0.9624060150375939,0.0,0.9014084507042254,0.0,1.0,0.592373791621912,5.5,3.5,5.5,138.0,-0.0260829125,128
record,18,na,0,19,3,524,0.0,0.9943074003795066,0.0,0.9650092081031307,0.0,0.9024793388429752,0.6107060820932788,5.5,5.0,5.5,246.0,-0.0260829125,128
pregnant,18,conservative,0,24,3,120,0.0,0.975609756097561,0.0,0.8333333333333334,0.0,1.0,0.49390243902439024,5.5,5.0,5.5,246.0,-0.0260829125,128
pregnant,18,majority,0,24,0,123,0.0,1.0,0.0,0.8367346938775511,0.0,1.0,0.49390243902439024,5.5,5.0,5.5,246.0,-0.0260829125,128
pregnant,18,max_risk,0,24,3,120,0.0,0.975609756097561,0.0,0.8333333333333334,0.0,1.0,0.49390243902439024,5.5,5.0,5.5,246.0,-0.0260829125,128
record,21,na,0,11,0,535,0.0,1.0,0.0,0.9798534798534798,0.0,0.9024793388429752,0.4587935429056924,3.0,3.0,3.0,132.0,-0.0260829125,128
pregnant,21,conservative,0,12,0,135,0.0,1.0,0.0,0.9183673469387755,0.0,1.0,0.31296296296296294,3.0,3.0,3.0,132.0,-0.0260829125,128
pregnant,21,majority,0,12,0,135,0.0,1.0,0.0,0.9183673469387755,0.0,1.0,0.31296296296296294,3.0,3.0,3.0,132.0,-0.0260829125,128
pregnant,21,max_risk,0,12,0,135,0.0,1.0,0.0,0.9183673469387755,0.0,1.0,0.31296296296296294,3.0,3.0,3.0,132.0,-0.0260829125,128
record,13,na,0,13,4,533,0.0,0.9925512104283054,0.0,0.9761904761904762,0.0,0.900163666121113,0.4052428018908466,5.5,3.5,5.5,156.0,-0.027774061500000002,129
pregnant,13,conservative,0,15,3,129,0.0,0.9772727272727273,0.0,0.8958333333333334,0.0,1.0,0.5116161616161616,5.5,3.5,5.5,156.0,-0.027774061500000002,129
pregnant,13,majority,0,15,0,132,0.0,1.0,0.0,0.8979591836734694,0.0,1.0,0.5116161616161616,5.5,3.5,5.5,156.0,-0.027774061500000002,129
pregnant,13,max_risk,0,15,3,129,0.0,0.9772727272727273,0.0,0.8958333333333334,0.0,1.0,0.5116161616161616,5.5,3.5,5.5,156.0,-0.027774061500000002,129
record,18,na,0,16,2,532,0.0,0.9962546816479401,0.0,0.9708029197080292,0.0,0.900163666121113,0.4794007490636704,5.5,5.0,5.5,192.0,-0.027774061500000002,129
pregnant,18,conservative,0,25,2,120,0.0,0.9836065573770492,0.0,0.8275862068965517,0.0,1.0,0.5363934426229507,5.5,5.0,5.5,192.0,-0.027774061500000002,129
pregnant,18,majority,0,25,0,122,0.0,1.0,0.0,0.8299319727891157,0.0,1.0,0.5363934426229507,5.5,5.0,5.5,192.0,-0.027774061500000002,129
pregnant,18,max_risk,0,25,2,120,0.0,0.9836065573770492,0.0,0.8275862068965517,0.0,1.0,0.5363934426229507,5.5,5.0,5.5,192.0,-0.027774061500000002,129
record,21,na,0,17,0,533,0.0,1.0,0.0,0.9690909090909091,0.0,0.900163666121113,0.48648052091380645,3.0,3.0,3.0,204.0,-0.027774061500000002,129
pregnant,21,conservative,0,15,0,132,0.0,1.0,0.0,0.8979591836734694,0.0,1.0,0.3954545454545454,3.0,3.0,3.0,204.0,-0.027774061500000002,129
pregnant,21,majority,0,15,0,132,0.0,1.0,0.0,0.8979591836734694,0.0,1.0,0.3954545454545454,3.0,3.0,3.0,204.0,-0.027774061500000002,129
pregnant,21,max_risk,0,15,0,132,0.0,1.0,0.0,0.8979591836734694,0.0,1.0,0.3954545454545454,3.0,3.0,3.0,204.0,-0.027774061500000002,129
record,13,na,0,19,7,504,0.0,0.9863013698630136,0.0,0.9636711281070746,0.0,0.8967851099830795,0.5447522916881244,5.5,3.0,5.5,226.0,-0.025732303999999998,130
pregnant,13,conservative,0,14,5,128,0.0,0.9624060150375939,0.0,0.9014084507042254,0.0,1.0,0.49248120300751885,5.5,3.0,5.5,226.0,-0.025732303999999998,130
pregnant,13,majority,0,14,1,132,0.0,0.9924812030075187,0.0,0.9041095890410958,0.0,1.0,0.49248120300751885,5.5,3.0,5.5,226.0,-0.025732303999999998,130
pregnant,13,max_risk,0,14,5,128,0.0,0.9624060150375939,0.0,0.9014084507042254,0.0,1.0,0.49248120300751885,5.5,3.0,5.5,226.0,-0.025732303999999998,130
record,18,na,0,24,0,506,0.0,1.0,0.0,0.9547169811320755,0.0,0.8967851099830795,0.5895915678524375,5.0,5.0,5.0,294.0,-0.025732303999999998,130
pregnant,18,conservative,0,27,0,120,0.0,1.0,0.0,0.8163265306122449,0.0,1.0,0.5222222222222221,5.0,5.0,5.0,294.0,-0.025732303999999998,130
pregnant,18,majority,0,27,0,120,0.0,1.0,0.0,0.8163265306122449,0.0,1.0,0.5222222222222221,5.0,5.0,5.0,294.0,-0.025732303999999998,130
pregnant,18,max_risk,0,27,0,120,0.0,1.0,0.0,0.8163265306122449,0.0,1.0,0.5222222222222221,5.0,5.0,5.0,294.0,-0.025732303999999998,130
record,21,na,0,8,0,522,0.0,1.0,0.0,0.9849056603773585,0.0,0.8967851099830795,0.2962164750957854,3.0,3.0,3.0,96.0,-0.025732303999999998,130
pregnant,21,conservative,0,7,0,140,0.0,1.0,0.0,0.9523809523809523,0.0,1.0,0.33061224489795915,3.0,3.0,3.0,96.0,-0.025732303999999998,130
pregnant,21,majority,0,7,0,140,0.0,1.0,0.0,0.9523809523809523,0.0,1.0,0.33061224489795915,3.0,3.0,3.0,96.0,-0.025732303999999998,130
pregnant,21,max_risk,0,7,0,140,0.0,1.0,0.0,0.9523809523809523,0.0,1.0,0.33061224489795915,3.0,3.0,3.0,96.0,-0.025732303999999998,130
record,13,na,0,24,2,520,0.0,0.9961685823754789,0.0,0.9558823529411765,0.0,0.8980263157894737,0.36789591315453385,5.5,4.5,5.5,291.0,-0.026887723,131
pregnant,13,conservative,0,22,1,124,0.0,0.992,0.0,0.8493150684931506,0.0,1.0,0.5287272727272727,5.5,4.5,5.5,291.0,-0.026887723,131
pregnant,13,majority,0,22,0,125,0.0,1.0,0.0,0.8503401360544217,0.0,1.0,0.5287272727272727,5.5,4.5,5.5,291.0,-0.026887723,131
pregnant,13,max_risk,0,22,1,124,0.0,0.992,0.0,0.8493150684931506,0.0,1.0,0.5287272727272727,5.5,4.5,5.5,291.0,-0.026887723,131
record,18,na,0,20,1,525,0.0,0.9980988593155894,0.0,0.963302752293578,0.0,0.8980263157894737,0.6147338403041824,5.5,5.0,5.5,243.0,-0.026887723,131
pregnant,18,conservative,0,24,1,122,0.0,0.991869918699187,0.0,0.8356164383561644,0.0,1.0,0.5528455284552846,5.5,5.0,5.5,243.0,-0.026887723,131
pregnant,18,majority,0,24,0,123,0.0,1.0,0.0,0.8367346938775511,0.0,1.0,0.5528455284552846,5.5,5.0,5.5,243.0,-0.026887723,131
pregnant,18,max_risk,0,24,1,122,0.0,0.991869918699187,0.0,0.8356164383561644,0.0,1.0,0.5528455284552846,5.5,5.0,5.5,243.0,-0.026887723,131
record,21,na,0,12,0,534,0.0,1.0,0.0,0.978021978021978,0.0,0.8980263157894737,0.4786204744069913,3.0,3.0,3.0,144.0,-0.026887723,131
pregnant,21,conservative,0,11,0,136,0.0,1.0,0.0,0.9251700680272109,0.0,1.0,0.3790106951871658,3.0,3.0,3.0,144.0,-0.026887723,131
pregnant,21,majority,0,11,0,136,0.0,1.0,0.0,0.9251700680272109,0.0,1.0,0.3790106951871658,3.0,3.0,3.0,144.0,-0.026887723,131
pregnant,21,max_risk,0,11,0,136,0.0,1.0,0.0,0.9251700680272109,0.0,1.0,0.3790106951871658,3.0,3.0,3.0,144.0,-0.026887723,131
record,13,na,0,16,4,515,0.0,0.9922928709055877,0.0,0.9698681732580038,0.0,0.8916666666666667,0.47916666666666663,5.5,3.5,5.5,191.0,-0.0268068165,132
pregnant,13,conservative,0,18,2,127,0.0,0.9844961240310077,0.0,0.8758620689655172,0.0,1.0,0.49440137812230844,5.5,3.5,5.5,191.0,-0.0268068165,132
pregnant,13,majority,0,18,0,129,0.0,1.0,0.0,0.8775510204081632,0.0,1.0,0.49440137812230844,5.5,3.5,5.5,191.0,-0.0268068165,132
pregnant,13,max_risk,0,18,2,127,0.0,0.9844961240310077,0.0,0.8758620689655172,0.0,1.0,0.49440137812230844,5.5,3.5,5.5,191.0,-0.0268068165,132
record,18,na,0,19,0,516,0.0,1.0,0.0,0.9644859813084112,0.0,0.8916666666666667,0.5821093431252551,5.0,5.0,5.0,231.0,-0.0268068165,132
pregnant,18,conservative,0,28,0,119,0.0,1.0,0.0,0.8095238095238095,0.0,1.0,0.539015606242497,5.0,5.0,5.0,231.0,-0.0268068165,132
pregnant,18,majority,0,28,0,119,0.0,1.0,0.0,0.8095238095238095,0.0,1.0,0.539015606242497,5.0,5.0,5.0,231.0,-0.0268068165,132
pregnant,18,max_risk,0,28,0,119,0.0,1.0,0.0,0.8095238095238095,0.0,1.0,0.539015606242497,5.0,5.0,5.0,231.0,-0.0268068165,132
record,21,na,0,11,0,524,0.0,1.0,0.0,0.9794392523364486,0.0,0.8916666666666667,0.5324427480916031,3.0,3.0,3.0,132.0,-0.0268068165,132
pregnant,21,conservative,0,9,0,138,0.0,1.0,0.0,0.9387755102040817,0.0,1.0,0.41223832528180354,3.0,3.0,3.0,132.0,-0.0268068165,132
pregnant,21,majority,0,9,0,138,0.0,1.0,0.0,0.9387755102040817,0.0,1.0,0.41223832528180354,3.0,3.0,3.0,132.0,-0.0268068165,132
pregnant,21,max_risk,0,9,0,138,0.0,1.0,0.0,0.9387755102040817,0.0,1.0,0.41223832528180354,3.0,3.0,3.0,132.0,-0.0268068165,132
record,13,na,0,10,0,519,0.0,1.0,0.0,0.9810964083175804,0.0,0.8981324278438031,0.3626204238921002,5.5,5.5,5.5,120.0,-0.028220193,133
pregnant,13,conservative,0,17,0,130,0.0,1.0,0.0,0.8843537414965986,0.0,1.0,0.4475113122171946,5.5,5.5,5.5,120.0,-0.028220193,133
pregnant,13,majority,0,17,0,130,0.0,1.0,0.0,0.8843537414965986,0.0,1.0,0.4475113122171946,5.5,5.5,5.5,120.0,-0.028220193,133
pregnant,13,max_risk,0,17,0,130,0.0,1.0,0.0,0.8843537414965986,0.0,1.0,0.4475113122171946,5.5,5.5,5.5,120.0,-0.028220193,133
record,18,na,0,9,1,519,0.0,0.9980769230769231,0.0,0.9829545454545454,0.0,0.8981324278438031,0.4181623931623931,5.5,5.0,5.5,108.0,-0.028220193,133
pregnant,18,conservative,0,22,1,124,0.0,0.992,0.0,0.8493150684931506,0.0,1.0,0.5290909090909091,5.5,5.0,5.5,108.0,-0.028220193,133
pregnant,18,majority,0,22,0,125,0.0,1.0,0.0,0.8503401360544217,0.0,1.0,0.5290909090909091,5.5,5.0,5.5,108.0,-0.028220193,133
pregnant,18,max_risk,0,22,1,124,0.0,0.992,0.0,0.8493150684931506,0.0,1.0,0.5290909090909091,5.5,5.0,5.5,108.0,-0.028220193,133
record,21,na,0,16,0,513,0.0,1.0,0.0,0.9697542533081286,0.0,0.8981324278438031,0.5560428849902534,3.0,3.0,3.0,192.0,-0.028220193,133
pregnant,21,conservative,0,20,0,127,0.0,1.0,0.0,0.8639455782312925,0.0,1.0,0.4295275590551181,3.0,3.0,3.0,192.0,-0.028220193,133
pregnant,21,majority,0,20,0,127,0.0,1.0,0.0,0.8639455782312925,0.0,1.0,0.4295275590551181,3.0,3.0,3.0,192.0,-0.028220193,133
pregnant,21,max_risk,0,20,0,127,0.0,1.0,0.0,0.8639455782312925,0.0,1.0,0.4295275590551181,3.0,3.0,3.0,192.0,-0.028220193,133
record,13,na,0,16,2,529,0.0,0.9962335216572504,0.0,0.9706422018348624,0.0,0.9011532125205931,0.5038841807909604,5.5,5.5,5.5,206.0,-0.0245702467,134
pregnant,13,conservative,0,15,2,130,0.0,0.9848484848484849,0.0,0.896551724137931,0.0,1.0,0.4964646464646465,5.5,5.5,5.5,206.0,-0.0245702467,134
pregnant,13,majority,0,15,0,132,0.0,1.0,0.0,0.8979591836734694,0.0,1.0,0.4964646464646465,5.5,5.5,5.5,206.0,-0.0245702467,134
pregnant,13,max_risk,0,15,2,130,0.0,0.9848484848484849,0.0,0.896551724137931,0.0,1.0,0.4964646464646465,5.5,5.5,5.5,206.0,-0.0245702467,134
record,18,na,0,23,1,523,0.0,0.9980916030534351,0.0,0.9578754578754579,0.0,0.9011532125205931,0.6482741453700631,5.5,5.0,5.5,276.0,-0.0245702467,134
pregnant,18,conservative,0,24,1,122,0.0,0.991869918699187,0.0,0.8356164383561644,0.0,1.0,0.5470867208672087,5.5,5.0,5.5,276.0,-0.0245702467,134
pregnant,18,majority,0,24,0,123,0.0,1.0,0.0,0.8367346938775511,0.0,1.0,0.5470867208672087,5.5,5.0,5.5,276.0,-0.0245702467,134
pregnant,18,max_risk,0,24,1,122,0.0,0.991869918699187,0.0,0.8356164383561644,0.0,1.0,0.5470867208672087,5.5,5.0,5.5,276.0,-0.0245702467,134
record,21,na,0,10,0,537,0.0,1.0,0.0,0.9817184643510055,0.0,0.9011532125205931,0.6141527001862197,3.0,3.0,3.0,120.0,-0.0245702467,134
pregnant,21,conservative,0,9,0,138,0.0,1.0,0.0,0.9387755102040817,0.0,1.0,0.5869565217391305,3.0,3.0,3.0,120.0,-0.0245702467,134
pregnant,21,majority,0,9,0,138,0.0,1.0,0.0,0.9387755102040817,0.0,1.0,0.5869565217391305,3.0,3.0,3.0,120.0,-0.0245702467,134
pregnant,21,max_risk,0,9,0,138,0.0,1.0,0.0,0.9387755102040817,0.0,1.0,0.5869565217391305,3.0,3.0,3.0,120.0,-0.0245702467,134
record,13,na,0,8,3,509,0.0,0.994140625,0.0,0.9845261121856866,0.0,0.901213171577123,0.33203125,5.0,4.5,5.0,104.0,-0.02856872,135
pregnant,13,conservative,0,18,3,126,0.0,0.9767441860465116,0.0,0.875,0.0,1.0,0.4862187769164513,5.0,4.5,5.0,104.0,-0.02856872,135
pregnant,13,majority,0,18,0,129,0.0,1.0,0.0,0.8775510204081632,0.0,1.0,0.4862187769164513,5.0,4.5,5.0,104.0,-0.02856872,135
pregnant,13,max_risk,0,18,3,126,0.0,0.9767441860465116,0.0,0.875,0.0,1.0,0.4862187769164513,5.0,4.5,5.0,104.0,-0.02856872,135
record,18,na,0,22,2,496,0.0,0.9959839357429718,0.0,0.9575289575289575,0.0,0.901213171577123,0.46914932457101133,5.0,4.5,5.0,276.0,-0.02856872,135
pregnant,18,conservative,0,30,1,116,0.0,0.9914529914529915,0.0,0.7945205479452054,0.0,1.0,0.6088319088319089,5.0,4.5,5.0,276.0,-0.02856872,135
pregnant,18,majority,0,30,0,117,0.0,1.0,0.0,0.7959183673469388,0.0,1.0,0.6088319088319089,5.0,4.5,5.0,276.0,-0.02856872,135
pregnant,18,max_risk,0,30,1,116,0.0,0.9914529914529915,0.0,0.7945205479452054,0.0,1.0,0.6088319088319089,5.0,4.5,5.0,276.0,-0.02856872,135
record,21,na,0,7,0,513,0.0,1.0,0.0,0.9865384615384616,0.0,0.901213171577123,0.5407964355332777,3.0,3.0,3.0,84.0,-0.02856872,135
pregnant,21,conservative,0,6,0,141,0.0,1.0,0.0,0.9591836734693877,0.0,1.0,0.46808510638297873,3.0,3.0,3.0,84.0,-0.02856872,135
pregnant,21,majority,0,6,0,141,0.0,1.0,0.0,0.9591836734693877,0.0,1.0,0.46808510638297873,3.0,3.0,3.0,84.0,-0.02856872,135
pregnant,21,max_risk,0,6,0,141,0.0,1.0,0.0,0.9591836734693877,0.0,1.0,0.46808510638297873,3.0,3.0,3.0,84.0,-0.02856872,135
record,13,na,0,19,4,508,0.0,0.9921875,0.0,0.9639468690702088,0.0,0.8954468802698144,0.4754317434210526,5.5,3.5,5.5,228.0,-0.028400276399999997,136
pregnant,13,conservative,0,18,4,125,0.0,0.9689922480620154,0.0,0.8741258741258742,0.0,1.0,0.4362618432385874,5.5,3.5,5.5,228.0,-0.028400276399999997,136
pregnant,13,majority,0,18,0,129,0.0,1.0,0.0,0.8775510204081632,0.0,1.0,0.4362618432385874,5.5,3.5,5.5,228.0,-0.028400276399999997,136
pregnant,13,max_risk,0,18,4,125,0.0,0.9689922480620154,0.0,0.8741258741258742,0.0,1.0,0.4362618432385874,5.5,3.5,5.5,228.0,-0.028400276399999997,136
record,18,na,0,34,1,496,0.0,0.9979879275653923,0.0,0.9358490566037736,0.0,0.8954468802698144,0.5671677121552846,5.5,5.0,5.5,408.0,-0.028400276399999997,136
pregnant,18,conservative,0,36,1,110,0.0,0.990990990990991,0.0,0.7534246575342466,0.0,1.0,0.4972472472472472,5.5,5.0,5.5,408.0,-0.028400276399999997,136
pregnant,18,majority,0,36,0,111,0.0,1.0,0.0,0.7551020408163265,0.0,1.0,0.4972472472472472,5.5,5.0,5.5,408.0,-0.028400276399999997,136
pregnant,18,max_risk,0,36,1,110,0.0,0.990990990990991,0.0,0.7534246575342466,0.0,1.0,0.4972472472472472,5.5,5.0,5.5,408.0,-0.028400276399999997,136
record,21,na,0,11,0,520,0.0,1.0,0.0,0.9792843691148776,0.0,0.8954468802698144,0.45034965034965035,3.0,3.0,3.0,132.0,-0.028400276399999997,136
pregnant,21,conservative,0,12,0,135,0.0,1.0,0.0,0.9183673469387755,0.0,1.0,0.34320987654320984,3.0,3.0,3.0,132.0,-0.028400276399999997,136
pregnant,21,majority,0,12,0,135,0.0,1.0,0.0,0.9183673469387755,0.0,1.0,0.34320987654320984,3.0,3.0,3.0,132.0,-0.028400276399999997,136
pregnant,21,max_risk,0,12,0,135,0.0,1.0,0.0,0.9183673469387755,0.0,1.0,0.34320987654320984,3.0,3.0,3.0,132.0,-0.028400276399999997,136
record,13,na,0,22,2,510,0.0,0.99609375,0.0,0.9586466165413534,0.0,0.8959731543624161,0.3337180397727273,5.5,5.5,5.5,266.0,-0.0271755642,137
pregnant,13,conservative,0,22,2,123,0.0,0.984,0.0,0.8482758620689655,0.0,1.0,0.3614545454545455,5.5,5.5,5.5,266.0,-0.0271755642,137
pregnant,13,majority,0,22,0,125,0.0,1.0,0.0,0.8503401360544217,0.0,1.0,0.3614545454545455,5.5,5.5,5.5,266.0,-0.0271755642,137
pregnant,13,max_risk,0,22,2,123,0.0,0.984,0.0,0.8482758620689655,0.0,1.0,0.3614545454545455,5.5,5.5,5.5,266.0,-0.0271755642,137
record,18,na,0,27,1,506,0.0,0.9980276134122288,0.0,0.949343339587242,0.0,0.8959731543624161,0.503908247497991,5.5,5.0,5.5,339.0,-0.0271755642,137
pregnant,18,conservative,0,39,1,107,0.0,0.9907407407407407,0.0,0.7328767123287672,0.0,1.0,0.40289648622981955,5.5,5.0,5.5,339.0,-0.0271755642,137
pregnant,18,majority,0,39,0,108,0.0,1.0,0.0,0.7346938775510204,0.0,1.0,0.40289648622981955,5.5,5.0,5.5,339.0,-0.0271755642,137
pregnant,18,max_risk,0,39,1,107,0.0,0.9907407407407407,0.0,0.7328767123287672,0.0,1.0,0.40289648622981955,5.5,5.0,5.5,339.0,-0.0271755642,137
record,21,na,0,18,0,516,0.0,1.0,0.0,0.9662921348314607,0.0,0.8959731543624161,0.37876830318690785,3.0,3.0,3.0,216.0,-0.0271755642,137
pregnant,21,conservative,0,19,0,128,0.0,1.0,0.0,0.8707482993197279,0.0,1.0,0.28125,3.0,3.0,3.0,216.0,-0.0271755642,137
pregnant,21,majority,0,19,0,128,0.0,1.0,0.0,0.8707482993197279,0.0,1.0,0.28125,3.0,3.0,3.0,216.0,-0.0271755642,137
pregnant,21,max_risk,0,19,0,128,0.0,1.0,0.0,0.8707482993197279,0.0,1.0,0.28125,3.0,3.0,3.0,216.0,-0.0271755642,137
record,13,na,0,9,2,535,0.0,0.9962756052141527,0.0,0.9834558823529411,0.0,0.899505766062603,0.6600455203807158,3.5,3.5,5.5,106.0,-0.026406409,138
pregnant,13,conservative,0,15,2,130,0.0,0.9848484848484849,0.0,0.896551724137931,0.0,1.0,0.5762626262626263,3.5,3.5,5.5,106.0,-0.026406409,138
pregnant,13,majority,0,15,0,132,0.0,1.0,0.0,0.8979591836734694,0.0,1.0,0.5762626262626263,3.5,3.5,5.5,106.0,-0.026406409,138
pregnant,13,max_risk,0,15,2,130,0.0,0.9848484848484849,0.0,0.896551724137931,0.0,1.0,0.5762626262626263,3.5,3.5,5.5,106.0,-0.026406409,138
record,18,na,0,28,0,518,0.0,1.0,0.0,0.9487179487179487,0.0,0.899505766062603,0.5823910645339216,5.0,5.0,5.0,333.0,-0.026406409,138
pregnant,18,conservative,0,28,0,119,0.0,1.0,0.0,0.8095238095238095,0.0,1.0,0.4939975990396158,5.0,5.0,5.0,333.0,-0.026406409,138
pregnant,18,majority,0,28,0,119,0.0,1.0,0.0,0.8095238095238095,0.0,1.0,0.4939975990396158,5.0,5.0,5.0,333.0,-0.026406409,138
pregnant,18,max_risk,0,28,0,119,0.0,1.0,0.0,0.8095238095238095,0.0,1.0,0.4939975990396158,5.0,5.0,5.0,333.0,-0.026406409,138
record,21,na,0,3,1,542,0.0,0.998158379373849,0.0,0.9944954128440368,0.0,0.899505766062603,0.4567219152854512,3.0,2.5,3.0,36.0,-0.026406409,138
pregnant,21,conservative,0,4,1,142,0.0,0.993006993006993,0.0,0.9726027397260274,0.0,1.0,0.3356643356643357,3.0,2.5,3.0,36.0,-0.026406409,138
pregnant,21,majority,0,4,0,143,0.0,1.0,0.0,0.9727891156462585,0.0,1.0,0.3356643356643357,3.0,2.5,3.0,36.0,-0.026406409,138
pregnant,21,max_risk,0,4,1,142,0.0,0.993006993006993,0.0,0.9726027397260274,0.0,1.0,0.3356643356643357,3.0,2.5,3.0,36.0,-0.026406409,138
record,13,na,2,19,11,525,0.09523809523809523,0.9794776119402985,0.15384615384615385,0.9650735294117647,0.11764705882352941,0.8940609951845907,0.6339729921819474,3.5,3.5,5.5,255.0,-0.0266287737,139
pregnant,13,conservative,2,20,8,117,0.09090909090909091,0.936,0.2,0.8540145985401459,0.125,1.0,0.5592727272727273,3.5,3.5,5.5,255.0,-0.0266287737,139
pregnant,13,majority,0,22,0,125,0.0,1.0,0.0,0.8503401360544217,0.0,1.0,0.5592727272727273,3.5,3.5,5.5,255.0,-0.0266287737,139
pregnant,13,max_risk,2,20,8,117,0.09090909090909091,0.936,0.2,0.8540145985401459,0.125,1.0,0.5592727272727273,3.5,3.5,5.5,255.0,-0.0266287737,139
record,18,na,0,35,0,522,0.0,1.0,0.0,0.9371633752244165,0.0,0.8940609951845907,0.577887246852764,5.0,5.0,5.0,432.0,-0.0266287737,139
pregnant,18,conservative,0,39,0,108,0.0,1.0,0.0,0.7346938775510204,0.0,1.0,0.436372269705603,5.0,5.0,5.0,432.0,-0.0266287737,139
pregnant,18,majority,0,39,0,108,0.0,1.0,0.0,0.7346938775510204,0.0,1.0,0.436372269705603,5.0,5.0,5.0,432.0,-0.0266287737,139
pregnant,18,max_risk,0,39,0,108,0.0,1.0,0.0,0.7346938775510204,0.0,1.0,0.436372269705603,5.0,5.0,5.0,432.0,-0.0266287737,139
record,21,na,0,11,0,546,0.0,1.0,0.0,0.9802513464991023,0.0,0.8940609951845907,0.5972360972360973,3.0,3.0,3.0,132.0,-0.0266287737,139
pregnant,21,conservative,0,13,0,134,0.0,1.0,0.0,0.9115646258503401,0.0,1.0,0.45407577497129736,3.0,3.0,3.0,132.0,-0.0266287737,139
pregnant,21,majority,0,13,0,134,0.0,1.0,0.0,0.9115646258503401,0.0,1.0,0.45407577497129736,3.0,3.0,3.0,132.0,-0.0266287737,139
pregnant,21,max_risk,0,13,0,134,0.0,1.0,0.0,0.9115646258503401,0.0,1.0,0.45407577497129736,3.0,3.0,3.0,132.0,-0.0266287737,139
record,13,na,0,15,2,526,0.0,0.9962121212121212,0.0,0.9722735674676525,0.0,0.900497512437811,0.4481060606060606,5.5,4.5,5.5,180.0,-0.0263891469,140
pregnant,13,conservative,0,17,1,129,0.0,0.9923076923076923,0.0,0.8835616438356164,0.0,1.0,0.4085972850678733,5.5,4.5,5.5,180.0,-0.0263891469,140
pregnant,13,majority,0,17,0,130,0.0,1.0,0.0,0.8843537414965986,0.0,1.0,0.4085972850678733,5.5,4.5,5.5,180.0,-0.0263891469,140
pregnant,13,max_risk,0,17,1,129,0.0,0.9923076923076923,0.0,0.8835616438356164,0.0,1.0,0.4085972850678733,5.5,4.5,5.5,180.0,-0.0263891469,140
record,18,na,0,16,0,527,0.0,1.0,0.0,0.9705340699815838,0.0,0.900497512437811,0.5675996204933587,5.5,5.5,5.5,174.0,-0.0263891469,140
pregnant,18,conservative,0,24,0,123,0.0,1.0,0.0,0.8367346938775511,0.0,1.0,0.524390243902439,5.5,5.5,5.5,174.0,-0.0263891469,140
pregnant,18,majority,0,24,0,123,0.0,1.0,0.0,0.8367346938775511,0.0,1.0,0.524390243902439,5.5,5.5,5.5,174.0,-0.0263891469,140
pregnant,18,max_risk,0,24,0,123,0.0,1.0,0.0,0.8367346938775511,0.0,1.0,0.524390243902439,5.5,5.5,5.5,174.0,-0.0263891469,140
record,21,na,0,17,1,525,0.0,0.9980988593155894,0.0,0.9686346863468634,0.0,0.900497512437811,0.5776112726459405,3.0,2.5,3.0,204.0,-0.0263891469,140
pregnant,21,conservative,0,17,1,129,0.0,0.9923076923076923,0.0,0.8835616438356164,0.0,1.0,0.44841628959276025,3.0,2.5,3.0,204.0,-0.0263891469,140
pregnant,21,majority,0,17,0,130,0.0,1.0,0.0,0.8843537414965986,0.0,1.0,0.44841628959276025,3.0,2.5,3.0,204.0,-0.0263891469,140
pregnant,21,max_risk,0,17,1,129,0.0,0.9923076923076923,0.0,0.8835616438356164,0.0,1.0,0.44841628959276025,3.0,2.5,3.0,204.0,-0.0263891469,140
record,13,na,0,14,0,518,0.0,1.0,0.0,0.9736842105263158,0.0,0.8986486486486487,0.34045780474351905,5.5,5.5,5.5,168.0,-0.027120967,141
pregnant,13,conservative,0,13,0,134,0.0,1.0,0.0,0.9115646258503401,0.0,1.0,0.43226176808266364,5.5,5.5,5.5,168.0,-0.027120967,141
pregnant,13,majority,0,13,0,134,0.0,1.0,0.0,0.9115646258503401,0.0,1.0,0.43226176808266364,5.5,5.5,5.5,168.0,-0.027120967,141
pregnant,13,max_risk,0,13,0,134,0.0,1.0,0.0,0.9115646258503401,0.0,1.0,0.43226176808266364,5.5,5.5,5.5,168.0,-0.027120967,141
record,18,na,0,13,0,519,0.0,1.0,0.0,0.9755639097744361,0.0,0.8986486486486487,0.5952275085223062,5.0,5.0,5.0,153.0,-0.027120967,141
pregnant,18,conservative,0,21,0,126,0.0,1.0,0.0,0.8571428571428571,0.0,1.0,0.5873015873015873,5.0,5.0,5.0,153.0,-0.027120967,141
pregnant,18,majority,0,21,0,126,0.0,1.0,0.0,0.8571428571428571,0.0,1.0,0.5873015873015873,5.0,5.0,5.0,153.0,-0.027120967,141
pregnant,18,max_risk,0,21,0,126,0.0,1.0,0.0,0.8571428571428571,0.0,1.0,0.5873015873015873,5.0,5.0,5.0,153.0,-0.027120967,141
record,21,na,0,7,0,525,0.0,1.0,0.0,0.9868421052631579,0.0,0.8986486486486487,0.5548299319727891,3.0,3.0,3.0,84.0,-0.027120967,141
pregnant,21,conservative,0,7,0,140,0.0,1.0,0.0,0.9523809523809523,0.0,1.0,0.4897959183673469,3.0,3.0,3.0,84.0,-0.027120967,141
pregnant,21,majority,0,7,0,140,0.0,1.0,0.0,0.9523809523809523,0.0,1.0,0.4897959183673469,3.0,3.0,3.0,84.0,-0.027120967,141
pregnant,21,max_risk,0,7,0,140,0.0,1.0,0.0,0.9523809523809523,0.0,1.0,0.4897959183673469,3.0,3.0,3.0,84.0,-0.027120967,141
record,13,na,0,21,1,516,0.0,0.9980657640232108,0.0,0.9608938547486033,0.0,0.8951747088186356,0.41742654508611954,5.5,5.5,5.5,262.0,-0.0269158785,142
pregnant,13,conservative,0,25,1,121,0.0,0.9918032786885246,0.0,0.8287671232876712,0.0,1.0,0.45868852459016396,5.5,5.5,5.5,262.0,-0.0269158785,142
pregnant,13,majority,0,25,0,122,0.0,1.0,0.0,0.8299319727891157,0.0,1.0,0.45868852459016396,5.5,5.5,5.5,262.0,-0.0269158785,142
pregnant,13,max_risk,0,25,1,121,0.0,0.9918032786885246,0.0,0.8287671232876712,0.0,1.0,0.45868852459016396,5.5,5.5,5.5,262.0,-0.0269158785,142
record,18,na,0,19,1,518,0.0,0.9980732177263969,0.0,0.9646182495344506,0.0,0.8951747088186356,0.522665044113173,5.5,5.0,5.5,237.0,-0.0269158785,142
pregnant,18,conservative,0,25,1,121,0.0,0.9918032786885246,0.0,0.8287671232876712,0.0,1.0,0.4639344262295082,5.5,5.0,5.5,237.0,-0.0269158785,142
pregnant,18,majority,0,25,0,122,0.0,1.0,0.0,0.8299319727891157,0.0,1.0,0.4639344262295082,5.5,5.0,5.5,237.0,-0.0269158785,142
pregnant,18,max_risk,0,25,1,121,0.0,0.9918032786885246,0.0,0.8287671232876712,0.0,1.0,0.4639344262295082,5.5,5.0,5.5,237.0,-0.0269158785,142
record,21,na,0,11,0,527,0.0,1.0,0.0,0.9795539033457249,0.0,0.8951747088186356,0.42245989304812837,3.0,3.0,3.0,132.0,-0.0269158785,142
pregnant,21,conservative,0,11,0,136,0.0,1.0,0.0,0.9251700680272109,0.0,1.0,0.29679144385026734,3.0,3.0,3.0,132.0,-0.0269158785,142
pregnant,21,majority,0,11,0,136,0.0,1.0,0.0,0.9251700680272109,0.0,1.0,0.29679144385026734,3.0,3.0,3.0,132.0,-0.0269158785,142
pregnant,21,max_risk,0,11,0,136,0.0,1.0,0.0,0.9251700680272109,0.0,1.0,0.29679144385026734,3.0,3.0,3.0,132.0,-0.0269158785,142
record,13,na,0,13,2,521,0.0,0.9961759082217974,0.0,0.9756554307116105,0.0,0.9008403361344538,0.4406530372113546,5.5,5.0,5.5,157.0,-0.0258496275,143
pregnant,13,conservative,0,18,2,127,0.0,0.9844961240310077,0.0,0.8758620689655172,0.0,1.0,0.48708010335917307,5.5,5.0,5.5,157.0,-0.0258496275,143
pregnant,13,majority,0,18,0,129,0.0,1.0,0.0,0.8775510204081632,0.0,1.0,0.48708010335917307,5.5,5.0,5.5,157.0,-0.0258496275,143
pregnant,13,max_risk,0,18,2,127,0.0,0.9844961240310077,0.0,0.8758620689655172,0.0,1.0,0.48708010335917307,5.5,5.0,5.5,157.0,-0.0258496275,143
record,18,na,0,15,0,521,0.0,1.0,0.0,0.9720149253731343,0.0,0.9008403361344538,0.6609085092770313,5.0,5.0,5.0,201.0,-0.0258496275,143
pregnant,18,conservative,0,25,0,122,0.0,1.0,0.0,0.8299319727891157,0.0,1.0,0.5167213114754099,5.0,5.0,5.0,201.0,-0.0258496275,143
pregnant,18,majority,0,25,0,122,0.0,1.0,0.0,0.8299319727891157,0.0,1.0,0.5167213114754099,5.0,5.0,5.0,201.0,-0.0258496275,143
pregnant,18,max_risk,0,25,0,122,0.0,1.0,0.0,0.8299319727891157,0.0,1.0,0.5167213114754099,5.0,5.0,5.0,201.0,-0.0258496275,143
record,21,na,0,11,0,525,0.0,1.0,0.0,0.9794776119402985,0.0,0.9008403361344538,0.5130735930735931,3.0,3.0,3.0,132.0,-0.0258496275,143
pregnant,21,conservative,0,13,0,134,0.0,1.0,0.0,0.9115646258503401,0.0,1.0,0.354190585533869,3.0,3.0,3.0,132.0,-0.0258496275,143
pregnant,21,majority,0,13,0,134,0.0,1.0,0.0,0.9115646258503401,0.0,1.0,0.354190585533869,3.0,3.0,3.0,132.0,-0.0258496275,143
pregnant,21,max_risk,0,13,0,134,0.0,1.0,0.0,0.9115646258503401,0.0,1.0,0.354190585533869,3.0,3.0,3.0,132.0,-0.0258496275,143
record,13,na,0,9,3,526,0.0,0.994328922495274,0.0,0.983177570093458,0.0,0.8922056384742952,0.43016173072883845,5.5,3.5,5.5,110.0,-0.026790088,144
pregnant,13,conservative,0,10,2,135,0.0,0.9854014598540146,0.0,0.9310344827586207,0.0,1.0,0.5007299270072993,5.5,3.5,5.5,110.0,-0.026790088,144
pregnant,13,majority,0,10,0,137,0.0,1.0,0.0,0.9319727891156463,0.0,1.0,0.5007299270072993,5.5,3.5,5.5,110.0,-0.026790088,144
pregnant,13,max_risk,0,10,2,135,0.0,0.9854014598540146,0.0,0.9310344827586207,0.0,1.0,0.5007299270072993,5.5,3.5,5.5,110.0,-0.026790088,144
record,18,na,0,24,0,514,0.0,1.0,0.0,0.9553903345724907,0.0,0.8922056384742952,0.5766050583657587,5.0,5.0,5.0,315.0,-0.026790088,144
pregnant,18,conservative,0,30,0,117,0.0,1.0,0.0,0.7959183673469388,0.0,1.0,0.6085470085470086,5.0,5.0,5.0,315.0,-0.026790088,144
pregnant,18,majority,0,30,0,117,0.0,1.0,0.0,0.7959183673469388,0.0,1.0,0.6085470085470086,5.0,5.0,5.0,315.0,-0.026790088,144
pregnant,18,max_risk,0,30,0,117,0.0,1.0,0.0,0.7959183673469388,0.0,1.0,0.6085470085470086,5.0,5.0,5.0,315.0,-0.026790088,144
record,21,na,0,12,0,526,0.0,1.0,0.0,0.9776951672862454,0.0,0.8922056384742952,0.5243979721166033,3.0,3.0,3.0,144.0,-0.026790088,144
pregnant,21,conservative,0,10,0,137,0.0,1.0,0.0,0.9319727891156463,0.0,1.0,0.35036496350364965,3.0,3.0,3.0,144.0,-0.026790088,144
pregnant,21,majority,0,10,0,137,0.0,1.0,0.0,0.9319727891156463,0.0,1.0,0.35036496350364965,3.0,3.0,3.0,144.0,-0.026790088,144
pregnant,21,max_risk,0,10,0,137,0.0,1.0,0.0,0.9319727891156463,0.0,1.0,0.35036496350364965,3.0,3.0,3.0,144.0,-0.026790088,144
record,13,na,0,20,2,532,0.0,0.9962546816479401,0.0,0.9637681159420289,0.0,0.9037520391517129,0.3055243445692884,5.5,5.5,5.5,248.0,-0.0265014479,145
pregnant,13,conservative,0,19,2,126,0.0,0.984375,0.0,0.8689655172413793,0.0,1.0,0.3647203947368421,5.5,5.5,5.5,248.0,-0.0265014479,145
pregnant,13,majority,0,19,0,128,0.0,1.0,0.0,0.8707482993197279,0.0,1.0,0.3647203947368421,5.5,5.5,5.5,248.0,-0.0265014479,145
pregnant,13,max_risk,0,19,2,126,0.0,0.984375,0.0,0.8689655172413793,0.0,1.0,0.3647203947368421,5.5,5.5,5.5,248.0,-0.0265014479,145
record,18,na,0,15,0,539,0.0,1.0,0.0,0.9729241877256317,0.0,0.9037520391517129,0.47779839208410646,5.5,5.5,5.5,180.0,-0.0265014479,145
pregnant,18,conservative,0,24,0,123,0.0,1.0,0.0,0.8367346938775511,0.0,1.0,0.5284552845528455,5.5,5.5,5.5,180.0,-0.0265014479,145
pregnant,18,majority,0,24,0,123,0.0,1.0,0.0,0.8367346938775511,0.0,1.0,0.5284552845528455,5.5,5.5,5.5,180.0,-0.0265014479,145
pregnant,18,max_risk,0,24,0,123,0.0,1.0,0.0,0.8367346938775511,0.0,1.0,0.5284552845528455,5.5,5.5,5.5,180.0,-0.0265014479,145
record,21,na,0,13,0,541,0.0,1.0,0.0,0.9765342960288809,0.0,0.9037520391517129,0.3435233897341106,3.0,3.0,3.0,156.0,-0.0265014479,145
pregnant,21,conservative,0,15,0,132,0.0,1.0,0.0,0.8979591836734694,0.0,1.0,0.23787878787878786,3.0,3.0,3.0,156.0,-0.0265014479,145
pregnant,21,majority,0,15,0,132,0.0,1.0,0.0,0.8979591836734694,0.0,1.0,0.23787878787878786,3.0,3.0,3.0,156.0,-0.0265014479,145
pregnant,21,max_risk,0,15,0,132,0.0,1.0,0.0,0.8979591836734694,0.0,1.0,0.23787878787878786,3.0,3.0,3.0,156.0,-0.0265014479,145
record,13,na,0,10,3,521,0.0,0.9942748091603053,0.0,0.9811676082862524,0.0,0.898989898989899,0.3440839694656488,5.5,5.0,5.5,128.0,-0.027723419,146
pregnant,13,conservative,0,18,3,126,0.0,0.9767441860465116,0.0,0.875,0.0,1.0,0.4517657192075797,5.5,5.0,5.5,128.0,-0.027723419,146
pregnant,13,majority,0,18,0,129,0.0,1.0,0.0,0.8775510204081632,0.0,1.0,0.4517657192075797,5.5,5.0,5.5,128.0,-0.027723419,146
pregnant,13,max_risk,0,18,3,126,0.0,0.9767441860465116,0.0,0.875,0.0,1.0,0.4517657192075797,5.5,5.0,5.5,128.0,-0.027723419,146
record,18,na,0,21,1,512,0.0,0.9980506822612085,0.0,0.9606003752345216,0.0,0.898989898989899,0.5434883505058943,5.5,5.0,5.5,264.0,-0.027723419,146
pregnant,18,conservative,0,28,1,118,0.0,0.9915966386554622,0.0,0.8082191780821918,0.0,1.0,0.4924969987995198,5.5,5.0,5.5,264.0,-0.027723419,146
pregnant,18,majority,0,28,0,119,0.0,1.0,0.0,0.8095238095238095,0.0,1.0,0.4924969987995198,5.5,5.0,5.5,264.0,-0.027723419,146
pregnant,18,max_risk,0,28,1,118,0.0,0.9915966386554622,0.0,0.8082191780821918,0.0,1.0,0.4924969987995198,5.5,5.0,5.5,264.0,-0.027723419,146
record,21,na,0,11,0,523,0.0,1.0,0.0,0.9794007490636704,0.0,0.898989898989899,0.6236746045541457,3.0,3.0,3.0,132.0,-0.027723419,146
pregnant,21,conservative,0,15,0,132,0.0,1.0,0.0,0.8979591836734694,0.0,1.0,0.44646464646464645,3.0,3.0,3.0,132.0,-0.027723419,146
pregnant,21,majority,0,15,0,132,0.0,1.0,0.0,0.8979591836734694,0.0,1.0,0.44646464646464645,3.0,3.0,3.0,132.0,-0.027723419,146
pregnant,21,max_risk,0,15,0,132,0.0,1.0,0.0,0.8979591836734694,0.0,1.0,0.44646464646464645,3.0,3.0,3.0,132.0,-0.027723419,146
record,13,na,0,15,1,565,0.0,0.9982332155477032,0.0,0.9741379310344828,0.0,0.9021739130434783,0.4386336866902238,5.5,5.0,5.5,180.0,-0.026191592,147
pregnant,13,conservative,0,16,1,130,0.0,0.9923664122137404,0.0,0.8904109589041096,0.0,1.0,0.47041984732824427,5.5,5.0,5.5,180.0,-0.026191592,147
pregnant,13,majority,0,16,0,131,0.0,1.0,0.0,0.891156462585034,0.0,1.0,0.47041984732824427,5.5,5.0,5.5,180.0,-0.026191592,147
pregnant,13,max_risk,0,16,1,130,0.0,0.9923664122137404,0.0,0.8904109589041096,0.0,1.0,0.47041984732824427,5.5,5.0,5.5,180.0,-0.026191592,147
record,18,na,0,30,0,551,0.0,1.0,0.0,0.9483648881239243,0.0,0.9021739130434783,0.5578947368421052,5.5,5.5,5.5,357.0,-0.026191592,147
pregnant,18,conservative,0,29,0,118,0.0,1.0,0.0,0.8027210884353742,0.0,1.0,0.5227936879018118,5.5,5.5,5.5,357.0,-0.026191592,147
pregnant,18,majority,0,29,0,118,0.0,1.0,0.0,0.8027210884353742,0.0,1.0,0.5227936879018118,5.5,5.5,5.5,357.0,-0.026191592,147
pregnant,18,max_risk,0,29,0,118,0.0,1.0,0.0,0.8027210884353742,0.0,1.0,0.5227936879018118,5.5,5.5,5.5,357.0,-0.026191592,147
record,21,na,0,10,0,571,0.0,1.0,0.0,0.9827882960413081,0.0,0.9021739130434783,0.5809106830122592,3.0,3.0,3.0,120.0,-0.026191592,147
pregnant,21,conservative,0,9,0,138,0.0,1.0,0.0,0.9387755102040817,0.0,1.0,0.4694041867954911,3.0,3.0,3.0,120.0,-0.026191592,147
pregnant,21,majority,0,9,0,138,0.0,1.0,0.0,0.9387755102040817,0.0,1.0,0.4694041867954911,3.0,3.0,3.0,120.0,-0.026191592,147
pregnant,21,max_risk,0,9,0,138,0.0,1.0,0.0,0.9387755102040817,0.0,1.0,0.4694041867954911,3.0,3.0,3.0,120.0,-0.026191592,147
record,13,na,0,13,5,515,0.0,0.9903846153846154,0.0,0.9753787878787878,0.0,0.8942953020134228,0.5581360946745562,5.0,3.5,5.5,155.0,-0.027175609,148
pregnant,13,conservative,0,15,5,127,0.0,0.9621212121212122,0.0,0.8943661971830986,0.0,1.0,0.4792929292929293,5.0,3.5,5.5,155.0,-0.027175609,148
pregnant,13,majority,0,15,0,132,0.0,1.0,0.0,0.8979591836734694,0.0,1.0,0.4792929292929293,5.0,3.5,5.5,155.0,-0.027175609,148
pregnant,13,max_risk,0,15,5,127,0.0,0.9621212121212122,0.0,0.8943661971830986,0.0,1.0,0.4792929292929293,5.0,3.5,5.5,155.0,-0.027175609,148
record,18,na,0,22,1,510,0.0,0.9980430528375733,0.0,0.9586466165413534,0.0,0.8942953020134228,0.5963351716776375,5.5,5.0,5.5,291.0,-0.027175609,148
pregnant,18,conservative,0,29,1,117,0.0,0.9915254237288136,0.0,0.8013698630136986,0.0,1.0,0.48275862068965525,5.5,5.0,5.5,291.0,-0.027175609,148
pregnant,18,majority,0,29,0,118,0.0,1.0,0.0,0.8027210884353742,0.0,1.0,0.48275862068965525,5.5,5.0,5.5,291.0,-0.027175609,148
pregnant,18,max_risk,0,29,1,117,0.0,0.9915254237288136,0.0,0.8013698630136986,0.0,1.0,0.48275862068965525,5.5,5.0,5.5,291.0,-0.027175609,148
record,21,na,0,12,0,521,0.0,1.0,0.0,0.9774859287054409,0.0,0.8942953020134228,0.49424184261036463,3.0,3.0,3.0,144.0,-0.027175609,148
pregnant,21,conservative,0,15,0,132,0.0,1.0,0.0,0.8979591836734694,0.0,1.0,0.36717171717171715,3.0,3.0,3.0,144.0,-0.027175609,148
pregnant,21,majority,0,15,0,132,0.0,1.0,0.0,0.8979591836734694,0.0,1.0,0.36717171717171715,3.0,3.0,3.0,144.0,-0.027175609,148
pregnant,21,max_risk,0,15,0,132,0.0,1.0,0.0,0.8979591836734694,0.0,1.0,0.36717171717171715,3.0,3.0,3.0,144.0,-0.027175609,148
record,13,na,0,13,0,541,0.0,1.0,0.0,0.9765342960288809,0.0,0.8978930307941653,0.4167496089862079,5.5,5.5,5.5,156.0,-0.027642774000000002,149
pregnant,13,conservative,0,22,0,125,0.0,1.0,0.0,0.8503401360544217,0.0,1.0,0.496,5.5,5.5,5.5,156.0,-0.027642774000000002,149
pregnant,13,majority,0,22,0,125,0.0,1.0,0.0,0.8503401360544217,0.0,1.0,0.496,5.5,5.5,5.5,156.0,-0.027642774000000002,149
pregnant,13,max_risk,0,22,0,125,0.0,1.0,0.0,0.8503401360544217,0.0,1.0,0.496,5.5,5.5,5.5,156.0,-0.027642774000000002,149
record,18,na,0,25,0,529,0.0,1.0,0.0,0.9548736462093863,0.0,0.8978930307941653,0.5444990548204159,5.0,5.0,5.0,297.0,-0.027642774000000002,149
pregnant,18,conservative,0,30,0,117,0.0,1.0,0.0,0.7959183673469388,0.0,1.0,0.441025641025641,5.0,5.0,5.0,297.0,-0.027642774000000002,149
pregnant,18,majority,0,30,0,117,0.0,1.0,0.0,0.7959183673469388,0.0,1.0,0.441025641025641,5.0,5.0,5.0,297.0,-0.027642774000000002,149
pregnant,18,max_risk,0,30,0,117,0.0,1.0,0.0,0.7959183673469388,0.0,1.0,0.441025641025641,5.0,5.0,5.0,297.0,-0.027642774000000002,149
record,21,na,0,11,0,543,0.0,1.0,0.0,0.98014440433213,0.0,0.8978930307941653,0.4866901054746359,3.0,3.0,3.0,132.0,-0.027642774000000002,149
pregnant,21,conservative,0,14,0,133,0.0,1.0,0.0,0.9047619047619048,0.0,1.0,0.4301825993555317,3.0,3.0,3.0,132.0,-0.027642774000000002,149
pregnant,21,majority,0,14,0,133,0.0,1.0,0.0,0.9047619047619048,0.0,1.0,0.4301825993555317,3.0,3.0,3.0,132.0,-0.027642774000000002,149
pregnant,21,max_risk,0,14,0,133,0.0,1.0,0.0,0.9047619047619048,0.0,1.0,0.4301825993555317,3.0,3.0,3.0,132.0,-0.027642774000000002,149
record,13,na,0,13,3,525,0.0,0.9943181818181818,0.0,0.9758364312267658,0.0,0.8986710963455149,0.4771270396270396,5.5,5.5,5.5,159.0,-0.026826763,150
pregnant,13,conservative,0,17,3,127,0.0,0.9769230769230769,0.0,0.8819444444444444,0.0,1.0,0.45656108597285067,5.5,5.5,5.5,159.0,-0.026826763,150
pregnant,13,majority,0,17,0,130,0.0,1.0,0.0,0.8843537414965986,0.0,1.0,0.45656108597285067,5.5,5.5,5.5,159.0,-0.026826763,150
pregnant,13,max_risk,0,17,3,127,0.0,0.9769230769230769,0.0,0.8819444444444444,0.0,1.0,0.45656108597285067,5.5,5.5,5.5,159.0,-0.026826763,150
record,18,na,0,21,0,520,0.0,1.0,0.0,0.9611829944547134,0.0,0.8986710963455149,0.46126373626373623,5.5,5.5,5.5,255.0,-0.026826763,150
pregnant,18,conservative,0,31,0,116,0.0,1.0,0.0,0.7891156462585034,0.0,1.0,0.439377085650723,5.5,5.5,5.5,255.0,-0.026826763,150
pregnant,18,majority,0,31,0,116,0.0,1.0,0.0,0.7891156462585034,0.0,1.0,0.439377085650723,5.5,5.5,5.5,255.0,-0.026826763,150
pregnant,18,max_risk,0,31,0,116,0.0,1.0,0.0,0.7891156462585034,0.0,1.0,0.439377085650723,5.5,5.5,5.5,255.0,-0.026826763,150
record,21,na,0,8,0,533,0.0,1.0,0.0,0.9852125693160814,0.0,0.8986710963455149,0.6285178236397748,3.0,3.0,3.0,96.0,-0.026826763,150
pregnant,21,conservative,0,8,0,139,0.0,1.0,0.0,0.9455782312925171,0.0,1.0,0.4559352517985612,3.0,3.0,3.0,96.0,-0.026826763,150
pregnant,21,majority,0,8,0,139,0.0,1.0,0.0,0.9455782312925171,0.0,1.0,0.4559352517985612,3.0,3.0,3.0,96.0,-0.026826763,150
pregnant,21,max_risk,0,8,0,139,0.0,1.0,0.0,0.9455782312925171,0.0,1.0,0.4559352517985612,3.0,3.0,3.0,96.0,-0.026826763,150
record,13,na,0,11,1,522,0.0,0.9980879541108987,0.0,0.9793621013133208,0.0,0.8974789915966387,0.4846167217104119,5.0,4.5,5.0,132.0,-0.028014503,151
pregnant,13,conservative,0,15,1,131,0.0,0.9924242424242424,0.0,0.8972602739726028,0.0,1.0,0.47424242424242424,5.0,4.5,5.0,132.0,-0.028014503,151
pregnant,13,majority,0,15,0,132,0.0,1.0,0.0,0.8979591836734694,0.0,1.0,0.47424242424242424,5.0,4.5,5.0,132.0,-0.028014503,151
pregnant,13,max_risk,0,15,1,131,0.0,0.9924242424242424,0.0,0.8972602739726028,0.0,1.0,0.47424242424242424,5.0,4.5,5.0,132.0,-0.028014503,151
record,18,na,0,24,1,509,0.0,0.9980392156862745,0.0,0.9549718574108818,0.0,0.8974789915966387,0.5656862745098039,5.5,4.5,5.5,294.0,-0.028014503,151
pregnant,18,conservative,0,27,1,119,0.0,0.9916666666666667,0.0,0.815068493150685,0.0,1.0,0.47129629629629627,5.5,4.5,5.5,294.0,-0.028014503,151
pregnant,18,majority,0,27,0,120,0.0,1.0,0.0,0.8163265306122449,0.0,1.0,0.47129629629629627,5.5,4.5,5.5,294.0,-0.028014503,151
pregnant,18,max_risk,0,27,1,119,0.0,0.9916666666666667,0.0,0.815068493150685,0.0,1.0,0.47129629629629627,5.5,4.5,5.5,294.0,-0.028014503,151
record,21,na,0,11,0,523,0.0,1.0,0.0,0.9794007490636704,0.0,0.8974789915966387,0.514861811228924,3.0,3.0,3.0,132.0,-0.028014503,151
pregnant,21,conservative,0,13,0,134,0.0,1.0,0.0,0.9115646258503401,0.0,1.0,0.38633754305396095,3.0,3.0,3.0,132.0,-0.028014503,151
pregnant,21,majority,0,13,0,134,0.0,1.0,0.0,0.9115646258503401,0.0,1.0,0.38633754305396095,3.0,3.0,3.0,132.0,-0.028014503,151
pregnant,21,max_risk,0,13,0,134,0.0,1.0,0.0,0.9115646258503401,0.0,1.0,0.38633754305396095,3.0,3.0,3.0,132.0,-0.028014503,151
record,13,na,0,14,2,531,0.0,0.9962476547842402,0.0,0.9743119266055046,0.0,0.8937908496732027,0.5071026534441169,5.5,3.5,5.5,171.0,-0.027131873,152
pregnant,13,conservative,0,11,2,134,0.0,0.9852941176470589,0.0,0.9241379310344827,0.0,1.0,0.5508021390374332,5.5,3.5,5.5,171.0,-0.027131873,152
pregnant,13,majority,0,11,0,136,0.0,1.0,0.0,0.9251700680272109,0.0,1.0,0.5508021390374332,5.5,3.5,5.5,171.0,-0.027131873,152
pregnant,13,max_risk,0,11,2,134,0.0,0.9852941176470589,0.0,0.9241379310344827,0.0,1.0,0.5508021390374332,5.5,3.5,5.5,171.0,-0.027131873,152
record,18,na,0,26,1,520,0.0,0.9980806142034548,0.0,0.9523809523809523,0.0,0.8937908496732027,0.6302967665731581,5.5,5.0,5.5,345.0,-0.027131873,152
pregnant,18,conservative,0,30,1,116,0.0,0.9914529914529915,0.0,0.7945205479452054,0.0,1.0,0.5413105413105413,5.5,5.0,5.5,345.0,-0.027131873,152
pregnant,18,majority,0,30,0,117,0.0,1.0,0.0,0.7959183673469388,0.0,1.0,0.5413105413105413,5.5,5.0,5.5,345.0,-0.027131873,152
pregnant,18,max_risk,0,30,1,116,0.0,0.9914529914529915,0.0,0.7945205479452054,0.0,1.0,0.5413105413105413,5.5,5.0,5.5,345.0,-0.027131873,152
record,21,na,0,11,2,534,0.0,0.996268656716418,0.0,0.9798165137614679,0.0,0.8937908496732027,0.5156037991858887,3.0,2.5,3.0,132.0,-0.027131873,152
pregnant,21,conservative,0,10,2,135,0.0,0.9854014598540146,0.0,0.9310344827586207,0.0,1.0,0.40948905109489053,3.0,2.5,3.0,132.0,-0.027131873,152
pregnant,21,majority,0,10,0,137,0.0,1.0,0.0,0.9319727891156463,0.0,1.0,0.40948905109489053,3.0,2.5,3.0,132.0,-0.027131873,152
pregnant,21,max_risk,0,10,2,135,0.0,0.9854014598540146,0.0,0.9310344827586207,0.0,1.0,0.40948905109489053,3.0,2.5,3.0,132.0,-0.027131873,152
record,13,na,0,11,0,531,0.0,1.0,0.0,0.9797047970479705,0.0,0.9033333333333333,0.5654853620955316,5.5,5.5,5.5,132.0,-0.0272659714,153
pregnant,13,conservative,0,16,0,131,0.0,1.0,0.0,0.891156462585034,0.0,1.0,0.5109732824427481,5.5,5.5,5.5,132.0,-0.0272659714,153
pregnant,13,majority,0,16,0,131,0.0,1.0,0.0,0.891156462585034,0.0,1.0,0.5109732824427481,5.5,5.5,5.5,132.0,-0.0272659714,153
pregnant,13,max_risk,0,16,0,131,0.0,1.0,0.0,0.891156462585034,0.0,1.0,0.5109732824427481,5.5,5.5,5.5,132.0,-0.0272659714,153
record,18,na,0,27,0,515,0.0,1.0,0.0,0.9501845018450185,0.0,0.9033333333333333,0.6428622797554836,5.0,5.0,5.0,318.0,-0.0272659714,153
pregnant,18,conservative,0,32,0,115,0.0,1.0,0.0,0.782312925170068,0.0,1.0,0.5065217391304349,5.0,5.0,5.0,318.0,-0.0272659714,153
pregnant,18,majority,0,32,0,115,0.0,1.0,0.0,0.782312925170068,0.0,1.0,0.5065217391304349,5.0,5.0,5.0,318.0,-0.0272659714,153
pregnant,18,max_risk,0,32,0,115,0.0,1.0,0.0,0.782312925170068,0.0,1.0,0.5065217391304349,5.0,5.0,5.0,318.0,-0.0272659714,153
record,21,na,0,13,0,529,0.0,1.0,0.0,0.9760147601476015,0.0,0.9033333333333333,0.40846299258397556,3.0,3.0,3.0,156.0,-0.0272659714,153
pregnant,21,conservative,0,15,0,132,0.0,1.0,0.0,0.8979591836734694,0.0,1.0,0.26666666666666666,3.0,3.0,3.0,156.0,-0.0272659714,153
pregnant,21,majority,0,15,0,132,0.0,1.0,0.0,0.8979591836734694,0.0,1.0,0.26666666666666666,3.0,3.0,3.0,156.0,-0.0272659714,153
pregnant,21,max_risk,0,15,0,132,0.0,1.0,0.0,0.8979591836734694,0.0,1.0,0.26666666666666666,3.0,3.0,3.0,156.0,-0.0272659714,153
record,13,na,0,20,4,511,0.0,0.9922330097087378,0.0,0.9623352165725048,0.0,0.8991596638655462,0.4797087378640777,5.5,3.5,5.5,236.0,-0.026723174000000002,154
pregnant,13,conservative,0,17,3,127,0.0,0.9769230769230769,0.0,0.8819444444444444,0.0,1.0,0.5452488687782805,5.5,3.5,5.5,236.0,-0.026723174000000002,154
pregnant,13,majority,0,17,0,130,0.0,1.0,0.0,0.8843537414965986,0.0,1.0,0.5452488687782805,5.5,3.5,5.5,236.0,-0.026723174000000002,154
pregnant,13,max_risk,0,17,3,127,0.0,0.9769230769230769,0.0,0.8819444444444444,0.0,1.0,0.5452488687782805,5.5,3.5,5.5,236.0,-0.026723174000000002,154
record,18,na,0,38,4,493,0.0,0.9919517102615694,0.0,0.928436911487759,0.0,0.8991596638655462,0.6221010272159271,5.0,4.5,5.0,465.0,-0.026723174000000002,154
pregnant,18,conservative,0,35,3,109,0.0,0.9732142857142857,0.0,0.7569444444444444,0.0,1.0,0.5681122448979592,5.0,4.5,5.0,465.0,-0.026723174000000002,154
pregnant,18,majority,0,35,0,112,0.0,1.0,0.0,0.7619047619047619,0.0,1.0,0.5681122448979592,5.0,4.5,5.0,465.0,-0.026723174000000002,154
pregnant,18,max_risk,0,35,3,109,0.0,0.9732142857142857,0.0,0.7569444444444444,0.0,1.0,0.5681122448979592,5.0,4.5,5.0,465.0,-0.026723174000000002,154
record,21,na,0,13,0,522,0.0,1.0,0.0,0.9757009345794393,0.0,0.8991596638655462,0.49115826702033594,3.0,3.0,3.0,156.0,-0.026723174000000002,154
pregnant,21,conservative,0,13,0,134,0.0,1.0,0.0,0.9115646258503401,0.0,1.0,0.3983926521239954,3.0,3.0,3.0,156.0,-0.026723174000000002,154
pregnant,21,majority,0,13,0,134,0.0,1.0,0.0,0.9115646258503401,0.0,1.0,0.3983926521239954,3.0,3.0,3.0,156.0,-0.026723174000000002,154
pregnant,21,max_risk,0,13,0,134,0.0,1.0,0.0,0.9115646258503401,0.0,1.0,0.3983926521239954,3.0,3.0,3.0,156.0,-0.026723174000000002,154
record,13,na,0,5,2,532,0.0,0.9962546816479401,0.0,0.9906890130353817,0.0,0.8953488372093024,0.3314606741573034,5.5,5.5,5.5,65.0,-0.025735204499999997,155
pregnant,13,conservative,0,11,2,134,0.0,0.9852941176470589,0.0,0.9241379310344827,0.0,1.0,0.5046791443850267,5.5,5.5,5.5,65.0,-0.025735204499999997,155
pregnant,13,majority,0,11,0,136,0.0,1.0,0.0,0.9251700680272109,0.0,1.0,0.5046791443850267,5.5,5.5,5.5,65.0,-0.025735204499999997,155
pregnant,13,max_risk,0,11,2,134,0.0,0.9852941176470589,0.0,0.9241379310344827,0.0,1.0,0.5046791443850267,5.5,5.5,5.5,65.0,-0.025735204499999997,155
record,18,na,0,15,0,524,0.0,1.0,0.0,0.9721706864564007,0.0,0.8953488372093024,0.5203562340966921,5.0,5.0,5.0,192.0,-0.025735204499999997,155
pregnant,18,conservative,0,22,0,125,0.0,1.0,0.0,0.8503401360544217,0.0,1.0,0.4450909090909091,5.0,5.0,5.0,192.0,-0.025735204499999997,155
pregnant,18,majority,0,22,0,125,0.0,1.0,0.0,0.8503401360544217,0.0,1.0,0.4450909090909091,5.0,5.0,5.0,192.0,-0.025735204499999997,155
pregnant,18,max_risk,0,22,0,125,0.0,1.0,0.0,0.8503401360544217,0.0,1.0,0.4450909090909091,5.0,5.0,5.0,192.0,-0.025735204499999997,155
record,21,na,0,5,0,534,0.0,1.0,0.0,0.9907235621521335,0.0,0.8953488372093024,0.5022471910112359,3.0,3.0,3.0,60.0,-0.025735204499999997,155
pregnant,21,conservative,0,6,0,141,0.0,1.0,0.0,0.9591836734693877,0.0,1.0,0.375886524822695,3.0,3.0,3.0,60.0,-0.025735204499999997,155
pregnant,21,majority,0,6,0,141,0.0,1.0,0.0,0.9591836734693877,0.0,1.0,0.375886524822695,3.0,3.0,3.0,60.0,-0.025735204499999997,155
pregnant,21,max_risk,0,6,0,141,0.0,1.0,0.0,0.9591836734693877,0.0,1.0,0.375886524822695,3.0,3.0,3.0,60.0,-0.025735204499999997,155
record,13,na,0,16,5,518,0.0,0.9904397705544933,0.0,0.9700374531835206,0.0,0.8953488372093024,0.6444789674952198,3.5,3.5,5.5,182.0,-0.0272503546,156
pregnant,13,conservative,0,18,5,124,0.0,0.9612403100775194,0.0,0.8732394366197183,0.0,1.0,0.640396210163652,3.5,3.5,5.5,182.0,-0.0272503546,156
pregnant,13,majority,0,18,0,129,0.0,1.0,0.0,0.8775510204081632,0.0,1.0,0.640396210163652,3.5,3.5,5.5,182.0,-0.0272503546,156
pregnant,13,max_risk,0,18,5,124,0.0,0.9612403100775194,0.0,0.8732394366197183,0.0,1.0,0.640396210163652,3.5,3.5,5.5,182.0,-0.0272503546,156
record,18,na,0,34,1,504,0.0,0.998019801980198,0.0,0.9368029739776952,0.0,0.8953488372093024,0.581421083284799,5.5,5.0,5.5,411.0,-0.0272503546,156
pregnant,18,conservative,0,36,1,110,0.0,0.990990990990991,0.0,0.7534246575342466,0.0,1.0,0.5052552552552553,5.5,5.0,5.5,411.0,-0.0272503546,156
pregnant,18,majority,0,36,0,111,0.0,1.0,0.0,0.7551020408163265,0.0,1.0,0.5052552552552553,5.5,5.0,5.5,411.0,-0.0272503546,156
pregnant,18,max_risk,0,36,1,110,0.0,0.990990990990991,0.0,0.7534246575342466,0.0,1.0,0.5052552552552553,5.5,5.0,5.5,411.0,-0.0272503546,156
record,21,na,0,18,0,521,0.0,1.0,0.0,0.9666048237476809,0.0,0.8953488372093024,0.4912561313712946,3.0,3.0,3.0,216.0,-0.0272503546,156
pregnant,21,conservative,0,17,0,130,0.0,1.0,0.0,0.8843537414965986,0.0,1.0,0.36968325791855206,3.0,3.0,3.0,216.0,-0.0272503546,156
pregnant,21,majority,0,17,0,130,0.0,1.0,0.0,0.8843537414965986,0.0,1.0,0.36968325791855206,3.0,3.0,3.0,216.0,-0.0272503546,156
pregnant,21,max_risk,0,17,0,130,0.0,1.0,0.0,0.8843537414965986,0.0,1.0,0.36968325791855206,3.0,3.0,3.0,216.0,-0.0272503546,156
record,13,na,0,13,6,518,0.0,0.9885496183206107,0.0,0.975517890772128,0.0,0.8964941569282137,0.4241045214327657,5.5,4.5,5.5,168.0,-0.028220193,157
pregnant,13,conservative,0,14,5,128,0.0,0.9624060150375939,0.0,0.9014084507042254,0.0,1.0,0.47798066595059074,5.5,4.5,5.5,168.0,-0.028220193,157
pregnant,13,majority,0,14,0,133,0.0,1.0,0.0,0.9047619047619048,0.0,1.0,0.47798066595059074,5.5,4.5,5.5,168.0,-0.028220193,157
pregnant,13,max_risk,0,14,5,128,0.0,0.9624060150375939,0.0,0.9014084507042254,0.0,1.0,0.47798066595059074,5.5,4.5,5.5,168.0,-0.028220193,157
record,18,na,0,30,0,507,0.0,1.0,0.0,0.9441340782122905,0.0,0.8964941569282137,0.5173570019723865,5.0,5.0,5.0,369.0,-0.028220193,157
pregnant,18,conservative,0,36,0,111,0.0,1.0,0.0,0.7551020408163265,0.0,1.0,0.5477977977977978,5.0,5.0,5.0,369.0,-0.028220193,157
pregnant,18,majority,0,36,0,111,0.0,1.0,0.0,0.7551020408163265,0.0,1.0,0.5477977977977978,5.0,5.0,5.0,369.0,-0.028220193,157
pregnant,18,max_risk,0,36,0,111,0.0,1.0,0.0,0.7551020408163265,0.0,1.0,0.5477977977977978,5.0,5.0,5.0,369.0,-0.028220193,157
record,21,na,0,8,0,529,0.0,1.0,0.0,0.9851024208566108,0.0,0.8964941569282137,0.5474952741020795,3.0,3.0,3.0,96.0,-0.028220193,157
pregnant,21,conservative,0,8,0,139,0.0,1.0,0.0,0.9455782312925171,0.0,1.0,0.47482014388489213,3.0,3.0,3.0,96.0,-0.028220193,157
pregnant,21,majority,0,8,0,139,0.0,1.0,0.0,0.9455782312925171,0.0,1.0,0.47482014388489213,3.0,3.0,3.0,96.0,-0.028220193,157
pregnant,21,max_risk,0,8,0,139,0.0,1.0,0.0,0.9455782312925171,0.0,1.0,0.47482014388489213,3.0,3.0,3.0,96.0,-0.028220193,157
record,13,na,0,17,2,501,0.0,0.9960238568588469,0.0,0.9671814671814671,0.0,0.896551724137931,0.4812302654660274,5.5,5.0,5.5,208.0,-0.028059972500000002,158
pregnant,13,conservative,0,18,2,127,0.0,0.9844961240310077,0.0,0.8758620689655172,0.0,1.0,0.5301464254952628,5.5,5.0,5.5,208.0,-0.028059972500000002,158
pregnant,13,majority,0,18,0,129,0.0,1.0,0.0,0.8775510204081632,0.0,1.0,0.5301464254952628,5.5,5.0,5.5,208.0,-0.028059972500000002,158
pregnant,13,max_risk,0,18,2,127,0.0,0.9844961240310077,0.0,0.8758620689655172,0.0,1.0,0.5301464254952628,5.5,5.0,5.5,208.0,-0.028059972500000002,158
record,18,na,0,25,0,495,0.0,1.0,0.0,0.9519230769230769,0.0,0.896551724137931,0.6312727272727272,5.0,5.0,5.0,291.0,-0.028059972500000002,158
pregnant,18,conservative,0,26,0,121,0.0,1.0,0.0,0.8231292517006803,0.0,1.0,0.5610298792116974,5.0,5.0,5.0,291.0,-0.028059972500000002,158
pregnant,18,majority,0,26,0,121,0.0,1.0,0.0,0.8231292517006803,0.0,1.0,0.5610298792116974,5.0,5.0,5.0,291.0,-0.028059972500000002,158
pregnant,18,max_risk,0,26,0,121,0.0,1.0,0.0,0.8231292517006803,0.0,1.0,0.5610298792116974,5.0,5.0,5.0,291.0,-0.028059972500000002,158
record,21,na,0,14,0,506,0.0,1.0,0.0,0.9730769230769231,0.0,0.896551724137931,0.5693111236589496,3.0,3.0,3.0,168.0,-0.028059972500000002,158
pregnant,21,conservative,0,13,0,134,0.0,1.0,0.0,0.9115646258503401,0.0,1.0,0.44489092996555685,3.0,3.0,3.0,168.0,-0.028059972500000002,158
pregnant,21,majority,0,13,0,134,0.0,1.0,0.0,0.9115646258503401,0.0,1.0,0.44489092996555685,3.0,3.0,3.0,168.0,-0.028059972500000002,158
pregnant,21,max_risk,0,13,0,134,0.0,1.0,0.0,0.9115646258503401,0.0,1.0,0.44489092996555685,3.0,3.0,3.0,168.0,-0.028059972500000002,158
record,13,na,4,27,6,506,0.12903225806451613,0.98828125,0.4,0.949343339587242,0.1951219512195122,0.8975206611570248,0.5170110887096774,3.5,3.5,3.5,348.0,-0.028537960799999998,159
pregnant,13,conservative,4,26,5,112,0.13333333333333333,0.9572649572649573,0.4444444444444444,0.8115942028985508,0.20512820512820512,1.0,0.6193732193732194,3.5,3.5,3.5,348.0,-0.028537960799999998,159
pregnant,13,majority,0,30,0,117,0.0,1.0,0.0,0.7959183673469388,0.0,1.0,0.6193732193732194,3.5,3.5,3.5,348.0,-0.028537960799999998,159
pregnant,13,max_risk,4,26,5,112,0.13333333333333333,0.9572649572649573,0.4444444444444444,0.8115942028985508,0.20512820512820512,1.0,0.6193732193732194,3.5,3.5,3.5,348.0,-0.028537960799999998,159
record,18,na,0,33,1,509,0.0,0.9980392156862745,0.0,0.9391143911439115,0.0,0.8975206611570248,0.5409982174688057,5.5,5.0,5.5,408.0,-0.028537960799999998,159
pregnant,18,conservative,0,31,1,115,0.0,0.9913793103448276,0.0,0.7876712328767124,0.0,1.0,0.5631256952169077,5.5,5.0,5.5,408.0,-0.028537960799999998,159
pregnant,18,majority,0,31,0,116,0.0,1.0,0.0,0.7891156462585034,0.0,1.0,0.5631256952169077,5.5,5.0,5.5,408.0,-0.028537960799999998,159
pregnant,18,max_risk,0,31,1,115,0.0,0.9913793103448276,0.0,0.7876712328767124,0.0,1.0,0.5631256952169077,5.5,5.0,5.5,408.0,-0.028537960799999998,159
record,21,na,0,10,0,533,0.0,1.0,0.0,0.9815837937384899,0.0,0.8975206611570248,0.5508442776735459,3.0,3.0,3.0,120.0,-0.028537960799999998,159
pregnant,21,conservative,0,12,0,135,0.0,1.0,0.0,0.9183673469387755,0.0,1.0,0.4037037037037037,3.0,3.0,3.0,120.0,-0.028537960799999998,159
pregnant,21,majority,0,12,0,135,0.0,1.0,0.0,0.9183673469387755,0.0,1.0,0.4037037037037037,3.0,3.0,3.0,120.0,-0.028537960799999998,159
pregnant,21,max_risk,0,12,0,135,0.0,1.0,0.0,0.9183673469387755,0.0,1.0,0.4037037037037037,3.0,3.0,3.0,120.0,-0.028537960799999998,159
record,13,na,0,9,2,519,0.0,0.9961612284069098,0.0,0.9829545454545454,0.0,0.893760539629005,0.27937726594156537,5.5,5.5,5.5,125.0,-0.028489852599999997,160
pregnant,13,conservative,0,15,2,130,0.0,0.9848484848484849,0.0,0.896551724137931,0.0,1.0,0.4232323232323233,5.5,5.5,5.5,125.0,-0.028489852599999997,160
pregnant,13,majority,0,15,0,132,0.0,1.0,0.0,0.8979591836734694,0.0,1.0,0.4232323232323233,5.5,5.5,5.5,125.0,-0.028489852599999997,160
pregnant,13,max_risk,0,15,2,130,0.0,0.9848484848484849,0.0,0.896551724137931,0.0,1.0,0.4232323232323233,5.5,5.5,5.5,125.0,-0.028489852599999997,160
record,18,na,0,16,1,513,0.0,0.9980544747081712,0.0,0.9697542533081286,0.0,0.893760539629005,0.5994649805447471,5.5,5.0,5.5,204.0,-0.028489852599999997,160
pregnant,18,conservative,0,22,1,124,0.0,0.992,0.0,0.8493150684931506,0.0,1.0,0.4934545454545454,5.5,5.0,5.5,204.0,-0.028489852599999997,160
pregnant,18,majority,0,22,0,125,0.0,1.0,0.0,0.8503401360544217,0.0,1.0,0.4934545454545454,5.5,5.0,5.5,204.0,-0.028489852599999997,160
pregnant,18,max_risk,0,22,1,124,0.0,0.992,0.0,0.8493150684931506,0.0,1.0,0.4934545454545454,5.5,5.0,5.5,204.0,-0.028489852599999997,160
record,21,na,0,9,0,521,0.0,1.0,0.0,0.9830188679245283,0.0,0.893760539629005,0.5011729579867775,3.0,3.0,3.0,108.0,-0.028489852599999997,160
pregnant,21,conservative,0,11,0,136,0.0,1.0,0.0,0.9251700680272109,0.0,1.0,0.3529411764705882,3.0,3.0,3.0,108.0,-0.028489852599999997,160
pregnant,21,majority,0,11,0,136,0.0,1.0,0.0,0.9251700680272109,0.0,1.0,0.3529411764705882,3.0,3.0,3.0,108.0,-0.028489852599999997,160
pregnant,21,max_risk,0,11,0,136,0.0,1.0,0.0,0.9251700680272109,0.0,1.0,0.3529411764705882,3.0,3.0,3.0,108.0,-0.028489852599999997,160
record,13,na,2,18,9,517,0.1,0.9828897338403042,0.18181818181818182,0.9663551401869159,0.12903225806451613,0.9024793388429752,0.5352661596958175,3.5,3.5,5.5,242.0,-0.026706445500000002,161
pregnant,13,conservative,2,17,7,121,0.10526315789473684,0.9453125,0.2222222222222222,0.8768115942028986,0.14285714285714285,1.0,0.514391447368421,3.5,3.5,5.5,242.0,-0.026706445500000002,161
pregnant,13,majority,0,19,0,128,0.0,1.0,0.0,0.8707482993197279,0.0,1.0,0.514391447368421,3.5,3.5,5.5,242.0,-0.026706445500000002,161
pregnant,13,max_risk,2,17,7,121,0.10526315789473684,0.9453125,0.2222222222222222,0.8768115942028986,0.14285714285714285,1.0,0.514391447368421,3.5,3.5,5.5,242.0,-0.026706445500000002,161
record,18,na,0,29,1,516,0.0,0.9980657640232108,0.0,0.9467889908256881,0.0,0.9024793388429752,0.6184219302341092,5.5,5.0,5.5,327.0,-0.026706445500000002,161
pregnant,18,conservative,0,33,1,113,0.0,0.9912280701754386,0.0,0.773972602739726,0.0,1.0,0.6004784688995215,5.5,5.0,5.5,327.0,-0.026706445500000002,161
pregnant,18,majority,0,33,0,114,0.0,1.0,0.0,0.7755102040816326,0.0,1.0,0.6004784688995215,5.5,5.0,5.5,327.0,-0.026706445500000002,161
pregnant,18,max_risk,0,33,1,113,0.0,0.9912280701754386,0.0,0.773972602739726,0.0,1.0,0.6004784688995215,5.5,5.0,5.5,327.0,-0.026706445500000002,161
record,21,na,0,8,0,538,0.0,1.0,0.0,0.9853479853479854,0.0,0.9024793388429752,0.4426115241635688,3.0,3.0,3.0,96.0,-0.026706445500000002,161
pregnant,21,conservative,0,7,0,140,0.0,1.0,0.0,0.9523809523809523,0.0,1.0,0.40306122448979587,3.0,3.0,3.0,96.0,-0.026706445500000002,161
pregnant,21,majority,0,7,0,140,0.0,1.0,0.0,0.9523809523809523,0.0,1.0,0.40306122448979587,3.0,3.0,3.0,96.0,-0.026706445500000002,161
pregnant,21,max_risk,0,7,0,140,0.0,1.0,0.0,0.9523809523809523,0.0,1.0,0.40306122448979587,3.0,3.0,3.0,96.0,-0.026706445500000002,161
record,13,na,0,14,0,538,0.0,1.0,0.0,0.9746376811594203,0.0,0.8975609756097561,0.3745353159851301,5.5,5.5,5.5,186.0,-0.024561946,162
pregnant,13,conservative,0,17,0,130,0.0,1.0,0.0,0.8843537414965986,0.0,1.0,0.5588235294117647,5.5,5.5,5.5,186.0,-0.024561946,162
pregnant,13,majority,0,17,0,130,0.0,1.0,0.0,0.8843537414965986,0.0,1.0,0.5588235294117647,5.5,5.5,5.5,186.0,-0.024561946,162
pregnant,13,max_risk,0,17,0,130,0.0,1.0,0.0,0.8843537414965986,0.0,1.0,0.5588235294117647,5.5,5.5,5.5,186.0,-0.024561946,162
record,18,na,0,15,0,537,0.0,1.0,0.0,0.9728260869565217,0.0,0.8975609756097561,0.615270018621974,5.0,5.0,5.0,189.0,-0.024561946,162
pregnant,18,conservative,0,20,0,127,0.0,1.0,0.0,0.8639455782312925,0.0,1.0,0.5909448818897637,5.0,5.0,5.0,189.0,-0.024561946,162
pregnant,18,majority,0,20,0,127,0.0,1.0,0.0,0.8639455782312925,0.0,1.0,0.5909448818897637,5.0,5.0,5.0,189.0,-0.024561946,162
pregnant,18,max_risk,0,20,0,127,0.0,1.0,0.0,0.8639455782312925,0.0,1.0,0.5909448818897637,5.0,5.0,5.0,189.0,-0.024561946,162
record,21,na,0,10,0,542,0.0,1.0,0.0,0.9818840579710145,0.0,0.8975609756097561,0.566051660516605,3.0,3.0,3.0,120.0,-0.024561946,162
pregnant,21,conservative,0,10,0,137,0.0,1.0,0.0,0.9319727891156463,0.0,1.0,0.4744525547445255,3.0,3.0,3.0,120.0,-0.024561946,162
pregnant,21,majority,0,10,0,137,0.0,1.0,0.0,0.9319727891156463,0.0,1.0,0.4744525547445255,3.0,3.0,3.0,120.0,-0.024561946,162
pregnant,21,max_risk,0,10,0,137,0.0,1.0,0.0,0.9319727891156463,0.0,1.0,0.4744525547445255,3.0,3.0,3.0,120.0,-0.024561946,162
record,13,na,0,8,1,551,0.0,0.9981884057971014,0.0,0.9856887298747764,0.0,0.9003215434083601,0.6664402173913044,5.5,5.5,5.5,100.0,-0.027120967,163
pregnant,13,conservative,0,11,1,135,0.0,0.9926470588235294,0.0,0.9246575342465754,0.0,1.0,0.40307486631016043,5.5,5.5,5.5,100.0,-0.027120967,163
pregnant,13,majority,0,11,0,136,0.0,1.0,0.0,0.9251700680272109,0.0,1.0,0.40307486631016043,5.5,5.5,5.5,100.0,-0.027120967,163
pregnant,13,max_risk,0,11,1,135,0.0,0.9926470588235294,0.0,0.9246575342465754,0.0,1.0,0.40307486631016043,5.5,5.5,5.5,100.0,-0.027120967,163
record,18,na,0,27,0,533,0.0,1.0,0.0,0.9517857142857142,0.0,0.9003215434083601,0.5559029949273852,5.5,5.5,5.5,324.0,-0.027120967,163
pregnant,18,conservative,0,31,0,116,0.0,1.0,0.0,0.7891156462585034,0.0,1.0,0.4580088987764183,5.5,5.5,5.5,324.0,-0.027120967,163
pregnant,18,majority,0,31,0,116,0.0,1.0,0.0,0.7891156462585034,0.0,1.0,0.4580088987764183,5.5,5.5,5.5,324.0,-0.027120967,163
pregnant,18,max_risk,0,31,0,116,0.0,1.0,0.0,0.7891156462585034,0.0,1.0,0.4580088987764183,5.5,5.5,5.5,324.0,-0.027120967,163
record,21,na,0,10,0,550,0.0,1.0,0.0,0.9821428571428571,0.0,0.9003215434083601,0.562909090909091,3.0,3.0,3.0,120.0,-0.027120967,163
pregnant,21,conservative,0,9,0,138,0.0,1.0,0.0,0.9387755102040817,0.0,1.0,0.38888888888888884,3.0,3.0,3.0,120.0,-0.027120967,163
pregnant,21,majority,0,9,0,138,0.0,1.0,0.0,0.9387755102040817,0.0,1.0,0.38888888888888884,3.0,3.0,3.0,120.0,-0.027120967,163
pregnant,21,max_risk,0,9,0,138,0.0,1.0,0.0,0.9387755102040817,0.0,1.0,0.38888888888888884,3.0,3.0,3.0,120.0,-0.027120967,163
record,13,na,0,14,2,534,0.0,0.996268656716418,0.0,0.9744525547445255,0.0,0.8986928104575164,0.39805437100213215,5.5,5.0,5.5,166.0,-0.029490561,164
pregnant,13,conservative,0,18,2,127,0.0,0.9844961240310077,0.0,0.8758620689655172,0.0,1.0,0.5921619293712317,5.5,5.0,5.5,166.0,-0.029490561,164
pregnant,13,majority,0,18,0,129,0.0,1.0,0.0,0.8775510204081632,0.0,1.0,0.5921619293712317,5.5,5.0,5.5,166.0,-0.029490561,164
pregnant,13,max_risk,0,18,2,127,0.0,0.9844961240310077,0.0,0.8758620689655172,0.0,1.0,0.5921619293712317,5.5,5.0,5.5,166.0,-0.029490561,164
record,18,na,0,30,0,520,0.0,1.0,0.0,0.9454545454545454,0.0,0.8986928104575164,0.6389743589743591,5.5,5.5,5.5,336.0,-0.029490561,164
pregnant,18,conservative,0,32,0,115,0.0,1.0,0.0,0.782312925170068,0.0,1.0,0.5627717391304348,5.5,5.5,5.5,336.0,-0.029490561,164
pregnant,18,majority,0,32,0,115,0.0,1.0,0.0,0.782312925170068,0.0,1.0,0.5627717391304348,5.5,5.5,5.5,336.0,-0.029490561,164
pregnant,18,max_risk,0,32,0,115,0.0,1.0,0.0,0.782312925170068,0.0,1.0,0.5627717391304348,5.5,5.5,5.5,336.0,-0.029490561,164
record,21,na,0,11,0,539,0.0,1.0,0.0,0.98,0.0,0.8986928104575164,0.566706021251476,3.0,3.0,3.0,144.0,-0.029490561,164
pregnant,21,conservative,0,12,0,135,0.0,1.0,0.0,0.9183673469387755,0.0,1.0,0.44938271604938274,3.0,3.0,3.0,144.0,-0.029490561,164
pregnant,21,majority,0,12,0,135,0.0,1.0,0.0,0.9183673469387755,0.0,1.0,0.44938271604938274,3.0,3.0,3.0,144.0,-0.029490561,164
pregnant,21,max_risk,0,12,0,135,0.0,1.0,0.0,0.9183673469387755,0.0,1.0,0.44938271604938274,3.0,3.0,3.0,144.0,-0.029490561,164
record,13,na,0,14,1,529,0.0,0.9981132075471698,0.0,0.9742173112338858,0.0,0.9006622516556292,0.41711590296495954,5.5,5.5,5.5,169.0,-0.0244468652,165
pregnant,13,conservative,0,19,1,127,0.0,0.9921875,0.0,0.8698630136986302,0.0,1.0,0.4592927631578947,5.5,5.5,5.5,169.0,-0.0244468652,165
pregnant,13,majority,0,19,0,128,0.0,1.0,0.0,0.8707482993197279,0.0,1.0,0.4592927631578947,5.5,5.5,5.5,169.0,-0.0244468652,165
pregnant,13,max_risk,0,19,1,127,0.0,0.9921875,0.0,0.8698630136986302,0.0,1.0,0.4592927631578947,5.5,5.5,5.5,169.0,-0.0244468652,165
record,18,na,0,17,0,527,0.0,1.0,0.0,0.96875,0.0,0.9006622516556292,0.6139078022100681,5.0,5.0,5.0,204.0,-0.0244468652,165
pregnant,18,conservative,0,23,0,124,0.0,1.0,0.0,0.8435374149659864,0.0,1.0,0.4372370266479663,5.0,5.0,5.0,204.0,-0.0244468652,165
pregnant,18,majority,0,23,0,124,0.0,1.0,0.0,0.8435374149659864,0.0,1.0,0.4372370266479663,5.0,5.0,5.0,204.0,-0.0244468652,165
pregnant,18,max_risk,0,23,0,124,0.0,1.0,0.0,0.8435374149659864,0.0,1.0,0.4372370266479663,5.0,5.0,5.0,204.0,-0.0244468652,165
record,21,na,0,15,0,529,0.0,1.0,0.0,0.9724264705882353,0.0,0.9006622516556292,0.5357277882797731,3.0,3.0,3.0,180.0,-0.0244468652,165
pregnant,21,conservative,0,15,0,132,0.0,1.0,0.0,0.8979591836734694,0.0,1.0,0.3919191919191919,3.0,3.0,3.0,180.0,-0.0244468652,165
pregnant,21,majority,0,15,0,132,0.0,1.0,0.0,0.8979591836734694,0.0,1.0,0.3919191919191919,3.0,3.0,3.0,180.0,-0.0244468652,165
pregnant,21,max_risk,0,15,0,132,0.0,1.0,0.0,0.8979591836734694,0.0,1.0,0.3919191919191919,3.0,3.0,3.0,180.0,-0.0244468652,165
record,13,na,3,16,7,521,0.15789473684210525,0.9867424242424242,0.3,0.9702048417132216,0.20689655172413793,0.8981937602627258,0.536682615629984,3.5,3.0,3.5,211.0,-0.0272503546,166
pregnant,13,conservative,4,17,5,121,0.19047619047619047,0.9603174603174603,0.4444444444444444,0.8768115942028986,0.26666666666666666,1.0,0.5404383975812548,3.5,3.0,3.5,211.0,-0.0272503546,166
pregnant,13,majority,0,21,1,125,0.0,0.9920634920634921,0.0,0.8561643835616438,0.0,1.0,0.5404383975812548,3.5,3.0,3.5,211.0,-0.0272503546,166
pregnant,13,max_risk,4,17,5,121,0.19047619047619047,0.9603174603174603,0.4444444444444444,0.8768115942028986,0.26666666666666666,1.0,0.5404383975812548,3.5,3.0,3.5,211.0,-0.0272503546,166
record,18,na,0,39,0,508,0.0,1.0,0.0,0.9287020109689214,0.0,0.8981937602627258,0.54941449626489,5.5,5.5,5.5,465.0,-0.0272503546,166
pregnant,18,conservative,0,40,0,107,0.0,1.0,0.0,0.7278911564625851,0.0,1.0,0.5035046728971962,5.5,5.5,5.5,465.0,-0.0272503546,166
pregnant,18,majority,0,40,0,107,0.0,1.0,0.0,0.7278911564625851,0.0,1.0,0.5035046728971962,5.5,5.5,5.5,465.0,-0.0272503546,166
pregnant,18,max_risk,0,40,0,107,0.0,1.0,0.0,0.7278911564625851,0.0,1.0,0.5035046728971962,5.5,5.5,5.5,465.0,-0.0272503546,166
record,21,na,0,7,0,540,0.0,1.0,0.0,0.9872029250457038,0.0,0.8981937602627258,0.3835978835978836,3.0,3.0,3.0,84.0,-0.0272503546,166
pregnant,21,conservative,0,9,0,138,0.0,1.0,0.0,0.9387755102040817,0.0,1.0,0.16747181964573268,3.0,3.0,3.0,84.0,-0.0272503546,166
pregnant,21,majority,0,9,0,138,0.0,1.0,0.0,0.9387755102040817,0.0,1.0,0.16747181964573268,3.0,3.0,3.0,84.0,-0.0272503546,166
pregnant,21,max_risk,0,9,0,138,0.0,1.0,0.0,0.9387755102040817,0.0,1.0,0.16747181964573268,3.0,3.0,3.0,84.0,-0.0272503546,166
record,13,na,0,15,2,541,0.0,0.996316758747698,0.0,0.9730215827338129,0.0,0.8942307692307693,0.4063842848373235,5.5,5.5,5.5,197.0,-0.0273252122,167
pregnant,13,conservative,0,20,2,125,0.0,0.984251968503937,0.0,0.8620689655172413,0.0,1.0,0.5893700787401575,5.5,5.5,5.5,197.0,-0.0273252122,167
pregnant,13,majority,0,20,0,127,0.0,1.0,0.0,0.8639455782312925,0.0,1.0,0.5893700787401575,5.5,5.5,5.5,197.0,-0.0273252122,167
pregnant,13,max_risk,0,20,2,125,0.0,0.984251968503937,0.0,0.8620689655172413,0.0,1.0,0.5893700787401575,5.5,5.5,5.5,197.0,-0.0273252122,167
record,18,na,0,25,0,533,0.0,1.0,0.0,0.9551971326164874,0.0,0.8942307692307693,0.584015009380863,5.5,5.5,5.5,318.0,-0.0273252122,167
pregnant,18,conservative,0,30,0,117,0.0,1.0,0.0,0.7959183673469388,0.0,1.0,0.5327635327635327,5.5,5.5,5.5,318.0,-0.0273252122,167
pregnant,18,majority,0,30,0,117,0.0,1.0,0.0,0.7959183673469388,0.0,1.0,0.5327635327635327,5.5,5.5,5.5,318.0,-0.0273252122,167
pregnant,18,max_risk,0,30,0,117,0.0,1.0,0.0,0.7959183673469388,0.0,1.0,0.5327635327635327,5.5,5.5,5.5,318.0,-0.0273252122,167
record,21,na,0,10,0,548,0.0,1.0,0.0,0.982078853046595,0.0,0.8942307692307693,0.4990875912408759,3.0,3.0,3.0,120.0,-0.0273252122,167
pregnant,21,conservative,0,11,0,136,0.0,1.0,0.0,0.9251700680272109,0.0,1.0,0.3469251336898395,3.0,3.0,3.0,120.0,-0.0273252122,167
pregnant,21,majority,0,11,0,136,0.0,1.0,0.0,0.9251700680272109,0.0,1.0,0.3469251336898395,3.0,3.0,3.0,120.0,-0.0273252122,167
pregnant,21,max_risk,0,11,0,136,0.0,1.0,0.0,0.9251700680272109,0.0,1.0,0.3469251336898395,3.0,3.0,3.0,120.0,-0.0273252122,167
record,13,na,0,9,0,529,0.0,1.0,0.0,0.983271375464684,0.0,0.893687707641196,0.5368620037807184,5.5,5.5,5.5,108.0,-0.024408944,168
pregnant,13,conservative,0,10,0,137,0.0,1.0,0.0,0.9319727891156463,0.0,1.0,0.52992700729927,5.5,5.5,5.5,108.0,-0.024408944,168
pregnant,13,majority,0,10,0,137,0.0,1.0,0.0,0.9319727891156463,0.0,1.0,0.52992700729927,5.5,5.5,5.5,108.0,-0.024408944,168
pregnant,13,max_risk,0,10,0,137,0.0,1.0,0.0,0.9319727891156463,0.0,1.0,0.52992700729927,5.5,5.5,5.5,108.0,-0.024408944,168
record,18,na,0,11,1,526,0.0,0.9981024667931688,0.0,0.9795158286778398,0.0,0.893687707641196,0.636708642401242,5.5,5.0,5.5,135.0,-0.024408944,168
pregnant,18,conservative,0,17,1,129,0.0,0.9923076923076923,0.0,0.8835616438356164,0.0,1.0,0.5081447963800905,5.5,5.0,5.5,135.0,-0.024408944,168
pregnant,18,majority,0,17,0,130,0.0,1.0,0.0,0.8843537414965986,0.0,1.0,0.5081447963800905,5.5,5.0,5.5,135.0,-0.024408944,168
pregnant,18,max_risk,0,17,1,129,0.0,0.9923076923076923,0.0,0.8835616438356164,0.0,1.0,0.5081447963800905,5.5,5.0,5.5,135.0,-0.024408944,168
record,21,na,0,10,0,528,0.0,1.0,0.0,0.9814126394052045,0.0,0.893687707641196,0.428219696969697,3.0,3.0,3.0,120.0,-0.024408944,168
pregnant,21,conservative,0,10,0,137,0.0,1.0,0.0,0.9319727891156463,0.0,1.0,0.27080291970802917,3.0,3.0,3.0,120.0,-0.024408944,168
pregnant,21,majority,0,10,0,137,0.0,1.0,0.0,0.9319727891156463,0.0,1.0,0.27080291970802917,3.0,3.0,3.0,120.0,-0.024408944,168
pregnant,21,max_risk,0,10,0,137,0.0,1.0,0.0,0.9319727891156463,0.0,1.0,0.27080291970802917,3.0,3.0,3.0,120.0,-0.024408944,168
record,13,na,1,11,6,523,0.08333333333333333,0.9886578449905482,0.14285714285714285,0.9794007490636704,0.10526315789473684,0.8942148760330578,0.583648393194707,3.5,3.5,5.5,149.0,-0.027175609,169
pregnant,13,conservative,1,13,6,127,0.07142857142857142,0.9548872180451128,0.14285714285714285,0.9071428571428571,0.09523809523809523,1.0,0.47529538131041893,3.5,3.5,5.5,149.0,-0.027175609,169
pregnant,13,majority,0,14,0,133,0.0,1.0,0.0,0.9047619047619048,0.0,1.0,0.47529538131041893,3.5,3.5,5.5,149.0,-0.027175609,169
pregnant,13,max_risk,1,13,6,127,0.07142857142857142,0.9548872180451128,0.14285714285714285,0.9071428571428571,0.09523809523809523,1.0,0.47529538131041893,3.5,3.5,5.5,149.0,-0.027175609,169
record,18,na,0,28,0,513,0.0,1.0,0.0,0.9482439926062847,0.0,0.8942148760330578,0.5797827903091061,5.0,5.0,5.0,354.0,-0.027175609,169
pregnant,18,conservative,0,35,0,112,0.0,1.0,0.0,0.7619047619047619,0.0,1.0,0.4329081632653061,5.0,5.0,5.0,354.0,-0.027175609,169
pregnant,18,majority,0,35,0,112,0.0,1.0,0.0,0.7619047619047619,0.0,1.0,0.4329081632653061,5.0,5.0,5.0,354.0,-0.027175609,169
pregnant,18,max_risk,0,35,0,112,0.0,1.0,0.0,0.7619047619047619,0.0,1.0,0.4329081632653061,5.0,5.0,5.0,354.0,-0.027175609,169
record,21,na,0,7,0,534,0.0,1.0,0.0,0.9870609981515711,0.0,0.8942148760330578,0.4101123595505618,3.0,3.0,3.0,84.0,-0.027175609,169
pregnant,21,conservative,0,8,0,139,0.0,1.0,0.0,0.9455782312925171,0.0,1.0,0.2598920863309353,3.0,3.0,3.0,84.0,-0.027175609,169
pregnant,21,majority,0,8,0,139,0.0,1.0,0.0,0.9455782312925171,0.0,1.0,0.2598920863309353,3.0,3.0,3.0,84.0,-0.027175609,169
pregnant,21,max_risk,0,8,0,139,0.0,1.0,0.0,0.9455782312925171,0.0,1.0,0.2598920863309353,3.0,3.0,3.0,84.0,-0.027175609,169
record,13,na,0,13,4,520,0.0,0.9923664122137404,0.0,0.975609756097561,0.0,0.8964941569282137,0.6021726365237816,3.5,3.5,5.5,157.0,-0.0279934462,170
pregnant,13,conservative,0,21,4,122,0.0,0.9682539682539683,0.0,0.8531468531468531,0.0,1.0,0.5302343159486017,3.5,3.5,5.5,157.0,-0.0279934462,170
pregnant,13,majority,0,21,0,126,0.0,1.0,0.0,0.8571428571428571,0.0,1.0,0.5302343159486017,3.5,3.5,5.5,157.0,-0.0279934462,170
pregnant,13,max_risk,0,21,4,122,0.0,0.9682539682539683,0.0,0.8531468531468531,0.0,1.0,0.5302343159486017,3.5,3.5,5.5,157.0,-0.0279934462,170
record,18,na,0,21,1,515,0.0,0.998062015503876,0.0,0.960820895522388,0.0,0.8964941569282137,0.6528239202657806,5.5,5.0,5.5,258.0,-0.0279934462,170
pregnant,18,conservative,0,22,1,124,0.0,0.992,0.0,0.8493150684931506,0.0,1.0,0.5392727272727272,5.5,5.0,5.5,258.0,-0.0279934462,170
pregnant,18,majority,0,22,0,125,0.0,1.0,0.0,0.8503401360544217,0.0,1.0,0.5392727272727272,5.5,5.0,5.5,258.0,-0.0279934462,170
pregnant,18,max_risk,0,22,1,124,0.0,0.992,0.0,0.8493150684931506,0.0,1.0,0.5392727272727272,5.5,5.0,5.5,258.0,-0.0279934462,170
record,21,na,0,15,0,522,0.0,1.0,0.0,0.9720670391061452,0.0,0.8964941569282137,0.6553001277139209,3.0,3.0,3.0,180.0,-0.0279934462,170
pregnant,21,conservative,0,18,0,129,0.0,1.0,0.0,0.8775510204081632,0.0,1.0,0.5077519379844961,3.0,3.0,3.0,180.0,-0.0279934462,170
pregnant,21,majority,0,18,0,129,0.0,1.0,0.0,0.8775510204081632,0.0,1.0,0.5077519379844961,3.0,3.0,3.0,180.0,-0.0279934462,170
pregnant,21,max_risk,0,18,0,129,0.0,1.0,0.0,0.8775510204081632,0.0,1.0,0.5077519379844961,3.0,3.0,3.0,180.0,-0.0279934462,170
record,13,na,0,13,0,536,0.0,1.0,0.0,0.97632058287796,0.0,0.9014778325123153,0.3958094144661309,5.5,5.5,5.5,156.0,-0.0279910974,171
pregnant,13,conservative,0,17,0,130,0.0,1.0,0.0,0.8843537414965986,0.0,1.0,0.5266968325791855,5.5,5.5,5.5,156.0,-0.0279910974,171
pregnant,13,majority,0,17,0,130,0.0,1.0,0.0,0.8843537414965986,0.0,1.0,0.5266968325791855,5.5,5.5,5.5,156.0,-0.0279910974,171
pregnant,13,max_risk,0,17,0,130,0.0,1.0,0.0,0.8843537414965986,0.0,1.0,0.5266968325791855,5.5,5.5,5.5,156.0,-0.0279910974,171
record,18,na,0,24,0,525,0.0,1.0,0.0,0.9562841530054644,0.0,0.9014778325123153,0.4818253968253968,5.0,5.0,5.0,291.0,-0.0279910974,171
pregnant,18,conservative,0,27,0,120,0.0,1.0,0.0,0.8163265306122449,0.0,1.0,0.48549382716049383,5.0,5.0,5.0,291.0,-0.0279910974,171
pregnant,18,majority,0,27,0,120,0.0,1.0,0.0,0.8163265306122449,0.0,1.0,0.48549382716049383,5.0,5.0,5.0,291.0,-0.0279910974,171
pregnant,18,max_risk,0,27,0,120,0.0,1.0,0.0,0.8163265306122449,0.0,1.0,0.48549382716049383,5.0,5.0,5.0,291.0,-0.0279910974,171
record,21,na,0,5,0,544,0.0,1.0,0.0,0.9908925318761385,0.0,0.9014778325123153,0.6125,3.0,3.0,3.0,60.0,-0.0279910974,171
pregnant,21,conservative,0,5,0,142,0.0,1.0,0.0,0.9659863945578231,0.0,1.0,0.43521126760563383,3.0,3.0,3.0,60.0,-0.0279910974,171
pregnant,21,majority,0,5,0,142,0.0,1.0,0.0,0.9659863945578231,0.0,1.0,0.43521126760563383,3.0,3.0,3.0,60.0,-0.0279910974,171
pregnant,21,max_risk,0,5,0,142,0.0,1.0,0.0,0.9659863945578231,0.0,1.0,0.43521126760563383,3.0,3.0,3.0,60.0,-0.0279910974,171
record,13,na,0,19,4,510,0.0,0.9922178988326849,0.0,0.9640831758034026,0.0,0.9003378378378378,0.3754863813229572,5.5,3.5,5.5,242.0,-0.0268685242,172
pregnant,13,conservative,0,15,3,129,0.0,0.9772727272727273,0.0,0.8958333333333334,0.0,1.0,0.6252525252525253,5.5,3.5,5.5,242.0,-0.0268685242,172
pregnant,13,majority,0,15,0,132,0.0,1.0,0.0,0.8979591836734694,0.0,1.0,0.6252525252525253,5.5,3.5,5.5,242.0,-0.0268685242,172
pregnant,13,max_risk,0,15,3,129,0.0,0.9772727272727273,0.0,0.8958333333333334,0.0,1.0,0.6252525252525253,5.5,3.5,5.5,242.0,-0.0268685242,172
record,18,na,0,19,0,514,0.0,1.0,0.0,0.9643527204502814,0.0,0.9003378378378378,0.6423305345074749,5.0,5.0,5.0,243.0,-0.0268685242,172
pregnant,18,conservative,0,29,0,118,0.0,1.0,0.0,0.8027210884353742,0.0,1.0,0.6566335476329631,5.0,5.0,5.0,243.0,-0.0268685242,172
pregnant,18,majority,0,29,0,118,0.0,1.0,0.0,0.8027210884353742,0.0,1.0,0.6566335476329631,5.0,5.0,5.0,243.0,-0.0268685242,172
pregnant,18,max_risk,0,29,0,118,0.0,1.0,0.0,0.8027210884353742,0.0,1.0,0.6566335476329631,5.0,5.0,5.0,243.0,-0.0268685242,172
record,21,na,0,12,1,520,0.0,0.9980806142034548,0.0,0.9774436090225563,0.0,0.9003378378378378,0.5335892514395394,3.0,2.5,3.0,144.0,-0.0268685242,172
pregnant,21,conservative,0,12,1,134,0.0,0.9925925925925926,0.0,0.9178082191780822,0.0,1.0,0.48888888888888893,3.0,2.5,3.0,144.0,-0.0268685242,172
pregnant,21,majority,0,12,0,135,0.0,1.0,0.0,0.9183673469387755,0.0,1.0,0.48888888888888893,3.0,2.5,3.0,144.0,-0.0268685242,172
pregnant,21,max_risk,0,12,1,134,0.0,0.9925925925925926,0.0,0.9178082191780822,0.0,1.0,0.48888888888888893,3.0,2.5,3.0,144.0,-0.0268685242,172
record,13,na,0,13,3,501,0.0,0.9940476190476191,0.0,0.9747081712062257,0.0,0.9006968641114983,0.548992673992674,5.5,5.5,5.5,168.0,-0.0275601823,173
pregnant,13,conservative,0,17,3,127,0.0,0.9769230769230769,0.0,0.8819444444444444,0.0,1.0,0.42714932126696836,5.5,5.5,5.5,168.0,-0.0275601823,173
pregnant,13,majority,0,17,0,130,0.0,1.0,0.0,0.8843537414965986,0.0,1.0,0.42714932126696836,5.5,5.5,5.5,168.0,-0.0275601823,173
pregnant,13,max_risk,0,17,3,127,0.0,0.9769230769230769,0.0,0.8819444444444444,0.0,1.0,0.42714932126696836,5.5,5.5,5.5,168.0,-0.0275601823,173
record,18,na,0,25,1,491,0.0,0.9979674796747967,0.0,0.9515503875968992,0.0,0.9006968641114983,0.5676422764227642,5.5,5.0,5.5,306.0,-0.0275601823,173
pregnant,18,conservative,0,33,1,113,0.0,0.9912280701754386,0.0,0.773972602739726,0.0,1.0,0.5122275385433279,5.5,5.0,5.5,306.0,-0.0275601823,173
pregnant,18,majority,0,33,0,114,0.0,1.0,0.0,0.7755102040816326,0.0,1.0,0.5122275385433279,5.5,5.0,5.5,306.0,-0.0275601823,173
pregnant,18,max_risk,0,33,1,113,0.0,0.9912280701754386,0.0,0.773972602739726,0.0,1.0,0.5122275385433279,5.5,5.0,5.5,306.0,-0.0275601823,173
record,21,na,0,20,0,497,0.0,1.0,0.0,0.9613152804642167,0.0,0.9006968641114983,0.473943661971831,3.0,3.0,3.0,240.0,-0.0275601823,173
pregnant,21,conservative,0,21,0,126,0.0,1.0,0.0,0.8571428571428571,0.0,1.0,0.38019652305366586,3.0,3.0,3.0,240.0,-0.0275601823,173
pregnant,21,majority,0,21,0,126,0.0,1.0,0.0,0.8571428571428571,0.0,1.0,0.38019652305366586,3.0,3.0,3.0,240.0,-0.0275601823,173
pregnant,21,max_risk,0,21,0,126,0.0,1.0,0.0,0.8571428571428571,0.0,1.0,0.38019652305366586,3.0,3.0,3.0,240.0,-0.0275601823,173
record,13,na,0,9,5,534,0.0,0.9907235621521335,0.0,0.9834254143646409,0.0,0.8998357963875205,0.4374355802927231,5.5,3.5,5.5,107.0,-0.0265921253,174
pregnant,13,conservative,0,11,4,132,0.0,0.9705882352941176,0.0,0.9230769230769231,0.0,1.0,0.4431818181818181,5.5,3.5,5.5,107.0,-0.0265921253,174
pregnant,13,majority,0,11,0,136,0.0,1.0,0.0,0.9251700680272109,0.0,1.0,0.4431818181818181,5.5,3.5,5.5,107.0,-0.0265921253,174
pregnant,13,max_risk,0,11,4,132,0.0,0.9705882352941176,0.0,0.9230769230769231,0.0,1.0,0.4431818181818181,5.5,3.5,5.5,107.0,-0.0265921253,174
record,18,na,0,12,1,535,0.0,0.9981343283582089,0.0,0.9780621572212066,0.0,0.8998357963875205,0.5953047263681592,5.5,5.0,5.5,144.0,-0.0265921253,174
pregnant,18,conservative,0,25,1,121,0.0,0.9918032786885246,0.0,0.8287671232876712,0.0,1.0,0.5649180327868852,5.5,5.0,5.5,144.0,-0.0265921253,174
pregnant,18,majority,0,25,0,122,0.0,1.0,0.0,0.8299319727891157,0.0,1.0,0.5649180327868852,5.5,5.0,5.5,144.0,-0.0265921253,174
pregnant,18,max_risk,0,25,1,121,0.0,0.9918032786885246,0.0,0.8287671232876712,0.0,1.0,0.5649180327868852,5.5,5.0,5.5,144.0,-0.0265921253,174
record,21,na,0,19,0,529,0.0,1.0,0.0,0.9653284671532847,0.0,0.8998357963875205,0.5216396378469804,3.0,3.0,3.0,228.0,-0.0265921253,174
pregnant,21,conservative,0,18,0,129,0.0,1.0,0.0,0.8775510204081632,0.0,1.0,0.4560723514211886,3.0,3.0,3.0,228.0,-0.0265921253,174
pregnant,21,majority,0,18,0,129,0.0,1.0,0.0,0.8775510204081632,0.0,1.0,0.4560723514211886,3.0,3.0,3.0,228.0,-0.0265921253,174
pregnant,21,max_risk,0,18,0,129,0.0,1.0,0.0,0.8775510204081632,0.0,1.0,0.4560723514211886,3.0,3.0,3.0,228.0,-0.0265921253,174
record,13,na,0,14,1,537,0.0,0.9981412639405205,0.0,0.9745916515426497,0.0,0.8990228013029316,0.3690918746680828,4.5,4.5,4.5,181.0,-0.0276411992,175
pregnant,13,conservative,0,17,1,129,0.0,0.9923076923076923,0.0,0.8835616438356164,0.0,1.0,0.4796380090497738,4.5,4.5,4.5,181.0,-0.0276411992,175
pregnant,13,majority,0,17,0,130,0.0,1.0,0.0,0.8843537414965986,0.0,1.0,0.4796380090497738,4.5,4.5,4.5,181.0,-0.0276411992,175
pregnant,13,max_risk,0,17,1,129,0.0,0.9923076923076923,0.0,0.8835616438356164,0.0,1.0,0.4796380090497738,4.5,4.5,4.5,181.0,-0.0276411992,175
record,18,na,0,31,0,521,0.0,1.0,0.0,0.9438405797101449,0.0,0.8990228013029316,0.5537737601386911,5.5,5.5,5.5,393.0,-0.0276411992,175
pregnant,18,conservative,0,33,0,114,0.0,1.0,0.0,0.7755102040816326,0.0,1.0,0.4901648059542797,5.5,5.5,5.5,393.0,-0.0276411992,175
pregnant,18,majority,0,33,0,114,0.0,1.0,0.0,0.7755102040816326,0.0,1.0,0.4901648059542797,5.5,5.5,5.5,393.0,-0.0276411992,175
pregnant,18,max_risk,0,33,0,114,0.0,1.0,0.0,0.7755102040816326,0.0,1.0,0.4901648059542797,5.5,5.5,5.5,393.0,-0.0276411992,175
record,21,na,0,9,0,543,0.0,1.0,0.0,0.9836956521739131,0.0,0.8990228013029316,0.4988745651729077,3.0,3.0,3.0,108.0,-0.0276411992,175
pregnant,21,conservative,0,12,0,135,0.0,1.0,0.0,0.9183673469387755,0.0,1.0,0.34691358024691354,3.0,3.0,3.0,108.0,-0.0276411992,175
pregnant,21,majority,0,12,0,135,0.0,1.0,0.0,0.9183673469387755,0.0,1.0,0.34691358024691354,3.0,3.0,3.0,108.0,-0.0276411992,175
pregnant,21,max_risk,0,12,0,135,0.0,1.0,0.0,0.9183673469387755,0.0,1.0,0.34691358024691354,3.0,3.0,3.0,108.0,-0.0276411992,175
record,13,na,0,11,1,552,0.0,0.9981916817359855,0.0,0.9804618117229129,0.0,0.8980891719745223,0.31004438599375306,5.5,5.5,5.5,139.0,-0.026354002,176
pregnant,13,conservative,0,16,1,130,0.0,0.9923664122137404,0.0,0.8904109589041096,0.0,1.0,0.3645038167938931,5.5,5.5,5.5,139.0,-0.026354002,176
pregnant,13,majority,0,16,0,131,0.0,1.0,0.0,0.891156462585034,0.0,1.0,0.3645038167938931,5.5,5.5,5.5,139.0,-0.026354002,176
pregnant,13,max_risk,0,16,1,130,0.0,0.9923664122137404,0.0,0.8904109589041096,0.0,1.0,0.3645038167938931,5.5,5.5,5.5,139.0,-0.026354002,176
record,18,na,0,14,0,550,0.0,1.0,0.0,0.975177304964539,0.0,0.8980891719745223,0.5351948051948051,5.5,5.5,5.5,174.0,-0.026354002,176
pregnant,18,conservative,0,22,0,125,0.0,1.0,0.0,0.8503401360544217,0.0,1.0,0.41818181818181827,5.5,5.5,5.5,174.0,-0.026354002,176
pregnant,18,majority,0,22,0,125,0.0,1.0,0.0,0.8503401360544217,0.0,1.0,0.41818181818181827,5.5,5.5,5.5,174.0,-0.026354002,176
pregnant,18,max_risk,0,22,0,125,0.0,1.0,0.0,0.8503401360544217,0.0,1.0,0.41818181818181827,5.5,5.5,5.5,174.0,-0.026354002,176
record,21,na,0,11,0,553,0.0,1.0,0.0,0.9804964539007093,0.0,0.8980891719745223,0.4165707710011508,3.0,3.0,3.0,132.0,-0.026354002,176
pregnant,21,conservative,0,12,0,135,0.0,1.0,0.0,0.9183673469387755,0.0,1.0,0.28641975308641976,3.0,3.0,3.0,132.0,-0.026354002,176
pregnant,21,majority,0,12,0,135,0.0,1.0,0.0,0.9183673469387755,0.0,1.0,0.28641975308641976,3.0,3.0,3.0,132.0,-0.026354002,176
pregnant,21,max_risk,0,12,0,135,0.0,1.0,0.0,0.9183673469387755,0.0,1.0,0.28641975308641976,3.0,3.0,3.0,132.0,-0.026354002,176
record,13,na,0,21,6,516,0.0,0.9885057471264368,0.0,0.9608938547486033,0.0,0.8916256157635468,0.41224229155263636,5.5,4.5,5.5,268.0,-0.0279080924,177
pregnant,13,conservative,0,18,5,124,0.0,0.9612403100775194,0.0,0.8732394366197183,0.0,1.0,0.4483204134366925,5.5,4.5,5.5,268.0,-0.0279080924,177
pregnant,13,majority,0,18,0,129,0.0,1.0,0.0,0.8775510204081632,0.0,1.0,0.4483204134366925,5.5,4.5,5.5,268.0,-0.0279080924,177
pregnant,13,max_risk,0,18,5,124,0.0,0.9612403100775194,0.0,0.8732394366197183,0.0,1.0,0.4483204134366925,5.5,4.5,5.5,268.0,-0.0279080924,177
record,18,na,0,24,1,518,0.0,0.9980732177263969,0.0,0.955719557195572,0.0,0.8916256157635468,0.6013166345536287,5.5,5.0,5.5,306.0,-0.0279080924,177
pregnant,18,conservative,0,32,1,114,0.0,0.991304347826087,0.0,0.7808219178082192,0.0,1.0,0.5369565217391304,5.5,5.0,5.5,306.0,-0.0279080924,177
pregnant,18,majority,0,32,0,115,0.0,1.0,0.0,0.782312925170068,0.0,1.0,0.5369565217391304,5.5,5.0,5.5,306.0,-0.0279080924,177
pregnant,18,max_risk,0,32,1,114,0.0,0.991304347826087,0.0,0.7808219178082192,0.0,1.0,0.5369565217391304,5.5,5.0,5.5,306.0,-0.0279080924,177
record,21,na,0,11,0,532,0.0,1.0,0.0,0.9797421731123389,0.0,0.8916256157635468,0.26127819548872183,3.0,3.0,3.0,132.0,-0.0279080924,177
pregnant,21,conservative,0,10,0,137,0.0,1.0,0.0,0.9319727891156463,0.0,1.0,0.18467153284671528,3.0,3.0,3.0,132.0,-0.0279080924,177
pregnant,21,majority,0,10,0,137,0.0,1.0,0.0,0.9319727891156463,0.0,1.0,0.18467153284671528,3.0,3.0,3.0,132.0,-0.0279080924,177
pregnant,21,max_risk,0,10,0,137,0.0,1.0,0.0,0.9319727891156463,0.0,1.0,0.18467153284671528,3.0,3.0,3.0,132.0,-0.0279080924,177
record,13,na,0,13,0,513,0.0,1.0,0.0,0.9752851711026616,0.0,0.906896551724138,0.4279502174239016,5.5,5.5,5.5,150.0,-0.02541519,178
pregnant,13,conservative,0,18,0,129,0.0,1.0,0.0,0.8775510204081632,0.0,1.0,0.52885443583118,5.5,5.5,5.5,150.0,-0.02541519,178
pregnant,13,majority,0,18,0,129,0.0,1.0,0.0,0.8775510204081632,0.0,1.0,0.52885443583118,5.5,5.5,5.5,150.0,-0.02541519,178
pregnant,13,max_risk,0,18,0,129,0.0,1.0,0.0,0.8775510204081632,0.0,1.0,0.52885443583118,5.5,5.5,5.5,150.0,-0.02541519,178
record,18,na,0,24,0,502,0.0,1.0,0.0,0.9543726235741445,0.0,0.906896551724138,0.585574369189907,5.0,5.0,5.0,261.0,-0.02541519,178
pregnant,18,conservative,0,22,0,125,0.0,1.0,0.0,0.8503401360544217,0.0,1.0,0.45345454545454544,5.0,5.0,5.0,261.0,-0.02541519,178
pregnant,18,majority,0,22,0,125,0.0,1.0,0.0,0.8503401360544217,0.0,1.0,0.45345454545454544,5.0,5.0,5.0,261.0,-0.02541519,178
pregnant,18,max_risk,0,22,0,125,0.0,1.0,0.0,0.8503401360544217,0.0,1.0,0.45345454545454544,5.0,5.0,5.0,261.0,-0.02541519,178
record,21,na,0,16,0,510,0.0,1.0,0.0,0.9695817490494296,0.0,0.906896551724138,0.4497549019607843,3.0,3.0,3.0,192.0,-0.02541519,178
pregnant,21,conservative,0,15,0,132,0.0,1.0,0.0,0.8979591836734694,0.0,1.0,0.3560606060606061,3.0,3.0,3.0,192.0,-0.02541519,178
pregnant,21,majority,0,15,0,132,0.0,1.0,0.0,0.8979591836734694,0.0,1.0,0.3560606060606061,3.0,3.0,3.0,192.0,-0.02541519,178
pregnant,21,max_risk,0,15,0,132,0.0,1.0,0.0,0.8979591836734694,0.0,1.0,0.3560606060606061,3.0,3.0,3.0,192.0,-0.02541519,178
record,13,na,0,16,1,513,0.0,0.9980544747081712,0.0,0.9697542533081286,0.0,0.9013605442176871,0.5224951361867705,5.5,5.5,5.5,196.0,-0.027896269,179
pregnant,13,conservative,0,17,1,129,0.0,0.9923076923076923,0.0,0.8835616438356164,0.0,1.0,0.5497737556561085,5.5,5.5,5.5,196.0,-0.027896269,179
pregnant,13,majority,0,17,0,130,0.0,1.0,0.0,0.8843537414965986,0.0,1.0,0.5497737556561085,5.5,5.5,5.5,196.0,-0.027896269,179
pregnant,13,max_risk,0,17,1,129,0.0,0.9923076923076923,0.0,0.8835616438356164,0.0,1.0,0.5497737556561085,5.5,5.5,5.5,196.0,-0.027896269,179
record,18,na,0,26,0,504,0.0,1.0,0.0,0.9509433962264151,0.0,0.9013605442176871,0.5950854700854701,5.0,5.0,5.0,318.0,-0.027896269,179
pregnant,18,conservative,0,34,0,113,0.0,1.0,0.0,0.7687074829931972,0.0,1.0,0.5275897969807392,5.0,5.0,5.0,318.0,-0.027896269,179
pregnant,18,majority,0,34,0,113,0.0,1.0,0.0,0.7687074829931972,0.0,1.0,0.5275897969807392,5.0,5.0,5.0,318.0,-0.027896269,179
pregnant,18,max_risk,0,34,0,113,0.0,1.0,0.0,0.7687074829931972,0.0,1.0,0.5275897969807392,5.0,5.0,5.0,318.0,-0.027896269,179
record,21,na,0,10,0,520,0.0,1.0,0.0,0.9811320754716981,0.0,0.9013605442176871,0.4934615384615385,3.0,3.0,3.0,120.0,-0.027896269,179
pregnant,21,conservative,0,11,0,136,0.0,1.0,0.0,0.9251700680272109,0.0,1.0,0.34692513368983957,3.0,3.0,3.0,120.0,-0.027896269,179
pregnant,21,majority,0,11,0,136,0.0,1.0,0.0,0.9251700680272109,0.0,1.0,0.34692513368983957,3.0,3.0,3.0,120.0,-0.027896269,179
pregnant,21,max_risk,0,11,0,136,0.0,1.0,0.0,0.9251700680272109,0.0,1.0,0.34692513368983957,3.0,3.0,3.0,120.0,-0.027896269,179
record,13,na,0,17,2,506,0.0,0.9960629921259843,0.0,0.9674952198852772,0.0,0.9005145797598628,0.4886521537748958,5.5,5.0,5.5,208.0,-0.027650648,180
pregnant,13,conservative,0,17,2,128,0.0,0.9846153846153847,0.0,0.8827586206896552,0.0,1.0,0.4366515837104073,5.5,5.0,5.5,208.0,-0.027650648,180
pregnant,13,majority,0,17,0,130,0.0,1.0,0.0,0.8843537414965986,0.0,1.0,0.4366515837104073,5.5,5.0,5.5,208.0,-0.027650648,180
pregnant,13,max_risk,0,17,2,128,0.0,0.9846153846153847,0.0,0.8827586206896552,0.0,1.0,0.4366515837104073,5.5,5.0,5.5,208.0,-0.027650648,180
record,18,na,0,29,1,495,0.0,0.9979838709677419,0.0,0.9446564885496184,0.0,0.9005145797598628,0.5807842046718577,5.0,4.5,5.0,342.0,-0.027650648,180
pregnant,18,conservative,0,33,1,113,0.0,0.9912280701754386,0.0,0.773972602739726,0.0,1.0,0.4811270600744285,5.0,4.5,5.0,342.0,-0.027650648,180
pregnant,18,majority,0,33,0,114,0.0,1.0,0.0,0.7755102040816326,0.0,1.0,0.4811270600744285,5.0,4.5,5.0,342.0,-0.027650648,180
pregnant,18,max_risk,0,33,1,113,0.0,0.9912280701754386,0.0,0.773972602739726,0.0,1.0,0.4811270600744285,5.0,4.5,5.0,342.0,-0.027650648,180
record,21,na,0,19,0,506,0.0,1.0,0.0,0.9638095238095238,0.0,0.9005145797598628,0.4823174537133348,3.0,3.0,3.0,228.0,-0.027650648,180
pregnant,21,conservative,0,18,0,129,0.0,1.0,0.0,0.8775510204081632,0.0,1.0,0.3199827734711455,3.0,3.0,3.0,228.0,-0.027650648,180
pregnant,21,majority,0,18,0,129,0.0,1.0,0.0,0.8775510204081632,0.0,1.0,0.3199827734711455,3.0,3.0,3.0,228.0,-0.027650648,180
pregnant,21,max_risk,0,18,0,129,0.0,1.0,0.0,0.8775510204081632,0.0,1.0,0.3199827734711455,3.0,3.0,3.0,228.0,-0.027650648,180
record,13,na,0,18,5,513,0.0,0.9903474903474904,0.0,0.9661016949152542,0.0,0.8993288590604027,0.43876018876018874,3.5,3.5,5.5,222.0,-0.027175609,181
pregnant,13,conservative,0,18,4,125,0.0,0.9689922480620154,0.0,0.8741258741258742,0.0,1.0,0.47502153316106804,3.5,3.5,5.5,222.0,-0.027175609,181
pregnant,13,majority,0,18,0,129,0.0,1.0,0.0,0.8775510204081632,0.0,1.0,0.47502153316106804,3.5,3.5,5.5,222.0,-0.027175609,181
pregnant,13,max_risk,0,18,4,125,0.0,0.9689922480620154,0.0,0.8741258741258742,0.0,1.0,0.47502153316106804,3.5,3.5,5.5,222.0,-0.027175609,181
record,18,na,0,21,0,515,0.0,1.0,0.0,0.960820895522388,0.0,0.8993288590604027,0.6261673601479427,5.0,5.0,5.0,255.0,-0.027175609,181
pregnant,18,conservative,0,29,0,118,0.0,1.0,0.0,0.8027210884353742,0.0,1.0,0.5292226767971946,5.0,5.0,5.0,255.0,-0.027175609,181
pregnant,18,majority,0,29,0,118,0.0,1.0,0.0,0.8027210884353742,0.0,1.0,0.5292226767971946,5.0,5.0,5.0,255.0,-0.027175609,181
pregnant,18,max_risk,0,29,0,118,0.0,1.0,0.0,0.8027210884353742,0.0,1.0,0.5292226767971946,5.0,5.0,5.0,255.0,-0.027175609,181
record,21,na,0,8,0,528,0.0,1.0,0.0,0.9850746268656716,0.0,0.8993288590604027,0.516808712121212,3.0,3.0,3.0,96.0,-0.027175609,181
pregnant,21,conservative,0,10,0,137,0.0,1.0,0.0,0.9319727891156463,0.0,1.0,0.4408759124087591,3.0,3.0,3.0,96.0,-0.027175609,181
pregnant,21,majority,0,10,0,137,0.0,1.0,0.0,0.9319727891156463,0.0,1.0,0.4408759124087591,3.0,3.0,3.0,96.0,-0.027175609,181
pregnant,21,max_risk,0,10,0,137,0.0,1.0,0.0,0.9319727891156463,0.0,1.0,0.4408759124087591,3.0,3.0,3.0,96.0,-0.027175609,181
record,13,na,1,26,7,504,0.037037037037037035,0.9863013698630136,0.125,0.9509433962264151,0.05714285714285714,0.8996655518394648,0.42755671522794814,3.5,3.5,5.5,325.0,-0.02856872,182
pregnant,13,conservative,1,26,7,113,0.037037037037037035,0.9416666666666667,0.125,0.8129496402877698,0.05714285714285714,1.0,0.595679012345679,3.5,3.5,5.5,325.0,-0.02856872,182
pregnant,13,majority,0,27,0,120,0.0,1.0,0.0,0.8163265306122449,0.0,1.0,0.595679012345679,3.5,3.5,5.5,325.0,-0.02856872,182
pregnant,13,max_risk,1,26,7,113,0.037037037037037035,0.9416666666666667,0.125,0.8129496402877698,0.05714285714285714,1.0,0.595679012345679,3.5,3.5,5.5,325.0,-0.02856872,182
record,18,na,0,33,1,504,0.0,0.998019801980198,0.0,0.9385474860335196,0.0,0.8996655518394648,0.5648964896489649,5.5,5.0,5.5,405.0,-0.02856872,182
pregnant,18,conservative,0,35,1,111,0.0,0.9910714285714286,0.0,0.7602739726027398,0.0,1.0,0.589795918367347,5.5,5.0,5.5,405.0,-0.02856872,182
pregnant,18,majority,0,35,0,112,0.0,1.0,0.0,0.7619047619047619,0.0,1.0,0.589795918367347,5.5,5.0,5.5,405.0,-0.02856872,182
pregnant,18,max_risk,0,35,1,111,0.0,0.9910714285714286,0.0,0.7602739726027398,0.0,1.0,0.589795918367347,5.5,5.0,5.5,405.0,-0.02856872,182
record,21,na,0,11,0,527,0.0,1.0,0.0,0.9795539033457249,0.0,0.8996655518394648,0.4645506296360187,3.0,3.0,3.0,132.0,-0.02856872,182
pregnant,21,conservative,0,14,0,133,0.0,1.0,0.0,0.9047619047619048,0.0,1.0,0.33619763694951665,3.0,3.0,3.0,132.0,-0.02856872,182
pregnant,21,majority,0,14,0,133,0.0,1.0,0.0,0.9047619047619048,0.0,1.0,0.33619763694951665,3.0,3.0,3.0,132.0,-0.02856872,182
pregnant,21,max_risk,0,14,0,133,0.0,1.0,0.0,0.9047619047619048,0.0,1.0,0.33619763694951665,3.0,3.0,3.0,132.0,-0.02856872,182
record,13,na,0,8,3,527,0.0,0.9943396226415094,0.0,0.9850467289719627,0.0,0.8981636060100167,0.394811320754717,5.5,5.0,5.5,104.0,-0.0273593254,183
pregnant,13,conservative,0,10,3,134,0.0,0.9781021897810219,0.0,0.9305555555555556,0.0,1.0,0.36715328467153285,5.5,5.0,5.5,104.0,-0.0273593254,183
pregnant,13,majority,0,10,0,137,0.0,1.0,0.0,0.9319727891156463,0.0,1.0,0.36715328467153285,5.5,5.0,5.5,104.0,-0.0273593254,183
pregnant,13,max_risk,0,10,3,134,0.0,0.9781021897810219,0.0,0.9305555555555556,0.0,1.0,0.36715328467153285,5.5,5.0,5.5,104.0,-0.0273593254,183
record,18,na,0,20,1,517,0.0,0.9980694980694981,0.0,0.962756052141527,0.0,0.8981636060100167,0.6372586872586873,5.0,4.5,5.0,249.0,-0.0273593254,183
pregnant,18,conservative,0,28,1,118,0.0,0.9915966386554622,0.0,0.8082191780821918,0.0,1.0,0.5411164465786314,5.0,4.5,5.0,249.0,-0.0273593254,183
pregnant,18,majority,0,28,0,119,0.0,1.0,0.0,0.8095238095238095,0.0,1.0,0.5411164465786314,5.0,4.5,5.0,249.0,-0.0273593254,183
pregnant,18,max_risk,0,28,1,118,0.0,0.9915966386554622,0.0,0.8082191780821918,0.0,1.0,0.5411164465786314,5.0,4.5,5.0,249.0,-0.0273593254,183
record,21,na,0,11,0,527,0.0,1.0,0.0,0.9795539033457249,0.0,0.8981636060100167,0.4548904605830602,3.0,3.0,3.0,132.0,-0.0273593254,183
pregnant,21,conservative,0,11,0,136,0.0,1.0,0.0,0.9251700680272109,0.0,1.0,0.3422459893048128,3.0,3.0,3.0,132.0,-0.0273593254,183
pregnant,21,majority,0,11,0,136,0.0,1.0,0.0,0.9251700680272109,0.0,1.0,0.3422459893048128,3.0,3.0,3.0,132.0,-0.0273593254,183
pregnant,21,max_risk,0,11,0,136,0.0,1.0,0.0,0.9251700680272109,0.0,1.0,0.3422459893048128,3.0,3.0,3.0,132.0,-0.0273593254,183
record,13,na,0,20,8,511,0.0,0.9845857418111753,0.0,0.9623352165725048,0.0,0.8968386023294509,0.5539499036608864,3.5,3.5,5.5,243.0,-0.027120967,184
pregnant,13,conservative,0,19,6,122,0.0,0.953125,0.0,0.8652482269503546,0.0,1.0,0.6007401315789473,3.5,3.5,5.5,243.0,-0.027120967,184
pregnant,13,majority,0,19,0,128,0.0,1.0,0.0,0.8707482993197279,0.0,1.0,0.6007401315789473,3.5,3.5,5.5,243.0,-0.027120967,184
pregnant,13,max_risk,0,19,6,122,0.0,0.953125,0.0,0.8652482269503546,0.0,1.0,0.6007401315789473,3.5,3.5,5.5,243.0,-0.027120967,184
record,18,na,0,31,0,508,0.0,1.0,0.0,0.9424860853432282,0.0,0.8968386023294509,0.6048387096774194,5.0,5.0,5.0,372.0,-0.027120967,184
pregnant,18,conservative,0,33,0,114,0.0,1.0,0.0,0.7755102040816326,0.0,1.0,0.5231259968102073,5.0,5.0,5.0,372.0,-0.027120967,184
pregnant,18,majority,0,33,0,114,0.0,1.0,0.0,0.7755102040816326,0.0,1.0,0.5231259968102073,5.0,5.0,5.0,372.0,-0.027120967,184
pregnant,18,max_risk,0,33,0,114,0.0,1.0,0.0,0.7755102040816326,0.0,1.0,0.5231259968102073,5.0,5.0,5.0,372.0,-0.027120967,184
record,21,na,0,11,0,528,0.0,1.0,0.0,0.9795918367346939,0.0,0.8968386023294509,0.42561983471074377,3.0,3.0,3.0,132.0,-0.027120967,184
pregnant,21,conservative,0,11,0,136,0.0,1.0,0.0,0.9251700680272109,0.0,1.0,0.2941176470588235,3.0,3.0,3.0,132.0,-0.027120967,184
pregnant,21,majority,0,11,0,136,0.0,1.0,0.0,0.9251700680272109,0.0,1.0,0.2941176470588235,3.0,3.0,3.0,132.0,-0.027120967,184
pregnant,21,max_risk,0,11,0,136,0.0,1.0,0.0,0.9251700680272109,0.0,1.0,0.2941176470588235,3.0,3.0,3.0,132.0,-0.027120967,184
record,13,na,3,10,9,532,0.23076923076923078,0.9833641404805915,0.25,0.981549815498155,0.24,0.9022801302931596,0.6169486705531068,3.5,3.5,3.5,153.0,-0.02999677,185
pregnant,13,conservative,3,18,8,118,0.14285714285714285,0.9365079365079365,0.2727272727272727,0.8676470588235294,0.1875,1.0,0.6111111111111112,3.5,3.5,3.5,153.0,-0.02999677,185
pregnant,13,majority,0,21,0,126,0.0,1.0,0.0,0.8571428571428571,0.0,1.0,0.6111111111111112,3.5,3.5,3.5,153.0,-0.02999677,185
pregnant,13,max_risk,3,18,8,118,0.14285714285714285,0.9365079365079365,0.2727272727272727,0.8676470588235294,0.1875,1.0,0.6111111111111112,3.5,3.5,3.5,153.0,-0.02999677,185
record,18,na,0,30,0,524,0.0,1.0,0.0,0.9458483754512635,0.0,0.9022801302931596,0.5400763358778626,5.5,5.5,5.5,357.0,-0.02999677,185
pregnant,18,conservative,0,30,0,117,0.0,1.0,0.0,0.7959183673469388,0.0,1.0,0.5452991452991452,5.5,5.5,5.5,357.0,-0.02999677,185
pregnant,18,majority,0,30,0,117,0.0,1.0,0.0,0.7959183673469388,0.0,1.0,0.5452991452991452,5.5,5.5,5.5,357.0,-0.02999677,185
pregnant,18,max_risk,0,30,0,117,0.0,1.0,0.0,0.7959183673469388,0.0,1.0,0.5452991452991452,5.5,5.5,5.5,357.0,-0.02999677,185
record,21,na,0,14,0,540,0.0,1.0,0.0,0.9747292418772563,0.0,0.9022801302931596,0.5534391534391535,3.0,3.0,3.0,159.0,-0.02999677,185
pregnant,21,conservative,0,16,0,131,0.0,1.0,0.0,0.891156462585034,0.0,1.0,0.38740458015267176,3.0,3.0,3.0,159.0,-0.02999677,185
pregnant,21,majority,0,16,0,131,0.0,1.0,0.0,0.891156462585034,0.0,1.0,0.38740458015267176,3.0,3.0,3.0,159.0,-0.02999677,185
pregnant,21,max_risk,0,16,0,131,0.0,1.0,0.0,0.891156462585034,0.0,1.0,0.38740458015267176,3.0,3.0,3.0,159.0,-0.02999677,185
record,13,na,0,16,3,532,0.0,0.994392523364486,0.0,0.9708029197080292,0.0,0.9032786885245901,0.40210280373831775,3.5,3.5,4.5,187.0,-0.028220193,186
pregnant,13,conservative,0,20,3,124,0.0,0.9763779527559056,0.0,0.8611111111111112,0.0,1.0,0.4334645669291338,3.5,3.5,4.5,187.0,-0.028220193,186
pregnant,13,majority,0,20,0,127,0.0,1.0,0.0,0.8639455782312925,0.0,1.0,0.4334645669291338,3.5,3.5,4.5,187.0,-0.028220193,186
pregnant,13,max_risk,0,20,3,124,0.0,0.9763779527559056,0.0,0.8611111111111112,0.0,1.0,0.4334645669291338,3.5,3.5,4.5,187.0,-0.028220193,186
record,18,na,0,32,2,517,0.0,0.9961464354527938,0.0,0.941712204007286,0.0,0.9032786885245901,0.5236632947976878,5.0,4.5,5.0,375.0,-0.028220193,186
pregnant,18,conservative,0,33,1,113,0.0,0.9912280701754386,0.0,0.773972602739726,0.0,1.0,0.5311004784688995,5.0,4.5,5.0,375.0,-0.028220193,186
pregnant,18,majority,0,33,0,114,0.0,1.0,0.0,0.7755102040816326,0.0,1.0,0.5311004784688995,5.0,4.5,5.0,375.0,-0.028220193,186
pregnant,18,max_risk,0,33,1,113,0.0,0.9912280701754386,0.0,0.773972602739726,0.0,1.0,0.5311004784688995,5.0,4.5,5.0,375.0,-0.028220193,186
record,21,na,0,9,0,542,0.0,1.0,0.0,0.9836660617059891,0.0,0.9032786885245901,0.555350553505535,3.0,3.0,3.0,108.0,-0.028220193,186
pregnant,21,conservative,0,13,0,134,0.0,1.0,0.0,0.9115646258503401,0.0,1.0,0.4299655568312285,3.0,3.0,3.0,108.0,-0.028220193,186
pregnant,21,majority,0,13,0,134,0.0,1.0,0.0,0.9115646258503401,0.0,1.0,0.4299655568312285,3.0,3.0,3.0,108.0,-0.028220193,186
pregnant,21,max_risk,0,13,0,134,0.0,1.0,0.0,0.9115646258503401,0.0,1.0,0.4299655568312285,3.0,3.0,3.0,108.0,-0.028220193,186
record,13,na,0,13,2,533,0.0,0.9962616822429906,0.0,0.9761904761904762,0.0,0.8968903436988543,0.4299065420560748,5.5,5.0,5.5,160.0,-0.0276396244,187
pregnant,13,conservative,0,16,2,129,0.0,0.9847328244274809,0.0,0.8896551724137931,0.0,1.0,0.5276717557251909,5.5,5.0,5.5,160.0,-0.0276396244,187
pregnant,13,majority,0,16,0,131,0.0,1.0,0.0,0.891156462585034,0.0,1.0,0.5276717557251909,5.5,5.0,5.5,160.0,-0.0276396244,187
pregnant,13,max_risk,0,16,2,129,0.0,0.9847328244274809,0.0,0.8896551724137931,0.0,1.0,0.5276717557251909,5.5,5.0,5.5,160.0,-0.0276396244,187
record,18,na,0,20,0,528,0.0,1.0,0.0,0.9635036496350365,0.0,0.8968903436988543,0.5376893939393939,5.5,5.5,5.5,249.0,-0.0276396244,187
pregnant,18,conservative,0,26,0,121,0.0,1.0,0.0,0.8231292517006803,0.0,1.0,0.48156389065479976,5.5,5.5,5.5,249.0,-0.0276396244,187
pregnant,18,majority,0,26,0,121,0.0,1.0,0.0,0.8231292517006803,0.0,1.0,0.48156389065479976,5.5,5.5,5.5,249.0,-0.0276396244,187
pregnant,18,max_risk,0,26,0,121,0.0,1.0,0.0,0.8231292517006803,0.0,1.0,0.48156389065479976,5.5,5.5,5.5,249.0,-0.0276396244,187
record,21,na,0,10,0,538,0.0,1.0,0.0,0.9817518248175182,0.0,0.8968903436988543,0.5133828996282528,3.0,3.0,3.0,120.0,-0.0276396244,187
pregnant,21,conservative,0,14,0,133,0.0,1.0,0.0,0.9047619047619048,0.0,1.0,0.336734693877551,3.0,3.0,3.0,120.0,-0.0276396244,187
pregnant,21,majority,0,14,0,133,0.0,1.0,0.0,0.9047619047619048,0.0,1.0,0.336734693877551,3.0,3.0,3.0,120.0,-0.0276396244,187
pregnant,21,max_risk,0,14,0,133,0.0,1.0,0.0,0.9047619047619048,0.0,1.0,0.336734693877551,3.0,3.0,3.0,120.0,-0.0276396244,187
record,13,na,0,24,2,532,0.0,0.9962546816479401,0.0,0.9568345323741008,0.0,0.9029126213592233,0.3854556803995006,5.5,5.0,5.5,283.0,-0.0267199826,188
pregnant,13,conservative,0,23,2,122,0.0,0.9838709677419355,0.0,0.8413793103448276,0.0,1.0,0.5638148667601683,5.5,5.0,5.5,283.0,-0.0267199826,188
pregnant,13,majority,0,23,0,124,0.0,1.0,0.0,0.8435374149659864,0.0,1.0,0.5638148667601683,5.5,5.0,5.5,283.0,-0.0267199826,188
pregnant,13,max_risk,0,23,2,122,0.0,0.9838709677419355,0.0,0.8413793103448276,0.0,1.0,0.5638148667601683,5.5,5.0,5.5,283.0,-0.0267199826,188
record,18,na,0,18,0,540,0.0,1.0,0.0,0.967741935483871,0.0,0.9029126213592233,0.5875514403292181,5.5,5.5,5.5,192.0,-0.0267199826,188
pregnant,18,conservative,0,26,0,121,0.0,1.0,0.0,0.8231292517006803,0.0,1.0,0.5460902733630006,5.5,5.5,5.5,192.0,-0.0267199826,188
pregnant,18,majority,0,26,0,121,0.0,1.0,0.0,0.8231292517006803,0.0,1.0,0.5460902733630006,5.5,5.5,5.5,192.0,-0.0267199826,188
pregnant,18,max_risk,0,26,0,121,0.0,1.0,0.0,0.8231292517006803,0.0,1.0,0.5460902733630006,5.5,5.5,5.5,192.0,-0.0267199826,188
record,21,na,0,14,0,544,0.0,1.0,0.0,0.974910394265233,0.0,0.9029126213592233,0.4268644957983193,3.0,3.0,3.0,168.0,-0.0267199826,188
pregnant,21,conservative,0,18,0,129,0.0,1.0,0.0,0.8775510204081632,0.0,1.0,0.35443583118001726,3.0,3.0,3.0,168.0,-0.0267199826,188
pregnant,21,majority,0,18,0,129,0.0,1.0,0.0,0.8775510204081632,0.0,1.0,0.35443583118001726,3.0,3.0,3.0,168.0,-0.0267199826,188
pregnant,21,max_risk,0,18,0,129,0.0,1.0,0.0,0.8775510204081632,0.0,1.0,0.35443583118001726,3.0,3.0,3.0,168.0,-0.0267199826,188
record,13,na,0,8,2,546,0.0,0.9963503649635036,0.0,0.9855595667870036,0.0,0.8982229402261712,0.40442518248175185,5.5,5.0,5.5,100.0,-0.027175609,189
pregnant,13,conservative,0,11,2,134,0.0,0.9852941176470589,0.0,0.9241379310344827,0.0,1.0,0.4117647058823529,5.5,5.0,5.5,100.0,-0.027175609,189
pregnant,13,majority,0,11,0,136,0.0,1.0,0.0,0.9251700680272109,0.0,1.0,0.4117647058823529,5.5,5.0,5.5,100.0,-0.027175609,189
pregnant,13,max_risk,0,11,2,134,0.0,0.9852941176470589,0.0,0.9241379310344827,0.0,1.0,0.4117647058823529,5.5,5.0,5.5,100.0,-0.027175609,189
record,18,na,0,14,1,541,0.0,0.9981549815498155,0.0,0.9747747747747748,0.0,0.8982229402261712,0.47074327886136,5.5,5.0,5.5,171.0,-0.027175609,189
pregnant,18,conservative,0,25,1,121,0.0,0.9918032786885246,0.0,0.8287671232876712,0.0,1.0,0.4478688524590164,5.5,5.0,5.5,171.0,-0.027175609,189
pregnant,18,majority,0,25,0,122,0.0,1.0,0.0,0.8299319727891157,0.0,1.0,0.4478688524590164,5.5,5.0,5.5,171.0,-0.027175609,189
pregnant,18,max_risk,0,25,1,121,0.0,0.9918032786885246,0.0,0.8287671232876712,0.0,1.0,0.4478688524590164,5.5,5.0,5.5,171.0,-0.027175609,189
record,21,na,0,7,0,549,0.0,1.0,0.0,0.987410071942446,0.0,0.8982229402261712,0.5407233931824096,3.0,3.0,3.0,84.0,-0.027175609,189
pregnant,21,conservative,0,9,0,138,0.0,1.0,0.0,0.9387755102040817,0.0,1.0,0.3792270531400965,3.0,3.0,3.0,84.0,-0.027175609,189
pregnant,21,majority,0,9,0,138,0.0,1.0,0.0,0.9387755102040817,0.0,1.0,0.3792270531400965,3.0,3.0,3.0,84.0,-0.027175609,189
pregnant,21,max_risk,0,9,0,138,0.0,1.0,0.0,0.9387755102040817,0.0,1.0,0.3792270531400965,3.0,3.0,3.0,84.0,-0.027175609,189
record,13,na,0,19,0,528,0.0,1.0,0.0,0.9652650822669104,0.0,0.9026402640264026,0.3642344497607656,5.0,5.0,5.0,228.0,-0.0285300096,190
pregnant,13,conservative,0,20,0,127,0.0,1.0,0.0,0.8639455782312925,0.0,1.0,0.3476377952755906,5.0,5.0,5.0,228.0,-0.0285300096,190
pregnant,13,majority,0,20,0,127,0.0,1.0,0.0,0.8639455782312925,0.0,1.0,0.3476377952755906,5.0,5.0,5.0,228.0,-0.0285300096,190
pregnant,13,max_risk,0,20,0,127,0.0,1.0,0.0,0.8639455782312925,0.0,1.0,0.3476377952755906,5.0,5.0,5.0,228.0,-0.0285300096,190
record,18,na,0,32,1,514,0.0,0.9980582524271845,0.0,0.9413919413919414,0.0,0.9026402640264026,0.5487257281553398,5.5,5.0,5.5,384.0,-0.0285300096,190
pregnant,18,conservative,0,36,1,110,0.0,0.990990990990991,0.0,0.7534246575342466,0.0,1.0,0.5165165165165165,5.5,5.0,5.5,384.0,-0.0285300096,190
pregnant,18,majority,0,36,0,111,0.0,1.0,0.0,0.7551020408163265,0.0,1.0,0.5165165165165165,5.5,5.0,5.5,384.0,-0.0285300096,190
pregnant,18,max_risk,0,36,1,110,0.0,0.990990990990991,0.0,0.7534246575342466,0.0,1.0,0.5165165165165165,5.5,5.0,5.5,384.0,-0.0285300096,190
record,21,na,0,13,0,534,0.0,1.0,0.0,0.9762340036563071,0.0,0.9026402640264026,0.5309709017574186,3.0,3.0,3.0,156.0,-0.0285300096,190
pregnant,21,conservative,0,16,0,131,0.0,1.0,0.0,0.891156462585034,0.0,1.0,0.3735687022900764,3.0,3.0,3.0,156.0,-0.0285300096,190
pregnant,21,majority,0,16,0,131,0.0,1.0,0.0,0.891156462585034,0.0,1.0,0.3735687022900764,3.0,3.0,3.0,156.0,-0.0285300096,190
pregnant,21,max_risk,0,16,0,131,0.0,1.0,0.0,0.891156462585034,0.0,1.0,0.3735687022900764,3.0,3.0,3.0,156.0,-0.0285300096,190
record,13,na,0,15,2,524,0.0,0.9961977186311787,0.0,0.9721706864564007,0.0,0.8971807628524047,0.43422053231939167,5.5,5.0,5.5,184.0,-0.028220193,191
pregnant,13,conservative,0,18,2,127,0.0,0.9844961240310077,0.0,0.8758620689655172,0.0,1.0,0.5766580534022395,5.5,5.0,5.5,184.0,-0.028220193,191
pregnant,13,majority,0,18,0,129,0.0,1.0,0.0,0.8775510204081632,0.0,1.0,0.5766580534022395,5.5,5.0,5.5,184.0,-0.028220193,191
pregnant,13,max_risk,0,18,2,127,0.0,0.9844961240310077,0.0,0.8758620689655172,0.0,1.0,0.5766580534022395,5.5,5.0,5.5,184.0,-0.028220193,191
record,18,na,0,29,0,512,0.0,1.0,0.0,0.9463955637707948,0.0,0.8971807628524047,0.5922009698275862,5.5,5.5,5.5,333.0,-0.028220193,191
pregnant,18,conservative,0,36,0,111,0.0,1.0,0.0,0.7551020408163265,0.0,1.0,0.5510510510510511,5.5,5.5,5.5,333.0,-0.028220193,191
pregnant,18,majority,0,36,0,111,0.0,1.0,0.0,0.7551020408163265,0.0,1.0,0.5510510510510511,5.5,5.5,5.5,333.0,-0.028220193,191
pregnant,18,max_risk,0,36,0,111,0.0,1.0,0.0,0.7551020408163265,0.0,1.0,0.5510510510510511,5.5,5.5,5.5,333.0,-0.028220193,191
record,21,na,0,13,0,528,0.0,1.0,0.0,0.9759704251386322,0.0,0.8971807628524047,0.3314393939393939,3.0,3.0,3.0,156.0,-0.028220193,191
pregnant,21,conservative,0,15,0,132,0.0,1.0,0.0,0.8979591836734694,0.0,1.0,0.19393939393939388,3.0,3.0,3.0,156.0,-0.028220193,191
pregnant,21,majority,0,15,0,132,0.0,1.0,0.0,0.8979591836734694,0.0,1.0,0.19393939393939388,3.0,3.0,3.0,156.0,-0.028220193,191
pregnant,21,max_risk,0,15,0,132,0.0,1.0,0.0,0.8979591836734694,0.0,1.0,0.19393939393939388,3.0,3.0,3.0,156.0,-0.028220193,191
record,13,na,0,28,2,519,0.0,0.9961612284069098,0.0,0.9488117001828154,0.0,0.8970588235294118,0.37434877981902936,5.5,5.0,5.5,337.0,-0.025691741,192
pregnant,13,conservative,0,24,2,121,0.0,0.983739837398374,0.0,0.8344827586206897,0.0,1.0,0.4966124661246612,5.5,5.0,5.5,337.0,-0.025691741,192
pregnant,13,majority,0,24,0,123,0.0,1.0,0.0,0.8367346938775511,0.0,1.0,0.4966124661246612,5.5,5.0,5.5,337.0,-0.025691741,192
pregnant,13,max_risk,0,24,2,121,0.0,0.983739837398374,0.0,0.8344827586206897,0.0,1.0,0.4966124661246612,5.5,5.0,5.5,337.0,-0.025691741,192
record,18,na,0,14,0,535,0.0,1.0,0.0,0.9744990892531876,0.0,0.8970588235294118,0.49666221628838453,5.5,5.5,5.5,171.0,-0.025691741,192
pregnant,18,conservative,0,19,0,128,0.0,1.0,0.0,0.8707482993197279,0.0,1.0,0.509046052631579,5.5,5.5,5.5,171.0,-0.025691741,192
pregnant,18,majority,0,19,0,128,0.0,1.0,0.0,0.8707482993197279,0.0,1.0,0.509046052631579,5.5,5.5,5.5,171.0,-0.025691741,192
pregnant,18,max_risk,0,19,0,128,0.0,1.0,0.0,0.8707482993197279,0.0,1.0,0.509046052631579,5.5,5.5,5.5,171.0,-0.025691741,192
record,21,na,0,10,0,539,0.0,1.0,0.0,0.9817850637522769,0.0,0.8970588235294118,0.5129870129870129,3.0,3.0,3.0,120.0,-0.025691741,192
pregnant,21,conservative,0,13,0,134,0.0,1.0,0.0,0.9115646258503401,0.0,1.0,0.36567164179104483,3.0,3.0,3.0,120.0,-0.025691741,192
pregnant,21,majority,0,13,0,134,0.0,1.0,0.0,0.9115646258503401,0.0,1.0,0.36567164179104483,3.0,3.0,3.0,120.0,-0.025691741,192
pregnant,21,max_risk,0,13,0,134,0.0,1.0,0.0,0.9115646258503401,0.0,1.0,0.36567164179104483,3.0,3.0,3.0,120.0,-0.025691741,192
record,13,na,0,15,1,528,0.0,0.998109640831758,0.0,0.9723756906077348,0.0,0.8947368421052632,0.48380592312539383,5.5,5.5,5.5,211.0,-0.027175497,193
pregnant,13,conservative,0,20,1,126,0.0,0.9921259842519685,0.0,0.863013698630137,0.0,1.0,0.44330708661417323,5.5,5.5,5.5,211.0,-0.027175497,193
pregnant,13,majority,0,20,0,127,0.0,1.0,0.0,0.8639455782312925,0.0,1.0,0.44330708661417323,5.5,5.5,5.5,211.0,-0.027175497,193
pregnant,13,max_risk,0,20,1,126,0.0,0.9921259842519685,0.0,0.863013698630137,0.0,1.0,0.44330708661417323,5.5,5.5,5.5,211.0,-0.027175497,193
record,18,na,0,20,0,524,0.0,1.0,0.0,0.9632352941176471,0.0,0.8947368421052632,0.6283396946564885,5.5,5.5,5.5,267.0,-0.027175497,193
pregnant,18,conservative,0,22,0,125,0.0,1.0,0.0,0.8503401360544217,0.0,1.0,0.5174545454545454,5.5,5.5,5.5,267.0,-0.027175497,193
pregnant,18,majority,0,22,0,125,0.0,1.0,0.0,0.8503401360544217,0.0,1.0,0.5174545454545454,5.5,5.5,5.5,267.0,-0.027175497,193
pregnant,18,max_risk,0,22,0,125,0.0,1.0,0.0,0.8503401360544217,0.0,1.0,0.5174545454545454,5.5,5.5,5.5,267.0,-0.027175497,193
record,21,na,0,17,0,527,0.0,1.0,0.0,0.96875,0.0,0.8947368421052632,0.5262864158946311,3.0,3.0,3.0,204.0,-0.027175497,193
pregnant,21,conservative,0,17,0,130,0.0,1.0,0.0,0.8843537414965986,0.0,1.0,0.3778280542986425,3.0,3.0,3.0,204.0,-0.027175497,193
pregnant,21,majority,0,17,0,130,0.0,1.0,0.0,0.8843537414965986,0.0,1.0,0.3778280542986425,3.0,3.0,3.0,204.0,-0.027175497,193
pregnant,21,max_risk,0,17,0,130,0.0,1.0,0.0,0.8843537414965986,0.0,1.0,0.3778280542986425,3.0,3.0,3.0,204.0,-0.027175497,193
record,13,na,0,7,0,542,0.0,1.0,0.0,0.9872495446265938,0.0,0.9,0.29019504480759095,5.5,5.5,5.5,90.0,-0.027120967,194
pregnant,13,conservative,0,8,0,139,0.0,1.0,0.0,0.9455782312925171,0.0,1.0,0.47212230215827333,5.5,5.5,5.5,90.0,-0.027120967,194
pregnant,13,majority,0,8,0,139,0.0,1.0,0.0,0.9455782312925171,0.0,1.0,0.47212230215827333,5.5,5.5,5.5,90.0,-0.027120967,194
pregnant,13,max_risk,0,8,0,139,0.0,1.0,0.0,0.9455782312925171,0.0,1.0,0.47212230215827333,5.5,5.5,5.5,90.0,-0.027120967,194
record,18,na,0,15,0,534,0.0,1.0,0.0,0.9726775956284153,0.0,0.9,0.5935081148564294,5.0,5.0,5.0,189.0,-0.027120967,194
pregnant,18,conservative,0,27,0,120,0.0,1.0,0.0,0.8163265306122449,0.0,1.0,0.5858024691358025,5.0,5.0,5.0,189.0,-0.027120967,194
pregnant,18,majority,0,27,0,120,0.0,1.0,0.0,0.8163265306122449,0.0,1.0,0.5858024691358025,5.0,5.0,5.0,189.0,-0.027120967,194
pregnant,18,max_risk,0,27,0,120,0.0,1.0,0.0,0.8163265306122449,0.0,1.0,0.5858024691358025,5.0,5.0,5.0,189.0,-0.027120967,194
record,21,na,0,7,0,542,0.0,1.0,0.0,0.9872495446265938,0.0,0.9,0.5461254612546126,3.0,3.0,3.0,84.0,-0.027120967,194
pregnant,21,conservative,0,6,0,141,0.0,1.0,0.0,0.9591836734693877,0.0,1.0,0.36997635933806144,3.0,3.0,3.0,84.0,-0.027120967,194
pregnant,21,majority,0,6,0,141,0.0,1.0,0.0,0.9591836734693877,0.0,1.0,0.36997635933806144,3.0,3.0,3.0,84.0,-0.027120967,194
pregnant,21,max_risk,0,6,0,141,0.0,1.0,0.0,0.9591836734693877,0.0,1.0,0.36997635933806144,3.0,3.0,3.0,84.0,-0.027120967,194
record,13,na,0,11,4,543,0.0,0.9926873857404022,0.0,0.98014440433213,0.0,0.8942307692307693,0.5416320425461193,5.5,3.5,5.5,136.0,-0.0270276694,195
pregnant,13,conservative,0,15,4,128,0.0,0.9696969696969697,0.0,0.8951048951048951,0.0,1.0,0.4156565656565656,5.5,3.5,5.5,136.0,-0.0270276694,195
pregnant,13,majority,0,15,0,132,0.0,1.0,0.0,0.8979591836734694,0.0,1.0,0.4156565656565656,5.5,3.5,5.5,136.0,-0.0270276694,195
pregnant,13,max_risk,0,15,4,128,0.0,0.9696969696969697,0.0,0.8951048951048951,0.0,1.0,0.4156565656565656,5.5,3.5,5.5,136.0,-0.0270276694,195
record,18,na,0,25,0,533,0.0,1.0,0.0,0.9551971326164874,0.0,0.8942307692307693,0.561500938086304,5.5,5.5,5.5,306.0,-0.0270276694,195
pregnant,18,conservative,0,29,0,118,0.0,1.0,0.0,0.8027210884353742,0.0,1.0,0.5409117475160725,5.5,5.5,5.5,306.0,-0.0270276694,195
pregnant,18,majority,0,29,0,118,0.0,1.0,0.0,0.8027210884353742,0.0,1.0,0.5409117475160725,5.5,5.5,5.5,306.0,-0.0270276694,195
pregnant,18,max_risk,0,29,0,118,0.0,1.0,0.0,0.8027210884353742,0.0,1.0,0.5409117475160725,5.5,5.5,5.5,306.0,-0.0270276694,195
record,21,na,0,14,0,544,0.0,1.0,0.0,0.974910394265233,0.0,0.8942307692307693,0.5291491596638656,3.0,3.0,3.0,168.0,-0.0270276694,195
pregnant,21,conservative,0,15,0,132,0.0,1.0,0.0,0.8979591836734694,0.0,1.0,0.43585858585858583,3.0,3.0,3.0,168.0,-0.0270276694,195
pregnant,21,majority,0,15,0,132,0.0,1.0,0.0,0.8979591836734694,0.0,1.0,0.43585858585858583,3.0,3.0,3.0,168.0,-0.0270276694,195
pregnant,21,max_risk,0,15,0,132,0.0,1.0,0.0,0.8979591836734694,0.0,1.0,0.43585858585858583,3.0,3.0,3.0,168.0,-0.0270276694,195
record,13,na,0,18,6,516,0.0,0.9885057471264368,0.0,0.9662921348314607,0.0,0.9,0.5644955300127714,5.5,3.5,5.5,212.0,-0.0261328976,196
pregnant,13,conservative,0,21,4,122,0.0,0.9682539682539683,0.0,0.8531468531468531,0.0,1.0,0.6345427059712774,5.5,3.5,5.5,212.0,-0.0261328976,196
pregnant,13,majority,0,21,0,126,0.0,1.0,0.0,0.8571428571428571,0.0,1.0,0.6345427059712774,5.5,3.5,5.5,212.0,-0.0261328976,196
pregnant,13,max_risk,0,21,4,122,0.0,0.9682539682539683,0.0,0.8531468531468531,0.0,1.0,0.6345427059712774,5.5,3.5,5.5,212.0,-0.0261328976,196
record,18,na,0,30,0,510,0.0,1.0,0.0,0.9444444444444444,0.0,0.9,0.6431372549019608,5.0,5.0,5.0,366.0,-0.0261328976,196
pregnant,18,conservative,0,31,0,116,0.0,1.0,0.0,0.7891156462585034,0.0,1.0,0.5475528364849833,5.0,5.0,5.0,366.0,-0.0261328976,196
pregnant,18,majority,0,31,0,116,0.0,1.0,0.0,0.7891156462585034,0.0,1.0,0.5475528364849833,5.0,5.0,5.0,366.0,-0.0261328976,196
pregnant,18,max_risk,0,31,0,116,0.0,1.0,0.0,0.7891156462585034,0.0,1.0,0.5475528364849833,5.0,5.0,5.0,366.0,-0.0261328976,196
record,21,na,0,9,0,531,0.0,1.0,0.0,0.9833333333333333,0.0,0.9,0.35802469135802467,3.0,3.0,3.0,108.0,-0.0261328976,196
pregnant,21,conservative,0,10,0,137,0.0,1.0,0.0,0.9319727891156463,0.0,1.0,0.23430656934306568,3.0,3.0,3.0,108.0,-0.0261328976,196
pregnant,21,majority,0,10,0,137,0.0,1.0,0.0,0.9319727891156463,0.0,1.0,0.23430656934306568,3.0,3.0,3.0,108.0,-0.0261328976,196
pregnant,21,max_risk,0,10,0,137,0.0,1.0,0.0,0.9319727891156463,0.0,1.0,0.23430656934306568,3.0,3.0,3.0,108.0,-0.0261328976,196
record,13,na,0,19,2,532,0.0,0.9962546816479401,0.0,0.9655172413793104,0.0,0.8977272727272727,0.44490439582101315,5.5,5.0,5.5,232.0,-0.0283998109,197
pregnant,13,conservative,0,24,2,121,0.0,0.983739837398374,0.0,0.8344827586206897,0.0,1.0,0.43157181571815717,5.5,5.0,5.5,232.0,-0.0283998109,197
pregnant,13,majority,0,24,0,123,0.0,1.0,0.0,0.8367346938775511,0.0,1.0,0.43157181571815717,5.5,5.0,5.5,232.0,-0.0283998109,197
pregnant,13,max_risk,0,24,2,121,0.0,0.983739837398374,0.0,0.8344827586206897,0.0,1.0,0.43157181571815717,5.5,5.0,5.5,232.0,-0.0283998109,197
record,18,na,0,26,0,527,0.0,1.0,0.0,0.9529837251356239,0.0,0.8977272727272727,0.4887607648518464,5.0,5.0,5.0,315.0,-0.0283998109,197
pregnant,18,conservative,0,29,0,118,0.0,1.0,0.0,0.8027210884353742,0.0,1.0,0.4953243717124489,5.0,5.0,5.0,315.0,-0.0283998109,197
pregnant,18,majority,0,29,0,118,0.0,1.0,0.0,0.8027210884353742,0.0,1.0,0.4953243717124489,5.0,5.0,5.0,315.0,-0.0283998109,197
pregnant,18,max_risk,0,29,0,118,0.0,1.0,0.0,0.8027210884353742,0.0,1.0,0.4953243717124489,5.0,5.0,5.0,315.0,-0.0283998109,197
record,21,na,0,8,0,545,0.0,1.0,0.0,0.9855334538878843,0.0,0.8977272727272727,0.4818807339449542,3.0,3.0,3.0,96.0,-0.0283998109,197
pregnant,21,conservative,0,11,0,136,0.0,1.0,0.0,0.9251700680272109,0.0,1.0,0.33756684491978606,3.0,3.0,3.0,96.0,-0.0283998109,197
pregnant,21,majority,0,11,0,136,0.0,1.0,0.0,0.9251700680272109,0.0,1.0,0.33756684491978606,3.0,3.0,3.0,96.0,-0.0283998109,197
pregnant,21,max_risk,0,11,0,136,0.0,1.0,0.0,0.9251700680272109,0.0,1.0,0.33756684491978606,3.0,3.0,3.0,96.0,-0.0283998109,197
record,13,na,0,14,8,528,0.0,0.9850746268656716,0.0,0.974169741697417,0.0,0.9046052631578947,0.6448560767590619,3.5,3.5,5.5,171.0,-0.02651717,198
pregnant,13,conservative,0,15,6,126,0.0,0.9545454545454546,0.0,0.8936170212765957,0.0,1.0,0.5333333333333332,3.5,3.5,5.5,171.0,-0.02651717,198
pregnant,13,majority,0,15,0,132,0.0,1.0,0.0,0.8979591836734694,0.0,1.0,0.5333333333333332,3.5,3.5,5.5,171.0,-0.02651717,198
pregnant,13,max_risk,0,15,6,126,0.0,0.9545454545454546,0.0,0.8936170212765957,0.0,1.0,0.5333333333333332,3.5,3.5,5.5,171.0,-0.02651717,198
record,18,na,0,37,1,512,0.0,0.9980506822612085,0.0,0.9326047358834244,0.0,0.9046052631578947,0.6246246246246245,5.5,5.0,5.5,435.0,-0.02651717,198
pregnant,18,conservative,0,40,1,106,0.0,0.9906542056074766,0.0,0.726027397260274,0.0,1.0,0.5427570093457944,5.5,5.0,5.5,435.0,-0.02651717,198
pregnant,18,majority,0,40,0,107,0.0,1.0,0.0,0.7278911564625851,0.0,1.0,0.5427570093457944,5.5,5.0,5.5,435.0,-0.02651717,198
pregnant,18,max_risk,0,40,1,106,0.0,0.9906542056074766,0.0,0.726027397260274,0.0,1.0,0.5427570093457944,5.5,5.0,5.5,435.0,-0.02651717,198
record,21,na,0,10,0,540,0.0,1.0,0.0,0.9818181818181818,0.0,0.9046052631578947,0.37314814814814823,3.0,3.0,3.0,120.0,-0.02651717,198
pregnant,21,conservative,0,11,0,136,0.0,1.0,0.0,0.9251700680272109,0.0,1.0,0.196524064171123,3.0,3.0,3.0,120.0,-0.02651717,198
pregnant,21,majority,0,11,0,136,0.0,1.0,0.0,0.9251700680272109,0.0,1.0,0.196524064171123,3.0,3.0,3.0,120.0,-0.02651717,198
pregnant,21,max_risk,0,11,0,136,0.0,1.0,0.0,0.9251700680272109,0.0,1.0,0.196524064171123,3.0,3.0,3.0,120.0,-0.02651717,198
record,13,na,0,7,2,533,0.0,0.9962616822429906,0.0,0.987037037037037,0.0,0.9003322259136213,0.38077436582109475,5.5,5.5,5.5,92.0,-0.0267733595,199
pregnant,13,conservative,0,11,2,134,0.0,0.9852941176470589,0.0,0.9241379310344827,0.0,1.0,0.4893048128342246,5.5,5.5,5.5,92.0,-0.0267733595,199
pregnant,13,majority,0,11,0,136,0.0,1.0,0.0,0.9251700680272109,0.0,1.0,0.4893048128342246,5.5,5.5,5.5,92.0,-0.0267733595,199
pregnant,13,max_risk,0,11,2,134,0.0,0.9852941176470589,0.0,0.9241379310344827,0.0,1.0,0.4893048128342246,5.5,5.5,5.5,92.0,-0.0267733595,199
record,18,na,0,17,0,525,0.0,1.0,0.0,0.9686346863468634,0.0,0.9003322259136213,0.5431932773109244,5.0,5.0,5.0,195.0,-0.0267733595,199
pregnant,18,conservative,0,28,0,119,0.0,1.0,0.0,0.8095238095238095,0.0,1.0,0.5870348139255702,5.0,5.0,5.0,195.0,-0.0267733595,199
pregnant,18,majority,0,28,0,119,0.0,1.0,0.0,0.8095238095238095,0.0,1.0,0.5870348139255702,5.0,5.0,5.0,195.0,-0.0267733595,199
pregnant,18,max_risk,0,28,0,119,0.0,1.0,0.0,0.8095238095238095,0.0,1.0,0.5870348139255702,5.0,5.0,5.0,195.0,-0.0267733595,199
record,21,na,0,6,0,536,0.0,1.0,0.0,0.988929889298893,0.0,0.9003322259136213,0.5824004975124377,3.0,3.0,3.0,72.0,-0.0267733595,199
pregnant,21,conservative,0,8,0,139,0.0,1.0,0.0,0.9455782312925171,0.0,1.0,0.420863309352518,3.0,3.0,3.0,72.0,-0.0267733595,199
pregnant,21,majority,0,8,0,139,0.0,1.0,0.0,0.9455782312925171,0.0,1.0,0.420863309352518,3.0,3.0,3.0,72.0,-0.0267733595,199
pregnant,21,max_risk,0,8,0,139,0.0,1.0,0.0,0.9455782312925171,0.0,1.0,0.420863309352518,3.0,3.0,3.0,72.0,-0.0267733595,199
